district_id,observation_date,rainfall_mm,temperature_min_c,temperature_max_c,temperature_mean_c,solar_radiation_mj_m2,data_source
1,2014-01-01,76.8,-3.49,13.88,5.2,12.23,NASA POWER
1,2014-02-01,74.4,-4.88,15.05,5.09,13.02,NASA POWER
1,2014-03-01,95.5,-2.88,15.23,6.18,18.78,NASA POWER
1,2014-04-01,97.4,-6.64,12.44,2.9,12.56,NASA POWER
1,2014-05-01,52.9,-4.13,14.55,5.21,17.82,NASA POWER
1,2014-06-01,313.1,0.8,19.03,9.92,11.6,NASA POWER
1,2014-07-01,307.4,-2.64,16.21,6.79,12.44,NASA POWER
1,2014-08-01,373.1,1.72,21.54,11.63,14.0,NASA POWER
1,2014-09-01,377.0,-3.86,14.61,5.38,10.12,NASA POWER
1,2014-10-01,94.8,-7.4,12.69,2.64,14.52,NASA POWER
1,2014-11-01,117.2,-8.76,7.83,-0.46,21.49,NASA POWER
1,2014-12-01,77.3,-13.5,6.21,-3.65,10.43,NASA POWER
1,2015-01-01,89.6,-3.69,15.43,5.87,16.33,NASA POWER
1,2015-02-01,64.2,-3.49,16.28,6.4,10.09,NASA POWER
1,2015-03-01,43.7,-5.78,15.13,4.68,15.9,NASA POWER
1,2015-04-01,68.9,-5.97,14.49,4.26,18.6,NASA POWER
1,2015-05-01,56.3,-3.71,17.27,6.78,19.41,NASA POWER
1,2015-06-01,298.6,0.13,18.73,9.43,18.68,NASA POWER
1,2015-07-01,284.1,1.73,19.09,10.41,21.13,NASA POWER
1,2015-08-01,358.0,-2.16,17.97,7.9,21.69,NASA POWER
1,2015-09-01,341.4,0.22,18.38,9.3,18.4,NASA POWER
1,2015-10-01,71.0,-10.15,9.62,-0.27,20.15,NASA POWER
1,2015-11-01,88.4,-9.13,9.91,0.39,14.13,NASA POWER
1,2015-12-01,112.0,-10.51,7.79,-1.36,13.46,NASA POWER
1,2016-01-01,90.4,-3.82,14.31,5.25,19.9,NASA POWER
1,2016-02-01,65.3,-1.71,16.3,7.29,21.08,NASA POWER
1,2016-03-01,107.3,-1.24,16.73,7.75,16.47,NASA POWER
1,2016-04-01,90.2,-2.36,17.51,7.58,19.35,NASA POWER
1,2016-05-01,110.4,-5.91,14.99,4.54,15.76,NASA POWER
1,2016-06-01,267.0,-2.08,16.2,7.06,17.51,NASA POWER
1,2016-07-01,341.7,-3.17,15.06,5.95,15.27,NASA POWER
1,2016-08-01,319.8,-0.35,18.44,9.04,10.76,NASA POWER
1,2016-09-01,282.7,-3.46,17.37,6.96,21.08,NASA POWER
1,2016-10-01,70.4,-9.2,10.32,0.56,19.17,NASA POWER
1,2016-11-01,105.6,-9.16,8.65,-0.25,20.18,NASA POWER
1,2016-12-01,114.7,-13.59,5.47,-4.06,19.43,NASA POWER
1,2017-01-01,119.0,-1.46,17.71,8.12,11.7,NASA POWER
1,2017-02-01,65.4,-2.64,16.2,6.78,16.65,NASA POWER
1,2017-03-01,86.3,-4.93,12.58,3.83,14.73,NASA POWER
1,2017-04-01,85.7,-2.02,17.03,7.51,12.05,NASA POWER
1,2017-05-01,46.1,-1.89,17.07,7.59,21.68,NASA POWER
1,2017-06-01,366.8,-0.44,19.95,9.75,15.13,NASA POWER
1,2017-07-01,310.1,1.07,20.11,10.59,10.42,NASA POWER
1,2017-08-01,380.9,-1.86,17.6,7.87,17.29,NASA POWER
1,2017-09-01,367.9,-3.07,15.64,6.29,10.52,NASA POWER
1,2017-10-01,52.6,-9.83,6.81,-1.51,16.35,NASA POWER
1,2017-11-01,71.9,-10.2,8.6,-0.8,10.64,NASA POWER
1,2017-12-01,49.0,-11.11,8.88,-1.11,13.75,NASA POWER
1,2018-01-01,94.4,-0.62,17.31,8.34,14.75,NASA POWER
1,2018-02-01,85.2,-1.34,15.38,7.02,15.94,NASA POWER
1,2018-03-01,48.1,-0.37,19.33,9.48,13.4,NASA POWER
1,2018-04-01,108.6,-5.33,13.19,3.93,16.36,NASA POWER
1,2018-05-01,91.1,-5.95,12.37,3.21,21.7,NASA POWER
1,2018-06-01,309.8,-3.74,15.84,6.05,15.75,NASA POWER
1,2018-07-01,304.4,-0.54,18.24,8.85,16.24,NASA POWER
1,2018-08-01,374.3,-1.69,17.75,8.03,16.91,NASA POWER
1,2018-09-01,374.7,0.19,18.45,9.32,11.71,NASA POWER
1,2018-10-01,86.7,-10.74,7.89,-1.43,16.5,NASA POWER
1,2018-11-01,87.2,-9.76,9.79,0.01,17.04,NASA POWER
1,2018-12-01,63.5,-6.94,9.49,1.27,18.89,NASA POWER
1,2019-01-01,76.8,-4.45,14.71,5.13,13.89,NASA POWER
1,2019-02-01,53.9,-4.61,15.19,5.29,15.65,NASA POWER
1,2019-03-01,66.2,-3.24,13.77,5.26,17.06,NASA POWER
1,2019-04-01,106.9,-4.91,13.45,4.27,16.93,NASA POWER
1,2019-05-01,110.5,-6.44,13.38,3.47,16.63,NASA POWER
1,2019-06-01,359.7,-3.25,16.0,6.38,17.7,NASA POWER
1,2019-07-01,362.7,-4.06,14.7,5.32,18.88,NASA POWER
1,2019-08-01,303.1,-1.59,15.83,7.12,18.91,NASA POWER
1,2019-09-01,258.1,-2.76,17.4,7.32,11.01,NASA POWER
1,2019-10-01,56.2,-8.64,11.54,1.45,12.06,NASA POWER
1,2019-11-01,83.1,-12.62,7.97,-2.32,13.91,NASA POWER
1,2019-12-01,90.4,-11.44,5.86,-2.79,12.03,NASA POWER
1,2020-01-01,73.0,-0.76,17.9,8.57,13.21,NASA POWER
1,2020-02-01,89.7,-3.18,17.33,7.07,11.67,NASA POWER
1,2020-03-01,98.7,-2.56,16.74,7.09,21.9,NASA POWER
1,2020-04-01,76.4,-4.76,15.23,5.24,16.08,NASA POWER
1,2020-05-01,75.7,-4.84,14.69,4.92,21.21,NASA POWER
1,2020-06-01,283.2,-0.46,19.44,9.49,19.97,NASA POWER
1,2020-07-01,327.5,0.02,19.84,9.93,21.45,NASA POWER
1,2020-08-01,282.6,0.24,18.76,9.5,10.35,NASA POWER
1,2020-09-01,364.4,2.94,21.08,12.01,19.84,NASA POWER
1,2020-10-01,71.3,-12.27,8.15,-2.06,16.77,NASA POWER
1,2020-11-01,41.0,-12.23,7.03,-2.6,10.14,NASA POWER
1,2020-12-01,74.3,-9.76,9.52,-0.12,18.44,NASA POWER
1,2021-01-01,60.3,-0.2,18.95,9.38,12.03,NASA POWER
1,2021-02-01,119.2,-4.18,14.92,5.37,17.91,NASA POWER
1,2021-03-01,93.1,-4.65,12.27,3.81,13.99,NASA POWER
1,2021-04-01,119.3,-2.62,15.87,6.62,12.14,NASA POWER
1,2021-05-01,93.3,-4.4,12.71,4.16,12.06,NASA POWER
1,2021-06-01,291.3,0.55,18.65,9.6,19.55,NASA POWER
1,2021-07-01,263.9,2.1,19.6,10.85,10.35,NASA POWER
1,2021-08-01,290.4,1.42,19.37,10.39,13.72,NASA POWER
1,2021-09-01,300.3,-0.14,19.94,9.9,13.78,NASA POWER
1,2021-10-01,114.9,-9.86,10.04,0.09,16.67,NASA POWER
1,2021-11-01,111.6,-9.8,9.67,-0.07,17.59,NASA POWER
1,2021-12-01,110.1,-11.56,7.25,-2.16,12.42,NASA POWER
1,2022-01-01,70.5,-4.79,16.59,5.9,16.07,NASA POWER
1,2022-02-01,44.2,-3.58,16.09,6.25,19.2,NASA POWER
1,2022-03-01,57.7,-3.13,17.34,7.11,20.69,NASA POWER
1,2022-04-01,46.0,-5.75,13.75,4.0,12.76,NASA POWER
1,2022-05-01,47.2,-3.25,15.81,6.28,16.18,NASA POWER
1,2022-06-01,312.8,-1.87,18.23,8.18,17.62,NASA POWER
1,2022-07-01,348.1,0.6,19.82,10.21,16.26,NASA POWER
1,2022-08-01,324.1,-2.12,16.58,7.23,12.98,NASA POWER
1,2022-09-01,345.3,-3.99,15.63,5.82,14.14,NASA POWER
1,2022-10-01,61.1,-8.14,10.57,1.21,19.43,NASA POWER
1,2022-11-01,40.9,-9.93,8.8,-0.56,16.33,NASA POWER
1,2022-12-01,106.4,-13.25,6.51,-3.37,11.26,NASA POWER
1,2023-01-01,104.3,-1.42,17.59,8.09,14.3,NASA POWER
1,2023-02-01,65.2,-2.96,13.41,5.22,17.01,NASA POWER
1,2023-03-01,119.1,-4.37,13.48,4.55,14.99,NASA POWER
1,2023-04-01,116.3,-6.29,13.46,3.59,18.61,NASA POWER
1,2023-05-01,51.3,-5.43,12.1,3.33,11.97,NASA POWER
1,2023-06-01,329.4,0.83,18.52,9.67,11.96,NASA POWER
1,2023-07-01,376.1,0.01,19.94,9.98,13.85,NASA POWER
1,2023-08-01,325.0,-0.6,18.92,9.16,19.17,NASA POWER
1,2023-09-01,333.5,0.27,18.06,9.16,18.07,NASA POWER
1,2023-10-01,87.7,-10.05,9.16,-0.45,21.33,NASA POWER
1,2023-11-01,100.9,-11.3,6.87,-2.22,19.43,NASA POWER
1,2023-12-01,40.9,-8.66,9.38,0.36,16.17,NASA POWER
1,2024-01-01,90.1,-2.35,17.04,7.34,12.07,NASA POWER
1,2024-02-01,84.5,-1.44,18.32,8.44,21.98,NASA POWER
1,2024-03-01,57.8,-0.8,16.21,7.71,19.46,NASA POWER
1,2024-04-01,74.3,-6.55,11.21,2.33,12.99,NASA POWER
1,2024-05-01,78.4,-6.48,13.85,3.68,12.15,NASA POWER
1,2024-06-01,379.8,-2.93,17.7,7.38,13.77,NASA POWER
1,2024-07-01,293.1,-2.23,15.92,6.84,18.94,NASA POWER
1,2024-08-01,357.4,-2.85,16.19,6.67,16.42,NASA POWER
1,2024-09-01,370.4,0.64,17.83,9.23,12.33,NASA POWER
1,2024-10-01,87.7,-7.58,9.66,1.04,11.32,NASA POWER
1,2024-11-01,105.6,-7.21,9.11,0.95,12.8,NASA POWER
1,2024-12-01,40.2,-12.35,8.5,-1.92,12.76,NASA POWER
2,2014-01-01,65.2,1.39,19.73,10.56,11.63,NASA POWER
2,2014-02-01,95.5,-2.06,16.75,7.34,20.96,NASA POWER
2,2014-03-01,103.3,-4.81,16.19,5.69,11.71,NASA POWER
2,2014-04-01,73.4,-2.53,16.73,7.1,19.69,NASA POWER
2,2014-05-01,116.0,-3.48,14.3,5.41,21.97,NASA POWER
2,2014-06-01,361.6,-2.03,15.82,6.9,12.02,NASA POWER
2,2014-07-01,306.6,-2.36,17.71,7.68,20.33,NASA POWER
2,2014-08-01,273.8,-1.33,18.08,8.38,19.53,NASA POWER
2,2014-09-01,369.1,-0.59,17.35,8.38,18.79,NASA POWER
2,2014-10-01,60.0,-7.03,13.68,3.32,20.18,NASA POWER
2,2014-11-01,90.7,-9.54,9.02,-0.26,20.78,NASA POWER
2,2014-12-01,75.2,-13.13,6.78,-3.18,14.99,NASA POWER
2,2015-01-01,111.8,-1.31,18.41,8.55,17.46,NASA POWER
2,2015-02-01,67.9,0.79,17.48,9.13,12.6,NASA POWER
2,2015-03-01,82.3,-1.72,18.37,8.33,17.43,NASA POWER
2,2015-04-01,60.6,-2.6,13.98,5.69,19.14,NASA POWER
2,2015-05-01,109.7,-4.92,15.46,5.27,18.97,NASA POWER
2,2015-06-01,273.3,0.33,21.26,10.79,13.03,NASA POWER
2,2015-07-01,257.1,-4.59,15.28,5.34,14.86,NASA POWER
2,2015-08-01,377.7,-2.12,18.67,8.28,15.49,NASA POWER
2,2015-09-01,258.8,-0.43,16.63,8.1,21.11,NASA POWER
2,2015-10-01,78.7,-5.27,11.85,3.29,14.52,NASA POWER
2,2015-11-01,108.2,-6.41,10.68,2.13,18.76,NASA POWER
2,2015-12-01,73.5,-10.93,6.49,-2.22,19.03,NASA POWER
2,2016-01-01,52.5,-2.61,18.31,7.85,18.44,NASA POWER
2,2016-02-01,92.3,-2.22,15.59,6.68,19.36,NASA POWER
2,2016-03-01,106.6,-5.58,14.05,4.24,13.45,NASA POWER
2,2016-04-01,56.4,-3.18,16.93,6.88,11.0,NASA POWER
2,2016-05-01,91.9,-2.64,16.69,7.03,21.61,NASA POWER
2,2016-06-01,340.9,-1.16,16.75,7.79,20.32,NASA POWER
2,2016-07-01,328.5,-0.91,17.11,8.1,15.13,NASA POWER
2,2016-08-01,286.0,-3.65,15.23,5.79,13.88,NASA POWER
2,2016-09-01,373.0,-4.28,16.69,6.21,13.27,NASA POWER
2,2016-10-01,46.3,-7.59,13.37,2.89,16.1,NASA POWER
2,2016-11-01,42.9,-10.79,9.2,-0.79,13.14,NASA POWER
2,2016-12-01,79.2,-8.06,10.03,0.98,10.16,NASA POWER
2,2017-01-01,83.9,1.34,18.14,9.74,12.33,NASA POWER
2,2017-02-01,103.4,-6.33,13.81,3.74,17.19,NASA POWER
2,2017-03-01,107.9,-4.03,15.3,5.63,20.73,NASA POWER
2,2017-04-01,100.9,-5.88,12.41,3.27,15.14,NASA POWER
2,2017-05-01,46.7,-5.38,13.58,4.1,17.37,NASA POWER
2,2017-06-01,355.5,-2.17,16.59,7.21,19.47,NASA POWER
2,2017-07-01,311.7,-0.07,20.35,10.14,18.56,NASA POWER
2,2017-08-01,366.1,-0.86,17.28,8.21,13.0,NASA POWER
2,2017-09-01,373.0,-0.74,17.29,8.28,11.44,NASA POWER
2,2017-10-01,98.4,-9.57,9.98,0.21,12.07,NASA POWER
2,2017-11-01,77.6,-10.24,8.89,-0.67,15.44,NASA POWER
2,2017-12-01,43.4,-11.67,6.42,-2.62,14.94,NASA POWER
2,2018-01-01,98.7,-5.16,15.89,5.37,14.94,NASA POWER
2,2018-02-01,92.1,0.29,18.98,9.63,13.81,NASA POWER
2,2018-03-01,102.0,-6.86,12.88,3.01,11.14,NASA POWER
2,2018-04-01,105.7,-6.09,11.51,2.71,20.56,NASA POWER
2,2018-05-01,100.2,-3.66,16.46,6.4,19.3,NASA POWER
2,2018-06-01,344.4,-1.59,18.53,8.47,13.65,NASA POWER
2,2018-07-01,287.5,-0.12,19.52,9.7,18.23,NASA POWER
2,2018-08-01,382.9,-1.72,17.11,7.69,15.83,NASA POWER
2,2018-09-01,378.0,-3.42,16.19,6.39,18.04,NASA POWER
2,2018-10-01,50.9,-10.69,10.3,-0.19,12.53,NASA POWER
2,2018-11-01,99.4,-13.66,7.9,-2.88,17.32,NASA POWER
2,2018-12-01,61.7,-12.26,6.35,-2.96,13.35,NASA POWER
2,2019-01-01,119.9,0.4,18.06,9.23,21.28,NASA POWER
2,2019-02-01,42.7,-2.37,16.19,6.91,17.52,NASA POWER
2,2019-03-01,81.9,-2.53,15.59,6.53,11.59,NASA POWER
2,2019-04-01,116.7,-5.0,14.54,4.77,16.54,NASA POWER
2,2019-05-01,81.2,-4.73,13.94,4.6,10.87,NASA POWER
2,2019-06-01,268.6,-0.27,20.43,10.08,12.88,NASA POWER
2,2019-07-01,259.8,-1.43,18.46,8.52,20.64,NASA POWER
2,2019-08-01,275.3,-3.13,15.54,6.21,11.91,NASA POWER
2,2019-09-01,287.2,-3.79,16.46,6.34,13.29,NASA POWER
2,2019-10-01,53.0,-12.55,8.76,-1.9,14.96,NASA POWER
2,2019-11-01,99.1,-12.53,6.91,-2.81,14.54,NASA POWER
2,2019-12-01,66.2,-8.85,10.48,0.82,16.38,NASA POWER
2,2020-01-01,91.7,-2.75,13.91,5.58,14.93,NASA POWER
2,2020-02-01,72.8,-1.51,18.96,8.72,18.89,NASA POWER
2,2020-03-01,97.5,-3.52,17.53,7.01,16.19,NASA POWER
2,2020-04-01,77.9,-2.53,16.5,6.99,18.03,NASA POWER
2,2020-05-01,96.4,-3.61,13.23,4.81,17.19,NASA POWER
2,2020-06-01,282.3,-1.71,14.96,6.62,10.29,NASA POWER
2,2020-07-01,360.9,-0.34,19.3,9.48,10.88,NASA POWER
2,2020-08-01,315.3,-1.32,17.53,8.11,14.48,NASA POWER
2,2020-09-01,313.9,0.51,17.4,8.96,10.37,NASA POWER
2,2020-10-01,89.9,-9.92,6.86,-1.53,13.87,NASA POWER
2,2020-11-01,55.9,-8.38,10.56,1.09,17.37,NASA POWER
2,2020-12-01,59.9,-9.98,7.83,-1.08,14.81,NASA POWER
2,2021-01-01,60.2,-2.9,18.38,7.74,15.15,NASA POWER
2,2021-02-01,96.5,0.66,19.35,10.01,10.7,NASA POWER
2,2021-03-01,54.0,-2.03,17.59,7.78,14.38,NASA POWER
2,2021-04-01,59.9,-2.51,15.55,6.52,16.96,NASA POWER
2,2021-05-01,90.4,-4.46,14.37,4.96,12.01,NASA POWER
2,2021-06-01,347.6,-0.24,19.87,9.82,21.42,NASA POWER
2,2021-07-01,287.9,1.84,19.95,10.89,16.92,NASA POWER
2,2021-08-01,261.1,-2.47,15.79,6.66,18.06,NASA POWER
2,2021-09-01,258.1,0.5,19.19,9.85,11.3,NASA POWER
2,2021-10-01,79.5,-7.43,11.4,1.99,13.11,NASA POWER
2,2021-11-01,118.2,-11.2,7.93,-1.63,16.39,NASA POWER
2,2021-12-01,87.2,-12.15,7.27,-2.44,17.23,NASA POWER
2,2022-01-01,77.5,-3.89,16.13,6.12,10.76,NASA POWER
2,2022-02-01,82.1,-1.99,18.06,8.04,10.79,NASA POWER
2,2022-03-01,71.9,-3.31,15.96,6.33,20.11,NASA POWER
2,2022-04-01,99.7,-6.87,12.53,2.83,20.05,NASA POWER
2,2022-05-01,90.0,-5.84,15.3,4.73,21.4,NASA POWER
2,2022-06-01,295.0,-0.31,18.02,8.86,19.47,NASA POWER
2,2022-07-01,283.3,-2.94,15.84,6.45,20.92,NASA POWER
2,2022-08-01,308.3,-3.95,15.18,5.62,19.14,NASA POWER
2,2022-09-01,295.5,-1.2,17.99,8.39,10.47,NASA POWER
2,2022-10-01,57.3,-10.73,6.35,-2.19,14.08,NASA POWER
2,2022-11-01,66.9,-11.91,7.96,-1.98,14.46,NASA POWER
2,2022-12-01,59.0,-11.99,9.32,-1.33,14.62,NASA POWER
2,2023-01-01,81.4,-1.05,16.94,7.95,19.4,NASA POWER
2,2023-02-01,101.3,-0.33,19.57,9.62,19.07,NASA POWER
2,2023-03-01,105.6,-6.82,14.37,3.77,18.59,NASA POWER
2,2023-04-01,74.2,-2.94,16.97,7.01,20.2,NASA POWER
2,2023-05-01,93.4,-2.89,15.76,6.43,14.26,NASA POWER
2,2023-06-01,371.7,-0.08,20.62,10.27,21.53,NASA POWER
2,2023-07-01,351.6,-0.71,18.25,8.77,20.32,NASA POWER
2,2023-08-01,312.9,0.11,16.67,8.39,19.96,NASA POWER
2,2023-09-01,306.4,-2.22,16.95,7.36,15.17,NASA POWER
2,2023-10-01,112.2,-10.02,7.05,-1.48,17.21,NASA POWER
2,2023-11-01,112.2,-7.74,12.48,2.37,10.92,NASA POWER
2,2023-12-01,68.3,-10.28,7.57,-1.35,12.68,NASA POWER
2,2024-01-01,96.6,-3.45,15.89,6.22,18.48,NASA POWER
2,2024-02-01,89.7,-1.3,18.23,8.46,19.56,NASA POWER
2,2024-03-01,94.1,-2.55,15.1,6.28,11.85,NASA POWER
2,2024-04-01,40.6,-4.88,15.57,5.35,17.99,NASA POWER
2,2024-05-01,104.0,-5.42,12.81,3.7,19.94,NASA POWER
2,2024-06-01,360.4,-0.62,18.38,8.88,18.89,NASA POWER
2,2024-07-01,268.2,-1.32,16.26,7.47,20.59,NASA POWER
2,2024-08-01,381.1,-2.48,15.61,6.56,17.05,NASA POWER
2,2024-09-01,308.9,-0.07,20.87,10.4,12.86,NASA POWER
2,2024-10-01,55.2,-9.34,8.14,-0.6,21.7,NASA POWER
2,2024-11-01,91.0,-9.79,11.91,1.06,21.22,NASA POWER
2,2024-12-01,57.4,-10.42,7.4,-1.51,21.16,NASA POWER
3,2014-01-01,151.7,8.0,27.15,17.57,12.26,NASA POWER
3,2014-02-01,176.0,8.26,28.23,18.25,18.63,NASA POWER
3,2014-03-01,197.1,8.22,25.86,17.04,18.51,NASA POWER
3,2014-04-01,224.1,7.72,27.58,17.65,9.72,NASA POWER
3,2014-05-01,102.4,6.27,26.58,16.42,16.01,NASA POWER
3,2014-06-01,571.6,8.38,27.27,17.82,10.23,NASA POWER
3,2014-07-01,574.7,9.27,27.45,18.36,16.33,NASA POWER
3,2014-08-01,616.3,7.66,28.04,17.85,10.19,NASA POWER
3,2014-09-01,552.8,8.38,26.45,17.41,11.74,NASA POWER
3,2014-10-01,184.4,0.85,19.82,10.34,17.4,NASA POWER
3,2014-11-01,139.0,-0.83,18.16,8.67,18.74,NASA POWER
3,2014-12-01,212.6,-0.92,17.85,8.46,12.24,NASA POWER
3,2015-01-01,152.0,8.07,26.58,17.32,11.48,NASA POWER
3,2015-02-01,236.1,7.7,25.84,16.77,11.63,NASA POWER
3,2015-03-01,153.4,8.46,27.92,18.19,12.45,NASA POWER
3,2015-04-01,221.0,6.67,23.54,15.11,9.33,NASA POWER
3,2015-05-01,118.1,2.11,22.88,12.49,12.83,NASA POWER
3,2015-06-01,546.8,8.78,27.59,18.18,17.26,NASA POWER
3,2015-07-01,546.3,10.48,28.63,19.55,11.98,NASA POWER
3,2015-08-01,657.9,7.04,28.31,17.68,13.43,NASA POWER
3,2015-09-01,525.6,7.09,27.76,17.43,18.59,NASA POWER
3,2015-10-01,171.6,1.65,20.89,11.27,18.74,NASA POWER
3,2015-11-01,189.4,-0.34,19.83,9.74,9.6,NASA POWER
3,2015-12-01,162.6,0.17,17.26,8.72,13.99,NASA POWER
3,2016-01-01,110.1,11.29,29.32,20.3,13.59,NASA POWER
3,2016-02-01,116.0,7.51,29.0,18.25,14.03,NASA POWER
3,2016-03-01,110.3,2.73,24.3,13.52,9.05,NASA POWER
3,2016-04-01,119.7,4.69,23.78,14.24,15.72,NASA POWER
3,2016-05-01,180.0,2.3,21.8,12.05,18.95,NASA POWER
3,2016-06-01,559.5,9.58,27.23,18.41,15.89,NASA POWER
3,2016-07-01,545.0,8.89,28.73,18.81,17.82,NASA POWER
3,2016-08-01,662.3,7.05,26.56,16.8,18.58,NASA POWER
3,2016-09-01,762.0,8.25,25.64,16.95,14.37,NASA POWER
3,2016-10-01,100.5,0.22,21.55,10.88,18.64,NASA POWER
3,2016-11-01,164.6,2.55,21.6,12.08,11.53,NASA POWER
3,2016-12-01,204.3,-2.44,15.37,6.46,12.43,NASA POWER
3,2017-01-01,206.7,5.83,26.23,16.03,13.59,NASA POWER
3,2017-02-01,195.7,8.48,27.68,18.08,17.18,NASA POWER
3,2017-03-01,133.3,5.27,24.24,14.75,16.17,NASA POWER
3,2017-04-01,160.6,6.3,23.7,15.0,12.81,NASA POWER
3,2017-05-01,236.2,5.86,26.27,16.07,14.39,NASA POWER
3,2017-06-01,690.1,11.87,28.6,20.23,15.23,NASA POWER
3,2017-07-01,670.8,8.97,28.45,18.71,12.38,NASA POWER
3,2017-08-01,652.2,8.62,26.06,17.34,9.62,NASA POWER
3,2017-09-01,696.5,11.35,29.77,20.56,14.48,NASA POWER
3,2017-10-01,207.8,-2.2,17.49,7.64,10.59,NASA POWER
3,2017-11-01,177.9,1.27,18.92,10.1,13.58,NASA POWER
3,2017-12-01,94.7,-3.26,16.58,6.66,9.83,NASA POWER
3,2018-01-01,91.8,7.43,27.65,17.54,16.47,NASA POWER
3,2018-02-01,126.9,7.72,24.48,16.1,18.45,NASA POWER
3,2018-03-01,114.3,7.15,24.14,15.64,12.69,NASA POWER
3,2018-04-01,198.6,6.37,26.44,16.41,10.99,NASA POWER
3,2018-05-01,157.6,3.79,23.1,13.45,9.94,NASA POWER
3,2018-06-01,740.8,7.48,25.02,16.25,11.84,NASA POWER
3,2018-07-01,662.0,8.19,27.42,17.8,10.36,NASA POWER
3,2018-08-01,766.9,8.04,27.4,17.72,17.55,NASA POWER
3,2018-09-01,582.5,7.22,27.59,17.41,12.97,NASA POWER
3,2018-10-01,170.4,2.59,22.93,12.76,17.56,NASA POWER
3,2018-11-01,212.5,-1.32,16.79,7.73,17.62,NASA POWER
3,2018-12-01,195.7,-1.21,18.97,8.88,11.49,NASA POWER
3,2019-01-01,139.6,8.93,26.55,17.74,11.65,NASA POWER
3,2019-02-01,169.9,8.4,28.03,18.21,14.56,NASA POWER
3,2019-03-01,182.7,9.94,27.57,18.75,18.18,NASA POWER
3,2019-04-01,164.0,4.89,23.15,14.02,19.21,NASA POWER
3,2019-05-01,202.4,5.21,24.16,14.69,19.34,NASA POWER
3,2019-06-01,738.9,6.56,25.01,15.79,9.2,NASA POWER
3,2019-07-01,513.2,7.17,26.13,16.65,16.85,NASA POWER
3,2019-08-01,618.3,9.13,28.0,18.57,10.18,NASA POWER
3,2019-09-01,713.4,10.75,28.2,19.48,17.15,NASA POWER
3,2019-10-01,206.7,-0.01,18.62,9.3,15.78,NASA POWER
3,2019-11-01,126.6,1.39,22.05,11.72,15.2,NASA POWER
3,2019-12-01,207.1,-0.23,19.56,9.66,14.84,NASA POWER
3,2020-01-01,86.4,5.22,25.81,15.51,11.09,NASA POWER
3,2020-02-01,155.8,7.61,25.76,16.69,10.25,NASA POWER
3,2020-03-01,83.4,6.03,25.39,15.71,12.05,NASA POWER
3,2020-04-01,193.3,6.8,26.63,16.71,17.05,NASA POWER
3,2020-05-01,170.1,3.23,22.81,13.02,19.21,NASA POWER
3,2020-06-01,745.1,9.69,28.79,19.24,12.55,NASA POWER
3,2020-07-01,555.7,7.94,27.31,17.62,10.98,NASA POWER
3,2020-08-01,677.7,9.94,27.96,18.95,10.63,NASA POWER
3,2020-09-01,708.8,6.08,26.7,16.39,15.49,NASA POWER
3,2020-10-01,188.2,0.22,19.44,9.83,13.51,NASA POWER
3,2020-11-01,196.6,3.08,20.54,11.81,18.42,NASA POWER
3,2020-12-01,107.4,-1.31,17.02,7.85,15.98,NASA POWER
3,2021-01-01,228.7,9.25,26.31,17.78,12.12,NASA POWER
3,2021-02-01,125.1,4.7,25.5,15.1,19.01,NASA POWER
3,2021-03-01,152.6,7.44,25.68,16.56,11.33,NASA POWER
3,2021-04-01,95.0,5.37,21.64,13.51,18.26,NASA POWER
3,2021-05-01,105.7,5.44,24.61,15.03,16.02,NASA POWER
3,2021-06-01,520.7,10.54,31.44,20.99,10.34,NASA POWER
3,2021-07-01,625.4,9.7,26.91,18.3,14.46,NASA POWER
3,2021-08-01,666.4,9.25,28.43,18.84,13.77,NASA POWER
3,2021-09-01,731.1,8.7,28.0,18.35,12.62,NASA POWER
3,2021-10-01,195.9,2.0,18.95,10.47,17.47,NASA POWER
3,2021-11-01,113.8,-1.77,16.31,7.27,9.8,NASA POWER
3,2021-12-01,142.6,-3.23,16.86,6.81,11.1,NASA POWER
3,2022-01-01,113.6,7.27,24.96,16.12,18.66,NASA POWER
3,2022-02-01,185.5,8.8,27.76,18.28,15.32,NASA POWER
3,2022-03-01,143.3,4.07,24.89,14.48,9.84,NASA POWER
3,2022-04-01,203.4,7.02,26.1,16.56,15.82,NASA POWER
3,2022-05-01,225.0,4.61,24.09,14.35,9.9,NASA POWER
3,2022-06-01,635.7,9.04,28.45,18.74,15.85,NASA POWER
3,2022-07-01,527.4,6.77,26.4,16.59,9.37,NASA POWER
3,2022-08-01,713.0,9.26,26.8,18.03,9.66,NASA POWER
3,2022-09-01,565.4,6.58,25.28,15.93,9.78,NASA POWER
3,2022-10-01,157.0,0.07,19.1,9.59,16.68,NASA POWER
3,2022-11-01,189.8,-1.13,19.14,9.01,18.79,NASA POWER
3,2022-12-01,134.5,-0.4,20.37,9.99,16.86,NASA POWER
3,2023-01-01,234.8,6.33,25.02,15.68,12.4,NASA POWER
3,2023-02-01,116.9,7.49,25.6,16.55,19.37,NASA POWER
3,2023-03-01,211.3,5.67,23.53,14.6,17.19,NASA POWER
3,2023-04-01,189.4,8.34,26.34,17.34,18.88,NASA POWER
3,2023-05-01,93.3,4.93,22.29,13.61,18.1,NASA POWER
3,2023-06-01,648.9,8.5,27.59,18.05,17.38,NASA POWER
3,2023-07-01,701.7,7.13,24.83,15.98,12.24,NASA POWER
3,2023-08-01,718.7,10.06,29.31,19.68,19.42,NASA POWER
3,2023-09-01,651.7,6.79,26.58,16.68,10.36,NASA POWER
3,2023-10-01,218.9,-2.23,17.47,7.62,10.71,NASA POWER
3,2023-11-01,83.7,-1.32,17.99,8.33,18.75,NASA POWER
3,2023-12-01,153.0,0.84,18.82,9.83,16.39,NASA POWER
3,2024-01-01,88.7,6.64,26.42,16.53,9.14,NASA POWER
3,2024-02-01,170.9,6.28,24.11,15.2,12.87,NASA POWER
3,2024-03-01,145.2,5.72,26.0,15.86,18.15,NASA POWER
3,2024-04-01,171.7,3.12,21.24,12.18,17.76,NASA POWER
3,2024-05-01,207.9,7.95,24.77,16.36,16.62,NASA POWER
3,2024-06-01,552.5,9.64,27.15,18.39,12.61,NASA POWER
3,2024-07-01,663.7,8.84,26.14,17.49,15.55,NASA POWER
3,2024-08-01,669.0,6.71,25.78,16.25,17.73,NASA POWER
3,2024-09-01,562.6,11.66,30.4,21.03,14.27,NASA POWER
3,2024-10-01,103.9,1.25,20.24,10.74,9.8,NASA POWER
3,2024-11-01,141.4,-2.66,16.45,6.89,17.26,NASA POWER
3,2024-12-01,123.3,-2.7,16.76,7.03,9.33,NASA POWER
4,2014-01-01,199.6,8.45,28.03,18.24,16.9,NASA POWER
4,2014-02-01,184.4,13.07,31.49,22.28,21.84,NASA POWER
4,2014-03-01,180.6,12.46,29.58,21.02,15.27,NASA POWER
4,2014-04-01,122.1,7.56,25.33,16.45,16.26,NASA POWER
4,2014-05-01,71.5,6.25,26.63,16.44,15.26,NASA POWER
4,2014-06-01,456.6,13.68,30.77,22.23,21.02,NASA POWER
4,2014-07-01,671.2,13.29,34.79,24.04,12.46,NASA POWER
4,2014-08-01,586.5,15.75,34.93,25.34,15.43,NASA POWER
4,2014-09-01,567.4,10.79,30.01,20.4,15.38,NASA POWER
4,2014-10-01,189.6,3.99,25.36,14.68,15.58,NASA POWER
4,2014-11-01,202.9,2.08,20.26,11.17,22.2,NASA POWER
4,2014-12-01,136.2,1.39,18.48,9.94,22.24,NASA POWER
4,2015-01-01,173.5,11.1,27.93,19.52,20.54,NASA POWER
4,2015-02-01,161.0,12.32,28.51,20.41,11.88,NASA POWER
4,2015-03-01,201.3,11.75,31.6,21.68,15.17,NASA POWER
4,2015-04-01,187.2,8.78,24.99,16.88,16.97,NASA POWER
4,2015-05-01,162.4,8.24,27.01,17.62,23.25,NASA POWER
4,2015-06-01,558.6,10.81,31.91,21.36,19.2,NASA POWER
4,2015-07-01,653.0,12.67,31.44,22.05,18.82,NASA POWER
4,2015-08-01,607.9,13.45,31.01,22.23,13.84,NASA POWER
4,2015-09-01,536.3,13.23,34.04,23.63,15.36,NASA POWER
4,2015-10-01,76.7,6.35,24.8,15.57,16.68,NASA POWER
4,2015-11-01,174.6,4.64,21.85,13.25,13.72,NASA POWER
4,2015-12-01,193.3,1.4,22.2,11.8,11.1,NASA POWER
4,2016-01-01,205.7,12.8,29.48,21.14,20.98,NASA POWER
4,2016-02-01,161.8,12.25,31.35,21.8,23.83,NASA POWER
4,2016-03-01,140.2,11.3,30.48,20.89,16.78,NASA POWER
4,2016-04-01,163.6,9.84,29.56,19.7,20.46,NASA POWER
4,2016-05-01,131.1,10.5,29.26,19.88,19.36,NASA POWER
4,2016-06-01,533.1,12.36,31.9,22.13,13.15,NASA POWER
4,2016-07-01,661.9,14.9,33.26,24.08,15.66,NASA POWER
4,2016-08-01,585.1,13.59,32.07,22.83,15.0,NASA POWER
4,2016-09-01,570.5,15.97,34.97,25.47,12.2,NASA POWER
4,2016-10-01,119.2,7.92,25.81,16.86,15.2,NASA POWER
4,2016-11-01,166.2,1.36,21.9,11.63,20.47,NASA POWER
4,2016-12-01,112.6,2.61,20.96,11.79,13.42,NASA POWER
4,2017-01-01,201.0,10.06,30.05,20.05,19.94,NASA POWER
4,2017-02-01,72.8,8.85,30.81,19.83,21.02,NASA POWER
4,2017-03-01,127.1,13.9,31.15,22.52,15.77,NASA POWER
4,2017-04-01,125.9,10.75,29.07,19.91,11.37,NASA POWER
4,2017-05-01,109.2,8.81,28.47,18.64,18.8,NASA POWER
4,2017-06-01,578.9,14.05,30.98,22.52,11.11,NASA POWER
4,2017-07-01,584.2,12.39,31.91,22.15,14.55,NASA POWER
4,2017-08-01,449.7,11.26,32.1,21.68,19.22,NASA POWER
4,2017-09-01,552.1,15.58,34.7,25.14,14.4,NASA POWER
4,2017-10-01,78.4,3.42,22.86,13.14,14.59,NASA POWER
4,2017-11-01,208.7,4.96,22.97,13.96,15.5,NASA POWER
4,2017-12-01,129.1,3.43,21.13,12.28,22.53,NASA POWER
4,2018-01-01,151.4,15.64,34.19,24.91,14.16,NASA POWER
4,2018-02-01,145.6,10.24,28.09,19.16,19.23,NASA POWER
4,2018-03-01,133.4,9.54,27.49,18.52,17.33,NASA POWER
4,2018-04-01,146.2,9.04,27.56,18.3,18.85,NASA POWER
4,2018-05-01,198.9,8.5,26.78,17.64,16.46,NASA POWER
4,2018-06-01,471.7,15.53,33.44,24.48,11.36,NASA POWER
4,2018-07-01,656.8,12.84,33.19,23.02,15.28,NASA POWER
4,2018-08-01,556.8,14.11,33.55,23.83,16.63,NASA POWER
4,2018-09-01,590.1,12.41,31.85,22.13,20.16,NASA POWER
4,2018-10-01,150.7,2.66,21.45,12.05,20.13,NASA POWER
4,2018-11-01,133.7,5.75,23.57,14.66,22.64,NASA POWER
4,2018-12-01,178.4,3.95,23.9,13.92,15.84,NASA POWER
4,2019-01-01,119.4,12.79,31.78,22.29,20.73,NASA POWER
4,2019-02-01,174.5,12.91,30.81,21.86,19.71,NASA POWER
4,2019-03-01,193.4,11.18,29.41,20.3,11.04,NASA POWER
4,2019-04-01,131.1,11.18,31.45,21.31,19.16,NASA POWER
4,2019-05-01,196.6,9.59,30.12,19.86,16.11,NASA POWER
4,2019-06-01,661.6,12.48,29.94,21.21,20.67,NASA POWER
4,2019-07-01,540.9,12.53,32.48,22.5,16.69,NASA POWER
4,2019-08-01,628.7,13.62,34.21,23.91,13.7,NASA POWER
4,2019-09-01,607.0,11.93,33.37,22.65,23.62,NASA POWER
4,2019-10-01,115.3,6.2,26.24,16.22,12.75,NASA POWER
4,2019-11-01,154.7,5.96,25.14,15.55,22.0,NASA POWER
4,2019-12-01,159.6,0.26,19.4,9.83,14.87,NASA POWER
4,2020-01-01,164.7,12.87,33.65,23.26,21.15,NASA POWER
4,2020-02-01,154.5,9.62,28.35,18.98,14.0,NASA POWER
4,2020-03-01,188.4,8.09,25.56,16.82,17.26,NASA POWER
4,2020-04-01,170.3,9.87,29.67,19.77,21.83,NASA POWER
4,2020-05-01,136.7,10.61,28.47,19.54,23.74,NASA POWER
4,2020-06-01,451.3,14.17,30.86,22.52,11.86,NASA POWER
4,2020-07-01,508.4,11.85,30.24,21.04,20.34,NASA POWER
4,2020-08-01,648.0,15.07,33.81,24.44,17.02,NASA POWER
4,2020-09-01,504.2,13.85,32.67,23.26,14.79,NASA POWER
4,2020-10-01,124.8,5.68,24.6,15.14,20.48,NASA POWER
4,2020-11-01,92.8,6.04,25.99,16.02,18.01,NASA POWER
4,2020-12-01,136.1,3.7,23.73,13.71,14.67,NASA POWER
4,2021-01-01,104.9,13.16,31.83,22.49,20.81,NASA POWER
4,2021-02-01,109.2,12.55,33.37,22.96,16.55,NASA POWER
4,2021-03-01,85.6,8.23,28.64,18.44,12.88,NASA POWER
4,2021-04-01,144.7,10.84,29.32,20.08,14.44,NASA POWER
4,2021-05-01,134.8,5.57,26.81,16.19,21.95,NASA POWER
4,2021-06-01,639.1,11.87,29.18,20.52,20.34,NASA POWER
4,2021-07-01,531.6,12.08,30.38,21.23,18.47,NASA POWER
4,2021-08-01,460.3,11.12,29.99,20.55,11.42,NASA POWER
4,2021-09-01,577.2,15.49,34.43,24.96,11.9,NASA POWER
4,2021-10-01,78.0,8.36,26.91,17.63,19.01,NASA POWER
4,2021-11-01,191.9,4.92,25.42,15.17,22.6,NASA POWER
4,2021-12-01,200.3,1.6,20.84,11.22,16.95,NASA POWER
4,2022-01-01,73.2,11.02,32.13,21.58,19.93,NASA POWER
4,2022-02-01,112.4,10.44,30.26,20.35,15.35,NASA POWER
4,2022-03-01,140.2,12.01,30.55,21.28,14.63,NASA POWER
4,2022-04-01,90.1,10.69,29.77,20.23,20.36,NASA POWER
4,2022-05-01,77.3,11.49,29.04,20.27,14.26,NASA POWER
4,2022-06-01,473.2,11.39,32.6,22.0,11.83,NASA POWER
4,2022-07-01,454.7,16.6,34.1,25.35,17.6,NASA POWER
4,2022-08-01,526.2,9.36,30.85,20.11,11.65,NASA POWER
4,2022-09-01,619.7,13.94,33.43,23.68,12.38,NASA POWER
4,2022-10-01,86.9,6.66,24.98,15.82,23.11,NASA POWER
4,2022-11-01,116.2,3.88,20.88,12.38,17.0,NASA POWER
4,2022-12-01,95.2,2.39,21.01,11.7,17.72,NASA POWER
4,2023-01-01,135.8,11.39,31.9,21.64,22.98,NASA POWER
4,2023-02-01,91.2,8.01,27.54,17.77,11.75,NASA POWER
4,2023-03-01,85.7,7.33,28.57,17.95,12.21,NASA POWER
4,2023-04-01,113.2,12.65,31.91,22.28,12.12,NASA POWER
4,2023-05-01,137.3,9.41,28.03,18.72,15.74,NASA POWER
4,2023-06-01,586.3,15.73,32.96,24.34,15.53,NASA POWER
4,2023-07-01,657.9,10.83,29.51,20.17,23.21,NASA POWER
4,2023-08-01,599.2,13.23,33.56,23.4,14.0,NASA POWER
4,2023-09-01,662.5,10.65,30.52,20.59,13.23,NASA POWER
4,2023-10-01,193.6,6.22,22.65,14.43,16.14,NASA POWER
4,2023-11-01,184.4,3.46,23.29,13.38,21.71,NASA POWER
4,2023-12-01,199.8,1.8,19.91,10.86,20.97,NASA POWER
4,2024-01-01,182.2,15.49,34.59,25.04,21.68,NASA POWER
4,2024-02-01,161.0,12.93,32.58,22.75,21.18,NASA POWER
4,2024-03-01,113.2,13.06,31.19,22.12,19.08,NASA POWER
4,2024-04-01,99.2,9.6,30.65,20.12,17.79,NASA POWER
4,2024-05-01,146.9,7.0,27.12,17.06,17.58,NASA POWER
4,2024-06-01,503.1,14.55,33.8,24.17,18.13,NASA POWER
4,2024-07-01,571.9,14.28,33.53,23.91,15.12,NASA POWER
4,2024-08-01,651.0,13.83,33.15,23.49,11.04,NASA POWER
4,2024-09-01,580.1,11.92,31.07,21.5,13.32,NASA POWER
4,2024-10-01,197.4,5.77,27.51,16.64,18.23,NASA POWER
4,2024-11-01,158.3,4.41,23.37,13.89,22.71,NASA POWER
4,2024-12-01,104.0,3.81,20.93,12.37,20.23,NASA POWER
5,2014-01-01,97.3,11.17,30.84,21.0,12.58,NASA POWER
5,2014-02-01,198.0,9.81,28.46,19.14,21.15,NASA POWER
5,2014-03-01,197.4,9.1,26.4,17.75,18.82,NASA POWER
5,2014-04-01,132.9,11.33,30.43,20.88,12.86,NASA POWER
5,2014-05-01,157.9,8.09,26.31,17.2,14.55,NASA POWER
5,2014-06-01,662.7,10.54,28.9,19.72,13.13,NASA POWER
5,2014-07-01,670.0,12.84,31.27,22.05,16.01,NASA POWER
5,2014-08-01,456.3,14.62,34.33,24.47,16.23,NASA POWER
5,2014-09-01,647.5,12.37,30.71,21.54,23.44,NASA POWER
5,2014-10-01,205.3,4.16,22.64,13.4,11.88,NASA POWER
5,2014-11-01,116.1,3.53,19.96,11.75,19.94,NASA POWER
5,2014-12-01,120.1,1.35,20.44,10.9,21.08,NASA POWER
5,2015-01-01,102.0,11.4,30.22,20.81,16.06,NASA POWER
5,2015-02-01,72.9,10.71,28.55,19.63,17.7,NASA POWER
5,2015-03-01,99.6,12.38,30.73,21.55,21.27,NASA POWER
5,2015-04-01,151.6,9.24,27.35,18.3,12.08,NASA POWER
5,2015-05-01,101.6,8.24,26.74,17.49,16.55,NASA POWER
5,2015-06-01,522.6,15.71,33.32,24.52,19.16,NASA POWER
5,2015-07-01,489.0,10.9,30.6,20.75,19.83,NASA POWER
5,2015-08-01,475.3,12.08,32.49,22.29,12.87,NASA POWER
5,2015-09-01,545.2,11.21,30.24,20.73,16.21,NASA POWER
5,2015-10-01,90.3,2.63,23.52,13.07,11.93,NASA POWER
5,2015-11-01,87.6,6.23,23.52,14.88,21.45,NASA POWER
5,2015-12-01,117.1,5.0,24.5,14.75,23.95,NASA POWER
5,2016-01-01,178.0,10.55,28.55,19.55,22.62,NASA POWER
5,2016-02-01,88.5,12.62,32.15,22.38,21.07,NASA POWER
5,2016-03-01,78.5,10.9,31.28,21.09,12.88,NASA POWER
5,2016-04-01,113.9,7.84,27.44,17.64,11.95,NASA POWER
5,2016-05-01,91.5,9.53,29.76,19.64,23.56,NASA POWER
5,2016-06-01,616.9,13.13,29.6,21.37,20.0,NASA POWER
5,2016-07-01,539.9,9.86,30.96,20.41,15.0,NASA POWER
5,2016-08-01,499.3,15.28,33.5,24.39,11.83,NASA POWER
5,2016-09-01,591.6,13.36,30.87,22.12,18.69,NASA POWER
5,2016-10-01,134.1,1.59,22.1,11.85,21.2,NASA POWER
5,2016-11-01,95.1,4.48,23.59,14.04,12.21,NASA POWER
5,2016-12-01,77.8,1.31,19.56,10.43,11.78,NASA POWER
5,2017-01-01,146.2,11.44,29.63,20.54,15.64,NASA POWER
5,2017-02-01,100.9,8.62,29.12,18.87,18.21,NASA POWER
5,2017-03-01,124.0,10.52,28.72,19.62,12.81,NASA POWER
5,2017-04-01,140.8,8.58,26.83,17.7,17.18,NASA POWER
5,2017-05-01,85.8,5.74,25.86,15.8,15.81,NASA POWER
5,2017-06-01,515.8,15.94,34.27,25.11,12.58,NASA POWER
5,2017-07-01,527.7,13.31,31.42,22.37,23.61,NASA POWER
5,2017-08-01,638.0,16.74,33.02,24.88,17.86,NASA POWER
5,2017-09-01,468.5,12.36,31.33,21.84,22.15,NASA POWER
5,2017-10-01,78.1,2.47,21.6,12.04,16.76,NASA POWER
5,2017-11-01,84.5,5.73,22.97,14.35,22.7,NASA POWER
5,2017-12-01,91.8,0.56,19.66,10.11,21.75,NASA POWER
5,2018-01-01,192.6,13.98,33.77,23.88,22.27,NASA POWER
5,2018-02-01,182.5,11.28,28.43,19.86,23.88,NASA POWER
5,2018-03-01,169.1,10.62,29.96,20.29,21.38,NASA POWER
5,2018-04-01,168.3,9.18,27.92,18.55,13.49,NASA POWER
5,2018-05-01,114.1,6.6,26.22,16.41,23.35,NASA POWER
5,2018-06-01,631.1,12.12,30.59,21.36,18.5,NASA POWER
5,2018-07-01,463.4,11.89,31.08,21.48,11.8,NASA POWER
5,2018-08-01,625.3,13.05,30.65,21.85,21.29,NASA POWER
5,2018-09-01,518.4,14.46,31.75,23.11,23.28,NASA POWER
5,2018-10-01,200.4,4.15,25.55,14.85,20.52,NASA POWER
5,2018-11-01,136.4,6.49,23.66,15.07,11.48,NASA POWER
5,2018-12-01,70.7,2.79,21.66,12.22,23.56,NASA POWER
5,2019-01-01,141.4,11.26,30.5,20.88,13.23,NASA POWER
5,2019-02-01,118.4,12.32,30.5,21.41,14.24,NASA POWER
5,2019-03-01,140.7,12.0,30.79,21.39,12.42,NASA POWER
5,2019-04-01,184.4,10.72,30.0,20.36,20.11,NASA POWER
5,2019-05-01,131.3,10.51,29.92,20.21,24.19,NASA POWER
5,2019-06-01,524.4,11.34,29.69,20.52,20.14,NASA POWER
5,2019-07-01,466.1,13.71,32.03,22.87,19.15,NASA POWER
5,2019-08-01,467.3,13.95,32.38,23.16,17.76,NASA POWER
5,2019-09-01,550.2,14.36,32.28,23.32,11.91,NASA POWER
5,2019-10-01,140.0,2.58,23.67,13.12,23.6,NASA POWER
5,2019-11-01,83.1,3.86,22.95,13.4,11.85,NASA POWER
5,2019-12-01,74.1,4.11,23.22,13.66,20.78,NASA POWER
5,2020-01-01,153.8,13.03,32.42,22.73,21.5,NASA POWER
5,2020-02-01,165.9,12.61,32.17,22.39,24.0,NASA POWER
5,2020-03-01,116.8,10.3,29.8,20.05,21.98,NASA POWER
5,2020-04-01,86.9,8.74,27.1,17.92,24.14,NASA POWER
5,2020-05-01,148.6,10.55,30.16,20.36,16.51,NASA POWER
5,2020-06-01,653.9,10.46,30.78,20.62,16.87,NASA POWER
5,2020-07-01,528.4,14.26,32.92,23.59,22.17,NASA POWER
5,2020-08-01,655.6,14.87,33.41,24.14,23.12,NASA POWER
5,2020-09-01,551.6,10.51,29.19,19.85,11.42,NASA POWER
5,2020-10-01,139.2,4.06,22.07,13.06,17.23,NASA POWER
5,2020-11-01,151.4,3.86,20.66,12.26,19.22,NASA POWER
5,2020-12-01,123.6,3.84,23.5,13.67,12.35,NASA POWER
5,2021-01-01,209.1,9.09,30.41,19.75,21.9,NASA POWER
5,2021-02-01,191.1,9.7,30.05,19.88,22.8,NASA POWER
5,2021-03-01,98.9,11.18,32.72,21.95,24.01,NASA POWER
5,2021-04-01,80.3,10.75,29.46,20.11,13.19,NASA POWER
5,2021-05-01,143.3,9.37,28.09,18.73,22.73,NASA POWER
5,2021-06-01,474.9,12.83,33.87,23.35,22.51,NASA POWER
5,2021-07-01,614.2,13.59,33.69,23.64,17.1,NASA POWER
5,2021-08-01,590.3,12.08,29.73,20.91,19.85,NASA POWER
5,2021-09-01,449.0,10.06,31.49,20.77,22.17,NASA POWER
5,2021-10-01,79.6,5.75,23.88,14.81,15.49,NASA POWER
5,2021-11-01,185.5,0.93,21.82,11.38,12.76,NASA POWER
5,2021-12-01,94.0,0.02,19.92,9.97,19.78,NASA POWER
5,2022-01-01,196.0,12.08,31.33,21.7,12.18,NASA POWER
5,2022-02-01,103.9,8.92,28.85,18.89,11.79,NASA POWER
5,2022-03-01,136.9,11.01,30.4,20.7,16.77,NASA POWER
5,2022-04-01,161.1,10.42,28.07,19.25,22.64,NASA POWER
5,2022-05-01,104.0,9.98,27.39,18.69,11.86,NASA POWER
5,2022-06-01,566.3,13.51,32.53,23.02,19.94,NASA POWER
5,2022-07-01,582.6,10.54,30.27,20.41,17.79,NASA POWER
5,2022-08-01,565.4,11.11,30.1,20.61,14.04,NASA POWER
5,2022-09-01,588.8,15.05,33.65,24.35,11.03,NASA POWER
5,2022-10-01,71.7,6.9,26.38,16.64,14.36,NASA POWER
5,2022-11-01,135.7,4.97,23.64,14.3,21.42,NASA POWER
5,2022-12-01,167.3,-0.7,19.33,9.31,23.78,NASA POWER
5,2023-01-01,187.6,13.26,32.66,22.96,14.73,NASA POWER
5,2023-02-01,83.6,13.03,31.48,22.25,20.53,NASA POWER
5,2023-03-01,98.7,10.3,28.15,19.23,12.98,NASA POWER
5,2023-04-01,85.2,7.85,27.69,17.77,16.1,NASA POWER
5,2023-05-01,162.5,9.58,29.38,19.48,15.29,NASA POWER
5,2023-06-01,518.1,11.95,32.41,22.18,24.16,NASA POWER
5,2023-07-01,554.5,14.1,32.42,23.26,18.74,NASA POWER
5,2023-08-01,524.0,12.71,33.68,23.2,18.72,NASA POWER
5,2023-09-01,655.3,15.24,32.85,24.05,12.34,NASA POWER
5,2023-10-01,171.1,4.24,24.89,14.57,23.33,NASA POWER
5,2023-11-01,115.6,3.04,21.5,12.27,13.95,NASA POWER
5,2023-12-01,126.3,1.24,20.5,10.87,19.77,NASA POWER
5,2024-01-01,140.0,13.87,31.39,22.63,22.06,NASA POWER
5,2024-02-01,70.9,11.59,28.48,20.04,19.07,NASA POWER
5,2024-03-01,144.3,9.33,30.17,19.75,20.93,NASA POWER
5,2024-04-01,111.9,10.69,29.42,20.05,21.02,NASA POWER
5,2024-05-01,96.9,12.72,31.67,22.2,17.06,NASA POWER
5,2024-06-01,656.5,14.82,33.68,24.25,11.81,NASA POWER
5,2024-07-01,661.5,12.25,30.41,21.33,21.19,NASA POWER
5,2024-08-01,508.8,14.86,34.65,24.75,16.17,NASA POWER
5,2024-09-01,583.2,15.1,34.9,25.0,11.0,NASA POWER
5,2024-10-01,84.3,2.26,23.18,12.72,23.54,NASA POWER
5,2024-11-01,191.4,4.88,25.14,15.01,21.57,NASA POWER
5,2024-12-01,75.7,3.45,21.22,12.33,23.24,NASA POWER
6,2014-01-01,167.2,14.09,32.83,23.46,16.44,NASA POWER
6,2014-02-01,100.4,14.09,32.33,23.21,18.82,NASA POWER
6,2014-03-01,144.1,11.06,31.52,21.29,12.97,NASA POWER
6,2014-04-01,200.6,7.36,25.69,16.53,19.23,NASA POWER
6,2014-05-01,119.4,8.24,25.48,16.86,17.9,NASA POWER
6,2014-06-01,473.1,13.49,29.97,21.73,15.58,NASA POWER
6,2014-07-01,534.6,12.21,31.62,21.91,23.69,NASA POWER
6,2014-08-01,612.2,15.53,33.28,24.41,15.96,NASA POWER
6,2014-09-01,530.6,14.98,34.3,24.64,20.38,NASA POWER
6,2014-10-01,171.7,6.98,26.18,16.58,23.01,NASA POWER
6,2014-11-01,190.5,1.72,19.3,10.51,12.14,NASA POWER
6,2014-12-01,205.9,3.46,20.58,12.02,18.74,NASA POWER
6,2015-01-01,204.2,9.27,29.12,19.2,20.93,NASA POWER
6,2015-02-01,138.1,7.7,29.36,18.53,12.95,NASA POWER
6,2015-03-01,106.1,8.85,29.23,19.04,17.82,NASA POWER
6,2015-04-01,141.9,7.43,27.12,17.27,21.31,NASA POWER
6,2015-05-01,85.4,6.43,26.48,16.45,23.68,NASA POWER
6,2015-06-01,638.5,12.19,33.06,22.62,11.6,NASA POWER
6,2015-07-01,496.0,12.58,31.8,22.19,19.93,NASA POWER
6,2015-08-01,512.9,14.65,32.41,23.53,13.8,NASA POWER
6,2015-09-01,531.7,13.78,31.93,22.86,13.57,NASA POWER
6,2015-10-01,182.7,3.03,20.41,11.72,12.4,NASA POWER
6,2015-11-01,72.3,4.72,23.85,14.29,11.6,NASA POWER
6,2015-12-01,88.1,6.33,24.83,15.58,15.56,NASA POWER
6,2016-01-01,99.1,13.8,32.12,22.96,13.53,NASA POWER
6,2016-02-01,165.5,10.35,27.55,18.95,22.1,NASA POWER
6,2016-03-01,77.1,6.76,26.84,16.8,19.15,NASA POWER
6,2016-04-01,94.7,9.66,28.69,19.18,12.44,NASA POWER
6,2016-05-01,178.6,7.31,28.14,17.73,11.35,NASA POWER
6,2016-06-01,450.3,16.63,34.7,25.66,22.96,NASA POWER
6,2016-07-01,603.8,12.56,28.92,20.74,12.85,NASA POWER
6,2016-08-01,587.1,14.85,34.13,24.49,16.02,NASA POWER
6,2016-09-01,577.1,14.01,34.09,24.05,19.32,NASA POWER
6,2016-10-01,119.2,1.33,21.08,11.2,15.76,NASA POWER
6,2016-11-01,177.8,3.16,24.84,14.0,20.65,NASA POWER
6,2016-12-01,119.4,4.29,21.03,12.66,19.83,NASA POWER
6,2017-01-01,114.5,11.29,28.74,20.02,11.5,NASA POWER
6,2017-02-01,188.0,12.42,31.25,21.84,15.39,NASA POWER
6,2017-03-01,153.0,6.84,26.91,16.88,13.51,NASA POWER
6,2017-04-01,111.0,10.92,31.06,20.99,19.26,NASA POWER
6,2017-05-01,199.0,7.54,26.97,17.25,14.25,NASA POWER
6,2017-06-01,567.9,15.82,33.59,24.71,20.59,NASA POWER
6,2017-07-01,644.9,13.18,30.38,21.78,19.56,NASA POWER
6,2017-08-01,530.8,15.1,33.09,24.1,16.41,NASA POWER
6,2017-09-01,461.2,15.24,34.0,24.62,18.85,NASA POWER
6,2017-10-01,118.2,6.09,27.01,16.55,22.55,NASA POWER
6,2017-11-01,209.9,6.03,23.88,14.96,15.8,NASA POWER
6,2017-12-01,183.1,4.66,22.92,13.79,22.81,NASA POWER
6,2018-01-01,209.1,10.79,30.41,20.6,21.44,NASA POWER
6,2018-02-01,175.4,8.96,30.11,19.54,19.21,NASA POWER
6,2018-03-01,172.2,9.64,29.22,19.43,12.57,NASA POWER
6,2018-04-01,80.9,10.0,29.98,19.99,17.15,NASA POWER
6,2018-05-01,164.8,10.1,28.94,19.52,22.21,NASA POWER
6,2018-06-01,546.1,11.92,29.95,20.93,16.67,NASA POWER
6,2018-07-01,516.5,11.92,32.9,22.41,11.89,NASA POWER
6,2018-08-01,553.9,13.24,32.52,22.88,22.19,NASA POWER
6,2018-09-01,586.2,10.64,30.98,20.81,18.48,NASA POWER
6,2018-10-01,201.4,2.8,21.99,12.39,15.34,NASA POWER
6,2018-11-01,139.2,6.37,25.89,16.13,13.04,NASA POWER
6,2018-12-01,140.3,0.63,20.59,10.61,24.19,NASA POWER
6,2019-01-01,168.9,11.05,30.68,20.87,20.41,NASA POWER
6,2019-02-01,181.2,9.13,27.28,18.21,19.43,NASA POWER
6,2019-03-01,167.1,8.75,29.11,18.93,14.04,NASA POWER
6,2019-04-01,96.8,11.27,28.73,20.0,18.11,NASA POWER
6,2019-05-01,82.9,10.95,29.81,20.38,21.39,NASA POWER
6,2019-06-01,555.7,11.86,31.55,21.7,13.72,NASA POWER
6,2019-07-01,462.9,10.26,30.84,20.55,20.08,NASA POWER
6,2019-08-01,655.6,13.67,32.65,23.16,20.27,NASA POWER
6,2019-09-01,667.6,16.68,35.71,26.2,21.74,NASA POWER
6,2019-10-01,135.9,6.64,24.6,15.62,11.73,NASA POWER
6,2019-11-01,128.6,4.21,20.63,12.42,12.66,NASA POWER
6,2019-12-01,168.0,1.34,19.54,10.44,11.89,NASA POWER
6,2020-01-01,177.5,10.66,29.11,19.88,11.67,NASA POWER
6,2020-02-01,121.3,11.39,30.04,20.71,20.5,NASA POWER
6,2020-03-01,181.1,9.03,29.04,19.04,18.67,NASA POWER
6,2020-04-01,175.4,7.99,27.74,17.86,13.35,NASA POWER
6,2020-05-01,201.7,7.53,26.61,17.07,15.16,NASA POWER
6,2020-06-01,510.4,12.17,31.87,22.02,14.07,NASA POWER
6,2020-07-01,596.7,12.3,31.26,21.78,16.14,NASA POWER
6,2020-08-01,541.3,14.41,33.28,23.84,16.06,NASA POWER
6,2020-09-01,557.0,12.99,33.51,23.25,13.82,NASA POWER
6,2020-10-01,203.1,4.5,22.02,13.26,20.64,NASA POWER
6,2020-11-01,186.3,4.83,24.46,14.64,16.5,NASA POWER
6,2020-12-01,130.0,5.22,24.14,14.68,22.3,NASA POWER
6,2021-01-01,183.8,12.56,31.64,22.1,19.81,NASA POWER
6,2021-02-01,79.6,13.55,33.81,23.68,12.68,NASA POWER
6,2021-03-01,111.1,11.32,31.06,21.19,15.48,NASA POWER
6,2021-04-01,196.4,7.65,28.29,17.97,22.83,NASA POWER
6,2021-05-01,114.9,11.13,27.76,19.45,13.85,NASA POWER
6,2021-06-01,601.5,12.91,33.81,23.36,23.64,NASA POWER
6,2021-07-01,550.8,13.05,31.2,22.12,11.53,NASA POWER
6,2021-08-01,517.3,9.29,30.57,19.93,21.16,NASA POWER
6,2021-09-01,489.0,10.94,31.7,21.32,21.4,NASA POWER
6,2021-10-01,107.5,6.02,26.02,16.02,21.87,NASA POWER
6,2021-11-01,121.5,3.83,21.54,12.68,18.31,NASA POWER
6,2021-12-01,120.6,3.65,23.0,13.32,17.61,NASA POWER
6,2022-01-01,157.1,13.16,31.38,22.27,22.81,NASA POWER
6,2022-02-01,199.6,8.66,29.01,18.84,18.29,NASA POWER
6,2022-03-01,206.6,10.8,31.55,21.18,23.28,NASA POWER
6,2022-04-01,165.9,10.31,27.13,18.72,22.16,NASA POWER
6,2022-05-01,112.6,10.74,27.9,19.32,13.88,NASA POWER
6,2022-06-01,620.6,11.78,30.63,21.2,15.36,NASA POWER
6,2022-07-01,492.7,14.98,33.78,24.38,14.24,NASA POWER
6,2022-08-01,619.0,15.75,35.41,25.58,17.92,NASA POWER
6,2022-09-01,449.3,13.09,30.56,21.82,21.22,NASA POWER
6,2022-10-01,178.4,6.16,26.27,16.21,16.2,NASA POWER
6,2022-11-01,72.4,5.64,24.74,15.19,22.44,NASA POWER
6,2022-12-01,163.9,2.21,21.99,12.1,20.09,NASA POWER
6,2023-01-01,99.8,13.39,32.24,22.82,23.46,NASA POWER
6,2023-02-01,81.4,9.92,29.33,19.62,22.44,NASA POWER
6,2023-03-01,194.7,11.26,29.85,20.55,17.89,NASA POWER
6,2023-04-01,194.3,10.37,31.3,20.84,13.34,NASA POWER
6,2023-05-01,159.6,9.65,29.27,19.46,19.14,NASA POWER
6,2023-06-01,644.5,11.19,30.5,20.84,22.99,NASA POWER
6,2023-07-01,626.2,14.9,32.79,23.84,11.75,NASA POWER
6,2023-08-01,595.9,10.82,31.03,20.93,11.62,NASA POWER
6,2023-09-01,588.7,14.1,33.26,23.68,18.86,NASA POWER
6,2023-10-01,150.7,8.63,27.63,18.13,17.52,NASA POWER
6,2023-11-01,154.6,6.71,24.9,15.8,15.08,NASA POWER
6,2023-12-01,104.2,2.84,20.14,11.49,19.82,NASA POWER
6,2024-01-01,171.2,10.1,29.18,19.64,12.17,NASA POWER
6,2024-02-01,99.7,12.35,30.91,21.63,21.33,NASA POWER
6,2024-03-01,145.7,7.74,28.46,18.1,20.79,NASA POWER
6,2024-04-01,97.2,6.89,27.05,16.97,12.21,NASA POWER
6,2024-05-01,178.8,10.67,29.31,19.99,16.1,NASA POWER
6,2024-06-01,578.2,13.05,32.22,22.63,13.4,NASA POWER
6,2024-07-01,552.8,12.94,30.8,21.87,13.58,NASA POWER
6,2024-08-01,643.6,15.22,32.83,24.02,11.53,NASA POWER
6,2024-09-01,535.0,15.55,32.67,24.11,20.74,NASA POWER
6,2024-10-01,143.8,6.09,23.91,15.0,24.17,NASA POWER
6,2024-11-01,87.9,2.15,21.87,12.01,15.8,NASA POWER
6,2024-12-01,203.4,1.39,22.08,11.73,11.66,NASA POWER
7,2014-01-01,103.2,7.69,29.11,18.4,10.47,NASA POWER
7,2014-02-01,206.4,8.94,28.29,18.61,12.95,NASA POWER
7,2014-03-01,83.0,5.39,25.65,15.52,15.72,NASA POWER
7,2014-04-01,91.2,3.57,23.59,13.58,12.85,NASA POWER
7,2014-05-01,147.7,3.38,21.81,12.59,17.67,NASA POWER
7,2014-06-01,624.6,6.7,25.94,16.32,17.09,NASA POWER
7,2014-07-01,558.8,6.52,26.14,16.33,15.33,NASA POWER
7,2014-08-01,699.5,11.3,28.26,19.78,12.32,NASA POWER
7,2014-09-01,672.0,6.16,27.5,16.83,19.46,NASA POWER
7,2014-10-01,215.1,-0.4,17.97,8.79,17.44,NASA POWER
7,2014-11-01,81.3,0.82,20.31,10.56,14.36,NASA POWER
7,2014-12-01,152.2,-2.11,18.99,8.44,12.23,NASA POWER
7,2015-01-01,187.9,8.13,26.22,17.18,13.48,NASA POWER
7,2015-02-01,90.3,7.94,27.09,17.52,19.28,NASA POWER
7,2015-03-01,223.7,4.62,23.35,13.99,18.11,NASA POWER
7,2015-04-01,141.3,4.49,24.27,14.38,16.22,NASA POWER
7,2015-05-01,122.8,2.97,23.54,13.25,10.66,NASA POWER
7,2015-06-01,704.8,9.64,30.1,19.87,14.68,NASA POWER
7,2015-07-01,602.3,7.56,26.99,17.27,12.51,NASA POWER
7,2015-08-01,614.8,7.6,28.14,17.87,13.41,NASA POWER
7,2015-09-01,598.0,8.44,25.79,17.11,16.19,NASA POWER
7,2015-10-01,151.3,1.57,20.62,11.1,14.51,NASA POWER
7,2015-11-01,189.3,-2.42,17.83,7.7,17.44,NASA POWER
7,2015-12-01,191.9,1.07,19.54,10.3,15.75,NASA POWER
7,2016-01-01,223.2,7.06,25.5,16.28,17.49,NASA POWER
7,2016-02-01,197.9,4.93,24.83,14.88,12.76,NASA POWER
7,2016-03-01,201.2,6.84,27.53,17.19,12.28,NASA POWER
7,2016-04-01,134.6,5.87,25.42,15.65,16.53,NASA POWER
7,2016-05-01,137.2,4.12,23.72,13.92,16.28,NASA POWER
7,2016-06-01,515.0,12.26,29.38,20.82,10.3,NASA POWER
7,2016-07-01,517.3,12.0,30.83,21.41,14.1,NASA POWER
7,2016-08-01,724.3,9.05,27.63,18.34,13.33,NASA POWER
7,2016-09-01,748.0,5.64,25.61,15.62,19.5,NASA POWER
7,2016-10-01,177.5,0.6,18.61,9.61,13.89,NASA POWER
7,2016-11-01,83.3,-1.05,18.1,8.53,14.28,NASA POWER
7,2016-12-01,188.5,-0.22,18.99,9.38,14.97,NASA POWER
7,2017-01-01,93.5,5.28,25.1,15.19,11.76,NASA POWER
7,2017-02-01,82.2,9.38,29.53,19.46,10.03,NASA POWER
7,2017-03-01,214.9,6.72,24.97,15.84,17.04,NASA POWER
7,2017-04-01,193.8,2.82,23.96,13.39,12.96,NASA POWER
7,2017-05-01,97.0,7.1,24.57,15.84,19.73,NASA POWER
7,2017-06-01,702.7,7.84,28.91,18.38,14.51,NASA POWER
7,2017-07-01,592.0,8.3,29.27,18.79,19.13,NASA POWER
7,2017-08-01,578.0,8.68,29.61,19.14,13.73,NASA POWER
7,2017-09-01,636.0,8.77,27.46,18.12,14.24,NASA POWER
7,2017-10-01,109.4,1.05,17.75,9.4,18.74,NASA POWER
7,2017-11-01,217.5,-1.59,18.09,8.25,12.97,NASA POWER
7,2017-12-01,122.6,-4.11,15.24,5.56,14.31,NASA POWER
7,2018-01-01,94.2,10.11,27.21,18.66,13.09,NASA POWER
7,2018-02-01,223.2,5.84,24.77,15.3,9.5,NASA POWER
7,2018-03-01,90.1,4.61,24.76,14.69,17.58,NASA POWER
7,2018-04-01,209.0,4.31,23.62,13.96,19.41,NASA POWER
7,2018-05-01,91.3,3.27,20.54,11.9,16.74,NASA POWER
7,2018-06-01,609.5,12.21,30.42,21.32,14.28,NASA POWER
7,2018-07-01,615.3,11.0,30.31,20.66,18.39,NASA POWER
7,2018-08-01,721.4,9.18,28.02,18.6,18.94,NASA POWER
7,2018-09-01,523.2,11.01,27.84,19.43,16.1,NASA POWER
7,2018-10-01,128.4,0.56,20.44,10.5,19.58,NASA POWER
7,2018-11-01,156.3,1.54,20.4,10.97,14.88,NASA POWER
7,2018-12-01,214.5,-2.0,16.68,7.34,18.39,NASA POWER
7,2019-01-01,231.2,11.18,29.94,20.56,15.47,NASA POWER
7,2019-02-01,155.0,8.16,26.89,17.52,9.04,NASA POWER
7,2019-03-01,126.8,5.35,23.51,14.43,11.63,NASA POWER
7,2019-04-01,203.3,6.29,25.67,15.98,14.51,NASA POWER
7,2019-05-01,196.1,5.93,26.21,16.07,17.49,NASA POWER
7,2019-06-01,543.5,11.25,30.46,20.86,17.87,NASA POWER
7,2019-07-01,655.4,8.33,26.35,17.34,18.72,NASA POWER
7,2019-08-01,761.6,8.32,26.41,17.37,9.16,NASA POWER
7,2019-09-01,752.8,9.95,29.04,19.49,12.58,NASA POWER
7,2019-10-01,122.4,-0.26,19.19,9.46,16.69,NASA POWER
7,2019-11-01,168.4,-2.19,19.12,8.46,11.35,NASA POWER
7,2019-12-01,210.2,-1.39,19.74,9.17,17.66,NASA POWER
7,2020-01-01,121.0,6.6,26.11,16.36,13.45,NASA POWER
7,2020-02-01,112.6,8.29,26.14,17.21,18.12,NASA POWER
7,2020-03-01,114.0,9.35,27.52,18.43,16.14,NASA POWER
7,2020-04-01,181.2,7.43,27.79,17.61,15.81,NASA POWER
7,2020-05-01,118.6,6.15,23.46,14.8,12.29,NASA POWER
7,2020-06-01,536.3,8.18,26.67,17.43,9.72,NASA POWER
7,2020-07-01,602.7,7.07,25.66,16.37,10.8,NASA POWER
7,2020-08-01,717.3,10.46,29.02,19.74,13.02,NASA POWER
7,2020-09-01,766.8,6.55,25.87,16.21,16.26,NASA POWER
7,2020-10-01,179.9,4.02,22.34,13.18,15.0,NASA POWER
7,2020-11-01,193.0,0.52,19.38,9.95,13.23,NASA POWER
7,2020-12-01,159.4,-1.7,16.93,7.62,16.51,NASA POWER
7,2021-01-01,104.1,8.74,25.21,16.98,10.01,NASA POWER
7,2021-02-01,166.0,8.38,27.22,17.8,18.6,NASA POWER
7,2021-03-01,116.7,7.32,29.02,18.17,15.47,NASA POWER
7,2021-04-01,88.3,7.24,25.45,16.34,18.27,NASA POWER
7,2021-05-01,222.6,2.06,23.18,12.62,19.74,NASA POWER
7,2021-06-01,606.4,6.8,27.68,17.24,14.32,NASA POWER
7,2021-07-01,695.5,9.93,29.71,19.82,12.69,NASA POWER
7,2021-08-01,660.9,9.09,26.09,17.59,9.94,NASA POWER
7,2021-09-01,638.8,10.81,29.52,20.16,16.46,NASA POWER
7,2021-10-01,201.1,0.41,17.8,9.11,11.08,NASA POWER
7,2021-11-01,165.6,0.99,17.35,9.17,10.54,NASA POWER
7,2021-12-01,145.5,-0.51,18.8,9.14,10.62,NASA POWER
7,2022-01-01,142.0,5.14,25.55,15.35,10.4,NASA POWER
7,2022-02-01,227.6,10.47,28.32,19.39,13.11,NASA POWER
7,2022-03-01,230.3,9.56,26.63,18.09,16.15,NASA POWER
7,2022-04-01,87.7,5.62,25.88,15.75,11.03,NASA POWER
7,2022-05-01,233.9,3.37,21.59,12.48,13.93,NASA POWER
7,2022-06-01,701.7,9.46,28.35,18.91,10.52,NASA POWER
7,2022-07-01,602.1,9.19,27.57,18.38,15.39,NASA POWER
7,2022-08-01,557.7,11.3,28.87,20.09,9.78,NASA POWER
7,2022-09-01,675.6,7.64,28.81,18.22,9.16,NASA POWER
7,2022-10-01,193.2,-0.51,18.32,8.9,13.52,NASA POWER
7,2022-11-01,130.5,-1.19,16.18,7.5,17.51,NASA POWER
7,2022-12-01,150.3,-2.85,16.98,7.07,15.89,NASA POWER
7,2023-01-01,197.3,9.71,27.42,18.57,16.9,NASA POWER
7,2023-02-01,129.1,8.51,26.41,17.46,15.6,NASA POWER
7,2023-03-01,148.7,6.14,25.41,15.78,13.85,NASA POWER
7,2023-04-01,189.8,5.38,26.22,15.8,14.41,NASA POWER
7,2023-05-01,180.2,4.6,23.0,13.8,15.02,NASA POWER
7,2023-06-01,663.9,11.8,29.1,20.45,19.06,NASA POWER
7,2023-07-01,714.8,5.88,26.95,16.41,19.65,NASA POWER
7,2023-08-01,579.1,11.09,29.16,20.12,16.47,NASA POWER
7,2023-09-01,595.4,5.35,26.79,16.07,16.62,NASA POWER
7,2023-10-01,181.1,-0.33,19.34,9.51,11.99,NASA POWER
7,2023-11-01,199.2,2.36,20.16,11.26,11.25,NASA POWER
7,2023-12-01,152.2,-0.24,18.32,9.04,17.56,NASA POWER
7,2024-01-01,218.5,5.4,25.62,15.51,17.05,NASA POWER
7,2024-02-01,155.2,5.77,23.45,14.61,9.77,NASA POWER
7,2024-03-01,225.2,6.45,27.02,16.73,15.73,NASA POWER
7,2024-04-01,220.9,5.36,24.6,14.98,11.5,NASA POWER
7,2024-05-01,205.8,6.44,24.24,15.34,13.68,NASA POWER
7,2024-06-01,671.6,10.66,27.4,19.03,19.43,NASA POWER
7,2024-07-01,592.9,11.89,31.13,21.51,11.83,NASA POWER
7,2024-08-01,688.2,10.72,31.0,20.86,18.57,NASA POWER
7,2024-09-01,718.7,6.71,25.62,16.16,12.91,NASA POWER
7,2024-10-01,137.3,-0.48,16.93,8.22,13.49,NASA POWER
7,2024-11-01,187.7,0.8,19.71,10.26,15.0,NASA POWER
7,2024-12-01,118.3,-4.07,16.51,6.22,13.32,NASA POWER
8,2014-01-01,111.9,-2.68,17.37,7.35,13.09,NASA POWER
8,2014-02-01,45.1,-2.64,16.0,6.68,17.27,NASA POWER
8,2014-03-01,71.9,-2.86,16.22,6.68,19.72,NASA POWER
8,2014-04-01,59.0,-4.98,13.77,4.39,20.34,NASA POWER
8,2014-05-01,79.8,-7.16,12.81,2.83,13.48,NASA POWER
8,2014-06-01,335.6,-2.4,19.27,8.44,17.39,NASA POWER
8,2014-07-01,378.7,-2.61,16.36,6.88,18.27,NASA POWER
8,2014-08-01,368.4,-0.88,18.95,9.04,11.16,NASA POWER
8,2014-09-01,349.0,-0.07,19.07,9.5,11.94,NASA POWER
8,2014-10-01,59.0,-8.65,9.0,0.17,13.37,NASA POWER
8,2014-11-01,99.4,-9.37,8.68,-0.34,15.91,NASA POWER
8,2014-12-01,115.3,-12.4,7.53,-2.44,11.51,NASA POWER
8,2015-01-01,84.3,-0.27,19.35,9.54,18.51,NASA POWER
8,2015-02-01,42.1,-2.43,16.91,7.24,15.67,NASA POWER
8,2015-03-01,100.0,-1.64,16.56,7.46,16.83,NASA POWER
8,2015-04-01,89.3,-4.51,13.97,4.73,15.01,NASA POWER
8,2015-05-01,94.6,-4.61,16.12,5.76,13.92,NASA POWER
8,2015-06-01,270.8,-0.91,20.05,9.57,13.31,NASA POWER
8,2015-07-01,282.9,-1.24,18.53,8.65,14.62,NASA POWER
8,2015-08-01,356.0,-1.74,18.36,8.31,13.56,NASA POWER
8,2015-09-01,308.4,-3.07,15.64,6.29,17.99,NASA POWER
8,2015-10-01,93.2,-9.95,9.43,-0.26,16.49,NASA POWER
8,2015-11-01,69.2,-8.49,10.88,1.2,14.98,NASA POWER
8,2015-12-01,77.5,-9.45,8.9,-0.27,20.57,NASA POWER
8,2016-01-01,68.8,-1.2,20.35,9.58,20.99,NASA POWER
8,2016-02-01,106.5,-5.72,13.34,3.81,13.37,NASA POWER
8,2016-03-01,94.5,-4.87,13.47,4.3,13.41,NASA POWER
8,2016-04-01,42.5,-3.68,15.64,5.98,12.05,NASA POWER
8,2016-05-01,106.0,-2.23,15.14,6.46,15.7,NASA POWER
8,2016-06-01,286.3,-2.25,15.69,6.72,21.87,NASA POWER
8,2016-07-01,363.9,-2.34,17.92,7.79,16.63,NASA POWER
8,2016-08-01,279.5,-0.3,19.9,9.8,17.18,NASA POWER
8,2016-09-01,360.8,-1.46,17.04,7.79,18.05,NASA POWER
8,2016-10-01,78.5,-6.25,10.27,2.01,21.46,NASA POWER
8,2016-11-01,89.3,-11.66,5.81,-2.93,11.72,NASA POWER
8,2016-12-01,98.9,-9.47,8.06,-0.71,10.48,NASA POWER
8,2017-01-01,71.1,-0.97,17.31,8.17,17.02,NASA POWER
8,2017-02-01,64.7,0.4,18.28,9.34,14.33,NASA POWER
8,2017-03-01,72.7,-3.0,15.54,6.27,21.67,NASA POWER
8,2017-04-01,115.7,-5.6,13.35,3.88,14.92,NASA POWER
8,2017-05-01,90.3,-8.63,12.47,1.92,11.52,NASA POWER
8,2017-06-01,291.3,-2.17,19.18,8.5,20.9,NASA POWER
8,2017-07-01,358.5,-3.85,15.04,5.59,17.37,NASA POWER
8,2017-08-01,283.0,-1.56,18.57,8.51,17.19,NASA POWER
8,2017-09-01,361.1,0.51,18.19,9.35,10.46,NASA POWER
8,2017-10-01,64.7,-10.35,8.3,-1.02,20.92,NASA POWER
8,2017-11-01,64.3,-8.53,12.48,1.98,12.08,NASA POWER
8,2017-12-01,65.6,-11.17,6.39,-2.39,11.28,NASA POWER
8,2018-01-01,53.2,-0.77,18.12,8.68,14.4,NASA POWER
8,2018-02-01,93.5,-4.79,13.49,4.35,16.54,NASA POWER
8,2018-03-01,58.1,-4.38,15.28,5.45,19.09,NASA POWER
8,2018-04-01,111.5,-2.84,14.55,5.86,17.93,NASA POWER
8,2018-05-01,97.1,-4.18,16.01,5.92,14.3,NASA POWER
8,2018-06-01,304.0,-2.98,15.56,6.29,21.13,NASA POWER
8,2018-07-01,315.9,-1.53,18.82,8.64,10.78,NASA POWER
8,2018-08-01,260.8,-2.81,18.15,7.67,18.12,NASA POWER
8,2018-09-01,301.2,-2.19,14.32,6.07,16.29,NASA POWER
8,2018-10-01,88.6,-10.06,7.81,-1.13,19.01,NASA POWER
8,2018-11-01,83.5,-11.95,6.66,-2.64,18.49,NASA POWER
8,2018-12-01,67.6,-8.93,9.24,0.16,11.47,NASA POWER
8,2019-01-01,67.9,-2.52,17.03,7.26,15.26,NASA POWER
8,2019-02-01,101.0,-2.87,17.19,7.16,19.65,NASA POWER
8,2019-03-01,115.0,-4.09,15.4,5.66,11.68,NASA POWER
8,2019-04-01,89.0,-5.01,15.58,5.29,14.57,NASA POWER
8,2019-05-01,85.1,-5.35,15.41,5.03,12.25,NASA POWER
8,2019-06-01,365.5,-1.16,16.25,7.54,16.9,NASA POWER
8,2019-07-01,365.0,-0.83,18.6,8.89,15.97,NASA POWER
8,2019-08-01,337.4,-1.13,19.93,9.4,11.91,NASA POWER
8,2019-09-01,291.4,-0.84,19.67,9.42,20.18,NASA POWER
8,2019-10-01,79.9,-8.73,10.88,1.08,17.28,NASA POWER
8,2019-11-01,104.3,-11.31,6.72,-2.3,19.92,NASA POWER
8,2019-12-01,88.6,-10.64,9.36,-0.64,14.34,NASA POWER
8,2020-01-01,93.9,-0.91,18.11,8.6,14.33,NASA POWER
8,2020-02-01,65.4,-2.59,16.68,7.04,19.76,NASA POWER
8,2020-03-01,67.6,-5.74,14.56,4.41,20.94,NASA POWER
8,2020-04-01,115.0,-3.67,13.48,4.91,14.88,NASA POWER
8,2020-05-01,97.7,-3.22,15.21,6.0,11.93,NASA POWER
8,2020-06-01,302.7,1.42,19.21,10.32,16.2,NASA POWER
8,2020-07-01,283.9,-0.45,17.09,8.32,14.03,NASA POWER
8,2020-08-01,256.5,-2.02,17.41,7.7,20.68,NASA POWER
8,2020-09-01,373.3,-2.27,16.63,7.18,16.98,NASA POWER
8,2020-10-01,91.3,-11.15,8.48,-1.33,11.34,NASA POWER
8,2020-11-01,45.7,-11.15,7.99,-1.58,19.98,NASA POWER
8,2020-12-01,99.5,-7.22,10.51,1.65,12.58,NASA POWER
8,2021-01-01,115.9,-2.1,17.91,7.91,13.91,NASA POWER
8,2021-02-01,76.3,-1.35,18.0,8.32,13.13,NASA POWER
8,2021-03-01,113.5,-5.19,16.01,5.41,12.37,NASA POWER
8,2021-04-01,67.4,-3.77,16.36,6.29,20.48,NASA POWER
8,2021-05-01,108.5,-4.61,15.53,5.46,14.93,NASA POWER
8,2021-06-01,349.1,-0.13,18.48,9.18,11.69,NASA POWER
8,2021-07-01,292.3,-0.44,18.47,9.01,20.51,NASA POWER
8,2021-08-01,378.0,-2.43,15.98,6.78,13.75,NASA POWER
8,2021-09-01,307.3,-0.54,18.11,8.79,21.73,NASA POWER
8,2021-10-01,96.1,-7.15,13.08,2.96,20.33,NASA POWER
8,2021-11-01,59.8,-7.89,11.26,1.69,13.77,NASA POWER
8,2021-12-01,44.7,-9.38,11.16,0.89,14.09,NASA POWER
8,2022-01-01,100.7,-0.16,19.52,9.68,21.63,NASA POWER
8,2022-02-01,53.0,0.39,18.82,9.61,10.43,NASA POWER
8,2022-03-01,61.5,-4.85,16.23,5.69,19.49,NASA POWER
8,2022-04-01,119.8,-3.07,17.39,7.16,11.18,NASA POWER
8,2022-05-01,92.7,-4.36,17.18,6.41,16.07,NASA POWER
8,2022-06-01,256.6,-2.79,15.58,6.39,21.68,NASA POWER
8,2022-07-01,340.5,-3.34,17.0,6.83,19.51,NASA POWER
8,2022-08-01,376.3,1.38,21.13,11.25,15.75,NASA POWER
8,2022-09-01,337.0,-2.49,15.29,6.4,18.97,NASA POWER
8,2022-10-01,44.1,-9.44,11.05,0.81,21.29,NASA POWER
8,2022-11-01,55.3,-7.49,9.49,1.0,14.27,NASA POWER
8,2022-12-01,48.7,-11.97,7.29,-2.34,17.54,NASA POWER
8,2023-01-01,55.6,-2.34,17.5,7.58,21.9,NASA POWER
8,2023-02-01,116.4,-1.46,18.22,8.38,19.64,NASA POWER
8,2023-03-01,97.0,-2.5,18.16,7.83,14.14,NASA POWER
8,2023-04-01,89.3,-3.91,13.21,4.65,14.03,NASA POWER
8,2023-05-01,46.3,-5.18,12.87,3.84,18.25,NASA POWER
8,2023-06-01,308.2,0.06,18.6,9.33,17.0,NASA POWER
8,2023-07-01,278.4,-3.1,17.38,7.14,11.33,NASA POWER
8,2023-08-01,355.5,-0.41,18.38,8.98,10.79,NASA POWER
8,2023-09-01,257.1,-0.56,18.9,9.17,18.08,NASA POWER
8,2023-10-01,52.7,-10.14,10.13,-0.0,19.97,NASA POWER
8,2023-11-01,91.6,-9.31,8.79,-0.26,10.28,NASA POWER
8,2023-12-01,63.9,-8.79,10.27,0.74,13.46,NASA POWER
8,2024-01-01,85.5,0.05,18.75,9.4,14.68,NASA POWER
8,2024-02-01,43.6,-3.42,16.37,6.48,20.84,NASA POWER
8,2024-03-01,41.0,-6.8,12.94,3.07,20.32,NASA POWER
8,2024-04-01,80.3,-3.6,13.89,5.15,21.5,NASA POWER
8,2024-05-01,42.8,-6.79,12.75,2.98,12.09,NASA POWER
8,2024-06-01,292.9,-1.49,17.1,7.81,19.58,NASA POWER
8,2024-07-01,377.5,-0.98,17.69,8.36,18.63,NASA POWER
8,2024-08-01,259.2,-1.58,18.19,8.3,20.64,NASA POWER
8,2024-09-01,273.2,-0.74,17.29,8.28,11.13,NASA POWER
8,2024-10-01,69.6,-8.72,11.94,1.61,15.22,NASA POWER
8,2024-11-01,44.1,-12.59,7.83,-2.38,18.75,NASA POWER
8,2024-12-01,66.2,-9.41,7.97,-0.72,20.08,NASA POWER
9,2014-01-01,82.6,7.91,28.06,17.98,18.46,NASA POWER
9,2014-02-01,132.6,5.83,24.18,15.0,13.74,NASA POWER
9,2014-03-01,110.6,6.5,24.35,15.43,11.21,NASA POWER
9,2014-04-01,104.8,4.84,26.24,15.54,13.64,NASA POWER
9,2014-05-01,163.7,7.73,25.35,16.54,18.92,NASA POWER
9,2014-06-01,583.3,12.09,29.56,20.82,13.53,NASA POWER
9,2014-07-01,740.8,7.68,27.5,17.59,16.58,NASA POWER
9,2014-08-01,609.1,7.69,26.16,16.93,18.78,NASA POWER
9,2014-09-01,675.5,6.61,24.73,15.67,14.22,NASA POWER
9,2014-10-01,146.3,-0.58,17.03,8.23,9.9,NASA POWER
9,2014-11-01,143.8,-0.59,19.15,9.28,12.94,NASA POWER
9,2014-12-01,100.9,-2.65,15.76,6.55,19.06,NASA POWER
9,2015-01-01,169.5,6.6,26.63,16.61,12.91,NASA POWER
9,2015-02-01,96.9,5.24,23.21,14.23,9.48,NASA POWER
9,2015-03-01,99.1,6.08,26.42,16.25,9.92,NASA POWER
9,2015-04-01,223.4,4.92,23.92,14.42,17.25,NASA POWER
9,2015-05-01,163.8,4.58,23.94,14.26,10.28,NASA POWER
9,2015-06-01,533.5,8.22,26.74,17.48,17.27,NASA POWER
9,2015-07-01,604.6,10.02,29.75,19.88,12.92,NASA POWER
9,2015-08-01,568.0,6.69,26.54,16.61,11.0,NASA POWER
9,2015-09-01,512.9,10.68,27.51,19.09,15.75,NASA POWER
9,2015-10-01,205.9,1.63,18.66,10.14,19.34,NASA POWER
9,2015-11-01,206.4,-2.36,18.94,8.29,17.95,NASA POWER
9,2015-12-01,184.6,1.3,18.61,9.96,17.47,NASA POWER
9,2016-01-01,167.5,8.47,25.34,16.91,10.27,NASA POWER
9,2016-02-01,85.8,8.26,28.45,18.36,15.15,NASA POWER
9,2016-03-01,127.7,7.27,27.78,17.52,12.51,NASA POWER
9,2016-04-01,98.2,4.64,24.02,14.33,15.84,NASA POWER
9,2016-05-01,124.7,3.93,22.66,13.29,18.41,NASA POWER
9,2016-06-01,667.4,5.82,25.9,15.86,15.63,NASA POWER
9,2016-07-01,557.1,6.06,26.42,16.24,18.34,NASA POWER
9,2016-08-01,763.7,6.95,25.61,16.28,10.8,NASA POWER
9,2016-09-01,653.9,9.29,28.52,18.91,13.6,NASA POWER
9,2016-10-01,135.2,0.28,19.02,9.65,18.99,NASA POWER
9,2016-11-01,133.3,-3.7,15.41,5.86,16.0,NASA POWER
9,2016-12-01,149.2,-0.97,18.94,8.99,9.39,NASA POWER
9,2017-01-01,81.0,9.11,29.06,19.09,19.24,NASA POWER
9,2017-02-01,185.3,5.41,24.99,15.2,17.0,NASA POWER
9,2017-03-01,153.9,5.38,26.05,15.71,16.64,NASA POWER
9,2017-04-01,187.5,4.03,24.03,14.03,12.35,NASA POWER
9,2017-05-01,149.9,6.4,24.01,15.21,19.5,NASA POWER
9,2017-06-01,529.8,8.15,27.24,17.7,9.24,NASA POWER
9,2017-07-01,750.9,9.83,30.22,20.02,18.62,NASA POWER
9,2017-08-01,575.1,9.12,27.56,18.34,16.11,NASA POWER
9,2017-09-01,547.1,8.47,28.11,18.29,19.38,NASA POWER
9,2017-10-01,228.0,1.24,18.7,9.97,19.58,NASA POWER
9,2017-11-01,199.0,0.74,19.57,10.15,12.38,NASA POWER
9,2017-12-01,162.6,-0.26,19.8,9.77,10.91,NASA POWER
9,2018-01-01,130.6,7.66,26.55,17.11,16.18,NASA POWER
9,2018-02-01,195.7,5.91,23.18,14.54,11.02,NASA POWER
9,2018-03-01,123.6,6.94,26.03,16.48,9.88,NASA POWER
9,2018-04-01,97.8,3.13,22.29,12.71,13.55,NASA POWER
9,2018-05-01,89.3,7.43,25.45,16.44,10.9,NASA POWER
9,2018-06-01,651.5,8.58,26.64,17.61,9.57,NASA POWER
9,2018-07-01,539.2,7.52,25.78,16.65,14.55,NASA POWER
9,2018-08-01,597.5,7.17,25.36,16.27,14.8,NASA POWER
9,2018-09-01,717.1,7.97,27.38,17.68,9.73,NASA POWER
9,2018-10-01,185.2,0.5,20.27,10.38,14.25,NASA POWER
9,2018-11-01,220.6,-2.45,18.64,8.1,16.01,NASA POWER
9,2018-12-01,137.5,-3.93,16.1,6.09,19.16,NASA POWER
9,2019-01-01,130.6,7.94,27.01,17.48,11.01,NASA POWER
9,2019-02-01,144.4,5.65,23.79,14.72,9.9,NASA POWER
9,2019-03-01,92.9,6.23,27.85,17.04,14.52,NASA POWER
9,2019-04-01,194.0,6.6,27.59,17.09,14.78,NASA POWER
9,2019-05-01,99.0,5.3,23.05,14.18,17.74,NASA POWER
9,2019-06-01,616.2,7.87,27.42,17.64,15.13,NASA POWER
9,2019-07-01,682.2,10.04,28.35,19.2,9.04,NASA POWER
9,2019-08-01,725.2,9.88,28.89,19.39,17.21,NASA POWER
9,2019-09-01,664.5,5.49,25.67,15.58,11.53,NASA POWER
9,2019-10-01,159.1,-1.05,19.04,8.99,15.16,NASA POWER
9,2019-11-01,218.6,-0.66,17.49,8.41,10.4,NASA POWER
9,2019-12-01,228.7,1.91,18.31,10.11,9.08,NASA POWER
9,2020-01-01,151.7,6.5,25.52,16.01,19.45,NASA POWER
9,2020-02-01,84.9,6.15,24.9,15.52,11.86,NASA POWER
9,2020-03-01,173.3,4.64,23.34,13.99,18.17,NASA POWER
9,2020-04-01,127.6,4.99,25.32,15.16,15.42,NASA POWER
9,2020-05-01,196.9,2.39,20.96,11.68,19.72,NASA POWER
9,2020-06-01,726.7,9.11,30.08,19.59,14.34,NASA POWER
9,2020-07-01,695.5,7.16,26.12,16.64,19.13,NASA POWER
9,2020-08-01,767.3,9.61,30.86,20.23,10.85,NASA POWER
9,2020-09-01,632.5,6.7,26.59,16.64,10.62,NASA POWER
9,2020-10-01,147.8,-0.53,18.8,9.13,19.66,NASA POWER
9,2020-11-01,195.4,-1.81,18.19,8.19,9.87,NASA POWER
9,2020-12-01,114.2,-3.31,17.37,7.03,15.82,NASA POWER
9,2021-01-01,176.4,8.96,26.83,17.89,15.17,NASA POWER
9,2021-02-01,170.2,6.89,24.58,15.73,17.38,NASA POWER
9,2021-03-01,93.1,8.44,27.51,17.98,18.43,NASA POWER
9,2021-04-01,97.7,4.25,23.42,13.84,11.63,NASA POWER
9,2021-05-01,93.1,7.28,24.26,15.77,15.97,NASA POWER
9,2021-06-01,524.1,10.73,30.39,20.56,15.54,NASA POWER
9,2021-07-01,529.2,12.51,30.4,21.45,17.75,NASA POWER
9,2021-08-01,623.6,10.88,28.5,19.69,17.78,NASA POWER
9,2021-09-01,623.4,9.5,27.68,18.59,19.44,NASA POWER
9,2021-10-01,102.8,-1.3,16.95,7.82,17.6,NASA POWER
9,2021-11-01,165.5,0.29,18.88,9.58,17.93,NASA POWER
9,2021-12-01,175.9,-4.31,15.17,5.43,10.12,NASA POWER
9,2022-01-01,219.1,9.18,28.5,18.84,13.59,NASA POWER
9,2022-02-01,124.1,5.84,24.14,14.99,16.92,NASA POWER
9,2022-03-01,193.1,6.71,28.23,17.47,15.66,NASA POWER
9,2022-04-01,116.8,3.04,23.43,13.23,19.67,NASA POWER
9,2022-05-01,85.6,6.77,24.97,15.87,19.53,NASA POWER
9,2022-06-01,608.8,10.66,30.2,20.43,12.89,NASA POWER
9,2022-07-01,665.3,10.93,29.01,19.97,13.96,NASA POWER
9,2022-08-01,537.1,9.15,28.72,18.93,19.23,NASA POWER
9,2022-09-01,672.4,8.25,27.11,17.68,11.95,NASA POWER
9,2022-10-01,174.4,2.67,23.33,13.0,19.37,NASA POWER
9,2022-11-01,185.7,-0.73,19.16,9.21,18.22,NASA POWER
9,2022-12-01,166.6,-1.55,17.8,8.12,19.35,NASA POWER
9,2023-01-01,133.9,5.88,25.66,15.77,15.82,NASA POWER
9,2023-02-01,142.8,7.37,26.95,17.16,9.81,NASA POWER
9,2023-03-01,186.2,7.37,27.01,17.19,17.15,NASA POWER
9,2023-04-01,83.3,7.16,25.95,16.55,10.38,NASA POWER
9,2023-05-01,163.4,3.24,21.47,12.36,14.98,NASA POWER
9,2023-06-01,558.6,8.78,27.36,18.07,13.04,NASA POWER
9,2023-07-01,697.4,9.49,26.02,17.75,19.19,NASA POWER
9,2023-08-01,762.6,12.57,30.77,21.67,17.12,NASA POWER
9,2023-09-01,604.4,6.72,26.64,16.68,17.74,NASA POWER
9,2023-10-01,193.0,1.18,20.12,10.65,9.88,NASA POWER
9,2023-11-01,176.9,-1.25,18.14,8.45,11.16,NASA POWER
9,2023-12-01,86.8,-0.62,19.03,9.21,11.67,NASA POWER
9,2024-01-01,171.9,10.21,30.15,20.18,17.93,NASA POWER
9,2024-02-01,228.3,7.85,28.65,18.25,14.05,NASA POWER
9,2024-03-01,160.6,4.45,22.82,13.63,19.7,NASA POWER
9,2024-04-01,103.6,6.4,26.38,16.39,18.76,NASA POWER
9,2024-05-01,107.1,2.67,22.71,12.69,15.89,NASA POWER
9,2024-06-01,554.4,11.37,28.24,19.8,12.79,NASA POWER
9,2024-07-01,564.7,8.36,26.88,17.62,10.88,NASA POWER
9,2024-08-01,741.3,10.68,28.6,19.64,18.43,NASA POWER
9,2024-09-01,767.9,11.26,28.1,19.68,15.92,NASA POWER
9,2024-10-01,153.2,0.75,20.5,10.62,10.07,NASA POWER
9,2024-11-01,200.7,-3.59,17.43,6.92,9.39,NASA POWER
9,2024-12-01,182.4,2.14,20.74,11.44,14.16,NASA POWER
10,2014-01-01,87.5,9.05,25.83,17.44,12.82,NASA POWER
10,2014-02-01,239.6,4.15,22.87,13.51,15.34,NASA POWER
10,2014-03-01,182.1,8.75,27.96,18.36,9.55,NASA POWER
10,2014-04-01,138.3,2.53,23.76,13.15,10.38,NASA POWER
10,2014-05-01,208.8,7.81,26.56,17.18,19.47,NASA POWER
10,2014-06-01,588.1,7.39,27.98,17.68,10.8,NASA POWER
10,2014-07-01,633.2,9.04,28.3,18.67,19.17,NASA POWER
10,2014-08-01,575.9,6.39,25.45,15.92,11.25,NASA POWER
10,2014-09-01,729.3,7.59,25.75,16.67,9.3,NASA POWER
10,2014-10-01,97.2,-2.67,19.24,8.29,9.27,NASA POWER
10,2014-11-01,178.0,1.4,19.76,10.58,19.55,NASA POWER
10,2014-12-01,232.4,0.72,20.44,10.58,11.46,NASA POWER
10,2015-01-01,157.0,9.28,28.31,18.79,13.67,NASA POWER
10,2015-02-01,190.4,9.85,28.82,19.34,18.72,NASA POWER
10,2015-03-01,215.0,6.0,25.2,15.6,18.48,NASA POWER
10,2015-04-01,87.2,5.34,25.52,15.43,9.13,NASA POWER
10,2015-05-01,233.2,5.01,22.25,13.63,16.61,NASA POWER
10,2015-06-01,744.1,12.36,29.8,21.08,13.65,NASA POWER
10,2015-07-01,525.1,9.31,26.68,18.0,17.68,NASA POWER
10,2015-08-01,602.4,10.29,30.63,20.46,10.64,NASA POWER
10,2015-09-01,734.1,8.4,24.88,16.64,18.99,NASA POWER
10,2015-10-01,125.9,-0.61,18.93,9.16,15.0,NASA POWER
10,2015-11-01,100.3,0.43,19.69,10.06,16.18,NASA POWER
10,2015-12-01,180.4,-1.32,17.08,7.88,11.73,NASA POWER
10,2016-01-01,222.5,5.78,27.56,16.67,11.84,NASA POWER
10,2016-02-01,176.1,7.04,26.7,16.87,18.54,NASA POWER
10,2016-03-01,104.5,6.47,25.99,16.23,13.18,NASA POWER
10,2016-04-01,177.3,6.12,25.28,15.7,11.64,NASA POWER
10,2016-05-01,191.3,2.03,21.06,11.54,13.3,NASA POWER
10,2016-06-01,766.5,9.57,26.3,17.94,16.33,NASA POWER
10,2016-07-01,616.4,7.98,26.83,17.41,15.12,NASA POWER
10,2016-08-01,655.3,7.56,25.95,16.75,17.34,NASA POWER
10,2016-09-01,560.7,8.55,27.3,17.93,17.04,NASA POWER
10,2016-10-01,120.5,1.44,20.93,11.19,9.97,NASA POWER
10,2016-11-01,237.3,-2.92,17.82,7.45,14.11,NASA POWER
10,2016-12-01,186.4,-0.68,17.84,8.58,19.74,NASA POWER
10,2017-01-01,96.8,9.73,29.77,19.75,13.0,NASA POWER
10,2017-02-01,127.0,7.79,24.4,16.09,10.53,NASA POWER
10,2017-03-01,215.7,5.51,25.22,15.36,12.88,NASA POWER
10,2017-04-01,96.4,4.51,23.8,14.16,13.04,NASA POWER
10,2017-05-01,174.5,7.25,25.19,16.22,10.01,NASA POWER
10,2017-06-01,760.6,11.02,29.57,20.3,15.68,NASA POWER
10,2017-07-01,590.6,7.54,27.23,17.39,17.16,NASA POWER
10,2017-08-01,759.8,6.92,26.29,16.61,10.69,NASA POWER
10,2017-09-01,633.7,7.37,26.28,16.82,14.33,NASA POWER
10,2017-10-01,180.4,2.07,19.7,10.88,16.5,NASA POWER
10,2017-11-01,83.4,3.03,20.37,11.7,17.59,NASA POWER
10,2017-12-01,204.0,-2.3,17.29,7.49,9.1,NASA POWER
10,2018-01-01,192.7,11.07,29.67,20.37,9.32,NASA POWER
10,2018-02-01,209.2,10.1,27.03,18.57,14.68,NASA POWER
10,2018-03-01,138.0,8.99,27.79,18.39,9.01,NASA POWER
10,2018-04-01,223.2,6.87,26.01,16.44,10.37,NASA POWER
10,2018-05-01,90.3,7.47,25.88,16.68,17.36,NASA POWER
10,2018-06-01,627.7,8.52,27.04,17.78,18.24,NASA POWER
10,2018-07-01,657.8,9.75,29.37,19.56,15.29,NASA POWER
10,2018-08-01,528.2,10.34,29.75,20.05,14.13,NASA POWER
10,2018-09-01,541.8,11.33,30.14,20.73,10.84,NASA POWER
10,2018-10-01,184.9,1.41,21.62,11.52,16.24,NASA POWER
10,2018-11-01,142.1,0.87,19.5,10.19,15.35,NASA POWER
10,2018-12-01,85.5,-3.02,15.17,6.08,19.06,NASA POWER
10,2019-01-01,205.8,7.82,25.66,16.74,11.47,NASA POWER
10,2019-02-01,105.9,8.78,27.72,18.25,15.37,NASA POWER
10,2019-03-01,109.0,5.02,25.34,15.18,16.1,NASA POWER
10,2019-04-01,229.1,7.23,26.72,16.98,18.87,NASA POWER
10,2019-05-01,115.1,5.86,25.65,15.75,19.03,NASA POWER
10,2019-06-01,764.9,7.84,26.19,17.02,10.31,NASA POWER
10,2019-07-01,522.2,10.58,28.75,19.66,11.5,NASA POWER
10,2019-08-01,721.3,10.27,28.75,19.51,10.84,NASA POWER
10,2019-09-01,649.9,10.38,28.69,19.54,14.96,NASA POWER
10,2019-10-01,203.1,-1.15,18.99,8.92,15.95,NASA POWER
10,2019-11-01,217.3,-2.1,18.01,7.96,17.24,NASA POWER
10,2019-12-01,220.1,-0.03,18.85,9.41,13.68,NASA POWER
10,2020-01-01,96.1,5.23,24.4,14.81,13.44,NASA POWER
10,2020-02-01,134.7,7.06,25.74,16.4,17.26,NASA POWER
10,2020-03-01,183.8,4.61,23.48,14.04,11.58,NASA POWER
10,2020-04-01,88.9,5.24,24.02,14.63,15.34,NASA POWER
10,2020-05-01,136.8,2.23,21.77,12.0,13.27,NASA POWER
10,2020-06-01,713.8,7.81,28.17,17.99,11.35,NASA POWER
10,2020-07-01,760.1,8.8,27.63,18.21,9.72,NASA POWER
10,2020-08-01,611.9,7.41,27.58,17.49,15.85,NASA POWER
10,2020-09-01,587.6,9.85,29.45,19.65,12.49,NASA POWER
10,2020-10-01,234.1,1.85,21.23,11.54,18.29,NASA POWER
10,2020-11-01,118.2,0.93,20.91,10.92,17.31,NASA POWER
10,2020-12-01,206.4,-3.82,17.7,6.94,11.36,NASA POWER
10,2021-01-01,234.4,9.95,28.93,19.44,16.46,NASA POWER
10,2021-02-01,209.4,6.37,24.2,15.29,14.32,NASA POWER
10,2021-03-01,112.6,6.05,24.43,15.24,14.8,NASA POWER
10,2021-04-01,94.9,6.49,27.33,16.91,11.28,NASA POWER
10,2021-05-01,210.5,6.26,26.01,16.14,18.61,NASA POWER
10,2021-06-01,578.7,10.5,27.76,19.13,18.88,NASA POWER
10,2021-07-01,610.3,11.78,30.17,20.98,16.08,NASA POWER
10,2021-08-01,519.1,9.54,30.4,19.97,14.27,NASA POWER
10,2021-09-01,664.8,7.7,27.16,17.43,19.4,NASA POWER
10,2021-10-01,97.9,0.78,19.82,10.3,19.45,NASA POWER
10,2021-11-01,149.8,-0.47,17.86,8.7,10.14,NASA POWER
10,2021-12-01,134.4,0.57,18.76,9.67,18.5,NASA POWER
10,2022-01-01,118.8,9.38,26.62,18.0,12.78,NASA POWER
10,2022-02-01,150.0,7.62,27.21,17.41,14.61,NASA POWER
10,2022-03-01,130.7,7.59,27.28,17.44,11.44,NASA POWER
10,2022-04-01,203.1,6.34,25.39,15.87,19.27,NASA POWER
10,2022-05-01,135.2,2.89,20.6,11.75,16.69,NASA POWER
10,2022-06-01,703.2,6.68,26.26,16.47,19.01,NASA POWER
10,2022-07-01,532.2,7.84,27.77,17.8,12.62,NASA POWER
10,2022-08-01,568.3,9.7,29.59,19.64,18.45,NASA POWER
10,2022-09-01,711.3,9.02,30.28,19.65,19.21,NASA POWER
10,2022-10-01,160.5,1.58,20.22,10.9,18.68,NASA POWER
10,2022-11-01,227.2,0.42,19.27,9.85,14.12,NASA POWER
10,2022-12-01,219.7,-3.85,15.55,5.85,13.98,NASA POWER
10,2023-01-01,188.7,6.36,25.7,16.03,18.91,NASA POWER
10,2023-02-01,207.5,10.43,28.95,19.69,15.36,NASA POWER
10,2023-03-01,191.2,5.88,22.63,14.25,14.98,NASA POWER
10,2023-04-01,146.9,3.91,23.81,13.86,19.12,NASA POWER
10,2023-05-01,200.4,3.56,21.38,12.47,12.46,NASA POWER
10,2023-06-01,514.7,9.12,26.82,17.97,11.37,NASA POWER
10,2023-07-01,755.7,8.94,27.45,18.2,16.41,NASA POWER
10,2023-08-01,717.7,10.08,27.91,19.0,13.84,NASA POWER
10,2023-09-01,564.4,10.34,29.27,19.8,19.3,NASA POWER
10,2023-10-01,194.0,-0.07,20.24,10.08,14.39,NASA POWER
10,2023-11-01,218.5,0.0,19.21,9.61,11.16,NASA POWER
10,2023-12-01,115.7,-0.83,20.25,9.71,9.25,NASA POWER
10,2024-01-01,190.8,7.91,27.94,17.93,16.91,NASA POWER
10,2024-02-01,165.3,4.89,26.22,15.55,11.16,NASA POWER
10,2024-03-01,118.4,5.03,23.21,14.12,14.4,NASA POWER
10,2024-04-01,230.3,5.15,24.22,14.68,15.31,NASA POWER
10,2024-05-01,186.7,6.29,22.83,14.56,18.8,NASA POWER
10,2024-06-01,607.0,10.3,27.93,19.12,13.72,NASA POWER
10,2024-07-01,599.3,9.72,29.22,19.47,15.1,NASA POWER
10,2024-08-01,613.2,10.32,29.34,19.83,17.33,NASA POWER
10,2024-09-01,651.0,8.63,27.25,17.94,17.31,NASA POWER
10,2024-10-01,208.5,0.65,18.75,9.7,10.65,NASA POWER
10,2024-11-01,138.6,1.64,19.57,10.61,18.57,NASA POWER
10,2024-12-01,201.7,-2.14,14.78,6.32,13.46,NASA POWER
11,2014-01-01,82.3,6.37,27.63,17.0,16.99,NASA POWER
11,2014-02-01,107.4,9.31,29.44,19.38,11.64,NASA POWER
11,2014-03-01,157.5,7.01,26.24,16.62,10.46,NASA POWER
11,2014-04-01,135.9,3.73,23.45,13.59,9.34,NASA POWER
11,2014-05-01,172.3,4.01,21.88,12.95,10.34,NASA POWER
11,2014-06-01,568.3,6.85,26.28,16.57,13.82,NASA POWER
11,2014-07-01,715.3,9.73,28.41,19.07,10.25,NASA POWER
11,2014-08-01,688.0,9.51,29.99,19.75,15.7,NASA POWER
11,2014-09-01,699.4,6.82,26.19,16.51,13.0,NASA POWER
11,2014-10-01,239.9,1.04,18.16,9.6,17.29,NASA POWER
11,2014-11-01,109.5,0.3,19.06,9.68,15.57,NASA POWER
11,2014-12-01,202.5,-1.68,17.23,7.78,14.93,NASA POWER
11,2015-01-01,148.6,6.18,26.62,16.4,17.71,NASA POWER
11,2015-02-01,159.9,5.82,24.74,15.28,10.47,NASA POWER
11,2015-03-01,208.8,6.53,27.29,16.91,13.61,NASA POWER
11,2015-04-01,147.5,2.68,22.16,12.42,13.0,NASA POWER
11,2015-05-01,212.7,1.53,20.67,11.1,16.64,NASA POWER
11,2015-06-01,544.8,8.06,26.39,17.23,14.85,NASA POWER
11,2015-07-01,625.3,8.3,26.76,17.53,16.6,NASA POWER
11,2015-08-01,690.1,10.32,28.4,19.36,11.29,NASA POWER
11,2015-09-01,753.9,7.35,24.65,16.0,17.76,NASA POWER
11,2015-10-01,124.3,-0.52,16.69,8.09,14.84,NASA POWER
11,2015-11-01,177.7,-1.02,17.29,8.13,10.41,NASA POWER
11,2015-12-01,160.6,-2.43,15.89,6.73,18.36,NASA POWER
11,2016-01-01,215.5,4.85,26.49,15.67,14.99,NASA POWER
11,2016-02-01,234.5,8.57,25.67,17.12,10.11,NASA POWER
11,2016-03-01,179.1,7.5,27.31,17.41,17.76,NASA POWER
11,2016-04-01,209.7,6.69,24.29,15.49,12.58,NASA POWER
11,2016-05-01,128.9,4.71,23.83,14.27,9.14,NASA POWER
11,2016-06-01,514.1,10.3,28.04,19.17,9.12,NASA POWER
11,2016-07-01,525.1,5.33,25.09,15.21,10.09,NASA POWER
11,2016-08-01,747.7,9.71,30.52,20.12,17.46,NASA POWER
11,2016-09-01,578.5,5.54,25.89,15.71,19.11,NASA POWER
11,2016-10-01,103.9,3.79,20.56,12.17,16.51,NASA POWER
11,2016-11-01,203.4,-0.56,19.71,9.58,12.74,NASA POWER
11,2016-12-01,196.4,-0.63,18.76,9.07,19.02,NASA POWER
11,2017-01-01,109.5,10.83,27.46,19.14,10.48,NASA POWER
11,2017-02-01,189.3,7.72,26.89,17.3,10.75,NASA POWER
11,2017-03-01,224.2,5.7,23.14,14.42,10.87,NASA POWER
11,2017-04-01,88.2,6.94,24.23,15.59,17.68,NASA POWER
11,2017-05-01,198.3,4.6,22.77,13.68,17.76,NASA POWER
11,2017-06-01,545.0,7.56,28.18,17.87,13.31,NASA POWER
11,2017-07-01,695.4,12.71,29.01,20.86,12.96,NASA POWER
11,2017-08-01,624.6,9.16,27.5,18.33,15.47,NASA POWER
11,2017-09-01,730.7,8.29,28.97,18.63,14.26,NASA POWER
11,2017-10-01,106.2,0.05,18.99,9.52,11.38,NASA POWER
11,2017-11-01,137.8,1.76,19.05,10.41,9.85,NASA POWER
11,2017-12-01,208.4,-1.16,19.35,9.1,14.23,NASA POWER
11,2018-01-01,147.8,6.45,27.86,17.16,14.76,NASA POWER
11,2018-02-01,101.9,8.07,26.54,17.3,18.44,NASA POWER
11,2018-03-01,112.5,2.97,22.73,12.85,16.94,NASA POWER
11,2018-04-01,114.2,3.99,24.0,14.0,19.77,NASA POWER
11,2018-05-01,105.5,4.09,25.19,14.64,13.62,NASA POWER
11,2018-06-01,727.0,7.94,26.53,17.23,16.65,NASA POWER
11,2018-07-01,571.8,7.76,28.18,17.97,12.91,NASA POWER
11,2018-08-01,685.7,11.42,29.03,20.23,17.23,NASA POWER
11,2018-09-01,588.5,8.72,29.93,19.32,14.15,NASA POWER
11,2018-10-01,122.0,0.37,20.78,10.58,9.66,NASA POWER
11,2018-11-01,211.8,-0.43,17.89,8.73,13.0,NASA POWER
11,2018-12-01,216.0,0.29,20.24,10.26,15.36,NASA POWER
11,2019-01-01,106.8,7.99,27.75,17.87,15.0,NASA POWER
11,2019-02-01,81.4,4.58,22.78,13.68,10.14,NASA POWER
11,2019-03-01,169.1,9.98,28.96,19.47,10.3,NASA POWER
11,2019-04-01,124.6,7.56,27.22,17.39,11.79,NASA POWER
11,2019-05-01,83.0,4.55,24.28,14.42,12.72,NASA POWER
11,2019-06-01,569.8,10.09,28.49,19.29,19.32,NASA POWER
11,2019-07-01,611.3,8.32,28.83,18.57,15.43,NASA POWER
11,2019-08-01,599.4,10.86,29.56,20.21,18.84,NASA POWER
11,2019-09-01,659.6,6.98,26.83,16.91,12.95,NASA POWER
11,2019-10-01,155.1,1.8,20.57,11.19,15.11,NASA POWER
11,2019-11-01,173.2,2.21,20.65,11.43,9.38,NASA POWER
11,2019-12-01,128.7,0.05,19.58,9.81,15.01,NASA POWER
11,2020-01-01,176.4,6.25,26.72,16.48,15.15,NASA POWER
11,2020-02-01,221.1,8.99,27.19,18.09,16.06,NASA POWER
11,2020-03-01,148.7,7.03,25.64,16.34,18.33,NASA POWER
11,2020-04-01,180.7,6.02,24.79,15.4,16.9,NASA POWER
11,2020-05-01,204.7,3.46,20.64,12.05,17.08,NASA POWER
11,2020-06-01,575.6,9.96,26.98,18.47,19.33,NASA POWER
11,2020-07-01,732.3,11.53,28.83,20.18,16.76,NASA POWER
11,2020-08-01,524.2,7.81,28.19,18.0,12.82,NASA POWER
11,2020-09-01,531.7,9.42,26.24,17.83,15.89,NASA POWER
11,2020-10-01,196.7,-1.8,17.93,8.06,11.03,NASA POWER
11,2020-11-01,117.7,-2.64,17.12,7.24,9.44,NASA POWER
11,2020-12-01,208.2,0.69,20.35,10.52,12.77,NASA POWER
11,2021-01-01,184.2,8.96,26.79,17.88,14.6,NASA POWER
11,2021-02-01,116.9,6.85,26.0,16.43,12.01,NASA POWER
11,2021-03-01,179.7,8.36,27.44,17.9,10.71,NASA POWER
11,2021-04-01,88.8,3.77,21.94,12.86,11.84,NASA POWER
11,2021-05-01,114.3,6.1,24.57,15.34,15.98,NASA POWER
11,2021-06-01,581.5,7.88,29.27,18.57,11.77,NASA POWER
11,2021-07-01,757.8,7.26,28.01,17.64,17.32,NASA POWER
11,2021-08-01,748.1,7.84,28.12,17.98,16.07,NASA POWER
11,2021-09-01,550.7,7.0,26.99,16.99,10.59,NASA POWER
11,2021-10-01,209.8,0.68,19.95,10.31,17.24,NASA POWER
11,2021-11-01,89.1,-0.3,20.19,9.95,17.79,NASA POWER
11,2021-12-01,176.0,-1.74,16.75,7.5,10.61,NASA POWER
11,2022-01-01,234.7,5.54,24.84,15.19,18.12,NASA POWER
11,2022-02-01,156.4,4.09,25.21,14.65,13.25,NASA POWER
11,2022-03-01,167.4,4.3,24.6,14.45,11.62,NASA POWER
11,2022-04-01,195.7,5.5,23.36,14.43,15.61,NASA POWER
11,2022-05-01,223.6,5.53,23.13,14.33,19.07,NASA POWER
11,2022-06-01,542.2,10.15,27.35,18.75,9.47,NASA POWER
11,2022-07-01,563.3,5.38,24.92,15.15,11.74,NASA POWER
11,2022-08-01,667.8,10.52,29.39,19.95,14.84,NASA POWER
11,2022-09-01,591.3,10.47,27.11,18.79,10.94,NASA POWER
11,2022-10-01,168.4,4.01,23.48,13.75,18.28,NASA POWER
11,2022-11-01,209.9,0.84,21.66,11.25,18.71,NASA POWER
11,2022-12-01,134.2,-4.33,15.86,5.76,9.03,NASA POWER
11,2023-01-01,120.0,10.14,27.54,18.84,14.56,NASA POWER
11,2023-02-01,181.2,9.98,28.68,19.33,10.61,NASA POWER
11,2023-03-01,219.0,8.45,26.7,17.57,10.67,NASA POWER
11,2023-04-01,92.9,3.58,21.78,12.68,12.81,NASA POWER
11,2023-05-01,89.3,3.52,22.41,12.96,16.49,NASA POWER
11,2023-06-01,696.4,7.65,24.79,16.22,16.54,NASA POWER
11,2023-07-01,533.6,10.13,27.99,19.06,17.6,NASA POWER
11,2023-08-01,647.7,9.37,27.74,18.55,12.91,NASA POWER
11,2023-09-01,738.4,8.91,28.61,18.76,13.0,NASA POWER
11,2023-10-01,155.6,0.45,17.31,8.88,14.11,NASA POWER
11,2023-11-01,197.4,0.15,16.58,8.36,17.54,NASA POWER
11,2023-12-01,195.5,-0.03,17.73,8.85,15.1,NASA POWER
11,2024-01-01,199.4,6.34,24.39,15.37,9.61,NASA POWER
11,2024-02-01,186.1,5.33,24.88,15.11,13.29,NASA POWER
11,2024-03-01,186.5,8.08,26.0,17.04,14.24,NASA POWER
11,2024-04-01,200.8,8.41,26.32,17.37,12.73,NASA POWER
11,2024-05-01,168.8,2.5,24.09,13.29,10.72,NASA POWER
11,2024-06-01,712.8,11.73,29.37,20.55,10.97,NASA POWER
11,2024-07-01,585.9,10.59,29.38,19.98,10.53,NASA POWER
11,2024-08-01,735.0,10.41,29.07,19.74,13.52,NASA POWER
11,2024-09-01,639.7,8.48,27.39,17.94,19.66,NASA POWER
11,2024-10-01,194.4,-0.29,19.43,9.57,11.76,NASA POWER
11,2024-11-01,82.5,0.46,18.33,9.39,15.08,NASA POWER
11,2024-12-01,214.3,-3.35,15.93,6.29,10.35,NASA POWER
12,2014-01-01,87.3,0.21,17.14,8.68,19.51,NASA POWER
12,2014-02-01,80.4,-4.16,14.98,5.41,15.47,NASA POWER
12,2014-03-01,91.5,-5.33,14.34,4.5,19.07,NASA POWER
12,2014-04-01,82.6,-4.68,15.9,5.61,13.37,NASA POWER
12,2014-05-01,87.5,-6.8,13.78,3.49,14.9,NASA POWER
12,2014-06-01,370.2,0.73,20.59,10.66,18.25,NASA POWER
12,2014-07-01,324.1,-2.1,17.42,7.66,12.56,NASA POWER
12,2014-08-01,323.6,-0.39,18.59,9.1,13.45,NASA POWER
12,2014-09-01,359.7,-2.16,18.05,7.95,14.16,NASA POWER
12,2014-10-01,99.4,-10.67,8.58,-1.04,20.65,NASA POWER
12,2014-11-01,65.1,-8.17,12.02,1.92,20.17,NASA POWER
12,2014-12-01,88.4,-9.84,8.0,-0.92,21.62,NASA POWER
12,2015-01-01,46.0,-2.27,14.95,6.34,14.74,NASA POWER
12,2015-02-01,82.5,0.34,17.54,8.94,20.67,NASA POWER
12,2015-03-01,89.5,-3.95,15.83,5.94,17.04,NASA POWER
12,2015-04-01,49.4,-5.03,11.85,3.41,21.1,NASA POWER
12,2015-05-01,60.7,-3.06,14.55,5.75,18.33,NASA POWER
12,2015-06-01,383.2,-2.53,15.98,6.73,10.08,NASA POWER
12,2015-07-01,297.9,2.63,21.18,11.9,20.75,NASA POWER
12,2015-08-01,369.8,-0.9,18.67,8.89,18.54,NASA POWER
12,2015-09-01,329.2,0.45,18.33,9.39,19.83,NASA POWER
12,2015-10-01,62.9,-6.87,10.78,1.95,14.05,NASA POWER
12,2015-11-01,92.0,-11.45,10.02,-0.71,18.65,NASA POWER
12,2015-12-01,99.8,-10.51,10.13,-0.19,11.03,NASA POWER
12,2016-01-01,66.4,-3.44,15.83,6.2,21.21,NASA POWER
12,2016-02-01,47.5,-0.73,16.97,8.12,15.94,NASA POWER
12,2016-03-01,87.8,-2.18,13.99,5.91,14.1,NASA POWER
12,2016-04-01,52.1,-5.21,12.45,3.62,19.17,NASA POWER
12,2016-05-01,79.2,-6.15,13.27,3.56,11.8,NASA POWER
12,2016-06-01,310.5,0.61,19.53,10.07,14.99,NASA POWER
12,2016-07-01,262.0,-4.44,15.98,5.77,14.42,NASA POWER
12,2016-08-01,309.9,-3.3,14.18,5.44,14.85,NASA POWER
12,2016-09-01,328.7,-0.74,20.28,9.77,15.33,NASA POWER
12,2016-10-01,119.7,-10.17,9.4,-0.38,12.29,NASA POWER
12,2016-11-01,60.7,-6.67,11.67,2.5,16.45,NASA POWER
12,2016-12-01,55.8,-10.6,7.03,-1.78,12.07,NASA POWER
12,2017-01-01,60.1,-0.06,20.4,10.17,14.36,NASA POWER
12,2017-02-01,117.9,-1.86,18.34,8.24,12.6,NASA POWER
12,2017-03-01,72.6,-4.8,14.4,4.8,13.8,NASA POWER
12,2017-04-01,47.5,-7.59,13.55,2.98,19.6,NASA POWER
12,2017-05-01,58.9,-7.21,10.3,1.55,21.33,NASA POWER
12,2017-06-01,333.8,-2.43,15.07,6.32,21.47,NASA POWER
12,2017-07-01,274.4,-1.16,19.69,9.27,15.24,NASA POWER
12,2017-08-01,263.6,0.9,19.9,10.4,13.06,NASA POWER
12,2017-09-01,276.9,-3.75,17.51,6.88,19.15,NASA POWER
12,2017-10-01,89.6,-7.67,12.33,2.33,20.99,NASA POWER
12,2017-11-01,114.1,-7.54,10.64,1.55,12.39,NASA POWER
12,2017-12-01,78.3,-9.61,9.32,-0.14,21.22,NASA POWER
12,2018-01-01,87.8,-0.13,18.23,9.05,16.35,NASA POWER
12,2018-02-01,52.3,-5.71,12.71,3.5,16.42,NASA POWER
12,2018-03-01,110.7,-4.29,13.81,4.76,16.71,NASA POWER
12,2018-04-01,40.3,-5.65,14.29,4.32,18.86,NASA POWER
12,2018-05-01,51.8,-3.86,13.34,4.74,21.23,NASA POWER
12,2018-06-01,318.3,0.21,19.36,9.79,20.59,NASA POWER
12,2018-07-01,270.0,-1.46,15.05,6.79,15.02,NASA POWER
12,2018-08-01,347.0,-2.08,17.27,7.59,13.09,NASA POWER
12,2018-09-01,343.1,-0.6,18.89,9.14,20.46,NASA POWER
12,2018-10-01,97.4,-10.54,8.29,-1.12,16.02,NASA POWER
12,2018-11-01,90.4,-7.92,10.41,1.25,14.62,NASA POWER
12,2018-12-01,43.1,-11.23,10.28,-0.48,12.88,NASA POWER
12,2019-01-01,87.3,0.14,18.39,9.27,20.32,NASA POWER
12,2019-02-01,73.0,-1.85,15.01,6.58,11.6,NASA POWER
12,2019-03-01,105.0,-5.0,14.4,4.7,14.05,NASA POWER
12,2019-04-01,56.3,-4.41,12.76,4.17,19.09,NASA POWER
12,2019-05-01,72.1,-5.92,14.53,4.3,16.97,NASA POWER
12,2019-06-01,319.6,-2.32,17.56,7.62,12.25,NASA POWER
12,2019-07-01,336.2,-3.62,17.17,6.78,13.8,NASA POWER
12,2019-08-01,315.3,-1.69,18.54,8.42,11.14,NASA POWER
12,2019-09-01,370.5,-0.09,20.59,10.25,20.16,NASA POWER
12,2019-10-01,50.1,-9.71,12.15,1.22,17.39,NASA POWER
12,2019-11-01,62.4,-11.74,8.28,-1.73,21.53,NASA POWER
12,2019-12-01,68.8,-10.43,7.69,-1.37,13.02,NASA POWER
12,2020-01-01,115.9,-1.92,16.95,7.51,17.67,NASA POWER
12,2020-02-01,53.6,-1.12,18.6,8.74,15.91,NASA POWER
12,2020-03-01,99.6,-1.62,17.04,7.71,20.6,NASA POWER
12,2020-04-01,82.9,-2.76,15.57,6.41,12.38,NASA POWER
12,2020-05-01,82.8,-6.3,11.07,2.39,21.71,NASA POWER
12,2020-06-01,351.0,-2.85,15.57,6.36,19.89,NASA POWER
12,2020-07-01,375.0,0.39,17.21,8.8,12.21,NASA POWER
12,2020-08-01,303.3,-2.68,15.41,6.37,11.26,NASA POWER
12,2020-09-01,329.6,-1.61,15.87,7.13,18.58,NASA POWER
12,2020-10-01,97.9,-8.94,9.85,0.46,13.25,NASA POWER
12,2020-11-01,40.9,-8.95,8.89,-0.03,13.47,NASA POWER
12,2020-12-01,98.5,-8.63,10.84,1.1,16.5,NASA POWER
12,2021-01-01,101.4,0.74,17.74,9.24,10.52,NASA POWER
12,2021-02-01,76.4,-2.76,16.55,6.9,16.93,NASA POWER
12,2021-03-01,63.9,-2.61,16.76,7.08,15.81,NASA POWER
12,2021-04-01,77.5,-2.9,16.22,6.66,14.74,NASA POWER
12,2021-05-01,108.7,-5.22,12.22,3.5,18.49,NASA POWER
12,2021-06-01,292.7,-2.27,17.63,7.68,16.76,NASA POWER
12,2021-07-01,313.3,-3.38,16.09,6.36,18.84,NASA POWER
12,2021-08-01,352.0,-1.93,15.88,6.98,11.6,NASA POWER
12,2021-09-01,344.6,-3.69,16.79,6.55,19.49,NASA POWER
12,2021-10-01,95.0,-10.21,7.99,-1.11,13.74,NASA POWER
12,2021-11-01,62.3,-11.12,7.38,-1.87,17.22,NASA POWER
12,2021-12-01,101.5,-11.28,8.96,-1.16,21.68,NASA POWER
12,2022-01-01,45.3,-1.85,15.15,6.65,10.69,NASA POWER
12,2022-02-01,91.1,-5.78,14.0,4.11,20.55,NASA POWER
12,2022-03-01,68.6,-2.93,17.26,7.17,20.03,NASA POWER
12,2022-04-01,69.4,-6.16,12.68,3.26,13.99,NASA POWER
12,2022-05-01,115.0,-3.18,14.88,5.85,19.28,NASA POWER
12,2022-06-01,291.1,-3.53,17.16,6.82,15.12,NASA POWER
12,2022-07-01,272.3,-0.77,18.18,8.71,20.13,NASA POWER
12,2022-08-01,277.9,0.12,18.38,9.25,12.66,NASA POWER
12,2022-09-01,301.8,2.07,19.36,10.71,12.5,NASA POWER
12,2022-10-01,59.1,-8.57,9.24,0.33,19.8,NASA POWER
12,2022-11-01,71.2,-11.14,8.88,-1.13,15.32,NASA POWER
12,2022-12-01,72.6,-11.38,8.81,-1.29,17.78,NASA POWER
12,2023-01-01,104.2,0.15,16.98,8.56,20.69,NASA POWER
12,2023-02-01,69.7,-3.71,16.21,6.25,18.72,NASA POWER
12,2023-03-01,107.1,-0.61,17.14,8.27,13.32,NASA POWER
12,2023-04-01,102.3,-5.6,11.0,2.7,20.93,NASA POWER
12,2023-05-01,83.1,-4.98,13.38,4.2,11.5,NASA POWER
12,2023-06-01,354.7,-2.4,18.42,8.01,17.9,NASA POWER
12,2023-07-01,327.0,0.57,20.21,10.39,19.81,NASA POWER
12,2023-08-01,272.2,-3.79,16.62,6.42,10.6,NASA POWER
12,2023-09-01,307.0,-0.56,16.74,8.09,10.24,NASA POWER
12,2023-10-01,61.7,-8.2,11.63,1.72,16.52,NASA POWER
12,2023-11-01,76.4,-8.04,10.25,1.11,18.23,NASA POWER
12,2023-12-01,113.7,-7.28,10.0,1.36,12.72,NASA POWER
12,2024-01-01,99.6,-3.46,16.68,6.61,12.96,NASA POWER
12,2024-02-01,100.9,-1.25,17.51,8.13,14.19,NASA POWER
12,2024-03-01,70.9,-4.96,14.27,4.65,11.6,NASA POWER
12,2024-04-01,94.2,-2.55,15.79,6.62,15.57,NASA POWER
12,2024-05-01,93.4,-4.55,15.02,5.23,19.13,NASA POWER
12,2024-06-01,325.4,-1.87,15.92,7.03,20.59,NASA POWER
12,2024-07-01,328.9,0.35,18.6,9.48,15.12,NASA POWER
12,2024-08-01,304.6,-1.23,19.2,8.98,20.55,NASA POWER
12,2024-09-01,354.9,-1.55,17.12,7.79,21.0,NASA POWER
12,2024-10-01,66.6,-7.06,9.49,1.22,19.93,NASA POWER
12,2024-11-01,98.7,-10.85,6.52,-2.17,19.34,NASA POWER
12,2024-12-01,101.4,-9.54,10.56,0.51,12.92,NASA POWER
13,2014-01-01,233.1,6.22,24.0,15.11,17.54,NASA POWER
13,2014-02-01,200.5,7.04,26.25,16.64,14.28,NASA POWER
13,2014-03-01,226.5,5.73,24.85,15.29,16.61,NASA POWER
13,2014-04-01,230.5,8.34,24.99,16.66,12.83,NASA POWER
13,2014-05-01,237.2,4.57,22.85,13.71,11.74,NASA POWER
13,2014-06-01,526.0,12.74,31.27,22.0,15.01,NASA POWER
13,2014-07-01,550.4,6.78,27.22,17.0,14.69,NASA POWER
13,2014-08-01,536.4,12.56,31.11,21.84,11.95,NASA POWER
13,2014-09-01,726.1,8.25,26.21,17.23,18.43,NASA POWER
13,2014-10-01,174.2,3.17,21.26,12.21,13.08,NASA POWER
13,2014-11-01,221.7,-3.25,17.54,7.14,18.43,NASA POWER
13,2014-12-01,85.5,-4.47,16.54,6.04,16.76,NASA POWER
13,2015-01-01,238.6,7.44,27.11,17.27,18.79,NASA POWER
13,2015-02-01,153.3,7.89,27.72,17.8,15.49,NASA POWER
13,2015-03-01,172.2,4.68,24.9,14.79,15.96,NASA POWER
13,2015-04-01,216.2,6.25,26.63,16.44,16.71,NASA POWER
13,2015-05-01,228.4,4.64,22.66,13.65,16.62,NASA POWER
13,2015-06-01,705.9,6.74,28.0,17.37,14.6,NASA POWER
13,2015-07-01,683.4,10.49,29.49,19.99,18.08,NASA POWER
13,2015-08-01,520.3,8.08,28.46,18.27,16.74,NASA POWER
13,2015-09-01,695.7,10.59,30.02,20.3,17.38,NASA POWER
13,2015-10-01,202.8,0.24,18.54,9.39,14.46,NASA POWER
13,2015-11-01,119.3,-0.95,17.81,8.43,16.28,NASA POWER
13,2015-12-01,160.6,-1.82,14.42,6.3,16.5,NASA POWER
13,2016-01-01,109.0,9.14,25.69,17.41,15.09,NASA POWER
13,2016-02-01,93.7,8.4,27.24,17.82,15.0,NASA POWER
13,2016-03-01,126.6,9.5,28.03,18.77,11.35,NASA POWER
13,2016-04-01,115.3,7.27,25.36,16.31,14.28,NASA POWER
13,2016-05-01,239.7,3.52,22.93,13.22,15.99,NASA POWER
13,2016-06-01,664.8,8.89,25.78,17.34,10.18,NASA POWER
13,2016-07-01,764.6,10.39,29.63,20.01,11.2,NASA POWER
13,2016-08-01,516.8,9.9,28.92,19.41,9.34,NASA POWER
13,2016-09-01,527.2,7.86,27.55,17.71,13.75,NASA POWER
13,2016-10-01,85.3,0.59,19.27,9.93,17.32,NASA POWER
13,2016-11-01,130.7,-0.83,18.02,8.6,19.71,NASA POWER
13,2016-12-01,153.1,0.54,18.81,9.67,15.09,NASA POWER
13,2017-01-01,197.3,5.04,23.69,14.37,13.5,NASA POWER
13,2017-02-01,168.3,7.85,25.58,16.71,16.4,NASA POWER
13,2017-03-01,227.6,6.07,25.16,15.62,12.21,NASA POWER
13,2017-04-01,155.4,5.0,24.22,14.61,9.1,NASA POWER
13,2017-05-01,217.1,3.95,22.35,13.15,11.47,NASA POWER
13,2017-06-01,567.2,8.0,29.07,18.54,11.96,NASA POWER
13,2017-07-01,722.6,6.14,25.53,15.84,9.62,NASA POWER
13,2017-08-01,576.2,8.46,27.1,17.78,9.51,NASA POWER
13,2017-09-01,647.7,7.61,24.95,16.28,12.19,NASA POWER
13,2017-10-01,179.3,-1.0,20.87,9.94,12.47,NASA POWER
13,2017-11-01,186.1,1.83,19.37,10.6,13.04,NASA POWER
13,2017-12-01,163.0,0.25,21.12,10.69,19.34,NASA POWER
13,2018-01-01,145.5,9.42,28.17,18.8,12.91,NASA POWER
13,2018-02-01,208.0,8.26,29.68,18.97,11.56,NASA POWER
13,2018-03-01,227.1,5.05,23.46,14.26,15.35,NASA POWER
13,2018-04-01,234.8,5.01,25.13,15.07,19.14,NASA POWER
13,2018-05-01,185.2,4.29,23.61,13.95,9.22,NASA POWER
13,2018-06-01,614.5,9.05,28.08,18.56,16.11,NASA POWER
13,2018-07-01,544.8,7.96,25.92,16.94,12.88,NASA POWER
13,2018-08-01,549.2,10.63,29.77,20.2,19.68,NASA POWER
13,2018-09-01,756.6,10.58,28.22,19.4,14.13,NASA POWER
13,2018-10-01,119.2,-2.78,17.49,7.35,11.65,NASA POWER
13,2018-11-01,204.9,2.33,21.59,11.96,10.3,NASA POWER
13,2018-12-01,167.4,-1.85,15.82,6.99,10.65,NASA POWER
13,2019-01-01,174.4,9.96,27.57,18.77,13.13,NASA POWER
13,2019-02-01,111.1,8.57,26.55,17.56,12.61,NASA POWER
13,2019-03-01,99.3,6.33,24.63,15.48,15.74,NASA POWER
13,2019-04-01,236.4,7.72,25.77,16.75,17.14,NASA POWER
13,2019-05-01,97.9,5.22,23.23,14.22,19.55,NASA POWER
13,2019-06-01,569.5,7.45,29.26,18.36,17.27,NASA POWER
13,2019-07-01,538.0,10.36,29.06,19.71,16.31,NASA POWER
13,2019-08-01,732.6,7.0,28.09,17.55,12.23,NASA POWER
13,2019-09-01,555.9,6.98,26.47,16.73,10.92,NASA POWER
13,2019-10-01,90.3,3.07,21.75,12.41,14.65,NASA POWER
13,2019-11-01,199.2,-3.89,15.19,5.65,13.71,NASA POWER
13,2019-12-01,137.6,0.78,19.71,10.25,11.61,NASA POWER
13,2020-01-01,212.1,4.72,23.54,14.13,11.55,NASA POWER
13,2020-02-01,186.5,8.02,27.54,17.78,11.39,NASA POWER
13,2020-03-01,83.4,9.78,27.39,18.59,17.74,NASA POWER
13,2020-04-01,198.0,7.56,27.25,17.41,12.31,NASA POWER
13,2020-05-01,221.1,7.87,27.4,17.63,11.29,NASA POWER
13,2020-06-01,561.6,8.43,25.9,17.16,12.67,NASA POWER
13,2020-07-01,553.5,11.41,30.03,20.72,13.38,NASA POWER
13,2020-08-01,673.5,8.84,28.92,18.88,14.71,NASA POWER
13,2020-09-01,609.7,9.61,28.99,19.3,19.13,NASA POWER
13,2020-10-01,135.5,1.14,21.9,11.52,12.19,NASA POWER
13,2020-11-01,107.9,-0.96,17.72,8.38,10.0,NASA POWER
13,2020-12-01,228.1,-1.28,16.93,7.83,11.32,NASA POWER
13,2021-01-01,180.4,9.78,28.93,19.36,14.48,NASA POWER
13,2021-02-01,229.9,4.98,25.3,15.14,9.28,NASA POWER
13,2021-03-01,93.9,8.32,25.48,16.9,15.25,NASA POWER
13,2021-04-01,235.4,6.06,25.14,15.6,10.14,NASA POWER
13,2021-05-01,85.4,4.43,23.91,14.17,13.47,NASA POWER
13,2021-06-01,513.5,9.25,28.88,19.06,19.04,NASA POWER
13,2021-07-01,631.9,6.5,27.48,16.99,10.27,NASA POWER
13,2021-08-01,553.3,5.31,24.35,14.83,9.58,NASA POWER
13,2021-09-01,627.0,7.47,25.63,16.55,18.04,NASA POWER
13,2021-10-01,162.1,2.81,19.75,11.28,11.77,NASA POWER
13,2021-11-01,111.9,-0.12,17.91,8.89,13.74,NASA POWER
13,2021-12-01,149.0,-3.61,17.89,7.14,13.53,NASA POWER
13,2022-01-01,217.5,9.15,28.33,18.74,15.94,NASA POWER
13,2022-02-01,233.2,5.75,24.14,14.95,10.91,NASA POWER
13,2022-03-01,218.6,6.31,23.49,14.9,16.64,NASA POWER
13,2022-04-01,178.9,4.95,23.63,14.29,14.29,NASA POWER
13,2022-05-01,162.9,6.65,24.18,15.41,14.88,NASA POWER
13,2022-06-01,728.9,9.41,28.72,19.06,14.29,NASA POWER
13,2022-07-01,655.0,7.39,25.81,16.6,18.48,NASA POWER
13,2022-08-01,645.2,6.97,26.33,16.65,11.6,NASA POWER
13,2022-09-01,632.5,8.26,27.48,17.87,9.04,NASA POWER
13,2022-10-01,204.1,2.62,20.34,11.48,14.51,NASA POWER
13,2022-11-01,219.4,1.25,18.27,9.76,15.38,NASA POWER
13,2022-12-01,94.9,-1.97,17.13,7.58,17.03,NASA POWER
13,2023-01-01,116.8,7.78,26.3,17.04,17.48,NASA POWER
13,2023-02-01,91.6,10.55,28.49,19.52,9.23,NASA POWER
13,2023-03-01,239.0,6.42,27.72,17.07,10.42,NASA POWER
13,2023-04-01,158.5,6.4,25.53,15.96,11.95,NASA POWER
13,2023-05-01,95.8,4.14,22.39,13.27,18.45,NASA POWER
13,2023-06-01,530.3,10.48,28.82,19.65,19.72,NASA POWER
13,2023-07-01,566.0,10.64,29.96,20.3,14.14,NASA POWER
13,2023-08-01,567.7,5.66,24.96,15.31,14.1,NASA POWER
13,2023-09-01,557.8,10.12,27.36,18.74,9.53,NASA POWER
13,2023-10-01,209.6,0.19,19.39,9.79,18.11,NASA POWER
13,2023-11-01,128.7,0.4,19.38,9.89,12.79,NASA POWER
13,2023-12-01,188.3,-3.61,17.14,6.77,16.75,NASA POWER
13,2024-01-01,134.7,5.42,23.77,14.59,9.98,NASA POWER
13,2024-02-01,151.7,8.79,27.6,18.2,15.77,NASA POWER
13,2024-03-01,110.3,6.19,25.64,15.92,18.79,NASA POWER
13,2024-04-01,216.9,7.1,23.8,15.45,18.24,NASA POWER
13,2024-05-01,180.6,6.41,25.45,15.93,18.27,NASA POWER
13,2024-06-01,731.0,10.38,29.09,19.73,11.35,NASA POWER
13,2024-07-01,659.1,9.06,28.72,18.89,11.4,NASA POWER
13,2024-08-01,706.5,8.58,26.55,17.57,15.32,NASA POWER
13,2024-09-01,683.8,6.49,27.16,16.82,13.1,NASA POWER
13,2024-10-01,86.3,2.77,21.38,12.07,10.63,NASA POWER
13,2024-11-01,191.1,3.04,20.64,11.84,11.36,NASA POWER
13,2024-12-01,154.8,-1.97,16.13,7.08,14.93,NASA POWER
14,2014-01-01,147.8,12.63,32.36,22.5,14.78,NASA POWER
14,2014-02-01,176.2,12.7,32.11,22.41,20.42,NASA POWER
14,2014-03-01,100.5,8.94,28.15,18.54,13.66,NASA POWER
14,2014-04-01,174.6,10.88,30.16,20.52,20.87,NASA POWER
14,2014-05-01,196.6,5.9,25.51,15.71,22.46,NASA POWER
14,2014-06-01,496.6,15.2,33.87,24.53,21.97,NASA POWER
14,2014-07-01,453.0,13.91,32.88,23.4,17.76,NASA POWER
14,2014-08-01,596.1,10.68,30.84,20.76,14.18,NASA POWER
14,2014-09-01,580.0,12.47,32.2,22.34,22.67,NASA POWER
14,2014-10-01,87.3,5.41,21.85,13.63,22.15,NASA POWER
14,2014-11-01,100.9,2.53,24.34,13.44,15.71,NASA POWER
14,2014-12-01,99.6,5.58,22.27,13.93,21.19,NASA POWER
14,2015-01-01,206.1,10.89,28.18,19.54,17.36,NASA POWER
14,2015-02-01,136.6,9.34,27.97,18.66,18.29,NASA POWER
14,2015-03-01,185.5,8.45,28.46,18.45,17.74,NASA POWER
14,2015-04-01,162.6,10.26,27.11,18.68,11.44,NASA POWER
14,2015-05-01,80.7,11.13,28.54,19.84,23.73,NASA POWER
14,2015-06-01,661.9,14.39,32.94,23.66,15.1,NASA POWER
14,2015-07-01,581.5,10.16,29.15,19.66,13.32,NASA POWER
14,2015-08-01,524.5,13.37,34.17,23.77,18.95,NASA POWER
14,2015-09-01,550.0,14.78,34.46,24.62,12.23,NASA POWER
14,2015-10-01,200.9,7.21,26.68,16.95,13.77,NASA POWER
14,2015-11-01,134.8,6.11,23.75,14.93,22.32,NASA POWER
14,2015-12-01,204.2,2.44,19.19,10.82,20.22,NASA POWER
14,2016-01-01,85.9,10.14,27.12,18.63,23.91,NASA POWER
14,2016-02-01,77.8,10.3,29.89,20.09,17.73,NASA POWER
14,2016-03-01,124.2,10.58,29.56,20.07,24.12,NASA POWER
14,2016-04-01,143.9,7.95,28.35,18.15,12.43,NASA POWER
14,2016-05-01,145.1,7.33,25.65,16.49,14.39,NASA POWER
14,2016-06-01,500.5,11.72,31.03,21.38,11.12,NASA POWER
14,2016-07-01,655.5,10.92,32.5,21.71,20.81,NASA POWER
14,2016-08-01,621.5,12.24,31.02,21.63,20.25,NASA POWER
14,2016-09-01,448.7,14.52,33.31,23.91,14.38,NASA POWER
14,2016-10-01,162.3,6.41,25.02,15.71,18.9,NASA POWER
14,2016-11-01,192.6,5.34,22.96,14.15,19.25,NASA POWER
14,2016-12-01,72.1,3.28,20.34,11.81,21.11,NASA POWER
14,2017-01-01,170.8,12.98,32.35,22.66,19.3,NASA POWER
14,2017-02-01,159.0,10.21,27.63,18.92,13.58,NASA POWER
14,2017-03-01,173.4,8.69,26.51,17.6,16.3,NASA POWER
14,2017-04-01,185.2,11.85,31.09,21.47,14.95,NASA POWER
14,2017-05-01,190.6,10.6,30.85,20.73,14.75,NASA POWER
14,2017-06-01,655.4,11.74,30.71,21.23,23.68,NASA POWER
14,2017-07-01,519.1,12.3,33.49,22.9,19.8,NASA POWER
14,2017-08-01,592.8,11.43,29.45,20.44,15.88,NASA POWER
14,2017-09-01,587.7,13.01,32.16,22.58,21.88,NASA POWER
14,2017-10-01,185.6,4.78,25.15,14.96,14.38,NASA POWER
14,2017-11-01,91.0,4.47,22.89,13.68,11.21,NASA POWER
14,2017-12-01,124.9,3.21,22.88,13.04,12.71,NASA POWER
14,2018-01-01,86.0,10.32,29.91,20.12,21.41,NASA POWER
14,2018-02-01,140.1,12.85,32.79,22.82,16.13,NASA POWER
14,2018-03-01,88.3,10.28,29.47,19.88,19.31,NASA POWER
14,2018-04-01,150.3,6.31,27.03,16.67,18.0,NASA POWER
14,2018-05-01,164.6,6.62,24.67,15.65,14.86,NASA POWER
14,2018-06-01,489.6,14.57,34.01,24.29,18.2,NASA POWER
14,2018-07-01,495.7,14.62,34.1,24.36,15.46,NASA POWER
14,2018-08-01,466.7,10.82,32.03,21.43,20.18,NASA POWER
14,2018-09-01,596.5,12.85,33.17,23.01,11.76,NASA POWER
14,2018-10-01,192.4,4.91,25.21,15.06,13.48,NASA POWER
14,2018-11-01,199.0,1.63,22.17,11.9,13.8,NASA POWER
14,2018-12-01,118.3,2.23,21.99,12.11,20.7,NASA POWER
14,2019-01-01,105.0,10.84,31.45,21.14,13.51,NASA POWER
14,2019-02-01,123.4,12.91,30.48,21.7,12.83,NASA POWER
14,2019-03-01,169.5,8.4,29.38,18.89,24.19,NASA POWER
14,2019-04-01,168.4,8.22,28.84,18.53,20.19,NASA POWER
14,2019-05-01,111.1,9.93,27.11,18.52,19.84,NASA POWER
14,2019-06-01,493.2,13.89,31.56,22.73,20.23,NASA POWER
14,2019-07-01,666.4,11.31,31.89,21.6,22.14,NASA POWER
14,2019-08-01,655.8,14.32,31.51,22.91,17.06,NASA POWER
14,2019-09-01,563.6,11.24,31.22,21.23,14.15,NASA POWER
14,2019-10-01,97.1,4.38,22.4,13.39,21.02,NASA POWER
14,2019-11-01,174.8,3.58,24.03,13.8,18.52,NASA POWER
14,2019-12-01,126.3,3.77,24.57,14.17,18.24,NASA POWER
14,2020-01-01,77.4,12.01,30.6,21.3,13.4,NASA POWER
14,2020-02-01,90.5,14.27,31.73,23.0,20.17,NASA POWER
14,2020-03-01,170.3,10.15,28.88,19.52,23.79,NASA POWER
14,2020-04-01,141.0,10.8,30.05,20.43,22.78,NASA POWER
14,2020-05-01,205.7,8.25,27.24,17.74,23.82,NASA POWER
14,2020-06-01,450.8,12.34,29.88,21.11,11.8,NASA POWER
14,2020-07-01,582.5,13.88,32.67,23.28,20.67,NASA POWER
14,2020-08-01,652.5,15.46,32.98,24.22,20.62,NASA POWER
14,2020-09-01,593.4,10.42,29.19,19.8,23.95,NASA POWER
14,2020-10-01,159.7,7.27,26.55,16.91,19.3,NASA POWER
14,2020-11-01,176.4,3.95,25.51,14.73,17.68,NASA POWER
14,2020-12-01,80.9,2.71,22.48,12.6,23.82,NASA POWER
14,2021-01-01,147.7,10.59,29.55,20.07,20.32,NASA POWER
14,2021-02-01,98.8,10.21,30.04,20.12,15.36,NASA POWER
14,2021-03-01,142.3,10.19,29.05,19.62,13.92,NASA POWER
14,2021-04-01,130.2,13.39,31.4,22.39,19.0,NASA POWER
14,2021-05-01,171.5,5.89,26.34,16.11,20.54,NASA POWER
14,2021-06-01,668.6,12.96,33.31,23.14,16.05,NASA POWER
14,2021-07-01,651.9,9.29,30.15,19.72,15.14,NASA POWER
14,2021-08-01,497.8,12.09,30.66,21.38,13.76,NASA POWER
14,2021-09-01,467.2,13.16,32.21,22.69,20.68,NASA POWER
14,2021-10-01,164.0,2.69,21.75,12.22,15.21,NASA POWER
14,2021-11-01,128.4,3.27,23.04,13.15,17.36,NASA POWER
14,2021-12-01,156.2,4.85,23.34,14.09,16.25,NASA POWER
14,2022-01-01,70.3,9.02,28.22,18.62,20.67,NASA POWER
14,2022-02-01,77.6,9.31,26.95,18.13,13.26,NASA POWER
14,2022-03-01,145.0,7.64,28.68,18.16,11.38,NASA POWER
14,2022-04-01,120.1,9.89,30.37,20.13,11.12,NASA POWER
14,2022-05-01,169.5,10.9,29.22,20.06,17.41,NASA POWER
14,2022-06-01,477.0,14.66,32.29,23.48,14.65,NASA POWER
14,2022-07-01,474.7,13.56,31.22,22.39,14.85,NASA POWER
14,2022-08-01,474.6,14.05,35.45,24.75,22.48,NASA POWER
14,2022-09-01,564.0,14.21,34.41,24.31,12.59,NASA POWER
14,2022-10-01,125.5,5.86,22.68,14.27,12.95,NASA POWER
14,2022-11-01,85.8,5.0,22.32,13.66,13.23,NASA POWER
14,2022-12-01,176.3,2.88,21.75,12.31,20.74,NASA POWER
14,2023-01-01,140.9,11.04,31.26,21.15,23.68,NASA POWER
14,2023-02-01,132.2,7.5,27.11,17.3,15.58,NASA POWER
14,2023-03-01,127.5,11.71,29.81,20.76,22.83,NASA POWER
14,2023-04-01,102.3,8.64,26.26,17.45,11.38,NASA POWER
14,2023-05-01,108.9,6.31,25.4,15.85,19.21,NASA POWER
14,2023-06-01,629.3,14.11,33.24,23.68,14.02,NASA POWER
14,2023-07-01,545.8,14.97,33.63,24.3,19.63,NASA POWER
14,2023-08-01,627.4,14.07,34.11,24.09,16.77,NASA POWER
14,2023-09-01,643.4,14.42,35.82,25.12,11.24,NASA POWER
14,2023-10-01,106.5,5.48,24.1,14.79,24.03,NASA POWER
14,2023-11-01,198.3,4.11,23.87,13.99,16.6,NASA POWER
14,2023-12-01,143.1,4.03,22.84,13.44,17.12,NASA POWER
14,2024-01-01,147.9,11.94,29.54,20.74,13.93,NASA POWER
14,2024-02-01,106.0,10.87,29.46,20.16,11.12,NASA POWER
14,2024-03-01,135.8,12.0,28.95,20.48,19.18,NASA POWER
14,2024-04-01,203.5,8.58,29.8,19.19,11.71,NASA POWER
14,2024-05-01,129.5,9.15,27.36,18.25,22.18,NASA POWER
14,2024-06-01,450.8,11.83,33.01,22.42,14.06,NASA POWER
14,2024-07-01,597.4,16.16,33.47,24.81,11.64,NASA POWER
14,2024-08-01,573.7,13.24,31.95,22.59,22.0,NASA POWER
14,2024-09-01,476.7,14.63,32.99,23.81,20.67,NASA POWER
14,2024-10-01,79.0,6.01,26.09,16.05,15.83,NASA POWER
14,2024-11-01,98.1,7.01,23.17,15.09,18.52,NASA POWER
14,2024-12-01,129.8,0.75,19.69,10.22,23.46,NASA POWER
15,2014-01-01,103.8,14.12,31.73,22.93,12.88,NASA POWER
15,2014-02-01,100.6,11.04,31.43,21.23,23.62,NASA POWER
15,2014-03-01,155.0,9.74,28.82,19.28,23.39,NASA POWER
15,2014-04-01,95.8,10.14,30.96,20.55,16.31,NASA POWER
15,2014-05-01,150.7,7.35,26.59,16.97,18.24,NASA POWER
15,2014-06-01,624.7,13.73,31.12,22.43,23.22,NASA POWER
15,2014-07-01,617.2,12.11,31.05,21.58,11.3,NASA POWER
15,2014-08-01,623.9,16.19,35.07,25.63,19.21,NASA POWER
15,2014-09-01,463.5,9.62,29.69,19.66,11.2,NASA POWER
15,2014-10-01,203.2,5.23,25.21,15.22,21.53,NASA POWER
15,2014-11-01,158.9,7.17,26.71,16.94,14.16,NASA POWER
15,2014-12-01,147.3,3.01,20.95,11.98,18.08,NASA POWER
15,2015-01-01,89.3,9.04,30.2,19.62,20.41,NASA POWER
15,2015-02-01,143.1,8.72,27.17,17.95,22.89,NASA POWER
15,2015-03-01,167.2,13.31,30.13,21.72,19.47,NASA POWER
15,2015-04-01,138.3,10.16,30.6,20.38,12.16,NASA POWER
15,2015-05-01,148.1,8.85,27.25,18.05,11.51,NASA POWER
15,2015-06-01,631.4,14.35,32.8,23.57,18.94,NASA POWER
15,2015-07-01,641.2,14.44,35.42,24.93,14.08,NASA POWER
15,2015-08-01,559.9,10.92,29.47,20.2,22.05,NASA POWER
15,2015-09-01,550.8,13.54,31.3,22.42,18.47,NASA POWER
15,2015-10-01,92.1,3.87,22.23,13.05,13.51,NASA POWER
15,2015-11-01,171.0,4.81,23.59,14.2,11.39,NASA POWER
15,2015-12-01,91.1,3.49,24.36,13.93,15.2,NASA POWER
15,2016-01-01,124.5,11.54,30.16,20.85,19.62,NASA POWER
15,2016-02-01,102.6,11.7,28.78,20.24,17.48,NASA POWER
15,2016-03-01,130.3,10.81,27.99,19.4,18.63,NASA POWER
15,2016-04-01,186.0,11.67,30.76,21.21,24.09,NASA POWER
15,2016-05-01,96.8,9.47,29.71,19.59,18.08,NASA POWER
15,2016-06-01,618.8,11.08,31.92,21.5,15.29,NASA POWER
15,2016-07-01,566.8,10.87,31.81,21.34,21.7,NASA POWER
15,2016-08-01,620.6,13.85,34.08,23.96,14.63,NASA POWER
15,2016-09-01,608.2,11.88,32.31,22.1,17.35,NASA POWER
15,2016-10-01,82.4,5.61,25.03,15.32,21.26,NASA POWER
15,2016-11-01,98.2,5.12,25.51,15.32,17.02,NASA POWER
15,2016-12-01,105.7,3.12,20.91,12.02,20.53,NASA POWER
15,2017-01-01,119.6,13.1,34.45,23.78,15.65,NASA POWER
15,2017-02-01,108.4,9.27,29.63,19.45,14.17,NASA POWER
15,2017-03-01,133.4,9.67,28.12,18.89,16.57,NASA POWER
15,2017-04-01,147.1,12.14,31.67,21.91,15.86,NASA POWER
15,2017-05-01,204.3,10.17,27.92,19.05,18.04,NASA POWER
15,2017-06-01,556.1,12.73,32.26,22.49,14.21,NASA POWER
15,2017-07-01,549.9,15.8,33.33,24.56,12.17,NASA POWER
15,2017-08-01,628.8,13.89,32.58,23.23,23.36,NASA POWER
15,2017-09-01,623.3,12.96,34.6,23.78,17.13,NASA POWER
15,2017-10-01,107.8,3.79,25.08,14.43,20.35,NASA POWER
15,2017-11-01,87.3,1.63,20.26,10.95,13.5,NASA POWER
15,2017-12-01,116.3,5.85,24.09,14.97,17.68,NASA POWER
15,2018-01-01,177.4,11.82,32.03,21.93,15.07,NASA POWER
15,2018-02-01,98.0,7.98,28.81,18.39,12.83,NASA POWER
15,2018-03-01,167.8,9.96,29.88,19.92,19.25,NASA POWER
15,2018-04-01,142.8,9.73,28.99,19.36,19.06,NASA POWER
15,2018-05-01,99.3,9.64,28.87,19.26,12.87,NASA POWER
15,2018-06-01,596.9,13.06,33.88,23.47,21.21,NASA POWER
15,2018-07-01,563.8,13.97,35.11,24.54,15.05,NASA POWER
15,2018-08-01,491.3,14.02,31.32,22.67,17.13,NASA POWER
15,2018-09-01,635.0,14.58,32.87,23.72,17.28,NASA POWER
15,2018-10-01,85.9,3.59,20.31,11.95,21.79,NASA POWER
15,2018-11-01,209.9,3.54,20.5,12.02,20.43,NASA POWER
15,2018-12-01,166.1,2.45,21.05,11.75,19.5,NASA POWER
15,2019-01-01,201.8,11.7,28.24,19.97,22.47,NASA POWER
15,2019-02-01,88.1,9.43,29.25,19.34,21.88,NASA POWER
15,2019-03-01,132.2,10.21,29.49,19.85,13.12,NASA POWER
15,2019-04-01,201.6,10.32,28.29,19.3,21.01,NASA POWER
15,2019-05-01,177.6,10.6,27.38,18.99,21.76,NASA POWER
15,2019-06-01,669.0,13.11,34.15,23.63,18.37,NASA POWER
15,2019-07-01,465.6,13.99,32.36,23.18,21.72,NASA POWER
15,2019-08-01,502.9,14.34,30.92,22.63,21.32,NASA POWER
15,2019-09-01,671.0,12.1,33.53,22.82,22.69,NASA POWER
15,2019-10-01,124.0,4.18,22.07,13.12,19.99,NASA POWER
15,2019-11-01,94.1,5.33,22.5,13.91,14.01,NASA POWER
15,2019-12-01,170.1,1.04,21.05,11.04,21.15,NASA POWER
15,2020-01-01,199.2,11.68,31.78,21.73,23.11,NASA POWER
15,2020-02-01,117.3,14.1,33.61,23.86,13.57,NASA POWER
15,2020-03-01,170.7,10.28,29.22,19.75,17.86,NASA POWER
15,2020-04-01,142.8,8.31,26.35,17.33,23.48,NASA POWER
15,2020-05-01,111.9,9.46,27.63,18.55,14.65,NASA POWER
15,2020-06-01,621.7,14.54,32.59,23.57,19.81,NASA POWER
15,2020-07-01,503.2,11.19,30.24,20.71,13.75,NASA POWER
15,2020-08-01,478.6,11.22,31.03,21.12,12.21,NASA POWER
15,2020-09-01,520.2,14.14,31.18,22.66,19.76,NASA POWER
15,2020-10-01,73.8,1.85,21.88,11.87,11.1,NASA POWER
15,2020-11-01,176.6,1.24,20.46,10.85,18.03,NASA POWER
15,2020-12-01,88.9,3.68,21.27,12.47,19.82,NASA POWER
15,2021-01-01,202.4,12.57,32.62,22.59,21.71,NASA POWER
15,2021-02-01,186.8,11.09,29.28,20.19,16.61,NASA POWER
15,2021-03-01,80.4,9.83,30.72,20.27,16.88,NASA POWER
15,2021-04-01,180.1,10.03,31.14,20.59,22.24,NASA POWER
15,2021-05-01,104.6,9.44,29.49,19.46,18.02,NASA POWER
15,2021-06-01,499.5,13.44,32.62,23.03,16.75,NASA POWER
15,2021-07-01,650.8,12.65,32.03,22.34,19.62,NASA POWER
15,2021-08-01,631.2,13.62,34.02,23.82,19.71,NASA POWER
15,2021-09-01,556.2,14.88,33.47,24.18,18.45,NASA POWER
15,2021-10-01,118.0,4.21,23.08,13.64,11.21,NASA POWER
15,2021-11-01,124.7,6.97,25.2,16.09,22.49,NASA POWER
15,2021-12-01,83.5,1.81,21.65,11.73,16.42,NASA POWER
15,2022-01-01,177.9,9.59,28.57,19.08,17.07,NASA POWER
15,2022-02-01,79.0,12.51,31.67,22.09,12.89,NASA POWER
15,2022-03-01,75.5,11.45,32.58,22.02,16.93,NASA POWER
15,2022-04-01,99.2,8.92,27.42,18.17,12.61,NASA POWER
15,2022-05-01,178.1,10.9,30.63,20.77,13.1,NASA POWER
15,2022-06-01,631.1,11.95,30.75,21.35,21.28,NASA POWER
15,2022-07-01,608.6,12.56,32.26,22.41,21.12,NASA POWER
15,2022-08-01,597.1,12.34,31.51,21.93,21.18,NASA POWER
15,2022-09-01,524.2,10.25,30.17,20.21,11.13,NASA POWER
15,2022-10-01,186.3,4.99,26.81,15.9,11.51,NASA POWER
15,2022-11-01,184.1,3.86,23.95,13.9,17.22,NASA POWER
15,2022-12-01,138.9,1.96,21.13,11.54,18.41,NASA POWER
15,2023-01-01,145.2,12.99,31.06,22.02,15.04,NASA POWER
15,2023-02-01,87.4,11.49,28.47,19.98,19.86,NASA POWER
15,2023-03-01,172.8,12.21,30.03,21.12,20.65,NASA POWER
15,2023-04-01,120.2,7.82,26.61,17.21,21.54,NASA POWER
15,2023-05-01,83.4,10.84,28.24,19.54,13.07,NASA POWER
15,2023-06-01,457.3,11.75,28.95,20.35,24.04,NASA POWER
15,2023-07-01,566.8,13.76,34.37,24.06,19.2,NASA POWER
15,2023-08-01,521.8,14.54,33.6,24.07,16.84,NASA POWER
15,2023-09-01,644.0,16.13,34.04,25.09,13.89,NASA POWER
15,2023-10-01,193.4,4.46,22.65,13.55,21.11,NASA POWER
15,2023-11-01,118.8,2.86,22.25,12.55,16.84,NASA POWER
15,2023-12-01,151.2,4.52,22.61,13.56,11.18,NASA POWER
15,2024-01-01,70.7,11.76,30.91,21.34,19.75,NASA POWER
15,2024-02-01,91.8,13.91,31.8,22.86,14.33,NASA POWER
15,2024-03-01,90.5,10.63,29.18,19.91,19.47,NASA POWER
15,2024-04-01,111.7,9.43,27.95,18.69,22.9,NASA POWER
15,2024-05-01,189.1,10.49,28.35,19.42,13.76,NASA POWER
15,2024-06-01,509.9,13.6,30.27,21.93,22.82,NASA POWER
15,2024-07-01,577.2,12.59,34.29,23.44,17.66,NASA POWER
15,2024-08-01,526.6,10.36,31.0,20.68,16.39,NASA POWER
15,2024-09-01,603.3,12.48,32.51,22.49,12.4,NASA POWER
15,2024-10-01,193.5,5.37,23.72,14.54,18.99,NASA POWER
15,2024-11-01,119.9,0.73,22.18,11.46,16.79,NASA POWER
15,2024-12-01,201.9,2.72,23.85,13.29,23.0,NASA POWER
16,2014-01-01,86.1,12.52,29.48,21.0,18.69,NASA POWER
16,2014-02-01,159.0,8.22,28.78,18.5,20.28,NASA POWER
16,2014-03-01,192.8,9.99,31.29,20.64,13.02,NASA POWER
16,2014-04-01,143.9,9.87,29.01,19.44,23.81,NASA POWER
16,2014-05-01,76.3,10.53,30.16,20.34,16.05,NASA POWER
16,2014-06-01,477.5,15.89,34.65,25.27,16.49,NASA POWER
16,2014-07-01,558.3,11.3,28.95,20.12,20.68,NASA POWER
16,2014-08-01,657.7,12.3,30.7,21.5,23.61,NASA POWER
16,2014-09-01,495.0,11.92,31.84,21.88,18.54,NASA POWER
16,2014-10-01,156.9,5.52,24.68,15.1,11.36,NASA POWER
16,2014-11-01,86.7,0.98,21.37,11.18,16.21,NASA POWER
16,2014-12-01,107.1,3.01,23.13,13.07,12.63,NASA POWER
16,2015-01-01,135.1,8.99,28.3,18.64,22.51,NASA POWER
16,2015-02-01,95.7,8.52,28.3,18.41,21.22,NASA POWER
16,2015-03-01,118.7,13.21,32.04,22.62,21.71,NASA POWER
16,2015-04-01,121.6,10.08,27.62,18.85,18.11,NASA POWER
16,2015-05-01,155.3,7.56,27.27,17.41,23.02,NASA POWER
16,2015-06-01,565.7,11.28,29.48,20.38,13.9,NASA POWER
16,2015-07-01,566.9,14.23,34.24,24.23,16.1,NASA POWER
16,2015-08-01,592.0,13.11,31.25,22.18,17.4,NASA POWER
16,2015-09-01,574.6,13.16,32.21,22.69,20.48,NASA POWER
16,2015-10-01,110.5,3.56,21.52,12.54,23.86,NASA POWER
16,2015-11-01,157.5,2.45,19.99,11.22,22.53,NASA POWER
16,2015-12-01,197.1,3.9,22.32,13.11,11.18,NASA POWER
16,2016-01-01,190.1,14.42,33.57,24.0,19.19,NASA POWER
16,2016-02-01,148.8,9.56,29.92,19.74,15.89,NASA POWER
16,2016-03-01,153.1,11.65,28.82,20.23,11.31,NASA POWER
16,2016-04-01,99.2,9.32,27.65,18.48,18.72,NASA POWER
16,2016-05-01,160.1,8.35,26.31,17.33,17.21,NASA POWER
16,2016-06-01,626.0,15.56,34.78,25.17,19.38,NASA POWER
16,2016-07-01,621.7,14.1,33.86,23.98,13.83,NASA POWER
16,2016-08-01,529.3,14.17,32.77,23.47,13.13,NASA POWER
16,2016-09-01,496.8,13.86,32.86,23.36,13.5,NASA POWER
16,2016-10-01,180.6,3.71,21.31,12.51,13.01,NASA POWER
16,2016-11-01,125.3,1.27,20.89,11.08,14.21,NASA POWER
16,2016-12-01,87.1,-0.73,20.49,9.88,12.82,NASA POWER
16,2017-01-01,115.7,10.4,29.32,19.86,15.64,NASA POWER
16,2017-02-01,186.5,10.5,30.56,20.53,20.06,NASA POWER
16,2017-03-01,153.0,11.68,30.94,21.31,13.41,NASA POWER
16,2017-04-01,105.6,10.39,31.19,20.79,21.81,NASA POWER
16,2017-05-01,179.5,6.23,24.55,15.39,14.12,NASA POWER
16,2017-06-01,637.7,13.57,33.16,23.36,16.54,NASA POWER
16,2017-07-01,461.2,10.25,30.27,20.26,17.45,NASA POWER
16,2017-08-01,462.8,12.46,29.44,20.95,18.8,NASA POWER
16,2017-09-01,520.7,14.79,32.66,23.72,16.1,NASA POWER
16,2017-10-01,131.9,6.74,24.35,15.55,12.68,NASA POWER
16,2017-11-01,109.2,3.01,21.89,12.45,12.43,NASA POWER
16,2017-12-01,112.9,1.89,23.45,12.67,23.41,NASA POWER
16,2018-01-01,93.1,13.86,29.98,21.92,23.37,NASA POWER
16,2018-02-01,86.7,10.21,29.44,19.83,17.21,NASA POWER
16,2018-03-01,90.0,7.54,27.69,17.62,18.92,NASA POWER
16,2018-04-01,164.8,8.69,25.76,17.23,14.48,NASA POWER
16,2018-05-01,183.7,8.1,26.44,17.27,12.6,NASA POWER
16,2018-06-01,544.7,13.75,32.65,23.2,15.18,NASA POWER
16,2018-07-01,620.5,15.16,33.41,24.28,21.17,NASA POWER
16,2018-08-01,663.8,10.89,30.14,20.52,11.96,NASA POWER
16,2018-09-01,529.6,13.6,34.17,23.89,11.76,NASA POWER
16,2018-10-01,156.3,4.6,23.36,13.98,14.52,NASA POWER
16,2018-11-01,209.7,4.7,21.58,13.14,16.3,NASA POWER
16,2018-12-01,76.7,2.72,21.71,12.21,19.32,NASA POWER
16,2019-01-01,102.4,15.18,33.94,24.56,12.25,NASA POWER
16,2019-02-01,103.2,11.31,29.8,20.55,23.76,NASA POWER
16,2019-03-01,82.3,9.66,29.07,19.37,18.15,NASA POWER
16,2019-04-01,87.5,7.48,26.62,17.05,15.94,NASA POWER
16,2019-05-01,163.3,12.1,28.92,20.51,12.56,NASA POWER
16,2019-06-01,574.4,12.99,33.41,23.2,13.21,NASA POWER
16,2019-07-01,550.4,11.6,30.59,21.09,12.67,NASA POWER
16,2019-08-01,568.0,10.2,28.41,19.3,18.8,NASA POWER
16,2019-09-01,521.8,11.77,32.29,22.03,15.9,NASA POWER
16,2019-10-01,76.8,7.73,24.77,16.25,18.4,NASA POWER
16,2019-11-01,171.1,3.79,23.18,13.48,17.26,NASA POWER
16,2019-12-01,111.3,4.19,21.81,13.0,22.35,NASA POWER
16,2020-01-01,121.2,11.72,29.89,20.8,13.0,NASA POWER
16,2020-02-01,209.1,12.18,32.01,22.09,13.63,NASA POWER
16,2020-03-01,183.8,10.26,30.87,20.57,13.59,NASA POWER
16,2020-04-01,152.6,13.03,31.05,22.04,19.34,NASA POWER
16,2020-05-01,132.7,9.05,30.33,19.69,18.29,NASA POWER
16,2020-06-01,550.1,12.14,30.26,21.2,13.41,NASA POWER
16,2020-07-01,485.5,12.61,33.07,22.84,20.84,NASA POWER
16,2020-08-01,512.0,12.07,30.36,21.21,16.11,NASA POWER
16,2020-09-01,543.9,12.03,32.68,22.36,15.72,NASA POWER
16,2020-10-01,147.8,3.92,21.11,12.52,22.77,NASA POWER
16,2020-11-01,150.2,1.81,21.37,11.59,15.46,NASA POWER
16,2020-12-01,172.8,5.09,22.93,14.01,12.12,NASA POWER
16,2021-01-01,134.9,12.99,30.35,21.67,16.93,NASA POWER
16,2021-02-01,118.0,10.48,30.58,20.53,22.64,NASA POWER
16,2021-03-01,118.6,11.12,29.43,20.27,15.78,NASA POWER
16,2021-04-01,192.2,12.93,29.68,21.3,16.89,NASA POWER
16,2021-05-01,126.5,9.28,28.33,18.8,11.51,NASA POWER
16,2021-06-01,464.3,14.89,34.22,24.55,22.92,NASA POWER
16,2021-07-01,581.9,10.6,28.27,19.43,13.36,NASA POWER
16,2021-08-01,542.5,12.52,31.98,22.25,17.54,NASA POWER
16,2021-09-01,605.4,12.66,31.61,22.13,11.99,NASA POWER
16,2021-10-01,178.5,6.56,23.78,15.17,19.75,NASA POWER
16,2021-11-01,126.7,6.09,24.38,15.23,22.63,NASA POWER
16,2021-12-01,110.3,4.68,24.04,14.36,13.32,NASA POWER
16,2022-01-01,125.3,10.9,29.97,20.43,13.29,NASA POWER
16,2022-02-01,171.5,11.09,29.99,20.54,18.78,NASA POWER
16,2022-03-01,110.7,11.94,30.92,21.43,20.69,NASA POWER
16,2022-04-01,84.4,11.66,32.39,22.02,13.9,NASA POWER
16,2022-05-01,145.9,5.91,26.41,16.16,19.52,NASA POWER
16,2022-06-01,636.9,10.64,32.49,21.57,20.35,NASA POWER
16,2022-07-01,654.6,11.28,32.3,21.79,15.15,NASA POWER
16,2022-08-01,593.8,10.37,29.47,19.92,22.86,NASA POWER
16,2022-09-01,490.6,11.3,30.77,21.04,16.06,NASA POWER
16,2022-10-01,155.2,4.28,21.93,13.11,23.42,NASA POWER
16,2022-11-01,101.8,5.45,24.0,14.72,22.46,NASA POWER
16,2022-12-01,88.8,5.57,23.05,14.31,18.37,NASA POWER
16,2023-01-01,138.2,11.5,31.8,21.65,18.59,NASA POWER
16,2023-02-01,194.7,11.13,29.43,20.28,23.92,NASA POWER
16,2023-03-01,109.7,10.29,28.28,19.29,18.14,NASA POWER
16,2023-04-01,180.6,10.02,29.62,19.82,22.42,NASA POWER
16,2023-05-01,126.3,10.42,27.8,19.11,22.16,NASA POWER
16,2023-06-01,578.5,14.09,34.77,24.43,21.87,NASA POWER
16,2023-07-01,534.3,12.93,30.06,21.49,13.63,NASA POWER
16,2023-08-01,477.5,14.88,34.24,24.56,19.78,NASA POWER
16,2023-09-01,591.7,12.76,32.21,22.48,15.02,NASA POWER
16,2023-10-01,140.2,4.76,23.58,14.17,24.14,NASA POWER
16,2023-11-01,77.3,3.85,21.11,12.48,15.46,NASA POWER
16,2023-12-01,96.3,5.3,23.97,14.63,12.24,NASA POWER
16,2024-01-01,188.3,15.53,32.92,24.23,23.25,NASA POWER
16,2024-02-01,197.5,8.44,27.22,17.83,13.89,NASA POWER
16,2024-03-01,105.6,9.58,27.89,18.73,15.4,NASA POWER
16,2024-04-01,129.0,8.43,28.03,18.23,19.29,NASA POWER
16,2024-05-01,108.8,11.05,29.71,20.38,23.49,NASA POWER
16,2024-06-01,592.2,12.23,32.11,22.17,14.76,NASA POWER
16,2024-07-01,490.1,13.24,33.14,23.19,16.81,NASA POWER
16,2024-08-01,668.3,13.17,31.09,22.13,15.57,NASA POWER
16,2024-09-01,652.2,9.61,31.06,20.34,21.75,NASA POWER
16,2024-10-01,134.1,2.39,22.11,12.25,16.36,NASA POWER
16,2024-11-01,74.7,3.04,22.45,12.74,16.57,NASA POWER
16,2024-12-01,136.8,4.55,22.14,13.35,23.27,NASA POWER
17,2014-01-01,199.3,5.83,26.83,16.33,9.21,NASA POWER
17,2014-02-01,231.5,9.11,26.81,17.96,14.32,NASA POWER
17,2014-03-01,117.7,8.19,26.55,17.37,13.76,NASA POWER
17,2014-04-01,156.1,3.09,23.49,13.29,9.85,NASA POWER
17,2014-05-01,152.4,3.48,23.58,13.53,12.05,NASA POWER
17,2014-06-01,525.7,9.96,27.5,18.73,10.49,NASA POWER
17,2014-07-01,535.4,9.26,27.21,18.23,14.48,NASA POWER
17,2014-08-01,716.7,10.56,29.62,20.09,10.03,NASA POWER
17,2014-09-01,518.6,7.36,24.54,15.95,16.31,NASA POWER
17,2014-10-01,226.0,3.96,20.79,12.38,11.17,NASA POWER
17,2014-11-01,220.5,2.3,21.89,12.1,11.35,NASA POWER
17,2014-12-01,231.4,1.07,21.45,11.26,12.7,NASA POWER
17,2015-01-01,165.1,11.28,29.19,20.23,17.08,NASA POWER
17,2015-02-01,159.6,9.83,29.16,19.5,9.87,NASA POWER
17,2015-03-01,183.0,5.59,22.55,14.07,13.04,NASA POWER
17,2015-04-01,110.2,4.52,25.31,14.91,18.78,NASA POWER
17,2015-05-01,80.2,5.32,25.0,15.16,9.63,NASA POWER
17,2015-06-01,629.3,8.02,27.15,17.59,14.33,NASA POWER
17,2015-07-01,693.2,9.96,29.86,19.91,12.59,NASA POWER
17,2015-08-01,724.1,7.97,25.05,16.51,9.17,NASA POWER
17,2015-09-01,680.5,9.59,27.22,18.41,19.01,NASA POWER
17,2015-10-01,229.0,2.65,18.95,10.8,11.36,NASA POWER
17,2015-11-01,139.3,3.07,19.77,11.42,14.95,NASA POWER
17,2015-12-01,180.6,1.62,20.33,10.97,15.94,NASA POWER
17,2016-01-01,171.2,5.67,25.92,15.8,10.99,NASA POWER
17,2016-02-01,166.1,10.52,29.14,19.83,16.22,NASA POWER
17,2016-03-01,132.0,8.15,27.47,17.81,10.96,NASA POWER
17,2016-04-01,88.7,4.45,25.34,14.89,9.0,NASA POWER
17,2016-05-01,235.2,8.16,27.11,17.63,18.94,NASA POWER
17,2016-06-01,714.6,12.14,29.75,20.95,9.85,NASA POWER
17,2016-07-01,537.1,11.16,30.48,20.82,16.0,NASA POWER
17,2016-08-01,573.9,6.69,26.48,16.59,14.31,NASA POWER
17,2016-09-01,513.3,9.15,27.27,18.21,19.53,NASA POWER
17,2016-10-01,110.3,0.98,22.61,11.79,10.46,NASA POWER
17,2016-11-01,110.3,1.36,19.33,10.34,12.29,NASA POWER
17,2016-12-01,119.3,-0.4,21.04,10.32,10.83,NASA POWER
17,2017-01-01,145.0,9.96,28.69,19.33,13.28,NASA POWER
17,2017-02-01,110.3,5.88,23.0,14.44,15.05,NASA POWER
17,2017-03-01,147.2,8.34,25.68,17.01,18.89,NASA POWER
17,2017-04-01,103.6,4.35,23.28,13.82,12.58,NASA POWER
17,2017-05-01,107.9,4.25,22.53,13.39,10.21,NASA POWER
17,2017-06-01,526.2,6.66,25.92,16.29,10.29,NASA POWER
17,2017-07-01,755.7,10.56,30.87,20.71,16.97,NASA POWER
17,2017-08-01,659.6,8.63,25.82,17.23,14.42,NASA POWER
17,2017-09-01,544.0,7.37,27.31,17.34,17.14,NASA POWER
17,2017-10-01,140.9,1.53,22.43,11.98,15.58,NASA POWER
17,2017-11-01,201.6,-1.93,16.37,7.22,9.69,NASA POWER
17,2017-12-01,129.1,1.13,17.67,9.4,11.52,NASA POWER
17,2018-01-01,148.1,5.8,25.49,15.64,15.44,NASA POWER
17,2018-02-01,224.7,5.78,25.51,15.65,12.6,NASA POWER
17,2018-03-01,120.8,5.44,25.29,15.37,14.13,NASA POWER
17,2018-04-01,173.4,6.61,25.94,16.28,10.12,NASA POWER
17,2018-05-01,201.9,3.7,21.83,12.76,13.6,NASA POWER
17,2018-06-01,735.9,7.67,25.14,16.41,10.44,NASA POWER
17,2018-07-01,523.4,7.52,27.16,17.34,17.25,NASA POWER
17,2018-08-01,524.8,8.88,28.81,18.84,16.84,NASA POWER
17,2018-09-01,697.8,9.49,28.55,19.02,9.21,NASA POWER
17,2018-10-01,152.4,2.2,18.51,10.36,10.27,NASA POWER
17,2018-11-01,166.3,-1.43,15.62,7.09,10.75,NASA POWER
17,2018-12-01,225.9,1.27,19.92,10.6,11.27,NASA POWER
17,2019-01-01,126.1,7.05,26.21,16.63,19.55,NASA POWER
17,2019-02-01,111.8,7.58,28.12,17.85,10.53,NASA POWER
17,2019-03-01,233.1,5.99,24.28,15.14,13.93,NASA POWER
17,2019-04-01,110.2,2.59,22.23,12.41,16.46,NASA POWER
17,2019-05-01,175.2,4.47,21.55,13.01,10.51,NASA POWER
17,2019-06-01,616.4,9.54,28.64,19.09,17.86,NASA POWER
17,2019-07-01,710.4,8.83,25.29,17.06,14.04,NASA POWER
17,2019-08-01,664.5,11.62,30.35,20.98,19.52,NASA POWER
17,2019-09-01,540.3,10.35,29.89,20.12,16.01,NASA POWER
17,2019-10-01,121.3,0.11,20.72,10.41,13.89,NASA POWER
17,2019-11-01,104.9,-2.76,16.1,6.67,19.27,NASA POWER
17,2019-12-01,225.8,0.03,17.49,8.76,11.1,NASA POWER
17,2020-01-01,151.1,7.67,28.14,17.91,14.38,NASA POWER
17,2020-02-01,102.2,10.44,27.26,18.85,18.25,NASA POWER
17,2020-03-01,113.6,7.05,25.25,16.15,14.15,NASA POWER
17,2020-04-01,172.3,3.64,25.6,14.62,19.14,NASA POWER
17,2020-05-01,137.5,5.35,25.09,15.22,18.02,NASA POWER
17,2020-06-01,566.1,10.54,29.8,20.17,14.73,NASA POWER
17,2020-07-01,619.7,9.03,29.68,19.36,17.86,NASA POWER
17,2020-08-01,723.6,6.3,26.83,16.56,12.28,NASA POWER
17,2020-09-01,735.0,8.52,29.05,18.79,15.95,NASA POWER
17,2020-10-01,210.9,4.61,23.55,14.08,10.66,NASA POWER
17,2020-11-01,225.9,1.23,17.95,9.59,17.48,NASA POWER
17,2020-12-01,190.7,-0.03,20.74,10.35,15.36,NASA POWER
17,2021-01-01,133.2,6.66,24.8,15.73,10.07,NASA POWER
17,2021-02-01,150.8,8.57,29.61,19.09,15.02,NASA POWER
17,2021-03-01,235.1,6.26,23.14,14.7,17.02,NASA POWER
17,2021-04-01,142.9,3.58,25.23,14.41,10.23,NASA POWER
17,2021-05-01,83.7,5.29,23.13,14.21,12.72,NASA POWER
17,2021-06-01,632.8,6.3,25.21,15.76,17.49,NASA POWER
17,2021-07-01,748.3,9.12,29.72,19.42,12.31,NASA POWER
17,2021-08-01,639.5,11.36,30.19,20.77,10.94,NASA POWER
17,2021-09-01,602.5,10.29,27.86,19.07,9.28,NASA POWER
17,2021-10-01,178.8,2.57,21.16,11.87,17.33,NASA POWER
17,2021-11-01,91.3,3.38,21.3,12.34,9.65,NASA POWER
17,2021-12-01,229.8,-4.5,16.08,5.79,15.95,NASA POWER
17,2022-01-01,160.2,8.71,28.21,18.46,18.37,NASA POWER
17,2022-02-01,119.9,6.24,24.33,15.29,12.89,NASA POWER
17,2022-03-01,208.9,6.98,25.23,16.11,15.05,NASA POWER
17,2022-04-01,81.7,2.49,23.48,12.98,12.97,NASA POWER
17,2022-05-01,95.3,4.36,23.63,13.99,10.27,NASA POWER
17,2022-06-01,694.6,11.74,28.5,20.12,12.85,NASA POWER
17,2022-07-01,694.2,7.89,28.23,18.06,16.48,NASA POWER
17,2022-08-01,669.1,9.13,28.48,18.8,14.81,NASA POWER
17,2022-09-01,580.8,8.26,28.52,18.39,15.92,NASA POWER
17,2022-10-01,154.3,1.58,19.21,10.39,9.21,NASA POWER
17,2022-11-01,176.8,-0.23,16.97,8.37,19.12,NASA POWER
17,2022-12-01,199.2,-1.36,18.2,8.42,11.05,NASA POWER
17,2023-01-01,171.4,8.57,26.94,17.76,17.88,NASA POWER
17,2023-02-01,160.4,6.68,25.26,15.97,14.87,NASA POWER
17,2023-03-01,212.4,6.56,26.69,16.62,11.7,NASA POWER
17,2023-04-01,113.6,3.05,24.13,13.59,18.56,NASA POWER
17,2023-05-01,201.8,3.45,21.02,12.23,13.42,NASA POWER
17,2023-06-01,651.9,10.03,29.11,19.57,18.77,NASA POWER
17,2023-07-01,584.1,9.02,30.03,19.52,14.22,NASA POWER
17,2023-08-01,592.5,7.83,25.79,16.81,17.18,NASA POWER
17,2023-09-01,598.6,10.5,31.17,20.84,10.89,NASA POWER
17,2023-10-01,228.2,0.72,19.54,10.13,14.19,NASA POWER
17,2023-11-01,141.0,1.35,20.5,10.93,15.7,NASA POWER
17,2023-12-01,223.7,1.07,19.26,10.17,11.75,NASA POWER
17,2024-01-01,222.6,8.05,27.84,17.95,10.2,NASA POWER
17,2024-02-01,168.2,8.3,26.71,17.51,19.23,NASA POWER
17,2024-03-01,217.5,7.31,26.28,16.8,16.73,NASA POWER
17,2024-04-01,89.2,7.49,26.03,16.76,9.55,NASA POWER
17,2024-05-01,125.3,5.09,23.94,14.52,16.51,NASA POWER
17,2024-06-01,658.7,10.72,29.12,19.92,10.51,NASA POWER
17,2024-07-01,524.9,9.37,30.75,20.06,17.63,NASA POWER
17,2024-08-01,719.8,7.37,24.58,15.97,11.27,NASA POWER
17,2024-09-01,749.8,8.2,29.64,18.92,12.43,NASA POWER
17,2024-10-01,123.2,-0.01,17.87,8.93,15.5,NASA POWER
17,2024-11-01,169.3,2.65,19.6,11.12,13.77,NASA POWER
17,2024-12-01,85.8,1.71,20.32,11.02,15.9,NASA POWER
18,2014-01-01,97.2,8.37,27.0,17.68,9.23,NASA POWER
18,2014-02-01,206.6,7.49,25.0,16.25,17.59,NASA POWER
18,2014-03-01,192.4,5.28,23.81,14.54,16.86,NASA POWER
18,2014-04-01,96.5,4.74,23.63,14.18,11.57,NASA POWER
18,2014-05-01,236.5,5.93,22.59,14.26,14.38,NASA POWER
18,2014-06-01,636.9,10.14,28.59,19.37,9.56,NASA POWER
18,2014-07-01,577.5,6.17,26.96,16.57,12.17,NASA POWER
18,2014-08-01,733.5,9.94,28.35,19.14,13.75,NASA POWER
18,2014-09-01,697.3,10.34,29.74,20.04,9.79,NASA POWER
18,2014-10-01,135.9,0.34,20.86,10.6,15.44,NASA POWER
18,2014-11-01,99.5,0.55,19.25,9.9,12.67,NASA POWER
18,2014-12-01,236.0,-0.84,18.07,8.62,11.9,NASA POWER
18,2015-01-01,127.3,6.63,24.89,15.76,14.82,NASA POWER
18,2015-02-01,123.4,3.79,25.58,14.68,19.39,NASA POWER
18,2015-03-01,119.9,4.3,24.3,14.3,12.81,NASA POWER
18,2015-04-01,213.6,5.59,25.51,15.55,14.41,NASA POWER
18,2015-05-01,106.7,2.7,20.81,11.75,19.39,NASA POWER
18,2015-06-01,668.1,6.33,25.45,15.89,12.25,NASA POWER
18,2015-07-01,707.1,10.23,29.69,19.96,18.33,NASA POWER
18,2015-08-01,568.4,10.16,31.14,20.65,18.2,NASA POWER
18,2015-09-01,685.6,10.9,28.89,19.89,12.74,NASA POWER
18,2015-10-01,172.8,1.36,22.44,11.9,17.65,NASA POWER
18,2015-11-01,154.5,-1.12,15.72,7.3,12.36,NASA POWER
18,2015-12-01,121.2,1.93,21.01,11.47,14.49,NASA POWER
18,2016-01-01,229.4,7.51,28.5,18.0,15.21,NASA POWER
18,2016-02-01,170.3,6.68,25.21,15.95,18.05,NASA POWER
18,2016-03-01,157.0,6.78,26.49,16.63,13.8,NASA POWER
18,2016-04-01,183.7,3.96,21.85,12.91,16.21,NASA POWER
18,2016-05-01,147.7,1.15,22.95,12.05,9.78,NASA POWER
18,2016-06-01,763.8,8.33,27.87,18.1,9.77,NASA POWER
18,2016-07-01,590.0,8.93,28.14,18.54,15.22,NASA POWER
18,2016-08-01,640.6,12.01,30.41,21.21,19.5,NASA POWER
18,2016-09-01,541.1,10.82,27.87,19.34,15.75,NASA POWER
18,2016-10-01,130.5,1.17,20.32,10.75,13.09,NASA POWER
18,2016-11-01,110.3,-2.38,16.99,7.3,19.37,NASA POWER
18,2016-12-01,186.4,1.24,18.67,9.96,18.52,NASA POWER
18,2017-01-01,90.5,9.0,29.77,19.38,13.98,NASA POWER
18,2017-02-01,88.2,7.32,25.8,16.56,17.12,NASA POWER
18,2017-03-01,166.0,8.77,26.32,17.55,15.04,NASA POWER
18,2017-04-01,221.1,4.68,23.47,14.07,16.32,NASA POWER
18,2017-05-01,126.2,7.23,25.36,16.3,17.21,NASA POWER
18,2017-06-01,600.6,10.72,29.06,19.89,12.57,NASA POWER
18,2017-07-01,696.3,9.72,28.92,19.32,11.0,NASA POWER
18,2017-08-01,581.1,8.12,26.25,17.18,18.75,NASA POWER
18,2017-09-01,591.8,10.35,29.8,20.07,12.55,NASA POWER
18,2017-10-01,236.2,-0.5,17.81,8.65,9.32,NASA POWER
18,2017-11-01,209.2,-1.05,17.6,8.28,15.56,NASA POWER
18,2017-12-01,103.4,-0.95,20.53,9.79,18.95,NASA POWER
18,2018-01-01,212.6,9.69,29.51,19.6,11.43,NASA POWER
18,2018-02-01,168.0,5.26,25.56,15.41,11.84,NASA POWER
18,2018-03-01,138.3,5.18,21.85,13.52,10.31,NASA POWER
18,2018-04-01,227.6,5.31,22.78,14.04,18.83,NASA POWER
18,2018-05-01,126.3,3.42,23.26,13.34,18.71,NASA POWER
18,2018-06-01,694.7,9.63,29.74,19.68,19.53,NASA POWER
18,2018-07-01,614.1,9.65,29.89,19.77,16.25,NASA POWER
18,2018-08-01,735.7,10.58,30.67,20.62,14.89,NASA POWER
18,2018-09-01,720.9,6.06,26.88,16.47,14.38,NASA POWER
18,2018-10-01,211.4,3.48,20.06,11.77,14.58,NASA POWER
18,2018-11-01,126.5,-1.11,17.13,8.01,13.67,NASA POWER
18,2018-12-01,138.9,-1.67,18.18,8.25,10.0,NASA POWER
18,2019-01-01,108.5,7.32,28.07,17.7,15.16,NASA POWER
18,2019-02-01,230.6,5.32,24.56,14.94,13.95,NASA POWER
18,2019-03-01,168.7,3.24,24.05,13.64,19.42,NASA POWER
18,2019-04-01,85.4,4.09,24.15,14.12,14.48,NASA POWER
18,2019-05-01,142.2,7.23,25.76,16.5,9.85,NASA POWER
18,2019-06-01,563.8,8.82,28.51,18.66,10.86,NASA POWER
18,2019-07-01,554.0,7.61,24.97,16.29,16.66,NASA POWER
18,2019-08-01,696.6,9.78,28.75,19.27,17.12,NASA POWER
18,2019-09-01,729.1,11.56,31.6,21.58,17.24,NASA POWER
18,2019-10-01,151.5,-0.62,17.05,8.21,19.76,NASA POWER
18,2019-11-01,175.1,-1.25,18.58,8.66,12.08,NASA POWER
18,2019-12-01,113.5,-0.05,18.21,9.08,18.92,NASA POWER
18,2020-01-01,115.8,5.15,24.83,14.99,13.33,NASA POWER
18,2020-02-01,139.7,6.59,23.08,14.83,19.57,NASA POWER
18,2020-03-01,190.7,5.41,25.77,15.59,17.19,NASA POWER
18,2020-04-01,185.5,5.52,26.21,15.87,16.02,NASA POWER
18,2020-05-01,189.9,5.16,23.1,14.13,15.55,NASA POWER
18,2020-06-01,640.1,7.2,26.07,16.64,14.89,NASA POWER
18,2020-07-01,757.4,7.1,28.39,17.75,13.12,NASA POWER
18,2020-08-01,717.5,7.63,27.32,17.48,14.84,NASA POWER
18,2020-09-01,602.2,9.11,29.11,19.11,12.17,NASA POWER
18,2020-10-01,113.2,0.92,21.86,11.39,17.4,NASA POWER
18,2020-11-01,183.6,-1.27,17.54,8.13,11.37,NASA POWER
18,2020-12-01,95.5,-3.17,16.77,6.8,19.43,NASA POWER
18,2021-01-01,212.2,6.49,26.16,16.32,14.5,NASA POWER
18,2021-02-01,195.0,8.88,27.61,18.25,10.46,NASA POWER
18,2021-03-01,158.2,3.12,23.95,13.54,15.14,NASA POWER
18,2021-04-01,230.8,4.93,22.78,13.86,19.15,NASA POWER
18,2021-05-01,205.7,5.51,23.81,14.66,15.35,NASA POWER
18,2021-06-01,557.6,8.72,28.86,18.79,10.27,NASA POWER
18,2021-07-01,577.3,9.02,28.88,18.95,15.8,NASA POWER
18,2021-08-01,760.5,9.27,27.42,18.34,14.81,NASA POWER
18,2021-09-01,746.6,11.99,28.87,20.43,17.22,NASA POWER
18,2021-10-01,195.7,2.81,22.4,12.6,15.85,NASA POWER
18,2021-11-01,208.2,-0.79,20.73,9.97,18.38,NASA POWER
18,2021-12-01,106.4,2.2,19.68,10.94,16.67,NASA POWER
18,2022-01-01,229.8,8.7,28.29,18.49,10.06,NASA POWER
18,2022-02-01,213.6,7.43,27.39,17.41,12.84,NASA POWER
18,2022-03-01,234.7,5.38,25.29,15.33,19.32,NASA POWER
18,2022-04-01,169.1,8.85,26.47,17.66,15.63,NASA POWER
18,2022-05-01,217.7,5.59,24.42,15.01,14.6,NASA POWER
18,2022-06-01,736.9,9.12,28.37,18.75,16.11,NASA POWER
18,2022-07-01,666.5,9.54,27.49,18.52,17.56,NASA POWER
18,2022-08-01,733.4,7.18,24.31,15.74,18.88,NASA POWER
18,2022-09-01,613.5,10.47,28.44,19.46,17.57,NASA POWER
18,2022-10-01,188.5,-1.08,17.52,8.22,12.51,NASA POWER
18,2022-11-01,105.6,0.21,18.91,9.56,13.48,NASA POWER
18,2022-12-01,109.5,-0.1,20.59,10.24,15.3,NASA POWER
18,2023-01-01,168.6,9.58,27.66,18.62,11.67,NASA POWER
18,2023-02-01,167.9,9.17,28.33,18.75,13.48,NASA POWER
18,2023-03-01,234.1,7.7,25.88,16.79,13.58,NASA POWER
18,2023-04-01,227.7,7.73,27.46,17.59,15.28,NASA POWER
18,2023-05-01,220.2,7.69,26.39,17.04,16.52,NASA POWER
18,2023-06-01,747.8,7.92,29.11,18.52,9.27,NASA POWER
18,2023-07-01,742.6,8.02,26.68,17.35,16.67,NASA POWER
18,2023-08-01,649.6,9.61,30.81,20.21,13.55,NASA POWER
18,2023-09-01,730.9,8.91,27.26,18.09,18.5,NASA POWER
18,2023-10-01,124.1,-1.19,18.43,8.62,12.83,NASA POWER
18,2023-11-01,112.4,-0.7,18.46,8.88,18.46,NASA POWER
18,2023-12-01,178.7,-2.22,17.98,7.88,16.97,NASA POWER
18,2024-01-01,80.8,6.65,25.52,16.09,19.03,NASA POWER
18,2024-02-01,217.1,9.53,26.98,18.25,13.65,NASA POWER
18,2024-03-01,187.0,5.72,23.82,14.77,18.5,NASA POWER
18,2024-04-01,140.2,4.71,23.4,14.05,13.36,NASA POWER
18,2024-05-01,123.6,4.7,24.72,14.71,11.16,NASA POWER
18,2024-06-01,749.0,11.22,29.01,20.12,11.58,NASA POWER
18,2024-07-01,581.2,8.79,29.18,18.98,18.5,NASA POWER
18,2024-08-01,625.5,8.89,30.29,19.59,16.79,NASA POWER
18,2024-09-01,711.5,9.43,27.25,18.34,15.92,NASA POWER
18,2024-10-01,216.3,1.38,18.87,10.12,16.96,NASA POWER
18,2024-11-01,219.6,3.25,22.6,12.93,18.36,NASA POWER
18,2024-12-01,237.4,1.55,20.9,11.22,12.88,NASA POWER
19,2014-01-01,56.0,-2.23,15.85,6.81,19.66,NASA POWER
19,2014-02-01,105.7,-0.37,18.47,9.05,13.22,NASA POWER
19,2014-03-01,55.4,-4.19,15.04,5.42,11.48,NASA POWER
19,2014-04-01,110.8,-1.86,15.12,6.63,11.68,NASA POWER
19,2014-05-01,107.6,-3.79,15.37,5.79,14.15,NASA POWER
19,2014-06-01,266.4,-1.36,18.92,8.78,15.28,NASA POWER
19,2014-07-01,284.0,-2.97,17.84,7.43,17.57,NASA POWER
19,2014-08-01,346.4,1.21,18.68,9.95,16.41,NASA POWER
19,2014-09-01,324.8,-0.33,19.62,9.65,11.15,NASA POWER
19,2014-10-01,94.1,-7.6,10.92,1.66,15.98,NASA POWER
19,2014-11-01,71.7,-8.62,8.25,-0.18,19.07,NASA POWER
19,2014-12-01,86.6,-11.69,7.27,-2.21,14.5,NASA POWER
19,2015-01-01,110.1,-1.31,17.32,8.01,15.04,NASA POWER
19,2015-02-01,86.7,-1.91,17.36,7.72,14.33,NASA POWER
19,2015-03-01,81.0,-1.02,17.21,8.1,16.42,NASA POWER
19,2015-04-01,71.6,-8.04,12.56,2.26,18.86,NASA POWER
19,2015-05-01,96.2,-6.52,14.26,3.87,17.75,NASA POWER
19,2015-06-01,274.5,-1.84,18.46,8.31,11.27,NASA POWER
19,2015-07-01,279.1,-3.97,14.75,5.39,19.59,NASA POWER
19,2015-08-01,318.4,-0.72,18.31,8.79,11.43,NASA POWER
19,2015-09-01,312.9,0.14,19.81,9.97,17.62,NASA POWER
19,2015-10-01,86.1,-12.19,7.77,-2.21,21.35,NASA POWER
19,2015-11-01,92.7,-10.26,7.05,-1.6,20.46,NASA POWER
19,2015-12-01,47.0,-9.75,10.01,0.13,10.1,NASA POWER
19,2016-01-01,93.7,1.39,19.65,10.52,20.45,NASA POWER
19,2016-02-01,55.8,-0.96,17.7,8.37,19.75,NASA POWER
19,2016-03-01,74.8,-4.17,15.86,5.84,20.08,NASA POWER
19,2016-04-01,119.0,-2.76,14.7,5.97,16.71,NASA POWER
19,2016-05-01,108.4,-5.02,15.27,5.12,16.56,NASA POWER
19,2016-06-01,306.7,-0.92,17.76,8.42,12.8,NASA POWER
19,2016-07-01,329.1,-3.79,14.98,5.6,19.8,NASA POWER
19,2016-08-01,286.7,-0.03,19.43,9.7,18.49,NASA POWER
19,2016-09-01,310.5,0.89,19.02,9.96,16.61,NASA POWER
19,2016-10-01,90.2,-7.97,9.62,0.82,12.78,NASA POWER
19,2016-11-01,63.7,-11.51,7.24,-2.13,11.52,NASA POWER
19,2016-12-01,87.6,-12.37,7.26,-2.55,13.2,NASA POWER
19,2017-01-01,47.1,-3.36,17.43,7.04,21.45,NASA POWER
19,2017-02-01,102.1,-3.72,14.54,5.41,15.96,NASA POWER
19,2017-03-01,63.0,-6.18,12.79,3.3,14.81,NASA POWER
19,2017-04-01,77.4,-3.2,15.53,6.16,12.12,NASA POWER
19,2017-05-01,75.4,-1.75,15.96,7.11,21.61,NASA POWER
19,2017-06-01,266.2,-0.12,20.77,10.32,13.23,NASA POWER
19,2017-07-01,282.1,1.09,19.29,10.19,15.37,NASA POWER
19,2017-08-01,317.4,-2.35,18.7,8.17,16.81,NASA POWER
19,2017-09-01,325.6,-3.63,14.72,5.54,20.98,NASA POWER
19,2017-10-01,94.5,-8.69,10.86,1.08,16.78,NASA POWER
19,2017-11-01,69.7,-9.32,11.57,1.12,20.29,NASA POWER
19,2017-12-01,59.6,-10.81,5.58,-2.62,12.35,NASA POWER
19,2018-01-01,40.3,-0.18,20.95,10.38,10.9,NASA POWER
19,2018-02-01,41.6,-2.45,15.71,6.63,12.35,NASA POWER
19,2018-03-01,54.7,-2.3,19.06,8.38,20.81,NASA POWER
19,2018-04-01,41.7,-6.01,13.25,3.62,19.72,NASA POWER
19,2018-05-01,95.5,-6.2,13.76,3.78,18.12,NASA POWER
19,2018-06-01,259.5,-0.63,19.41,9.39,16.4,NASA POWER
19,2018-07-01,360.5,-0.95,18.9,8.97,20.36,NASA POWER
19,2018-08-01,343.8,-2.01,16.57,7.28,15.02,NASA POWER
19,2018-09-01,314.1,0.6,18.71,9.66,16.2,NASA POWER
19,2018-10-01,82.3,-7.46,11.76,2.15,19.42,NASA POWER
19,2018-11-01,57.8,-11.34,6.37,-2.48,21.18,NASA POWER
19,2018-12-01,96.8,-8.71,10.54,0.91,15.0,NASA POWER
19,2019-01-01,77.3,-2.45,14.76,6.15,12.01,NASA POWER
19,2019-02-01,54.1,-1.54,19.05,8.76,18.21,NASA POWER
19,2019-03-01,104.8,-5.21,11.68,3.23,19.41,NASA POWER
19,2019-04-01,115.1,-5.79,13.47,3.84,13.04,NASA POWER
19,2019-05-01,53.6,-5.05,16.71,5.83,12.9,NASA POWER
19,2019-06-01,328.6,-1.55,19.72,9.08,18.79,NASA POWER
19,2019-07-01,299.6,1.65,21.44,11.54,20.65,NASA POWER
19,2019-08-01,276.0,-3.08,16.27,6.59,15.58,NASA POWER
19,2019-09-01,366.2,-3.65,17.19,6.77,19.48,NASA POWER
19,2019-10-01,67.9,-6.31,9.88,1.79,15.37,NASA POWER
19,2019-11-01,116.2,-8.63,10.43,0.9,19.69,NASA POWER
19,2019-12-01,103.8,-9.67,8.82,-0.42,14.81,NASA POWER
19,2020-01-01,70.8,-0.7,15.96,7.63,20.64,NASA POWER
19,2020-02-01,62.1,-3.94,16.96,6.51,13.39,NASA POWER
19,2020-03-01,110.5,-5.87,14.58,4.36,17.0,NASA POWER
19,2020-04-01,76.2,-4.49,13.09,4.3,10.13,NASA POWER
19,2020-05-01,53.8,-3.08,15.85,6.38,12.47,NASA POWER
19,2020-06-01,280.8,-0.74,18.54,8.9,15.33,NASA POWER
19,2020-07-01,374.2,-4.34,16.46,6.06,10.35,NASA POWER
19,2020-08-01,277.5,-1.95,16.46,7.26,16.29,NASA POWER
19,2020-09-01,298.5,-0.37,19.46,9.54,20.2,NASA POWER
19,2020-10-01,70.3,-9.06,8.0,-0.53,20.01,NASA POWER
19,2020-11-01,112.4,-10.2,9.14,-0.53,17.96,NASA POWER
19,2020-12-01,106.8,-12.47,8.0,-2.24,19.88,NASA POWER
19,2021-01-01,113.6,-3.74,17.47,6.86,21.04,NASA POWER
19,2021-02-01,61.4,-5.3,14.45,4.57,13.82,NASA POWER
19,2021-03-01,94.6,-6.33,12.17,2.92,18.03,NASA POWER
19,2021-04-01,63.9,-5.16,14.85,4.84,10.35,NASA POWER
19,2021-05-01,56.7,-6.51,13.64,3.57,15.11,NASA POWER
19,2021-06-01,298.7,0.68,18.55,9.62,14.35,NASA POWER
19,2021-07-01,308.0,-3.56,16.08,6.26,10.67,NASA POWER
19,2021-08-01,264.9,1.99,19.05,10.52,10.3,NASA POWER
19,2021-09-01,373.9,0.17,18.44,9.31,20.09,NASA POWER
19,2021-10-01,112.7,-8.74,9.52,0.39,12.65,NASA POWER
19,2021-11-01,67.3,-9.96,10.9,0.47,18.79,NASA POWER
19,2021-12-01,53.9,-9.3,11.24,0.97,11.98,NASA POWER
19,2022-01-01,58.7,-2.75,13.95,5.6,16.54,NASA POWER
19,2022-02-01,76.8,-3.74,14.8,5.53,10.38,NASA POWER
19,2022-03-01,60.0,-2.19,17.34,7.58,14.58,NASA POWER
19,2022-04-01,100.9,-7.39,11.39,2.0,14.38,NASA POWER
19,2022-05-01,105.4,-6.55,12.66,3.06,20.68,NASA POWER
19,2022-06-01,373.8,-3.33,17.7,7.18,12.75,NASA POWER
19,2022-07-01,341.2,2.54,20.95,11.74,16.87,NASA POWER
19,2022-08-01,298.8,-3.45,16.13,6.34,14.99,NASA POWER
19,2022-09-01,344.8,0.19,16.7,8.45,10.21,NASA POWER
19,2022-10-01,86.5,-9.26,8.5,-0.38,15.68,NASA POWER
19,2022-11-01,80.4,-8.79,10.81,1.01,19.97,NASA POWER
19,2022-12-01,51.0,-10.78,7.74,-1.52,22.0,NASA POWER
19,2023-01-01,96.8,-0.66,17.99,8.66,17.14,NASA POWER
19,2023-02-01,50.2,-1.23,16.21,7.49,15.91,NASA POWER
19,2023-03-01,60.1,-4.56,15.47,5.46,19.72,NASA POWER
19,2023-04-01,80.5,-5.86,13.28,3.71,20.22,NASA POWER
19,2023-05-01,48.7,-8.15,12.91,2.38,12.06,NASA POWER
19,2023-06-01,317.5,2.26,20.24,11.25,17.12,NASA POWER
19,2023-07-01,351.8,0.99,17.97,9.48,20.11,NASA POWER
19,2023-08-01,358.7,2.77,21.38,12.07,11.76,NASA POWER
19,2023-09-01,359.4,-0.03,19.04,9.5,11.31,NASA POWER
19,2023-10-01,110.4,-11.29,7.37,-1.96,15.07,NASA POWER
19,2023-11-01,88.2,-6.67,12.12,2.72,11.32,NASA POWER
19,2023-12-01,68.1,-10.58,9.51,-0.54,13.15,NASA POWER
19,2024-01-01,96.3,-1.31,20.36,9.53,15.14,NASA POWER
19,2024-02-01,44.1,-4.3,14.85,5.28,12.17,NASA POWER
19,2024-03-01,93.7,-2.87,15.87,6.5,13.77,NASA POWER
19,2024-04-01,100.7,-2.93,17.5,7.29,10.87,NASA POWER
19,2024-05-01,89.6,-2.69,16.03,6.67,12.23,NASA POWER
19,2024-06-01,316.0,0.29,18.63,9.46,19.85,NASA POWER
19,2024-07-01,318.8,-1.14,16.1,7.48,10.62,NASA POWER
19,2024-08-01,317.5,-4.15,16.73,6.29,13.23,NASA POWER
19,2024-09-01,274.3,1.07,18.26,9.67,19.17,NASA POWER
19,2024-10-01,95.9,-8.45,11.23,1.39,14.3,NASA POWER
19,2024-11-01,76.6,-11.45,8.43,-1.51,19.76,NASA POWER
19,2024-12-01,88.7,-7.72,9.21,0.75,19.11,NASA POWER
20,2014-01-01,118.6,10.82,28.67,19.75,23.28,NASA POWER
20,2014-02-01,129.8,9.24,28.4,18.82,19.5,NASA POWER
20,2014-03-01,194.1,10.87,30.76,20.82,14.94,NASA POWER
20,2014-04-01,184.0,12.87,31.79,22.33,11.03,NASA POWER
20,2014-05-01,130.7,11.32,29.43,20.38,20.71,NASA POWER
20,2014-06-01,534.5,10.71,31.92,21.32,15.52,NASA POWER
20,2014-07-01,637.9,9.6,31.2,20.4,15.16,NASA POWER
20,2014-08-01,663.4,15.08,32.67,23.88,18.66,NASA POWER
20,2014-09-01,559.9,11.54,31.04,21.29,20.68,NASA POWER
20,2014-10-01,87.5,6.64,24.41,15.53,22.27,NASA POWER
20,2014-11-01,132.5,3.73,21.23,12.48,20.72,NASA POWER
20,2014-12-01,144.6,3.28,22.93,13.11,14.31,NASA POWER
20,2015-01-01,88.2,11.82,28.93,20.38,12.78,NASA POWER
20,2015-02-01,93.9,9.22,30.84,20.03,19.22,NASA POWER
20,2015-03-01,148.5,10.3,27.64,18.97,20.21,NASA POWER
20,2015-04-01,190.0,10.01,28.75,19.38,13.46,NASA POWER
20,2015-05-01,122.9,6.75,27.46,17.11,13.42,NASA POWER
20,2015-06-01,503.1,12.42,30.02,21.22,15.77,NASA POWER
20,2015-07-01,485.3,14.93,33.65,24.29,12.89,NASA POWER
20,2015-08-01,454.1,13.44,32.64,23.04,13.23,NASA POWER
20,2015-09-01,518.8,11.15,32.13,21.64,16.64,NASA POWER
20,2015-10-01,129.7,4.99,21.88,13.43,16.91,NASA POWER
20,2015-11-01,110.6,4.27,22.25,13.26,11.04,NASA POWER
20,2015-12-01,113.7,3.04,21.33,12.18,19.24,NASA POWER
20,2016-01-01,122.3,10.9,30.17,20.54,18.92,NASA POWER
20,2016-02-01,151.8,11.93,29.13,20.53,20.1,NASA POWER
20,2016-03-01,203.6,10.56,28.6,19.58,14.51,NASA POWER
20,2016-04-01,137.2,10.21,28.11,19.16,17.18,NASA POWER
20,2016-05-01,138.2,10.49,29.67,20.08,15.88,NASA POWER
20,2016-06-01,552.3,11.13,30.28,20.71,23.1,NASA POWER
20,2016-07-01,639.2,14.76,33.15,23.95,19.75,NASA POWER
20,2016-08-01,497.9,12.68,31.93,22.3,17.54,NASA POWER
20,2016-09-01,504.9,13.79,32.97,23.38,13.46,NASA POWER
20,2016-10-01,144.5,5.73,23.4,14.56,18.62,NASA POWER
20,2016-11-01,108.9,5.42,23.56,14.49,11.38,NASA POWER
20,2016-12-01,162.8,0.87,21.03,10.95,19.78,NASA POWER
20,2017-01-01,128.2,11.39,28.34,19.87,12.53,NASA POWER
20,2017-02-01,78.2,8.78,28.08,18.43,21.72,NASA POWER
20,2017-03-01,161.2,8.16,25.41,16.79,23.69,NASA POWER
20,2017-04-01,121.0,9.1,28.85,18.98,21.34,NASA POWER
20,2017-05-01,74.5,9.99,28.92,19.46,22.78,NASA POWER
20,2017-06-01,473.4,12.38,30.59,21.48,16.06,NASA POWER
20,2017-07-01,668.5,14.34,32.44,23.39,21.03,NASA POWER
20,2017-08-01,631.3,12.88,32.0,22.44,23.4,NASA POWER
20,2017-09-01,550.1,12.98,30.89,21.94,21.88,NASA POWER
20,2017-10-01,119.0,3.73,21.73,12.73,11.03,NASA POWER
20,2017-11-01,155.6,3.26,23.96,13.61,14.33,NASA POWER
20,2017-12-01,175.7,1.53,18.82,10.18,23.59,NASA POWER
20,2018-01-01,149.9,11.14,31.12,21.13,23.71,NASA POWER
20,2018-02-01,158.1,9.48,30.24,19.86,22.86,NASA POWER
20,2018-03-01,196.9,7.4,26.22,16.81,14.03,NASA POWER
20,2018-04-01,146.7,11.44,29.17,20.3,15.27,NASA POWER
20,2018-05-01,150.9,10.21,28.17,19.19,21.05,NASA POWER
20,2018-06-01,665.9,12.5,29.44,20.97,16.44,NASA POWER
20,2018-07-01,484.0,10.86,29.44,20.15,22.06,NASA POWER
20,2018-08-01,499.6,15.26,32.72,23.99,21.61,NASA POWER
20,2018-09-01,448.7,14.94,34.63,24.79,22.01,NASA POWER
20,2018-10-01,156.3,6.15,26.48,16.32,18.17,NASA POWER
20,2018-11-01,175.9,1.09,21.4,11.24,15.44,NASA POWER
20,2018-12-01,101.2,2.65,23.73,13.19,20.19,NASA POWER
20,2019-01-01,171.5,11.27,28.54,19.91,22.4,NASA POWER
20,2019-02-01,115.7,12.02,30.5,21.26,15.16,NASA POWER
20,2019-03-01,104.8,8.81,27.19,18.0,23.43,NASA POWER
20,2019-04-01,83.8,8.25,25.04,16.64,18.82,NASA POWER
20,2019-05-01,199.4,9.35,27.65,18.5,11.58,NASA POWER
20,2019-06-01,540.5,12.57,31.58,22.07,13.03,NASA POWER
20,2019-07-01,626.2,13.03,30.47,21.75,11.23,NASA POWER
20,2019-08-01,522.1,12.34,30.74,21.54,15.08,NASA POWER
20,2019-09-01,477.3,12.08,31.38,21.73,19.47,NASA POWER
20,2019-10-01,127.3,7.49,24.88,16.18,15.38,NASA POWER
20,2019-11-01,91.3,1.08,19.09,10.09,21.1,NASA POWER
20,2019-12-01,149.5,2.24,22.09,12.16,23.51,NASA POWER
20,2020-01-01,135.4,9.16,28.34,18.75,14.67,NASA POWER
20,2020-02-01,159.4,11.21,30.16,20.69,12.72,NASA POWER
20,2020-03-01,161.6,10.63,29.01,19.82,19.28,NASA POWER
20,2020-04-01,191.8,9.36,27.79,18.57,14.17,NASA POWER
20,2020-05-01,83.2,7.02,27.45,17.23,11.67,NASA POWER
20,2020-06-01,628.9,11.65,31.51,21.58,22.09,NASA POWER
20,2020-07-01,538.1,15.35,34.61,24.98,12.47,NASA POWER
20,2020-08-01,535.1,14.85,34.7,24.78,19.4,NASA POWER
20,2020-09-01,666.1,13.39,33.05,23.22,11.19,NASA POWER
20,2020-10-01,173.9,6.75,23.25,15.0,16.84,NASA POWER
20,2020-11-01,132.1,4.91,21.19,13.05,12.28,NASA POWER
20,2020-12-01,118.5,2.12,20.64,11.38,18.68,NASA POWER
20,2021-01-01,118.0,13.71,31.6,22.66,22.39,NASA POWER
20,2021-02-01,115.6,8.61,29.1,18.86,16.59,NASA POWER
20,2021-03-01,96.6,10.99,29.87,20.43,20.53,NASA POWER
20,2021-04-01,192.6,10.32,31.25,20.79,18.43,NASA POWER
20,2021-05-01,202.9,6.35,24.44,15.39,23.02,NASA POWER
20,2021-06-01,459.7,10.3,30.57,20.44,12.59,NASA POWER
20,2021-07-01,666.4,13.68,33.27,23.48,19.8,NASA POWER
20,2021-08-01,480.4,11.99,30.62,21.3,18.49,NASA POWER
20,2021-09-01,531.2,11.79,29.74,20.77,18.5,NASA POWER
20,2021-10-01,140.3,2.91,24.72,13.81,22.26,NASA POWER
20,2021-11-01,171.4,2.6,22.1,12.35,14.56,NASA POWER
20,2021-12-01,131.6,1.67,21.17,11.42,23.9,NASA POWER
20,2022-01-01,136.3,8.84,29.87,19.36,14.22,NASA POWER
20,2022-02-01,82.1,12.3,30.9,21.6,13.48,NASA POWER
20,2022-03-01,121.0,11.77,30.4,21.09,15.74,NASA POWER
20,2022-04-01,88.5,9.54,30.8,20.17,22.72,NASA POWER
20,2022-05-01,82.6,11.28,30.89,21.09,19.48,NASA POWER
20,2022-06-01,580.1,11.01,30.34,20.68,15.9,NASA POWER
20,2022-07-01,655.2,12.77,32.08,22.42,16.14,NASA POWER
20,2022-08-01,484.6,11.85,32.49,22.17,16.46,NASA POWER
20,2022-09-01,548.4,14.55,32.13,23.34,11.65,NASA POWER
20,2022-10-01,135.6,3.02,23.72,13.37,19.72,NASA POWER
20,2022-11-01,133.3,3.88,23.45,13.66,13.73,NASA POWER
20,2022-12-01,114.5,3.31,22.64,12.97,16.29,NASA POWER
20,2023-01-01,104.2,12.46,30.77,21.62,19.72,NASA POWER
20,2023-02-01,157.8,10.59,30.35,20.47,21.47,NASA POWER
20,2023-03-01,85.9,9.34,28.2,18.77,17.51,NASA POWER
20,2023-04-01,93.8,8.54,28.98,18.76,14.46,NASA POWER
20,2023-05-01,168.0,5.9,26.85,16.38,17.76,NASA POWER
20,2023-06-01,522.8,10.18,31.85,21.02,11.19,NASA POWER
20,2023-07-01,580.4,11.12,31.95,21.54,17.99,NASA POWER
20,2023-08-01,541.2,12.92,32.22,22.57,16.86,NASA POWER
20,2023-09-01,488.4,13.65,33.81,23.73,11.51,NASA POWER
20,2023-10-01,172.8,3.43,20.47,11.95,21.44,NASA POWER
20,2023-11-01,95.9,2.81,22.76,12.79,18.47,NASA POWER
20,2023-12-01,88.5,3.77,22.62,13.2,22.48,NASA POWER
20,2024-01-01,159.4,14.21,31.49,22.85,14.68,NASA POWER
20,2024-02-01,93.5,12.08,31.25,21.66,11.64,NASA POWER
20,2024-03-01,171.6,10.58,29.05,19.82,11.89,NASA POWER
20,2024-04-01,87.3,9.65,27.64,18.64,17.39,NASA POWER
20,2024-05-01,161.3,9.17,27.02,18.09,16.99,NASA POWER
20,2024-06-01,548.1,14.06,33.23,23.64,19.04,NASA POWER
20,2024-07-01,633.4,14.22,34.29,24.25,21.95,NASA POWER
20,2024-08-01,670.8,14.24,31.2,22.72,16.07,NASA POWER
20,2024-09-01,587.7,11.63,31.29,21.46,13.54,NASA POWER
20,2024-10-01,123.9,1.5,21.95,11.72,11.31,NASA POWER
20,2024-11-01,206.1,4.15,23.08,13.61,22.66,NASA POWER
20,2024-12-01,157.9,5.77,23.93,14.85,19.17,NASA POWER
21,2014-01-01,192.0,5.65,25.6,15.62,13.5,NASA POWER
21,2014-02-01,145.7,9.66,29.15,19.41,13.74,NASA POWER
21,2014-03-01,228.1,7.74,26.87,17.3,10.38,NASA POWER
21,2014-04-01,98.2,4.24,22.18,13.21,15.08,NASA POWER
21,2014-05-01,238.0,7.2,24.22,15.71,10.41,NASA POWER
21,2014-06-01,631.6,9.55,26.81,18.18,18.73,NASA POWER
21,2014-07-01,697.9,9.05,26.28,17.66,13.77,NASA POWER
21,2014-08-01,544.7,11.24,28.76,20.0,12.76,NASA POWER
21,2014-09-01,541.0,10.82,29.16,19.99,15.22,NASA POWER
21,2014-10-01,201.3,2.9,23.43,13.16,10.96,NASA POWER
21,2014-11-01,146.1,-2.09,18.2,8.05,11.94,NASA POWER
21,2014-12-01,222.2,0.32,19.45,9.88,16.67,NASA POWER
21,2015-01-01,194.6,7.89,27.13,17.51,10.49,NASA POWER
21,2015-02-01,222.9,7.97,27.38,17.68,11.21,NASA POWER
21,2015-03-01,88.5,7.39,28.23,17.81,17.93,NASA POWER
21,2015-04-01,128.7,6.72,24.43,15.57,19.78,NASA POWER
21,2015-05-01,126.5,6.77,26.96,16.87,9.25,NASA POWER
21,2015-06-01,646.5,7.92,26.11,17.02,15.92,NASA POWER
21,2015-07-01,680.7,7.13,26.19,16.66,16.46,NASA POWER
21,2015-08-01,760.8,9.02,27.92,18.47,19.04,NASA POWER
21,2015-09-01,679.5,11.4,28.66,20.03,10.49,NASA POWER
21,2015-10-01,110.6,1.45,20.92,11.19,15.99,NASA POWER
21,2015-11-01,169.9,2.01,19.98,11.0,16.17,NASA POWER
21,2015-12-01,197.4,0.04,20.89,10.46,12.47,NASA POWER
21,2016-01-01,171.7,10.37,27.49,18.93,10.67,NASA POWER
21,2016-02-01,135.9,6.62,23.61,15.12,18.9,NASA POWER
21,2016-03-01,204.5,8.21,25.96,17.09,11.73,NASA POWER
21,2016-04-01,201.8,5.97,23.97,14.97,18.73,NASA POWER
21,2016-05-01,149.4,2.55,23.46,13.01,18.24,NASA POWER
21,2016-06-01,517.3,9.12,29.54,19.33,10.86,NASA POWER
21,2016-07-01,643.3,6.83,26.6,16.71,10.37,NASA POWER
21,2016-08-01,649.8,8.82,26.72,17.77,13.65,NASA POWER
21,2016-09-01,560.7,6.61,27.46,17.04,10.97,NASA POWER
21,2016-10-01,82.9,1.3,20.78,11.04,19.35,NASA POWER
21,2016-11-01,239.1,-0.11,17.19,8.54,9.13,NASA POWER
21,2016-12-01,161.8,1.2,18.91,10.05,14.81,NASA POWER
21,2017-01-01,182.7,7.8,25.98,16.89,15.85,NASA POWER
21,2017-02-01,191.6,4.92,23.15,14.04,16.01,NASA POWER
21,2017-03-01,162.8,10.23,28.66,19.45,15.33,NASA POWER
21,2017-04-01,149.0,7.16,26.67,16.91,11.57,NASA POWER
21,2017-05-01,197.7,4.86,24.15,14.5,19.27,NASA POWER
21,2017-06-01,671.1,9.29,29.03,19.16,14.87,NASA POWER
21,2017-07-01,547.1,9.95,28.87,19.41,17.72,NASA POWER
21,2017-08-01,696.3,9.81,29.68,19.75,13.41,NASA POWER
21,2017-09-01,674.8,7.54,27.01,17.28,16.37,NASA POWER
21,2017-10-01,144.0,2.6,21.21,11.91,16.99,NASA POWER
21,2017-11-01,224.5,0.66,19.59,10.12,13.63,NASA POWER
21,2017-12-01,187.4,-0.01,17.65,8.82,14.68,NASA POWER
21,2018-01-01,97.0,7.54,27.8,17.67,12.66,NASA POWER
21,2018-02-01,169.5,6.81,27.75,17.28,11.47,NASA POWER
21,2018-03-01,104.0,5.49,24.77,15.13,9.45,NASA POWER
21,2018-04-01,95.1,3.97,21.51,12.74,16.61,NASA POWER
21,2018-05-01,239.2,5.82,24.23,15.03,14.98,NASA POWER
21,2018-06-01,609.9,8.19,24.77,16.48,11.73,NASA POWER
21,2018-07-01,674.0,9.16,29.05,19.11,9.4,NASA POWER
21,2018-08-01,757.7,9.36,30.78,20.07,9.03,NASA POWER
21,2018-09-01,557.4,10.79,27.68,19.23,15.82,NASA POWER
21,2018-10-01,193.8,3.27,21.78,12.53,11.02,NASA POWER
21,2018-11-01,212.9,1.05,19.25,10.15,16.6,NASA POWER
21,2018-12-01,139.9,1.3,18.71,10.01,15.79,NASA POWER
21,2019-01-01,142.5,6.18,25.52,15.85,14.82,NASA POWER
21,2019-02-01,94.7,9.13,25.44,17.29,16.22,NASA POWER
21,2019-03-01,169.6,7.57,27.85,17.71,17.5,NASA POWER
21,2019-04-01,145.1,4.89,25.77,15.33,15.71,NASA POWER
21,2019-05-01,159.5,5.75,26.29,16.02,18.06,NASA POWER
21,2019-06-01,617.5,9.87,29.07,19.47,17.97,NASA POWER
21,2019-07-01,729.6,8.77,29.3,19.04,16.12,NASA POWER
21,2019-08-01,632.7,7.47,24.48,15.97,13.57,NASA POWER
21,2019-09-01,712.6,8.18,27.98,18.08,11.3,NASA POWER
21,2019-10-01,239.9,-1.0,19.49,9.24,10.68,NASA POWER
21,2019-11-01,130.0,0.18,16.95,8.56,18.87,NASA POWER
21,2019-12-01,95.3,-3.29,15.15,5.93,14.98,NASA POWER
21,2020-01-01,210.5,9.24,28.11,18.68,15.53,NASA POWER
21,2020-02-01,174.5,5.61,23.99,14.8,15.03,NASA POWER
21,2020-03-01,101.3,4.74,23.4,14.07,11.39,NASA POWER
21,2020-04-01,178.3,7.99,27.04,17.52,10.63,NASA POWER
21,2020-05-01,122.9,4.39,23.23,13.81,17.9,NASA POWER
21,2020-06-01,558.1,9.05,27.06,18.05,13.02,NASA POWER
21,2020-07-01,540.5,6.3,27.42,16.86,10.04,NASA POWER
21,2020-08-01,672.4,9.57,29.0,19.29,11.19,NASA POWER
21,2020-09-01,586.7,10.99,29.0,20.0,13.56,NASA POWER
21,2020-10-01,113.7,2.86,21.72,12.29,19.64,NASA POWER
21,2020-11-01,178.5,-0.69,19.12,9.21,14.62,NASA POWER
21,2020-12-01,194.3,0.95,17.88,9.41,12.96,NASA POWER
21,2021-01-01,213.2,9.72,28.29,19.0,9.65,NASA POWER
21,2021-02-01,146.3,7.77,25.45,16.61,16.16,NASA POWER
21,2021-03-01,204.5,6.16,24.09,15.12,9.57,NASA POWER
21,2021-04-01,204.6,6.92,23.96,15.44,9.5,NASA POWER
21,2021-05-01,209.7,5.6,25.26,15.43,12.91,NASA POWER
21,2021-06-01,732.6,9.52,26.7,18.11,16.38,NASA POWER
21,2021-07-01,766.1,7.34,25.81,16.57,12.83,NASA POWER
21,2021-08-01,654.5,6.9,26.29,16.59,12.74,NASA POWER
21,2021-09-01,532.3,10.38,27.34,18.86,17.69,NASA POWER
21,2021-10-01,148.4,-0.17,20.87,10.35,18.76,NASA POWER
21,2021-11-01,109.1,-1.33,18.06,8.36,18.3,NASA POWER
21,2021-12-01,236.5,-0.89,18.77,8.94,11.19,NASA POWER
21,2022-01-01,218.9,4.62,23.42,14.02,14.1,NASA POWER
21,2022-02-01,168.8,7.11,25.25,16.18,12.37,NASA POWER
21,2022-03-01,194.9,3.52,24.24,13.88,11.1,NASA POWER
21,2022-04-01,180.6,3.23,22.64,12.94,12.31,NASA POWER
21,2022-05-01,142.0,6.23,25.38,15.8,11.12,NASA POWER
21,2022-06-01,607.2,5.17,26.23,15.7,13.57,NASA POWER
21,2022-07-01,569.5,6.3,25.13,15.71,12.83,NASA POWER
21,2022-08-01,565.4,10.66,29.22,19.94,17.92,NASA POWER
21,2022-09-01,679.8,7.53,27.41,17.47,15.06,NASA POWER
21,2022-10-01,208.8,1.52,21.44,11.48,11.35,NASA POWER
21,2022-11-01,186.2,-1.58,18.39,8.41,14.32,NASA POWER
21,2022-12-01,193.9,0.69,20.75,10.72,16.03,NASA POWER
21,2023-01-01,189.0,11.03,27.57,19.3,17.21,NASA POWER
21,2023-02-01,216.0,6.56,27.86,17.21,11.38,NASA POWER
21,2023-03-01,123.6,6.2,23.26,14.73,17.08,NASA POWER
21,2023-04-01,208.8,8.56,25.75,17.16,14.68,NASA POWER
21,2023-05-01,98.5,7.14,24.42,15.78,10.2,NASA POWER
21,2023-06-01,564.3,7.68,26.86,17.27,17.94,NASA POWER
21,2023-07-01,731.9,8.21,25.78,17.0,14.89,NASA POWER
21,2023-08-01,729.1,7.91,28.15,18.03,16.1,NASA POWER
21,2023-09-01,682.4,9.22,29.02,19.12,18.63,NASA POWER
21,2023-10-01,163.2,2.38,20.82,11.6,19.35,NASA POWER
21,2023-11-01,177.7,1.38,20.84,11.11,9.97,NASA POWER
21,2023-12-01,203.9,1.02,17.62,9.32,17.0,NASA POWER
21,2024-01-01,117.3,6.37,24.01,15.19,15.23,NASA POWER
21,2024-02-01,217.3,6.96,25.11,16.04,18.38,NASA POWER
21,2024-03-01,178.0,2.9,21.81,12.35,16.71,NASA POWER
21,2024-04-01,219.0,8.21,26.24,17.23,15.95,NASA POWER
21,2024-05-01,171.0,2.09,22.0,12.04,15.59,NASA POWER
21,2024-06-01,556.5,9.87,27.36,18.61,15.1,NASA POWER
21,2024-07-01,633.5,8.53,27.19,17.86,19.34,NASA POWER
21,2024-08-01,621.3,8.24,28.37,18.3,14.4,NASA POWER
21,2024-09-01,634.6,9.94,29.73,19.84,11.48,NASA POWER
21,2024-10-01,156.7,-0.04,20.02,9.99,18.51,NASA POWER
21,2024-11-01,177.6,2.31,20.78,11.54,17.4,NASA POWER
21,2024-12-01,93.6,-3.98,16.99,6.5,11.71,NASA POWER
22,2014-01-01,233.6,7.0,26.93,16.96,13.0,NASA POWER
22,2014-02-01,174.9,5.38,25.59,15.48,13.09,NASA POWER
22,2014-03-01,215.5,7.92,27.71,17.82,18.12,NASA POWER
22,2014-04-01,102.5,4.75,23.04,13.89,12.01,NASA POWER
22,2014-05-01,216.4,3.82,20.83,12.32,17.88,NASA POWER
22,2014-06-01,726.4,8.41,26.44,17.43,17.25,NASA POWER
22,2014-07-01,659.1,9.81,29.5,19.66,19.32,NASA POWER
22,2014-08-01,579.2,10.54,28.77,19.66,14.85,NASA POWER
22,2014-09-01,567.5,9.95,28.87,19.41,19.22,NASA POWER
22,2014-10-01,179.4,1.06,18.6,9.83,11.48,NASA POWER
22,2014-11-01,125.8,1.4,17.59,9.49,9.4,NASA POWER
22,2014-12-01,138.4,-3.04,14.59,5.78,12.3,NASA POWER
22,2015-01-01,206.3,9.52,28.39,18.95,13.79,NASA POWER
22,2015-02-01,98.4,10.38,29.82,20.1,17.79,NASA POWER
22,2015-03-01,201.5,6.57,26.55,16.56,14.69,NASA POWER
22,2015-04-01,100.3,7.2,25.79,16.5,14.03,NASA POWER
22,2015-05-01,235.1,6.52,25.42,15.97,14.25,NASA POWER
22,2015-06-01,628.5,6.47,27.1,16.79,12.79,NASA POWER
22,2015-07-01,723.8,8.03,28.03,18.03,13.68,NASA POWER
22,2015-08-01,594.6,11.58,30.13,20.86,15.82,NASA POWER
22,2015-09-01,765.5,10.11,26.59,18.35,15.02,NASA POWER
22,2015-10-01,123.7,2.52,20.98,11.75,13.94,NASA POWER
22,2015-11-01,225.5,-1.48,16.49,7.5,16.22,NASA POWER
22,2015-12-01,103.4,-0.81,18.47,8.83,9.01,NASA POWER
22,2016-01-01,143.6,7.58,25.0,16.29,18.75,NASA POWER
22,2016-02-01,178.0,7.5,26.03,16.77,15.65,NASA POWER
22,2016-03-01,189.6,8.18,25.84,17.01,10.57,NASA POWER
22,2016-04-01,182.1,3.91,24.45,14.18,15.74,NASA POWER
22,2016-05-01,195.7,6.29,24.4,15.34,17.53,NASA POWER
22,2016-06-01,688.3,11.44,29.47,20.45,10.48,NASA POWER
22,2016-07-01,546.2,11.07,30.16,20.62,18.67,NASA POWER
22,2016-08-01,626.9,7.19,27.13,17.16,15.7,NASA POWER
22,2016-09-01,607.0,11.07,30.38,20.73,9.48,NASA POWER
22,2016-10-01,181.5,-0.28,17.74,8.73,15.9,NASA POWER
22,2016-11-01,220.6,-2.02,17.9,7.94,12.46,NASA POWER
22,2016-12-01,209.9,-1.09,18.24,8.57,19.25,NASA POWER
22,2017-01-01,216.2,5.17,25.6,15.39,14.97,NASA POWER
22,2017-02-01,208.4,5.92,24.72,15.32,10.87,NASA POWER
22,2017-03-01,146.2,7.61,24.0,15.8,10.03,NASA POWER
22,2017-04-01,94.2,5.65,22.98,14.32,16.42,NASA POWER
22,2017-05-01,85.0,5.73,23.48,14.61,12.49,NASA POWER
22,2017-06-01,543.3,12.05,31.32,21.69,13.72,NASA POWER
22,2017-07-01,623.8,11.45,28.45,19.95,19.7,NASA POWER
22,2017-08-01,727.4,5.63,27.17,16.4,14.12,NASA POWER
22,2017-09-01,625.3,9.48,28.14,18.81,19.08,NASA POWER
22,2017-10-01,107.9,0.02,19.49,9.75,10.77,NASA POWER
22,2017-11-01,237.4,-1.04,17.5,8.23,18.86,NASA POWER
22,2017-12-01,140.8,-0.94,16.61,7.83,10.0,NASA POWER
22,2018-01-01,170.0,7.45,25.41,16.43,18.47,NASA POWER
22,2018-02-01,160.8,7.29,27.12,17.21,13.62,NASA POWER
22,2018-03-01,218.4,3.37,23.56,13.46,18.51,NASA POWER
22,2018-04-01,85.7,2.55,23.51,13.03,9.36,NASA POWER
22,2018-05-01,100.2,3.82,23.91,13.87,16.37,NASA POWER
22,2018-06-01,730.6,11.38,30.17,20.78,9.86,NASA POWER
22,2018-07-01,746.5,8.22,28.13,18.18,12.36,NASA POWER
22,2018-08-01,604.3,10.25,29.12,19.69,15.56,NASA POWER
22,2018-09-01,760.8,10.59,29.2,19.89,19.68,NASA POWER
22,2018-10-01,230.2,1.66,17.75,9.71,15.08,NASA POWER
22,2018-11-01,144.2,1.15,22.12,11.63,15.14,NASA POWER
22,2018-12-01,91.1,-2.34,15.27,6.46,17.68,NASA POWER
22,2019-01-01,203.7,9.92,28.28,19.1,13.05,NASA POWER
22,2019-02-01,189.2,8.15,25.73,16.94,11.24,NASA POWER
22,2019-03-01,153.8,5.28,26.22,15.75,9.08,NASA POWER
22,2019-04-01,216.9,6.15,22.74,14.45,17.88,NASA POWER
22,2019-05-01,221.5,1.44,21.07,11.26,10.98,NASA POWER
22,2019-06-01,734.4,7.82,27.73,17.77,18.26,NASA POWER
22,2019-07-01,567.0,7.91,28.02,17.96,15.2,NASA POWER
22,2019-08-01,541.4,11.6,27.72,19.66,18.97,NASA POWER
22,2019-09-01,545.5,8.67,27.62,18.14,13.4,NASA POWER
22,2019-10-01,140.6,2.06,22.07,12.06,10.64,NASA POWER
22,2019-11-01,160.0,-2.19,17.9,7.85,12.45,NASA POWER
22,2019-12-01,181.0,0.22,19.16,9.69,12.65,NASA POWER
22,2020-01-01,177.5,9.52,28.55,19.04,9.4,NASA POWER
22,2020-02-01,216.7,8.88,26.63,17.75,10.96,NASA POWER
22,2020-03-01,97.9,5.05,23.31,14.18,16.29,NASA POWER
22,2020-04-01,205.0,6.76,24.53,15.64,13.54,NASA POWER
22,2020-05-01,152.9,2.92,23.17,13.05,14.95,NASA POWER
22,2020-06-01,703.3,10.04,27.83,18.93,19.16,NASA POWER
22,2020-07-01,591.9,10.63,29.42,20.03,15.14,NASA POWER
22,2020-08-01,678.5,6.56,26.63,16.59,17.7,NASA POWER
22,2020-09-01,744.3,8.16,29.45,18.8,12.08,NASA POWER
22,2020-10-01,96.8,0.77,19.33,10.05,13.69,NASA POWER
22,2020-11-01,175.0,1.91,21.09,11.5,19.38,NASA POWER
22,2020-12-01,203.1,0.54,19.12,9.83,10.94,NASA POWER
22,2021-01-01,220.0,6.62,25.68,16.15,14.85,NASA POWER
22,2021-02-01,169.0,9.22,26.95,18.09,12.32,NASA POWER
22,2021-03-01,230.4,6.57,22.69,14.63,17.15,NASA POWER
22,2021-04-01,160.0,3.04,21.99,12.51,19.13,NASA POWER
22,2021-05-01,127.1,5.06,24.15,14.6,14.56,NASA POWER
22,2021-06-01,608.9,8.6,25.91,17.25,12.4,NASA POWER
22,2021-07-01,710.1,9.25,27.16,18.2,10.1,NASA POWER
22,2021-08-01,642.0,5.74,27.04,16.39,10.42,NASA POWER
22,2021-09-01,527.0,9.5,27.67,18.59,9.49,NASA POWER
22,2021-10-01,221.6,-0.68,18.88,9.1,15.51,NASA POWER
22,2021-11-01,96.7,1.46,22.6,12.03,16.36,NASA POWER
22,2021-12-01,203.4,-1.26,18.04,8.39,10.73,NASA POWER
22,2022-01-01,238.6,7.45,26.97,17.21,18.63,NASA POWER
22,2022-02-01,119.5,5.68,24.24,14.96,19.68,NASA POWER
22,2022-03-01,140.5,5.72,24.59,15.15,16.52,NASA POWER
22,2022-04-01,212.5,3.67,23.93,13.8,15.84,NASA POWER
22,2022-05-01,130.7,7.38,26.2,16.79,11.14,NASA POWER
22,2022-06-01,646.3,8.42,26.37,17.39,15.71,NASA POWER
22,2022-07-01,533.7,8.34,28.34,18.34,19.14,NASA POWER
22,2022-08-01,762.7,12.61,29.67,21.14,15.5,NASA POWER
22,2022-09-01,684.7,9.71,27.98,18.84,12.82,NASA POWER
22,2022-10-01,238.3,-2.09,17.87,7.89,9.48,NASA POWER
22,2022-11-01,193.5,-0.18,18.58,9.2,10.35,NASA POWER
22,2022-12-01,83.6,2.05,21.83,11.94,13.63,NASA POWER
22,2023-01-01,185.6,9.21,25.94,17.58,15.47,NASA POWER
22,2023-02-01,200.8,9.04,25.67,17.36,10.71,NASA POWER
22,2023-03-01,187.5,7.76,29.04,18.4,10.33,NASA POWER
22,2023-04-01,138.7,7.55,23.94,15.75,13.16,NASA POWER
22,2023-05-01,85.9,1.71,21.02,11.37,11.11,NASA POWER
22,2023-06-01,560.2,8.28,26.71,17.5,17.89,NASA POWER
22,2023-07-01,622.6,11.13,30.15,20.64,11.62,NASA POWER
22,2023-08-01,567.0,8.08,27.01,17.55,9.07,NASA POWER
22,2023-09-01,527.3,8.97,28.18,18.57,9.26,NASA POWER
22,2023-10-01,205.0,0.91,18.61,9.76,19.54,NASA POWER
22,2023-11-01,180.7,-1.3,19.18,8.94,14.58,NASA POWER
22,2023-12-01,88.2,-0.33,20.16,9.92,13.73,NASA POWER
22,2024-01-01,93.1,7.57,26.66,17.12,15.32,NASA POWER
22,2024-02-01,119.9,5.96,26.43,16.2,10.49,NASA POWER
22,2024-03-01,124.2,5.56,24.87,15.21,12.24,NASA POWER
22,2024-04-01,234.7,4.62,23.7,14.16,13.86,NASA POWER
22,2024-05-01,122.7,5.87,24.58,15.22,17.84,NASA POWER
22,2024-06-01,706.4,7.92,28.92,18.42,15.21,NASA POWER
22,2024-07-01,638.6,9.04,28.7,18.87,14.56,NASA POWER
22,2024-08-01,652.8,7.34,29.14,18.24,18.4,NASA POWER
22,2024-09-01,640.4,8.27,28.32,18.3,19.71,NASA POWER
22,2024-10-01,153.0,2.76,22.91,12.84,9.16,NASA POWER
22,2024-11-01,126.2,-1.71,18.7,8.49,19.66,NASA POWER
22,2024-12-01,133.0,2.07,21.36,11.71,13.29,NASA POWER
23,2014-01-01,173.2,10.3,27.96,19.13,10.85,NASA POWER
23,2014-02-01,87.9,7.75,28.2,17.98,9.61,NASA POWER
23,2014-03-01,233.0,4.41,24.08,14.24,17.88,NASA POWER
23,2014-04-01,124.4,6.21,26.33,16.27,11.73,NASA POWER
23,2014-05-01,207.6,3.29,20.86,12.07,11.58,NASA POWER
23,2014-06-01,707.7,6.18,25.21,15.7,13.78,NASA POWER
23,2014-07-01,651.4,8.26,28.01,18.14,14.43,NASA POWER
23,2014-08-01,624.4,9.91,28.56,19.23,9.02,NASA POWER
23,2014-09-01,599.9,11.66,29.9,20.78,17.98,NASA POWER
23,2014-10-01,94.5,3.92,21.68,12.8,9.44,NASA POWER
23,2014-11-01,170.9,-1.37,18.21,8.42,19.59,NASA POWER
23,2014-12-01,93.6,2.59,20.01,11.3,13.46,NASA POWER
23,2015-01-01,186.6,10.22,29.31,19.77,11.11,NASA POWER
23,2015-02-01,149.9,4.81,24.13,14.47,12.2,NASA POWER
23,2015-03-01,167.5,7.07,27.41,17.24,18.53,NASA POWER
23,2015-04-01,190.1,4.98,23.75,14.37,13.37,NASA POWER
23,2015-05-01,88.4,4.23,23.85,14.04,9.61,NASA POWER
23,2015-06-01,715.2,11.69,28.79,20.24,14.94,NASA POWER
23,2015-07-01,688.8,11.6,29.41,20.5,14.79,NASA POWER
23,2015-08-01,598.1,7.45,24.92,16.19,16.65,NASA POWER
23,2015-09-01,621.3,12.27,30.47,21.37,16.41,NASA POWER
23,2015-10-01,183.2,1.68,20.74,11.21,15.4,NASA POWER
23,2015-11-01,161.1,0.59,21.11,10.85,18.81,NASA POWER
23,2015-12-01,157.2,-1.55,18.89,8.67,9.22,NASA POWER
23,2016-01-01,231.4,8.62,27.57,18.09,11.08,NASA POWER
23,2016-02-01,190.6,8.52,27.75,18.13,11.86,NASA POWER
23,2016-03-01,134.6,8.6,28.83,18.71,14.93,NASA POWER
23,2016-04-01,137.9,5.43,23.89,14.66,11.75,NASA POWER
23,2016-05-01,238.0,7.61,25.2,16.41,14.89,NASA POWER
23,2016-06-01,693.9,10.14,30.16,20.15,15.37,NASA POWER
23,2016-07-01,558.1,9.0,29.27,19.13,16.35,NASA POWER
23,2016-08-01,562.1,8.15,26.33,17.24,9.59,NASA POWER
23,2016-09-01,653.5,5.87,26.63,16.25,17.0,NASA POWER
23,2016-10-01,85.7,0.37,19.83,10.1,10.94,NASA POWER
23,2016-11-01,185.9,1.6,20.48,11.04,17.8,NASA POWER
23,2016-12-01,239.6,-1.49,18.25,8.38,14.19,NASA POWER
23,2017-01-01,95.7,7.75,25.65,16.7,14.25,NASA POWER
23,2017-02-01,151.0,8.61,27.04,17.82,10.41,NASA POWER
23,2017-03-01,123.7,8.05,26.2,17.12,12.76,NASA POWER
23,2017-04-01,100.8,4.72,23.4,14.06,13.91,NASA POWER
23,2017-05-01,175.8,4.29,23.0,13.64,14.85,NASA POWER
23,2017-06-01,763.2,6.7,25.98,16.34,11.93,NASA POWER
23,2017-07-01,646.3,7.32,27.13,17.23,19.42,NASA POWER
23,2017-08-01,761.5,10.79,27.34,19.06,10.4,NASA POWER
23,2017-09-01,686.1,6.33,26.2,16.27,11.84,NASA POWER
23,2017-10-01,118.4,1.34,19.98,10.66,14.91,NASA POWER
23,2017-11-01,234.2,-2.66,16.44,6.89,12.33,NASA POWER
23,2017-12-01,202.1,1.86,19.13,10.49,18.64,NASA POWER
23,2018-01-01,167.8,9.09,29.66,19.38,10.27,NASA POWER
23,2018-02-01,189.3,5.49,25.74,15.61,12.76,NASA POWER
23,2018-03-01,238.8,4.08,24.14,14.11,19.56,NASA POWER
23,2018-04-01,106.4,5.63,24.12,14.88,10.64,NASA POWER
23,2018-05-01,100.4,6.78,25.22,16.0,16.62,NASA POWER
23,2018-06-01,530.8,6.86,27.0,16.93,16.05,NASA POWER
23,2018-07-01,512.5,10.33,27.67,19.0,17.77,NASA POWER
23,2018-08-01,748.0,11.48,29.28,20.38,12.44,NASA POWER
23,2018-09-01,767.5,7.12,26.38,16.75,15.79,NASA POWER
23,2018-10-01,102.1,0.18,19.05,9.62,14.04,NASA POWER
23,2018-11-01,114.3,-1.7,15.63,6.97,10.29,NASA POWER
23,2018-12-01,102.4,0.95,18.15,9.55,16.8,NASA POWER
23,2019-01-01,207.6,9.87,27.81,18.84,13.49,NASA POWER
23,2019-02-01,180.7,6.76,27.55,17.16,18.52,NASA POWER
23,2019-03-01,86.7,8.74,26.28,17.51,14.59,NASA POWER
23,2019-04-01,142.2,7.97,27.71,17.84,14.68,NASA POWER
23,2019-05-01,85.7,2.38,20.95,11.66,16.19,NASA POWER
23,2019-06-01,562.8,10.05,30.87,20.46,16.91,NASA POWER
23,2019-07-01,639.4,5.92,25.18,15.55,18.24,NASA POWER
23,2019-08-01,652.7,9.45,27.28,18.37,12.09,NASA POWER
23,2019-09-01,554.0,8.91,25.83,17.37,13.18,NASA POWER
23,2019-10-01,170.0,1.95,18.73,10.34,19.58,NASA POWER
23,2019-11-01,80.2,-1.19,18.44,8.62,17.62,NASA POWER
23,2019-12-01,145.7,-2.8,15.55,6.38,10.45,NASA POWER
23,2020-01-01,198.0,6.19,24.8,15.5,17.92,NASA POWER
23,2020-02-01,178.8,6.38,25.62,16.0,9.13,NASA POWER
23,2020-03-01,161.8,6.57,25.91,16.24,16.24,NASA POWER
23,2020-04-01,102.4,7.08,26.6,16.84,15.5,NASA POWER
23,2020-05-01,94.4,5.7,27.12,16.41,9.68,NASA POWER
23,2020-06-01,586.6,6.91,25.91,16.41,13.83,NASA POWER
23,2020-07-01,673.6,7.29,26.8,17.05,15.41,NASA POWER
23,2020-08-01,694.9,8.34,27.21,17.77,12.52,NASA POWER
23,2020-09-01,634.3,10.21,29.98,20.09,11.85,NASA POWER
23,2020-10-01,197.0,0.63,18.95,9.79,11.01,NASA POWER
23,2020-11-01,229.7,0.87,19.68,10.28,16.6,NASA POWER
23,2020-12-01,225.8,-1.61,15.66,7.03,13.97,NASA POWER
23,2021-01-01,208.9,6.59,24.38,15.48,10.8,NASA POWER
23,2021-02-01,177.3,5.62,25.65,15.63,10.16,NASA POWER
23,2021-03-01,193.7,6.93,25.28,16.11,18.06,NASA POWER
23,2021-04-01,207.2,6.12,27.41,16.77,10.62,NASA POWER
23,2021-05-01,169.6,3.36,23.02,13.19,18.68,NASA POWER
23,2021-06-01,714.3,6.16,25.48,15.82,15.6,NASA POWER
23,2021-07-01,686.3,10.06,29.8,19.93,9.56,NASA POWER
23,2021-08-01,581.6,8.58,26.58,17.58,18.68,NASA POWER
23,2021-09-01,627.4,9.57,30.25,19.91,9.86,NASA POWER
23,2021-10-01,111.2,-0.15,17.59,8.72,10.82,NASA POWER
23,2021-11-01,95.3,2.92,21.85,12.39,11.59,NASA POWER
23,2021-12-01,124.3,-2.03,17.61,7.79,19.5,NASA POWER
23,2022-01-01,161.9,6.42,27.67,17.05,10.97,NASA POWER
23,2022-02-01,182.2,9.06,26.69,17.88,9.57,NASA POWER
23,2022-03-01,225.2,2.96,22.54,12.75,9.78,NASA POWER
23,2022-04-01,196.9,8.54,27.56,18.05,11.29,NASA POWER
23,2022-05-01,105.5,4.82,23.48,14.15,15.39,NASA POWER
23,2022-06-01,686.9,8.27,29.73,19.0,12.43,NASA POWER
23,2022-07-01,672.8,9.98,27.78,18.88,15.51,NASA POWER
23,2022-08-01,524.1,7.23,24.6,15.92,16.55,NASA POWER
23,2022-09-01,578.3,9.23,26.8,18.02,16.49,NASA POWER
23,2022-10-01,184.8,3.42,21.03,12.23,10.57,NASA POWER
23,2022-11-01,89.7,2.67,20.38,11.52,11.17,NASA POWER
23,2022-12-01,162.6,-3.33,16.2,6.43,15.89,NASA POWER
23,2023-01-01,227.1,7.24,28.34,17.79,9.54,NASA POWER
23,2023-02-01,212.0,8.16,27.56,17.86,17.48,NASA POWER
23,2023-03-01,237.5,6.94,27.16,17.05,9.37,NASA POWER
23,2023-04-01,169.2,3.17,22.18,12.68,18.41,NASA POWER
23,2023-05-01,100.7,7.28,26.36,16.82,17.8,NASA POWER
23,2023-06-01,766.9,7.05,27.1,17.07,16.37,NASA POWER
23,2023-07-01,553.1,7.4,24.63,16.02,13.47,NASA POWER
23,2023-08-01,663.0,6.91,26.52,16.71,10.13,NASA POWER
23,2023-09-01,683.5,7.12,28.12,17.62,13.94,NASA POWER
23,2023-10-01,169.6,3.62,21.41,12.52,14.16,NASA POWER
23,2023-11-01,172.4,-1.93,17.75,7.91,10.89,NASA POWER
23,2023-12-01,88.1,1.31,18.25,9.78,19.11,NASA POWER
23,2024-01-01,123.0,6.56,26.43,16.5,10.29,NASA POWER
23,2024-02-01,144.5,8.69,30.05,19.37,16.54,NASA POWER
23,2024-03-01,85.0,5.06,24.18,14.62,14.82,NASA POWER
23,2024-04-01,168.5,6.74,26.61,16.68,13.72,NASA POWER
23,2024-05-01,163.5,2.47,21.12,11.79,17.17,NASA POWER
23,2024-06-01,658.9,5.97,27.1,16.54,16.08,NASA POWER
23,2024-07-01,544.0,10.06,28.3,19.18,19.01,NASA POWER
23,2024-08-01,694.7,11.97,29.72,20.84,15.47,NASA POWER
23,2024-09-01,534.4,8.47,26.4,17.43,14.59,NASA POWER
23,2024-10-01,197.3,1.31,19.96,10.63,11.69,NASA POWER
23,2024-11-01,198.4,0.63,18.89,9.76,10.55,NASA POWER
23,2024-12-01,159.5,-3.51,16.74,6.61,13.9,NASA POWER
24,2014-01-01,148.0,11.22,31.46,21.34,16.83,NASA POWER
24,2014-02-01,154.4,13.42,31.44,22.43,22.26,NASA POWER
24,2014-03-01,116.6,9.18,29.65,19.41,20.3,NASA POWER
24,2014-04-01,148.7,8.58,25.36,16.97,20.55,NASA POWER
24,2014-05-01,187.9,9.39,28.68,19.04,14.71,NASA POWER
24,2014-06-01,477.1,16.14,34.17,25.16,17.64,NASA POWER
24,2014-07-01,505.8,10.43,30.81,20.62,21.7,NASA POWER
24,2014-08-01,577.6,13.26,33.21,23.23,15.2,NASA POWER
24,2014-09-01,522.4,11.44,29.43,20.43,17.2,NASA POWER
24,2014-10-01,170.6,3.86,25.02,14.44,22.22,NASA POWER
24,2014-11-01,135.7,3.87,23.66,13.77,24.2,NASA POWER
24,2014-12-01,172.2,4.84,24.51,14.68,20.14,NASA POWER
24,2015-01-01,168.8,11.33,30.13,20.73,11.72,NASA POWER
24,2015-02-01,138.9,11.29,32.25,21.77,13.04,NASA POWER
24,2015-03-01,127.6,8.15,27.52,17.84,15.87,NASA POWER
24,2015-04-01,128.3,9.52,27.85,18.69,13.35,NASA POWER
24,2015-05-01,81.4,9.0,25.96,17.48,19.04,NASA POWER
24,2015-06-01,452.3,12.65,31.43,22.04,12.73,NASA POWER
24,2015-07-01,517.6,10.66,31.43,21.05,22.93,NASA POWER
24,2015-08-01,529.4,14.47,33.7,24.09,14.86,NASA POWER
24,2015-09-01,487.6,15.46,33.76,24.61,17.68,NASA POWER
24,2015-10-01,137.5,4.8,25.55,15.18,12.37,NASA POWER
24,2015-11-01,130.9,6.6,24.59,15.59,23.67,NASA POWER
24,2015-12-01,189.1,2.36,22.16,12.26,12.34,NASA POWER
24,2016-01-01,160.0,12.55,30.62,21.59,20.23,NASA POWER
24,2016-02-01,186.8,10.17,30.69,20.43,17.63,NASA POWER
24,2016-03-01,118.5,9.45,28.75,19.1,22.81,NASA POWER
24,2016-04-01,121.1,11.19,30.47,20.83,15.44,NASA POWER
24,2016-05-01,143.8,5.8,25.52,15.66,11.58,NASA POWER
24,2016-06-01,516.2,13.47,32.17,22.82,20.73,NASA POWER
24,2016-07-01,518.7,13.14,32.26,22.7,18.42,NASA POWER
24,2016-08-01,479.6,13.91,32.6,23.26,14.06,NASA POWER
24,2016-09-01,471.0,14.79,33.38,24.09,23.18,NASA POWER
24,2016-10-01,209.1,6.29,27.39,16.84,16.67,NASA POWER
24,2016-11-01,165.3,3.69,21.01,12.35,14.5,NASA POWER
24,2016-12-01,186.7,4.72,25.02,14.87,24.15,NASA POWER
24,2017-01-01,160.0,13.4,31.19,22.3,14.39,NASA POWER
24,2017-02-01,137.8,12.19,29.8,21.0,14.34,NASA POWER
24,2017-03-01,125.5,10.03,27.37,18.7,11.27,NASA POWER
24,2017-04-01,149.3,11.46,29.61,20.54,15.56,NASA POWER
24,2017-05-01,159.5,8.67,29.06,18.86,20.12,NASA POWER
24,2017-06-01,500.4,12.14,32.21,22.18,13.34,NASA POWER
24,2017-07-01,531.8,14.18,33.7,23.94,14.71,NASA POWER
24,2017-08-01,455.2,10.04,30.83,20.43,17.53,NASA POWER
24,2017-09-01,592.7,14.61,33.74,24.18,16.23,NASA POWER
24,2017-10-01,101.7,6.45,23.99,15.22,19.64,NASA POWER
24,2017-11-01,122.8,4.33,22.59,13.46,19.31,NASA POWER
24,2017-12-01,188.3,0.99,20.16,10.57,18.41,NASA POWER
24,2018-01-01,179.0,12.32,31.1,21.71,16.5,NASA POWER
24,2018-02-01,178.6,8.1,29.36,18.73,14.59,NASA POWER
24,2018-03-01,124.2,8.18,27.66,17.92,15.16,NASA POWER
24,2018-04-01,109.1,6.35,25.13,15.74,17.87,NASA POWER
24,2018-05-01,168.9,9.6,28.42,19.01,21.3,NASA POWER
24,2018-06-01,537.0,11.9,29.38,20.64,11.3,NASA POWER
24,2018-07-01,553.6,9.59,29.29,19.44,16.48,NASA POWER
24,2018-08-01,455.5,14.83,33.12,23.97,11.52,NASA POWER
24,2018-09-01,599.0,12.32,32.21,22.27,22.76,NASA POWER
24,2018-10-01,123.7,6.24,23.19,14.71,16.55,NASA POWER
24,2018-11-01,95.9,4.12,23.59,13.86,16.37,NASA POWER
24,2018-12-01,194.0,3.57,22.27,12.92,16.84,NASA POWER
24,2019-01-01,131.0,11.9,28.35,20.12,11.91,NASA POWER
24,2019-02-01,206.9,10.71,31.07,20.89,20.62,NASA POWER
24,2019-03-01,113.0,12.18,30.19,21.19,22.54,NASA POWER
24,2019-04-01,139.5,12.35,29.79,21.07,17.88,NASA POWER
24,2019-05-01,199.6,8.82,29.43,19.12,17.62,NASA POWER
24,2019-06-01,581.0,14.04,32.85,23.45,21.57,NASA POWER
24,2019-07-01,550.0,13.81,35.07,24.44,16.66,NASA POWER
24,2019-08-01,453.6,15.53,32.57,24.05,20.97,NASA POWER
24,2019-09-01,616.7,13.33,31.08,22.2,21.22,NASA POWER
24,2019-10-01,135.9,3.81,22.18,12.99,22.16,NASA POWER
24,2019-11-01,85.5,0.96,21.12,11.04,18.31,NASA POWER
24,2019-12-01,99.6,5.04,24.06,14.55,14.85,NASA POWER
24,2020-01-01,151.8,13.21,30.42,21.82,18.01,NASA POWER
24,2020-02-01,99.0,13.62,31.47,22.54,19.03,NASA POWER
24,2020-03-01,177.3,10.86,30.19,20.52,23.12,NASA POWER
24,2020-04-01,73.0,10.9,29.55,20.23,15.19,NASA POWER
24,2020-05-01,143.7,7.12,25.6,16.36,18.79,NASA POWER
24,2020-06-01,573.8,13.12,31.63,22.38,14.69,NASA POWER
24,2020-07-01,546.7,13.51,32.34,22.93,19.0,NASA POWER
24,2020-08-01,521.0,10.52,31.81,21.16,18.93,NASA POWER
24,2020-09-01,538.7,12.15,31.33,21.74,18.52,NASA POWER
24,2020-10-01,94.2,3.68,20.54,12.11,12.39,NASA POWER
24,2020-11-01,125.1,2.47,23.8,13.13,16.01,NASA POWER
24,2020-12-01,178.6,1.64,21.35,11.5,23.69,NASA POWER
24,2021-01-01,157.8,12.22,32.93,22.57,18.48,NASA POWER
24,2021-02-01,183.0,13.58,31.37,22.48,12.62,NASA POWER
24,2021-03-01,92.4,12.94,32.18,22.56,12.89,NASA POWER
24,2021-04-01,178.6,6.76,26.4,16.58,11.72,NASA POWER
24,2021-05-01,195.8,8.03,27.37,17.7,19.11,NASA POWER
24,2021-06-01,548.7,13.27,31.65,22.46,16.92,NASA POWER
24,2021-07-01,487.1,14.83,31.95,23.39,12.88,NASA POWER
24,2021-08-01,613.6,12.08,32.81,22.45,23.34,NASA POWER
24,2021-09-01,648.4,16.23,33.68,24.95,22.81,NASA POWER
24,2021-10-01,170.0,6.63,25.56,16.09,15.19,NASA POWER
24,2021-11-01,81.1,5.54,24.93,15.23,22.15,NASA POWER
24,2021-12-01,78.6,4.75,22.43,13.59,21.06,NASA POWER
24,2022-01-01,148.7,13.67,33.67,23.67,13.55,NASA POWER
24,2022-02-01,161.9,8.09,29.1,18.59,24.18,NASA POWER
24,2022-03-01,115.6,10.83,27.84,19.34,11.6,NASA POWER
24,2022-04-01,108.1,8.09,28.43,18.26,24.14,NASA POWER
24,2022-05-01,121.0,9.31,26.08,17.7,16.05,NASA POWER
24,2022-06-01,667.8,14.51,34.2,24.36,18.33,NASA POWER
24,2022-07-01,597.5,15.01,34.43,24.72,15.29,NASA POWER
24,2022-08-01,605.8,13.58,35.18,24.38,19.08,NASA POWER
24,2022-09-01,535.4,14.15,33.47,23.81,22.89,NASA POWER
24,2022-10-01,190.7,4.49,25.77,15.13,19.77,NASA POWER
24,2022-11-01,120.0,6.47,24.57,15.52,22.93,NASA POWER
24,2022-12-01,153.4,2.43,22.29,12.36,21.17,NASA POWER
24,2023-01-01,118.3,8.58,29.42,19.0,19.46,NASA POWER
24,2023-02-01,106.2,10.23,30.76,20.5,12.96,NASA POWER
24,2023-03-01,143.1,12.31,29.68,21.0,20.4,NASA POWER
24,2023-04-01,161.0,7.84,27.05,17.45,16.74,NASA POWER
24,2023-05-01,115.6,7.32,27.1,17.21,19.92,NASA POWER
24,2023-06-01,582.4,12.23,30.97,21.6,14.64,NASA POWER
24,2023-07-01,474.1,11.21,30.84,21.02,14.47,NASA POWER
24,2023-08-01,634.2,11.16,30.06,20.61,13.03,NASA POWER
24,2023-09-01,585.7,11.46,30.68,21.07,15.97,NASA POWER
24,2023-10-01,138.0,4.16,24.22,14.19,23.69,NASA POWER
24,2023-11-01,99.9,6.42,23.35,14.89,15.38,NASA POWER
24,2023-12-01,169.3,2.52,20.54,11.53,16.87,NASA POWER
24,2024-01-01,155.1,12.53,31.16,21.84,20.08,NASA POWER
24,2024-02-01,109.8,11.27,30.16,20.71,20.77,NASA POWER
24,2024-03-01,139.1,7.93,26.21,17.07,15.51,NASA POWER
24,2024-04-01,91.0,8.27,26.16,17.21,21.02,NASA POWER
24,2024-05-01,108.6,7.04,24.64,15.84,19.86,NASA POWER
24,2024-06-01,539.3,13.36,30.86,22.11,16.99,NASA POWER
24,2024-07-01,589.0,9.65,28.65,19.15,14.71,NASA POWER
24,2024-08-01,666.6,11.83,31.27,21.55,15.59,NASA POWER
24,2024-09-01,553.4,13.21,34.57,23.89,23.63,NASA POWER
24,2024-10-01,194.2,5.95,24.1,15.03,22.34,NASA POWER
24,2024-11-01,206.0,7.24,25.49,16.36,21.5,NASA POWER
24,2024-12-01,91.2,2.92,20.02,11.47,16.48,NASA POWER
25,2014-01-01,89.1,8.44,27.53,17.98,15.6,NASA POWER
25,2014-02-01,153.4,7.43,26.72,17.07,17.08,NASA POWER
25,2014-03-01,148.6,5.78,25.35,15.57,15.32,NASA POWER
25,2014-04-01,155.7,4.9,22.01,13.46,19.48,NASA POWER
25,2014-05-01,135.6,1.99,19.96,10.97,11.58,NASA POWER
25,2014-06-01,747.3,6.56,25.76,16.16,11.65,NASA POWER
25,2014-07-01,684.2,9.02,28.26,18.64,15.29,NASA POWER
25,2014-08-01,714.1,8.45,27.43,17.94,11.48,NASA POWER
25,2014-09-01,647.5,9.93,27.98,18.95,11.54,NASA POWER
25,2014-10-01,238.8,-1.36,17.64,8.14,13.74,NASA POWER
25,2014-11-01,168.5,3.55,20.09,11.82,19.16,NASA POWER
25,2014-12-01,217.3,-0.57,20.65,10.04,19.77,NASA POWER
25,2015-01-01,223.9,8.67,26.73,17.7,19.56,NASA POWER
25,2015-02-01,166.7,5.32,22.41,13.87,11.29,NASA POWER
25,2015-03-01,131.2,6.67,27.99,17.33,15.2,NASA POWER
25,2015-04-01,106.2,4.22,22.46,13.34,12.44,NASA POWER
25,2015-05-01,183.0,2.82,20.43,11.62,15.67,NASA POWER
25,2015-06-01,656.6,10.68,31.85,21.27,15.46,NASA POWER
25,2015-07-01,527.9,9.89,28.52,19.2,17.93,NASA POWER
25,2015-08-01,664.8,8.61,26.56,17.59,16.51,NASA POWER
25,2015-09-01,561.4,8.23,27.45,17.84,12.84,NASA POWER
25,2015-10-01,234.8,-1.88,19.4,8.76,13.67,NASA POWER
25,2015-11-01,215.1,-2.12,16.65,7.26,16.23,NASA POWER
25,2015-12-01,192.8,-1.52,17.85,8.17,13.07,NASA POWER
25,2016-01-01,133.1,9.0,28.93,18.96,13.52,NASA POWER
25,2016-02-01,140.7,7.2,25.42,16.31,13.54,NASA POWER
25,2016-03-01,149.9,3.98,23.21,13.6,12.58,NASA POWER
25,2016-04-01,210.4,3.22,24.26,13.74,12.84,NASA POWER
25,2016-05-01,156.3,7.46,26.32,16.89,13.77,NASA POWER
25,2016-06-01,624.0,11.23,30.43,20.83,17.28,NASA POWER
25,2016-07-01,740.1,7.0,26.54,16.77,9.74,NASA POWER
25,2016-08-01,530.1,7.47,28.45,17.96,13.31,NASA POWER
25,2016-09-01,598.1,7.91,28.89,18.4,18.86,NASA POWER
25,2016-10-01,178.3,0.09,17.43,8.76,10.06,NASA POWER
25,2016-11-01,128.9,0.39,17.61,9.0,17.6,NASA POWER
25,2016-12-01,172.4,-2.39,16.08,6.84,16.75,NASA POWER
25,2017-01-01,192.2,8.92,29.87,19.39,11.27,NASA POWER
25,2017-02-01,94.9,6.16,25.2,15.68,16.76,NASA POWER
25,2017-03-01,189.0,8.05,25.24,16.64,13.81,NASA POWER
25,2017-04-01,215.5,5.62,26.8,16.21,19.48,NASA POWER
25,2017-05-01,80.1,3.63,23.59,13.61,16.14,NASA POWER
25,2017-06-01,660.5,10.47,28.04,19.25,17.62,NASA POWER
25,2017-07-01,653.1,10.24,29.7,19.97,14.14,NASA POWER
25,2017-08-01,615.0,7.49,27.55,17.52,13.31,NASA POWER
25,2017-09-01,593.3,7.68,26.61,17.14,15.89,NASA POWER
25,2017-10-01,143.0,0.69,19.28,9.99,15.59,NASA POWER
25,2017-11-01,186.2,1.52,20.71,11.12,11.01,NASA POWER
25,2017-12-01,229.1,-0.53,17.5,8.48,10.08,NASA POWER
25,2018-01-01,173.1,9.61,28.54,19.07,19.44,NASA POWER
25,2018-02-01,139.6,8.96,27.16,18.06,15.99,NASA POWER
25,2018-03-01,155.6,5.58,23.49,14.54,9.77,NASA POWER
25,2018-04-01,228.6,7.53,27.35,17.44,19.46,NASA POWER
25,2018-05-01,234.5,8.0,24.23,16.12,9.09,NASA POWER
25,2018-06-01,705.0,10.59,31.43,21.01,10.62,NASA POWER
25,2018-07-01,699.8,12.31,29.0,20.66,12.47,NASA POWER
25,2018-08-01,609.0,6.6,25.03,15.82,19.25,NASA POWER
25,2018-09-01,651.8,6.81,26.47,16.64,10.37,NASA POWER
25,2018-10-01,101.2,-2.78,17.51,7.37,14.55,NASA POWER
25,2018-11-01,162.3,-2.89,16.17,6.64,15.93,NASA POWER
25,2018-12-01,119.7,-0.54,17.0,8.23,11.82,NASA POWER
25,2019-01-01,177.0,8.41,26.83,17.62,11.11,NASA POWER
25,2019-02-01,131.6,9.46,26.6,18.03,9.03,NASA POWER
25,2019-03-01,127.9,6.09,24.5,15.29,13.31,NASA POWER
25,2019-04-01,103.9,6.48,25.26,15.87,16.51,NASA POWER
25,2019-05-01,176.4,6.1,25.42,15.76,15.92,NASA POWER
25,2019-06-01,608.5,6.53,25.61,16.07,15.73,NASA POWER
25,2019-07-01,557.4,8.38,27.67,18.03,13.89,NASA POWER
25,2019-08-01,596.8,8.72,27.76,18.24,13.38,NASA POWER
25,2019-09-01,573.5,8.11,26.99,17.55,17.21,NASA POWER
25,2019-10-01,223.8,-0.13,19.12,9.5,13.37,NASA POWER
25,2019-11-01,224.3,-2.22,16.33,7.05,17.91,NASA POWER
25,2019-12-01,171.8,-1.2,19.25,9.03,10.51,NASA POWER
25,2020-01-01,210.0,9.58,27.9,18.74,9.12,NASA POWER
25,2020-02-01,92.5,7.49,27.06,17.27,11.54,NASA POWER
25,2020-03-01,141.3,5.02,24.43,14.72,19.15,NASA POWER
25,2020-04-01,155.3,5.81,24.31,15.06,12.05,NASA POWER
25,2020-05-01,231.9,5.26,24.22,14.74,14.77,NASA POWER
25,2020-06-01,545.1,10.53,31.09,20.81,9.87,NASA POWER
25,2020-07-01,539.4,5.66,24.66,15.16,19.31,NASA POWER
25,2020-08-01,514.8,8.49,26.04,17.27,15.91,NASA POWER
25,2020-09-01,698.8,12.06,31.14,21.6,17.24,NASA POWER
25,2020-10-01,142.2,-2.66,18.32,7.83,14.62,NASA POWER
25,2020-11-01,144.5,-0.21,17.9,8.84,12.09,NASA POWER
25,2020-12-01,81.1,-1.23,16.91,7.84,12.4,NASA POWER
25,2021-01-01,198.7,8.3,29.42,18.86,12.37,NASA POWER
25,2021-02-01,98.9,6.6,26.06,16.33,11.59,NASA POWER
25,2021-03-01,97.7,5.51,24.49,15.0,15.14,NASA POWER
25,2021-04-01,182.3,6.73,25.54,16.13,16.83,NASA POWER
25,2021-05-01,233.3,7.07,25.99,16.53,10.78,NASA POWER
25,2021-06-01,697.8,10.24,28.94,19.59,15.43,NASA POWER
25,2021-07-01,608.5,7.43,27.4,17.41,18.57,NASA POWER
25,2021-08-01,590.7,9.63,29.28,19.46,16.57,NASA POWER
25,2021-09-01,620.1,6.44,27.39,16.91,17.17,NASA POWER
25,2021-10-01,135.0,1.73,18.81,10.27,10.56,NASA POWER
25,2021-11-01,194.7,0.48,22.29,11.38,13.46,NASA POWER
25,2021-12-01,184.3,0.35,20.69,10.52,17.29,NASA POWER
25,2022-01-01,132.9,5.32,26.15,15.73,12.21,NASA POWER
25,2022-02-01,232.3,8.52,26.6,17.56,11.75,NASA POWER
25,2022-03-01,193.6,7.29,28.84,18.07,12.24,NASA POWER
25,2022-04-01,172.9,3.65,20.88,12.26,19.1,NASA POWER
25,2022-05-01,163.1,2.57,23.32,12.95,18.37,NASA POWER
25,2022-06-01,697.1,9.78,27.45,18.61,15.27,NASA POWER
25,2022-07-01,597.5,9.92,28.06,18.99,14.79,NASA POWER
25,2022-08-01,743.4,8.39,27.01,17.7,10.73,NASA POWER
25,2022-09-01,692.4,8.01,25.38,16.7,18.46,NASA POWER
25,2022-10-01,130.0,1.87,22.78,12.33,15.61,NASA POWER
25,2022-11-01,144.9,-2.21,16.85,7.32,12.71,NASA POWER
25,2022-12-01,180.0,2.38,20.34,11.36,14.38,NASA POWER
25,2023-01-01,170.4,6.41,24.47,15.44,13.99,NASA POWER
25,2023-02-01,86.5,9.68,28.26,18.97,10.28,NASA POWER
25,2023-03-01,208.4,6.06,23.86,14.96,10.72,NASA POWER
25,2023-04-01,175.0,5.84,24.4,15.12,12.98,NASA POWER
25,2023-05-01,152.6,2.56,23.18,12.87,9.53,NASA POWER
25,2023-06-01,556.5,11.32,30.61,20.96,11.61,NASA POWER
25,2023-07-01,655.2,12.08,29.47,20.77,13.73,NASA POWER
25,2023-08-01,704.0,8.69,29.03,18.86,14.96,NASA POWER
25,2023-09-01,700.9,12.57,29.48,21.02,12.62,NASA POWER
25,2023-10-01,184.5,1.56,20.6,11.08,16.84,NASA POWER
25,2023-11-01,128.4,2.15,20.53,11.34,12.45,NASA POWER
25,2023-12-01,158.8,1.39,20.8,11.1,11.28,NASA POWER
25,2024-01-01,118.6,8.15,28.33,18.24,9.89,NASA POWER
25,2024-02-01,118.7,6.37,25.64,16.0,10.72,NASA POWER
25,2024-03-01,116.2,9.36,28.77,19.06,19.69,NASA POWER
25,2024-04-01,178.8,8.1,25.32,16.71,12.48,NASA POWER
25,2024-05-01,138.9,4.44,24.55,14.5,14.26,NASA POWER
25,2024-06-01,521.4,10.61,30.05,20.33,12.13,NASA POWER
25,2024-07-01,662.2,8.3,25.81,17.05,15.11,NASA POWER
25,2024-08-01,745.7,9.14,27.47,18.3,16.18,NASA POWER
25,2024-09-01,679.9,5.5,26.88,16.19,18.96,NASA POWER
25,2024-10-01,205.0,1.74,19.53,10.63,12.09,NASA POWER
25,2024-11-01,133.6,2.97,20.15,11.56,18.33,NASA POWER
25,2024-12-01,121.7,-0.13,19.82,9.85,15.16,NASA POWER
26,2014-01-01,92.4,11.25,30.67,20.96,14.62,NASA POWER
26,2014-02-01,138.8,5.19,25.73,15.46,18.12,NASA POWER
26,2014-03-01,122.0,7.88,28.73,18.3,19.09,NASA POWER
26,2014-04-01,184.8,5.24,25.15,15.2,18.57,NASA POWER
26,2014-05-01,227.3,1.84,22.52,12.18,10.61,NASA POWER
26,2014-06-01,758.1,11.65,28.86,20.25,11.36,NASA POWER
26,2014-07-01,578.7,7.76,26.85,17.3,18.52,NASA POWER
26,2014-08-01,716.1,9.86,29.38,19.62,19.14,NASA POWER
26,2014-09-01,667.2,7.82,27.72,17.77,15.25,NASA POWER
26,2014-10-01,116.7,2.11,21.55,11.83,12.8,NASA POWER
26,2014-11-01,94.7,-1.45,17.95,8.25,14.73,NASA POWER
26,2014-12-01,210.9,1.61,19.28,10.45,13.71,NASA POWER
26,2015-01-01,204.5,9.88,28.29,19.09,17.64,NASA POWER
26,2015-02-01,184.9,9.18,25.88,17.53,19.44,NASA POWER
26,2015-03-01,180.8,5.68,26.48,16.08,15.0,NASA POWER
26,2015-04-01,107.5,6.71,26.98,16.84,14.56,NASA POWER
26,2015-05-01,147.4,3.87,22.22,13.04,13.92,NASA POWER
26,2015-06-01,686.1,11.33,31.24,21.29,17.79,NASA POWER
26,2015-07-01,608.7,10.46,28.65,19.55,16.42,NASA POWER
26,2015-08-01,600.5,8.13,26.75,17.44,18.2,NASA POWER
26,2015-09-01,661.8,9.86,29.94,19.9,15.79,NASA POWER
26,2015-10-01,174.8,-2.27,17.18,7.46,17.44,NASA POWER
26,2015-11-01,231.4,-2.46,18.0,7.77,9.23,NASA POWER
26,2015-12-01,108.6,-0.44,16.68,8.12,14.06,NASA POWER
26,2016-01-01,144.7,8.86,26.57,17.71,12.32,NASA POWER
26,2016-02-01,112.3,5.29,26.42,15.86,9.95,NASA POWER
26,2016-03-01,89.6,6.59,25.27,15.93,12.24,NASA POWER
26,2016-04-01,183.2,7.06,26.41,16.73,12.8,NASA POWER
26,2016-05-01,201.4,6.7,24.79,15.74,14.37,NASA POWER
26,2016-06-01,572.9,9.49,28.22,18.86,13.38,NASA POWER
26,2016-07-01,592.5,12.31,29.39,20.85,16.64,NASA POWER
26,2016-08-01,762.9,5.63,26.7,16.16,14.65,NASA POWER
26,2016-09-01,682.8,7.07,27.04,17.05,13.3,NASA POWER
26,2016-10-01,234.6,0.93,17.55,9.24,14.24,NASA POWER
26,2016-11-01,235.7,1.03,17.72,9.38,13.65,NASA POWER
26,2016-12-01,212.6,-1.77,16.79,7.51,9.9,NASA POWER
26,2017-01-01,181.8,7.21,26.49,16.85,10.46,NASA POWER
26,2017-02-01,115.7,10.07,29.74,19.91,11.88,NASA POWER
26,2017-03-01,224.2,2.9,23.11,13.0,14.73,NASA POWER
26,2017-04-01,211.9,3.14,24.16,13.65,9.13,NASA POWER
26,2017-05-01,120.2,8.32,24.83,16.57,15.68,NASA POWER
26,2017-06-01,745.0,9.15,25.85,17.5,11.3,NASA POWER
26,2017-07-01,743.9,5.88,26.35,16.12,9.83,NASA POWER
26,2017-08-01,666.9,7.9,28.72,18.31,11.91,NASA POWER
26,2017-09-01,514.2,5.83,27.17,16.5,10.19,NASA POWER
26,2017-10-01,152.6,0.42,19.57,10.0,9.48,NASA POWER
26,2017-11-01,128.7,1.69,21.86,11.78,10.07,NASA POWER
26,2017-12-01,148.8,0.21,20.47,10.34,14.56,NASA POWER
26,2018-01-01,185.5,8.24,26.03,17.14,10.19,NASA POWER
26,2018-02-01,143.9,7.27,27.98,17.62,12.69,NASA POWER
26,2018-03-01,138.7,7.57,26.02,16.8,13.21,NASA POWER
26,2018-04-01,98.6,5.35,24.7,15.02,10.95,NASA POWER
26,2018-05-01,221.8,2.94,23.78,13.36,17.45,NASA POWER
26,2018-06-01,739.7,8.56,27.07,17.82,15.07,NASA POWER
26,2018-07-01,680.7,7.53,26.31,16.92,17.36,NASA POWER
26,2018-08-01,560.5,8.02,25.0,16.51,17.81,NASA POWER
26,2018-09-01,716.7,10.23,27.84,19.04,14.79,NASA POWER
26,2018-10-01,88.2,3.79,21.2,12.49,10.47,NASA POWER
26,2018-11-01,164.0,1.12,19.06,10.09,9.28,NASA POWER
26,2018-12-01,178.7,-1.23,20.66,9.71,18.02,NASA POWER
26,2019-01-01,82.2,10.41,27.86,19.13,17.15,NASA POWER
26,2019-02-01,199.6,4.94,24.88,14.91,13.74,NASA POWER
26,2019-03-01,118.8,6.16,24.26,15.21,17.85,NASA POWER
26,2019-04-01,216.1,8.15,24.96,16.55,9.62,NASA POWER
26,2019-05-01,86.0,5.79,25.19,15.49,14.4,NASA POWER
26,2019-06-01,651.8,7.89,27.0,17.45,15.47,NASA POWER
26,2019-07-01,680.7,10.29,28.53,19.41,13.22,NASA POWER
26,2019-08-01,659.3,8.11,27.61,17.86,15.31,NASA POWER
26,2019-09-01,611.6,8.13,25.29,16.71,10.79,NASA POWER
26,2019-10-01,207.8,-1.09,18.79,8.85,11.06,NASA POWER
26,2019-11-01,88.3,-2.67,16.88,7.1,18.5,NASA POWER
26,2019-12-01,118.2,-2.3,17.63,7.66,13.82,NASA POWER
26,2020-01-01,106.7,6.99,24.83,15.91,15.21,NASA POWER
26,2020-02-01,100.4,6.56,24.69,15.62,16.44,NASA POWER
26,2020-03-01,189.8,3.77,22.34,13.05,11.33,NASA POWER
26,2020-04-01,153.0,6.17,24.95,15.56,9.03,NASA POWER
26,2020-05-01,129.0,6.99,24.87,15.93,17.34,NASA POWER
26,2020-06-01,694.8,9.43,28.27,18.85,10.78,NASA POWER
26,2020-07-01,535.3,7.46,27.16,17.31,17.15,NASA POWER
26,2020-08-01,735.5,6.94,27.89,17.41,10.63,NASA POWER
26,2020-09-01,648.5,10.38,28.57,19.48,16.65,NASA POWER
26,2020-10-01,195.7,0.46,19.88,10.17,11.67,NASA POWER
26,2020-11-01,146.9,-1.41,18.43,8.51,13.91,NASA POWER
26,2020-12-01,83.7,-2.43,16.1,6.84,13.46,NASA POWER
26,2021-01-01,228.1,10.55,29.93,20.24,16.96,NASA POWER
26,2021-02-01,140.4,9.37,27.24,18.3,16.46,NASA POWER
26,2021-03-01,206.3,4.49,23.16,13.82,14.62,NASA POWER
26,2021-04-01,111.6,5.41,22.12,13.77,12.37,NASA POWER
26,2021-05-01,126.5,3.76,22.79,13.27,18.53,NASA POWER
26,2021-06-01,714.8,7.7,27.68,17.69,10.61,NASA POWER
26,2021-07-01,683.6,8.54,26.49,17.52,9.72,NASA POWER
26,2021-08-01,666.0,7.73,27.03,17.38,15.32,NASA POWER
26,2021-09-01,712.9,9.4,30.19,19.8,14.42,NASA POWER
26,2021-10-01,220.6,3.71,22.52,13.12,18.32,NASA POWER
26,2021-11-01,130.1,-0.87,19.13,9.13,18.29,NASA POWER
26,2021-12-01,185.2,-0.05,18.01,8.98,17.87,NASA POWER
26,2022-01-01,204.1,7.69,24.08,15.88,13.59,NASA POWER
26,2022-02-01,85.2,5.85,24.88,15.36,19.49,NASA POWER
26,2022-03-01,168.9,8.56,28.05,18.3,11.14,NASA POWER
26,2022-04-01,85.0,4.32,22.22,13.27,11.6,NASA POWER
26,2022-05-01,227.5,6.05,26.53,16.29,18.04,NASA POWER
26,2022-06-01,730.9,7.11,26.07,16.59,18.14,NASA POWER
26,2022-07-01,586.8,7.55,26.85,17.2,15.74,NASA POWER
26,2022-08-01,627.0,8.7,28.68,18.69,14.33,NASA POWER
26,2022-09-01,706.4,8.13,27.22,17.68,12.81,NASA POWER
26,2022-10-01,133.7,1.45,20.61,11.03,9.16,NASA POWER
26,2022-11-01,193.7,0.22,19.01,9.62,11.53,NASA POWER
26,2022-12-01,202.9,0.02,19.21,9.62,9.98,NASA POWER
26,2023-01-01,181.0,9.47,29.85,19.66,15.23,NASA POWER
26,2023-02-01,219.6,7.56,27.17,17.37,12.71,NASA POWER
26,2023-03-01,177.4,6.53,23.68,15.11,10.04,NASA POWER
26,2023-04-01,177.0,4.62,25.97,15.29,11.71,NASA POWER
26,2023-05-01,215.1,4.53,24.56,14.54,17.56,NASA POWER
26,2023-06-01,717.7,11.54,29.83,20.68,18.85,NASA POWER
26,2023-07-01,708.8,8.08,25.33,16.7,16.77,NASA POWER
26,2023-08-01,687.4,8.12,26.73,17.43,9.58,NASA POWER
26,2023-09-01,696.1,10.86,29.25,20.05,18.9,NASA POWER
26,2023-10-01,81.3,2.57,21.49,12.03,11.02,NASA POWER
26,2023-11-01,203.8,-0.29,16.21,7.96,15.49,NASA POWER
26,2023-12-01,80.3,0.82,18.66,9.74,16.98,NASA POWER
26,2024-01-01,192.5,5.57,25.43,15.5,10.5,NASA POWER
26,2024-02-01,117.2,4.75,25.35,15.05,11.28,NASA POWER
26,2024-03-01,90.7,5.87,24.56,15.21,9.06,NASA POWER
26,2024-04-01,184.8,4.2,23.91,14.05,18.6,NASA POWER
26,2024-05-01,153.6,4.2,25.79,14.99,14.13,NASA POWER
26,2024-06-01,703.0,9.51,26.53,18.02,16.63,NASA POWER
26,2024-07-01,684.6,9.88,30.25,20.07,10.2,NASA POWER
26,2024-08-01,516.4,8.52,25.75,17.13,11.63,NASA POWER
26,2024-09-01,593.7,5.47,26.65,16.06,11.16,NASA POWER
26,2024-10-01,207.4,2.8,22.88,12.84,10.36,NASA POWER
26,2024-11-01,137.1,0.23,17.85,9.04,11.17,NASA POWER
26,2024-12-01,217.4,1.96,20.7,11.33,16.8,NASA POWER
27,2014-01-01,54.8,-0.18,17.34,8.58,17.97,NASA POWER
27,2014-02-01,85.9,-3.4,15.36,5.98,19.07,NASA POWER
27,2014-03-01,111.4,-5.03,13.12,4.04,17.53,NASA POWER
27,2014-04-01,82.2,-7.33,13.62,3.14,17.24,NASA POWER
27,2014-05-01,64.4,-5.82,12.36,3.27,14.49,NASA POWER
27,2014-06-01,267.8,-0.47,19.87,9.7,13.4,NASA POWER
27,2014-07-01,283.6,1.84,20.39,11.12,16.9,NASA POWER
27,2014-08-01,290.8,-1.88,15.88,7.0,12.05,NASA POWER
27,2014-09-01,382.1,0.58,19.6,10.09,10.8,NASA POWER
27,2014-10-01,89.8,-9.66,9.68,0.01,11.79,NASA POWER
27,2014-11-01,110.8,-7.67,9.96,1.15,13.07,NASA POWER
27,2014-12-01,108.1,-10.97,9.42,-0.78,10.16,NASA POWER
27,2015-01-01,90.1,-1.15,17.8,8.33,19.93,NASA POWER
27,2015-02-01,57.9,-1.53,17.83,8.15,19.63,NASA POWER
27,2015-03-01,112.7,-6.02,13.41,3.7,12.04,NASA POWER
27,2015-04-01,111.2,-5.74,14.46,4.36,15.06,NASA POWER
27,2015-05-01,68.4,-3.43,16.03,6.3,19.45,NASA POWER
27,2015-06-01,298.8,-3.23,18.19,7.48,12.87,NASA POWER
27,2015-07-01,381.0,-4.46,16.28,5.91,20.45,NASA POWER
27,2015-08-01,256.7,-1.1,17.13,8.01,16.38,NASA POWER
27,2015-09-01,349.4,-1.66,17.04,7.69,16.15,NASA POWER
27,2015-10-01,76.0,-11.57,7.54,-2.02,16.43,NASA POWER
27,2015-11-01,63.0,-10.53,8.35,-1.09,15.85,NASA POWER
27,2015-12-01,103.7,-13.66,6.53,-3.56,19.56,NASA POWER
27,2016-01-01,44.6,0.0,18.41,9.21,10.55,NASA POWER
27,2016-02-01,114.2,-1.87,17.64,7.88,15.91,NASA POWER
27,2016-03-01,119.8,-2.4,17.59,7.59,12.64,NASA POWER
27,2016-04-01,104.7,-4.45,16.6,6.08,18.98,NASA POWER
27,2016-05-01,63.6,-2.29,16.98,7.35,10.65,NASA POWER
27,2016-06-01,320.1,-3.21,16.85,6.82,13.98,NASA POWER
27,2016-07-01,288.0,-2.23,17.75,7.76,15.9,NASA POWER
27,2016-08-01,343.8,-2.68,15.53,6.42,12.36,NASA POWER
27,2016-09-01,369.4,1.28,19.55,10.42,12.37,NASA POWER
27,2016-10-01,59.9,-8.91,9.53,0.31,12.72,NASA POWER
27,2016-11-01,100.7,-9.4,10.18,0.39,11.17,NASA POWER
27,2016-12-01,84.5,-11.81,7.06,-2.38,10.34,NASA POWER
27,2017-01-01,55.8,-0.25,18.74,9.24,21.52,NASA POWER
27,2017-02-01,50.8,-2.02,17.09,7.54,20.26,NASA POWER
27,2017-03-01,106.0,-1.21,16.43,7.61,18.16,NASA POWER
27,2017-04-01,43.4,-2.49,17.53,7.52,12.2,NASA POWER
27,2017-05-01,59.4,-2.22,15.73,6.75,16.89,NASA POWER
27,2017-06-01,378.9,-2.41,18.05,7.82,15.35,NASA POWER
27,2017-07-01,360.1,-1.34,18.22,8.44,17.03,NASA POWER
27,2017-08-01,280.4,-0.94,15.64,7.35,15.07,NASA POWER
27,2017-09-01,287.4,-1.7,16.52,7.41,14.83,NASA POWER
27,2017-10-01,75.8,-11.42,8.34,-1.54,15.87,NASA POWER
27,2017-11-01,94.4,-11.91,7.87,-2.02,11.69,NASA POWER
27,2017-12-01,63.9,-7.0,9.63,1.32,21.77,NASA POWER
27,2018-01-01,49.3,-4.97,13.93,4.48,16.7,NASA POWER
27,2018-02-01,65.0,0.76,19.23,10.0,19.72,NASA POWER
27,2018-03-01,111.6,-5.19,14.48,4.64,15.88,NASA POWER
27,2018-04-01,119.0,-2.65,17.1,7.23,11.67,NASA POWER
27,2018-05-01,75.3,-6.12,13.42,3.65,14.74,NASA POWER
27,2018-06-01,274.3,-2.24,16.87,7.32,21.12,NASA POWER
27,2018-07-01,264.1,-1.09,18.04,8.47,15.54,NASA POWER
27,2018-08-01,368.4,-1.49,16.86,7.68,14.47,NASA POWER
27,2018-09-01,374.4,-0.54,18.12,8.79,14.82,NASA POWER
27,2018-10-01,48.1,-11.98,6.09,-2.95,15.93,NASA POWER
27,2018-11-01,66.8,-10.44,7.37,-1.53,17.04,NASA POWER
27,2018-12-01,68.8,-12.32,8.17,-2.08,13.53,NASA POWER
27,2019-01-01,105.7,-3.18,17.63,7.22,10.09,NASA POWER
27,2019-02-01,87.4,-2.92,13.36,5.22,15.04,NASA POWER
27,2019-03-01,115.5,-2.44,17.23,7.4,12.94,NASA POWER
27,2019-04-01,112.0,-6.32,13.75,3.71,20.2,NASA POWER
27,2019-05-01,70.7,-7.25,13.28,3.01,18.83,NASA POWER
27,2019-06-01,320.4,-0.96,19.71,9.38,12.97,NASA POWER
27,2019-07-01,356.3,-0.59,19.63,9.52,18.47,NASA POWER
27,2019-08-01,367.9,-0.72,18.15,8.71,10.13,NASA POWER
27,2019-09-01,372.7,-0.4,18.01,8.81,17.38,NASA POWER
27,2019-10-01,71.8,-10.83,8.09,-1.37,11.83,NASA POWER
27,2019-11-01,108.0,-10.1,8.53,-0.79,14.26,NASA POWER
27,2019-12-01,95.4,-7.16,10.94,1.89,11.45,NASA POWER
27,2020-01-01,77.3,-4.39,15.15,5.38,18.41,NASA POWER
27,2020-02-01,101.0,0.77,18.66,9.71,18.56,NASA POWER
27,2020-03-01,41.7,-2.71,16.28,6.79,15.65,NASA POWER
27,2020-04-01,90.8,-6.25,11.8,2.78,11.85,NASA POWER
27,2020-05-01,49.2,-6.87,12.43,2.78,19.72,NASA POWER
27,2020-06-01,266.4,-2.46,15.68,6.61,16.46,NASA POWER
27,2020-07-01,307.9,0.72,20.0,10.36,17.62,NASA POWER
27,2020-08-01,365.0,1.87,20.47,11.17,16.7,NASA POWER
27,2020-09-01,330.6,2.06,19.93,10.99,10.78,NASA POWER
27,2020-10-01,102.4,-5.94,11.74,2.9,16.48,NASA POWER
27,2020-11-01,46.3,-8.38,10.1,0.86,18.14,NASA POWER
27,2020-12-01,114.7,-9.02,8.3,-0.36,15.78,NASA POWER
27,2021-01-01,119.6,-1.4,19.12,8.86,19.42,NASA POWER
27,2021-02-01,82.1,-0.8,18.97,9.08,18.15,NASA POWER
27,2021-03-01,81.3,-0.54,17.29,8.38,20.69,NASA POWER
27,2021-04-01,79.6,-4.43,13.85,4.71,17.17,NASA POWER
27,2021-05-01,103.2,-8.95,10.88,0.97,20.57,NASA POWER
27,2021-06-01,274.5,-3.37,15.63,6.13,13.7,NASA POWER
27,2021-07-01,329.1,-0.16,16.97,8.4,15.02,NASA POWER
27,2021-08-01,347.6,2.46,21.22,11.84,11.24,NASA POWER
27,2021-09-01,348.0,-3.85,15.38,5.77,15.98,NASA POWER
27,2021-10-01,65.7,-10.3,8.76,-0.77,15.69,NASA POWER
27,2021-11-01,71.6,-11.54,8.31,-1.61,21.18,NASA POWER
27,2021-12-01,104.8,-8.53,9.64,0.56,10.58,NASA POWER
27,2022-01-01,78.1,-3.23,16.67,6.72,11.37,NASA POWER
27,2022-02-01,63.9,-1.03,16.68,7.83,12.75,NASA POWER
27,2022-03-01,116.2,-3.23,18.07,7.42,19.37,NASA POWER
27,2022-04-01,119.0,-5.62,13.83,4.11,10.52,NASA POWER
27,2022-05-01,102.6,-7.8,10.96,1.58,18.85,NASA POWER
27,2022-06-01,316.5,-3.7,16.01,6.16,16.5,NASA POWER
27,2022-07-01,372.1,0.94,18.98,9.96,20.15,NASA POWER
27,2022-08-01,365.1,-4.26,16.07,5.91,10.6,NASA POWER
27,2022-09-01,283.8,-2.84,17.91,7.54,12.48,NASA POWER
27,2022-10-01,113.9,-11.07,10.18,-0.45,18.72,NASA POWER
27,2022-11-01,75.9,-12.2,7.18,-2.51,14.66,NASA POWER
27,2022-12-01,47.0,-10.24,9.1,-0.57,13.68,NASA POWER
27,2023-01-01,43.0,-5.25,15.91,5.33,18.19,NASA POWER
27,2023-02-01,72.9,-3.46,15.61,6.07,15.33,NASA POWER
27,2023-03-01,65.0,-4.85,15.6,5.38,10.6,NASA POWER
27,2023-04-01,54.6,-3.4,14.1,5.35,13.99,NASA POWER
27,2023-05-01,49.9,-7.32,13.19,2.93,20.83,NASA POWER
27,2023-06-01,315.9,-2.37,16.39,7.01,14.78,NASA POWER
27,2023-07-01,340.3,-2.95,15.55,6.3,16.72,NASA POWER
27,2023-08-01,356.4,-2.42,18.03,7.81,12.98,NASA POWER
27,2023-09-01,357.8,-3.94,15.32,5.69,14.37,NASA POWER
27,2023-10-01,47.7,-7.72,9.92,1.1,12.85,NASA POWER
27,2023-11-01,45.1,-8.9,10.74,0.92,18.72,NASA POWER
27,2023-12-01,111.9,-12.16,5.48,-3.34,17.58,NASA POWER
27,2024-01-01,82.3,-3.05,15.41,6.18,14.43,NASA POWER
27,2024-02-01,90.2,-2.06,19.22,8.58,10.13,NASA POWER
27,2024-03-01,98.7,-1.2,17.04,7.92,10.28,NASA POWER
27,2024-04-01,110.0,-3.81,13.9,5.04,20.6,NASA POWER
27,2024-05-01,113.4,-6.26,13.22,3.48,20.99,NASA POWER
27,2024-06-01,283.6,0.14,18.65,9.39,17.27,NASA POWER
27,2024-07-01,349.2,-3.14,16.65,6.75,21.4,NASA POWER
27,2024-08-01,270.7,-0.41,19.48,9.54,17.31,NASA POWER
27,2024-09-01,271.6,-1.37,18.3,8.46,14.3,NASA POWER
27,2024-10-01,61.7,-8.81,8.75,-0.03,10.89,NASA POWER
27,2024-11-01,101.1,-9.04,10.46,0.71,21.93,NASA POWER
27,2024-12-01,94.5,-11.41,9.57,-0.92,17.82,NASA POWER
28,2014-01-01,146.0,9.96,29.39,19.68,17.34,NASA POWER
28,2014-02-01,239.8,8.48,25.47,16.98,12.26,NASA POWER
28,2014-03-01,116.2,6.06,23.96,15.01,13.63,NASA POWER
28,2014-04-01,180.7,6.28,25.09,15.69,16.61,NASA POWER
28,2014-05-01,129.9,6.57,25.63,16.1,11.92,NASA POWER
28,2014-06-01,619.0,8.78,29.42,19.1,19.14,NASA POWER
28,2014-07-01,622.3,8.64,26.32,17.48,9.76,NASA POWER
28,2014-08-01,642.0,8.35,27.59,17.97,17.53,NASA POWER
28,2014-09-01,516.4,9.56,29.95,19.75,12.43,NASA POWER
28,2014-10-01,135.2,0.06,20.3,10.18,10.06,NASA POWER
28,2014-11-01,128.1,-1.33,16.72,7.69,15.39,NASA POWER
28,2014-12-01,124.2,-2.63,18.06,7.71,9.97,NASA POWER
28,2015-01-01,175.4,9.08,29.36,19.22,9.77,NASA POWER
28,2015-02-01,101.8,7.95,26.81,17.38,13.01,NASA POWER
28,2015-03-01,194.1,8.95,27.67,18.31,17.73,NASA POWER
28,2015-04-01,175.3,6.49,23.81,15.15,19.48,NASA POWER
28,2015-05-01,231.8,5.18,26.3,15.74,19.7,NASA POWER
28,2015-06-01,608.7,10.86,29.44,20.15,12.69,NASA POWER
28,2015-07-01,699.7,7.47,28.78,18.12,16.09,NASA POWER
28,2015-08-01,657.5,8.33,26.28,17.3,11.33,NASA POWER
28,2015-09-01,577.3,10.3,26.97,18.63,13.18,NASA POWER
28,2015-10-01,135.4,-2.2,17.34,7.57,17.43,NASA POWER
28,2015-11-01,138.6,0.13,18.95,9.54,10.38,NASA POWER
28,2015-12-01,179.8,-2.04,15.7,6.83,16.56,NASA POWER
28,2016-01-01,117.2,8.28,27.98,18.13,10.04,NASA POWER
28,2016-02-01,124.6,4.61,23.34,13.97,13.27,NASA POWER
28,2016-03-01,123.3,7.21,24.62,15.92,18.9,NASA POWER
28,2016-04-01,212.9,2.72,23.07,12.89,15.96,NASA POWER
28,2016-05-01,171.1,8.35,26.08,17.21,19.47,NASA POWER
28,2016-06-01,761.5,11.02,29.28,20.15,17.47,NASA POWER
28,2016-07-01,704.7,7.56,26.7,17.13,9.86,NASA POWER
28,2016-08-01,685.7,6.01,26.83,16.42,9.49,NASA POWER
28,2016-09-01,725.2,6.99,25.3,16.14,13.42,NASA POWER
28,2016-10-01,93.1,1.42,19.0,10.21,16.4,NASA POWER
28,2016-11-01,170.9,0.7,19.86,10.28,18.23,NASA POWER
28,2016-12-01,94.4,1.07,19.59,10.33,18.02,NASA POWER
28,2017-01-01,109.4,8.86,25.41,17.13,16.34,NASA POWER
28,2017-02-01,217.0,6.9,23.91,15.41,16.58,NASA POWER
28,2017-03-01,167.3,8.28,27.11,17.7,16.96,NASA POWER
28,2017-04-01,184.6,4.94,23.38,14.16,15.19,NASA POWER
28,2017-05-01,130.0,5.4,25.99,15.7,10.62,NASA POWER
28,2017-06-01,579.5,7.86,27.43,17.64,9.56,NASA POWER
28,2017-07-01,632.5,8.09,28.14,18.12,18.77,NASA POWER
28,2017-08-01,737.0,7.49,28.36,17.93,12.12,NASA POWER
28,2017-09-01,728.6,7.49,26.69,17.09,19.51,NASA POWER
28,2017-10-01,99.2,-0.53,18.76,9.12,12.27,NASA POWER
28,2017-11-01,239.6,-0.62,18.81,9.09,15.83,NASA POWER
28,2017-12-01,183.4,2.65,21.08,11.86,9.86,NASA POWER
28,2018-01-01,202.3,8.33,25.96,17.14,19.09,NASA POWER
28,2018-02-01,100.9,4.55,24.6,14.58,15.88,NASA POWER
28,2018-03-01,126.6,4.63,25.26,14.95,16.11,NASA POWER
28,2018-04-01,203.7,5.67,24.68,15.18,16.21,NASA POWER
28,2018-05-01,136.5,5.68,23.43,14.55,9.75,NASA POWER
28,2018-06-01,658.2,6.23,27.59,16.91,9.5,NASA POWER
28,2018-07-01,587.1,5.59,25.49,15.54,9.63,NASA POWER
28,2018-08-01,688.9,7.2,28.58,17.89,17.65,NASA POWER
28,2018-09-01,581.2,9.82,27.72,18.77,16.44,NASA POWER
28,2018-10-01,111.5,-1.0,19.6,9.3,19.42,NASA POWER
28,2018-11-01,150.2,-0.17,19.1,9.46,12.76,NASA POWER
28,2018-12-01,119.1,-3.92,16.48,6.28,19.23,NASA POWER
28,2019-01-01,187.9,9.7,29.82,19.76,12.72,NASA POWER
28,2019-02-01,90.7,5.24,25.06,15.15,15.54,NASA POWER
28,2019-03-01,192.9,7.16,25.94,16.55,11.12,NASA POWER
28,2019-04-01,116.4,5.25,21.94,13.6,15.5,NASA POWER
28,2019-05-01,217.3,4.01,23.32,13.66,19.61,NASA POWER
28,2019-06-01,755.9,9.6,27.52,18.56,16.2,NASA POWER
28,2019-07-01,720.0,9.02,30.24,19.63,14.4,NASA POWER
28,2019-08-01,638.5,10.3,28.32,19.31,17.41,NASA POWER
28,2019-09-01,725.1,11.1,29.36,20.23,12.0,NASA POWER
28,2019-10-01,238.5,0.34,19.73,10.04,13.45,NASA POWER
28,2019-11-01,123.0,0.28,18.22,9.25,10.78,NASA POWER
28,2019-12-01,113.6,-2.7,18.12,7.71,17.59,NASA POWER
28,2020-01-01,217.1,7.19,23.65,15.42,12.38,NASA POWER
28,2020-02-01,90.9,9.11,28.78,18.95,11.81,NASA POWER
28,2020-03-01,182.9,6.9,26.75,16.82,10.91,NASA POWER
28,2020-04-01,193.8,1.79,21.38,11.58,16.44,NASA POWER
28,2020-05-01,130.3,5.18,26.67,15.93,16.11,NASA POWER
28,2020-06-01,680.3,7.93,27.78,17.86,19.62,NASA POWER
28,2020-07-01,759.6,8.2,28.63,18.41,13.14,NASA POWER
28,2020-08-01,672.6,6.06,25.19,15.62,13.01,NASA POWER
28,2020-09-01,732.5,6.98,28.1,17.54,16.66,NASA POWER
28,2020-10-01,160.8,3.02,21.06,12.04,13.69,NASA POWER
28,2020-11-01,160.1,-1.97,17.1,7.57,10.36,NASA POWER
28,2020-12-01,234.0,1.33,20.7,11.02,16.13,NASA POWER
28,2021-01-01,96.5,7.56,26.89,17.23,17.9,NASA POWER
28,2021-02-01,172.9,5.64,24.81,15.22,18.74,NASA POWER
28,2021-03-01,96.0,7.06,25.82,16.44,18.97,NASA POWER
28,2021-04-01,130.0,2.93,23.34,13.13,12.99,NASA POWER
28,2021-05-01,93.5,3.9,23.65,13.77,15.78,NASA POWER
28,2021-06-01,611.6,8.19,27.06,17.62,14.84,NASA POWER
28,2021-07-01,583.8,7.62,26.87,17.25,17.1,NASA POWER
28,2021-08-01,699.0,8.25,26.12,17.19,11.53,NASA POWER
28,2021-09-01,707.2,11.38,28.45,19.91,17.39,NASA POWER
28,2021-10-01,116.3,3.73,20.68,12.21,16.08,NASA POWER
28,2021-11-01,107.5,1.11,20.86,10.98,16.53,NASA POWER
28,2021-12-01,152.7,-1.2,19.8,9.3,10.43,NASA POWER
28,2022-01-01,162.2,6.88,25.03,15.96,11.33,NASA POWER
28,2022-02-01,223.0,6.58,27.91,17.25,11.84,NASA POWER
28,2022-03-01,159.0,7.54,28.63,18.09,18.21,NASA POWER
28,2022-04-01,111.9,5.16,23.26,14.21,12.76,NASA POWER
28,2022-05-01,214.6,6.16,25.42,15.79,13.23,NASA POWER
28,2022-06-01,637.5,9.06,27.18,18.12,13.51,NASA POWER
28,2022-07-01,637.8,7.14,25.25,16.2,13.27,NASA POWER
28,2022-08-01,676.9,11.13,27.81,19.47,18.94,NASA POWER
28,2022-09-01,564.2,8.64,27.32,17.98,17.13,NASA POWER
28,2022-10-01,105.9,0.34,17.79,9.06,16.27,NASA POWER
28,2022-11-01,123.5,1.1,19.52,10.31,10.02,NASA POWER
28,2022-12-01,140.9,-4.08,15.06,5.49,15.53,NASA POWER
28,2023-01-01,105.9,9.4,28.22,18.81,14.85,NASA POWER
28,2023-02-01,91.0,8.05,27.47,17.76,19.26,NASA POWER
28,2023-03-01,156.7,7.71,26.45,17.08,15.18,NASA POWER
28,2023-04-01,218.3,2.79,23.06,12.92,16.22,NASA POWER
28,2023-05-01,111.2,3.74,25.11,14.43,14.78,NASA POWER
28,2023-06-01,668.1,10.5,29.75,20.12,12.18,NASA POWER
28,2023-07-01,571.7,10.89,29.52,20.2,10.85,NASA POWER
28,2023-08-01,655.8,10.25,30.57,20.41,14.24,NASA POWER
28,2023-09-01,747.2,8.34,29.1,18.72,13.65,NASA POWER
28,2023-10-01,123.1,2.48,23.07,12.78,12.1,NASA POWER
28,2023-11-01,139.3,-1.88,16.27,7.2,14.52,NASA POWER
28,2023-12-01,108.4,-0.72,19.87,9.58,19.24,NASA POWER
28,2024-01-01,174.9,6.96,24.65,15.8,12.27,NASA POWER
28,2024-02-01,203.5,5.08,25.22,15.15,19.22,NASA POWER
28,2024-03-01,140.9,4.81,23.54,14.17,11.67,NASA POWER
28,2024-04-01,113.9,8.43,26.75,17.59,11.0,NASA POWER
28,2024-05-01,225.5,5.48,26.78,16.13,11.78,NASA POWER
28,2024-06-01,647.9,7.67,27.26,17.46,11.51,NASA POWER
28,2024-07-01,644.6,6.7,25.27,15.98,11.0,NASA POWER
28,2024-08-01,587.7,7.5,26.66,17.08,18.62,NASA POWER
28,2024-09-01,762.8,8.55,29.68,19.12,10.28,NASA POWER
28,2024-10-01,102.3,0.81,20.39,10.6,15.29,NASA POWER
28,2024-11-01,158.8,2.27,21.15,11.71,10.95,NASA POWER
28,2024-12-01,122.4,0.45,20.61,10.53,9.07,NASA POWER
29,2014-01-01,223.7,5.94,26.99,16.46,19.19,NASA POWER
29,2014-02-01,182.0,6.61,24.29,15.45,14.01,NASA POWER
29,2014-03-01,166.8,7.03,24.19,15.61,10.31,NASA POWER
29,2014-04-01,84.2,6.73,24.89,15.81,19.1,NASA POWER
29,2014-05-01,100.2,4.45,22.72,13.58,16.63,NASA POWER
29,2014-06-01,561.9,7.57,26.32,16.95,11.78,NASA POWER
29,2014-07-01,550.4,7.99,28.65,18.32,19.37,NASA POWER
29,2014-08-01,548.9,11.77,30.07,20.92,9.61,NASA POWER
29,2014-09-01,569.4,11.69,28.67,20.18,16.79,NASA POWER
29,2014-10-01,215.0,2.5,21.35,11.93,12.5,NASA POWER
29,2014-11-01,180.2,2.17,19.78,10.98,14.33,NASA POWER
29,2014-12-01,194.0,-1.27,17.14,7.94,17.32,NASA POWER
29,2015-01-01,96.2,9.31,27.95,18.63,14.01,NASA POWER
29,2015-02-01,235.3,5.91,26.02,15.96,13.44,NASA POWER
29,2015-03-01,136.1,7.59,27.99,17.79,12.52,NASA POWER
29,2015-04-01,192.8,7.87,27.05,17.46,18.21,NASA POWER
29,2015-05-01,105.9,4.67,22.0,13.34,12.37,NASA POWER
29,2015-06-01,622.8,9.43,27.44,18.44,13.88,NASA POWER
29,2015-07-01,600.9,9.82,27.98,18.9,9.39,NASA POWER
29,2015-08-01,750.1,7.11,24.53,15.82,16.99,NASA POWER
29,2015-09-01,563.2,6.56,24.89,15.72,11.94,NASA POWER
29,2015-10-01,209.5,-2.16,17.11,7.47,11.83,NASA POWER
29,2015-11-01,228.9,0.6,20.76,10.68,12.48,NASA POWER
29,2015-12-01,169.6,-2.91,16.57,6.83,16.48,NASA POWER
29,2016-01-01,82.5,10.06,28.12,19.09,19.06,NASA POWER
29,2016-02-01,211.1,5.96,26.49,16.22,18.48,NASA POWER
29,2016-03-01,199.3,7.47,26.57,17.02,16.27,NASA POWER
29,2016-04-01,102.9,7.56,26.29,16.93,16.05,NASA POWER
29,2016-05-01,128.5,7.46,26.51,16.98,18.44,NASA POWER
29,2016-06-01,530.1,8.02,26.61,17.31,18.68,NASA POWER
29,2016-07-01,554.4,7.09,28.02,17.55,19.68,NASA POWER
29,2016-08-01,710.9,10.4,27.43,18.91,19.57,NASA POWER
29,2016-09-01,621.6,10.54,28.98,19.76,18.87,NASA POWER
29,2016-10-01,143.5,0.8,19.22,10.01,9.23,NASA POWER
29,2016-11-01,82.5,1.54,21.5,11.52,10.73,NASA POWER
29,2016-12-01,147.6,2.41,21.83,12.12,12.3,NASA POWER
29,2017-01-01,123.2,8.93,26.96,17.95,19.61,NASA POWER
29,2017-02-01,91.8,9.26,26.86,18.06,18.41,NASA POWER
29,2017-03-01,215.2,5.15,23.1,14.12,16.95,NASA POWER
29,2017-04-01,87.7,6.23,24.28,15.26,9.24,NASA POWER
29,2017-05-01,146.0,7.8,25.67,16.73,17.24,NASA POWER
29,2017-06-01,638.0,7.65,28.14,17.89,17.73,NASA POWER
29,2017-07-01,529.2,10.09,28.52,19.3,18.32,NASA POWER
29,2017-08-01,701.0,11.2,28.53,19.87,17.3,NASA POWER
29,2017-09-01,553.0,8.43,27.57,18.0,15.16,NASA POWER
29,2017-10-01,188.0,-1.21,18.42,8.61,9.35,NASA POWER
29,2017-11-01,232.8,-0.03,19.1,9.54,10.95,NASA POWER
29,2017-12-01,168.9,-1.52,14.81,6.65,12.33,NASA POWER
29,2018-01-01,228.8,10.31,27.74,19.02,9.8,NASA POWER
29,2018-02-01,164.3,6.0,25.2,15.6,19.33,NASA POWER
29,2018-03-01,195.4,7.09,25.23,16.16,18.0,NASA POWER
29,2018-04-01,233.5,4.61,23.78,14.2,17.86,NASA POWER
29,2018-05-01,166.3,1.88,22.92,12.4,10.57,NASA POWER
29,2018-06-01,520.0,9.83,30.51,20.17,14.52,NASA POWER
29,2018-07-01,591.3,10.63,30.1,20.37,15.64,NASA POWER
29,2018-08-01,722.0,9.38,27.73,18.55,16.85,NASA POWER
29,2018-09-01,719.2,8.81,26.91,17.86,17.52,NASA POWER
29,2018-10-01,118.1,1.78,20.15,10.96,15.72,NASA POWER
29,2018-11-01,147.3,1.15,21.52,11.33,15.74,NASA POWER
29,2018-12-01,207.2,1.06,20.17,10.62,18.66,NASA POWER
29,2019-01-01,145.5,8.04,27.5,17.77,16.76,NASA POWER
29,2019-02-01,187.3,10.64,29.74,20.19,9.43,NASA POWER
29,2019-03-01,238.5,6.88,26.44,16.66,16.52,NASA POWER
29,2019-04-01,200.9,5.42,23.76,14.59,17.89,NASA POWER
29,2019-05-01,155.3,1.52,21.93,11.72,16.69,NASA POWER
29,2019-06-01,534.8,7.93,26.76,17.34,17.96,NASA POWER
29,2019-07-01,767.7,9.36,26.66,18.01,18.03,NASA POWER
29,2019-08-01,719.4,10.78,29.65,20.21,16.36,NASA POWER
29,2019-09-01,671.1,8.54,27.38,17.96,9.51,NASA POWER
29,2019-10-01,198.0,-0.88,16.78,7.95,12.06,NASA POWER
29,2019-11-01,113.5,-1.58,18.98,8.7,16.47,NASA POWER
29,2019-12-01,173.0,-0.93,17.4,8.23,19.0,NASA POWER
29,2020-01-01,215.7,9.16,30.5,19.83,10.77,NASA POWER
29,2020-02-01,204.6,9.56,27.17,18.37,14.65,NASA POWER
29,2020-03-01,213.5,7.55,26.51,17.03,9.8,NASA POWER
29,2020-04-01,89.2,3.55,21.14,12.35,16.94,NASA POWER
29,2020-05-01,106.0,7.54,24.54,16.04,10.22,NASA POWER
29,2020-06-01,660.8,10.68,27.67,19.18,18.0,NASA POWER
29,2020-07-01,572.6,5.56,26.74,16.15,18.38,NASA POWER
29,2020-08-01,566.1,9.18,27.96,18.57,10.02,NASA POWER
29,2020-09-01,579.1,8.9,28.95,18.93,10.7,NASA POWER
29,2020-10-01,178.8,-0.01,19.0,9.49,16.81,NASA POWER
29,2020-11-01,198.5,-0.13,17.19,8.53,12.76,NASA POWER
29,2020-12-01,221.8,-0.06,20.25,10.1,17.68,NASA POWER
29,2021-01-01,177.9,8.5,27.61,18.05,17.18,NASA POWER
29,2021-02-01,145.5,7.27,25.38,16.32,12.01,NASA POWER
29,2021-03-01,122.1,6.72,26.21,16.46,15.2,NASA POWER
29,2021-04-01,236.3,6.19,24.34,15.27,11.01,NASA POWER
29,2021-05-01,205.8,2.61,23.29,12.95,10.62,NASA POWER
29,2021-06-01,584.8,7.91,25.8,16.86,11.18,NASA POWER
29,2021-07-01,699.8,7.87,25.74,16.8,10.29,NASA POWER
29,2021-08-01,688.2,9.1,28.55,18.82,9.65,NASA POWER
29,2021-09-01,726.4,5.43,24.29,14.86,14.53,NASA POWER
29,2021-10-01,109.9,2.3,22.53,12.42,9.39,NASA POWER
29,2021-11-01,232.2,-1.94,17.81,7.93,16.55,NASA POWER
29,2021-12-01,183.9,-3.87,15.55,5.84,18.88,NASA POWER
29,2022-01-01,229.3,9.06,28.6,18.83,13.73,NASA POWER
29,2022-02-01,83.2,7.1,25.89,16.5,9.98,NASA POWER
29,2022-03-01,81.4,4.08,23.34,13.71,15.36,NASA POWER
29,2022-04-01,119.2,5.01,24.26,14.64,14.23,NASA POWER
29,2022-05-01,142.4,2.6,22.38,12.49,15.01,NASA POWER
29,2022-06-01,752.9,9.92,29.03,19.48,19.44,NASA POWER
29,2022-07-01,710.9,7.37,27.27,17.32,11.85,NASA POWER
29,2022-08-01,679.3,7.18,24.51,15.85,18.16,NASA POWER
29,2022-09-01,730.3,8.19,29.38,18.79,17.23,NASA POWER
29,2022-10-01,174.0,2.29,21.44,11.87,12.31,NASA POWER
29,2022-11-01,233.1,-2.42,17.52,7.55,10.19,NASA POWER
29,2022-12-01,233.8,1.14,18.29,9.71,9.07,NASA POWER
29,2023-01-01,194.6,10.63,30.27,20.45,9.06,NASA POWER
29,2023-02-01,125.0,5.14,23.72,14.43,18.51,NASA POWER
29,2023-03-01,103.7,7.09,24.63,15.86,13.09,NASA POWER
29,2023-04-01,222.0,7.19,23.7,15.45,17.1,NASA POWER
29,2023-05-01,135.9,6.03,24.24,15.13,13.21,NASA POWER
29,2023-06-01,544.8,9.14,26.13,17.63,12.11,NASA POWER
29,2023-07-01,709.1,9.35,28.49,18.92,14.08,NASA POWER
29,2023-08-01,532.8,8.85,29.01,18.93,16.14,NASA POWER
29,2023-09-01,648.9,11.5,31.54,21.52,13.71,NASA POWER
29,2023-10-01,109.0,3.68,21.7,12.69,14.08,NASA POWER
29,2023-11-01,177.7,-0.52,17.19,8.34,16.31,NASA POWER
29,2023-12-01,89.3,-1.44,18.52,8.54,18.34,NASA POWER
29,2024-01-01,120.0,8.94,27.3,18.12,17.57,NASA POWER
29,2024-02-01,216.9,5.57,25.42,15.5,14.64,NASA POWER
29,2024-03-01,143.3,3.18,22.49,12.83,14.52,NASA POWER
29,2024-04-01,184.8,6.22,26.01,16.12,14.81,NASA POWER
29,2024-05-01,204.2,7.0,23.74,15.37,18.94,NASA POWER
29,2024-06-01,720.6,10.18,28.41,19.3,15.77,NASA POWER
29,2024-07-01,599.0,9.64,27.48,18.56,13.26,NASA POWER
29,2024-08-01,533.0,8.28,26.9,17.59,15.43,NASA POWER
29,2024-09-01,654.0,8.56,29.95,19.25,18.35,NASA POWER
29,2024-10-01,177.8,3.64,23.36,13.5,11.86,NASA POWER
29,2024-11-01,141.4,3.31,22.19,12.75,18.19,NASA POWER
29,2024-12-01,232.5,2.46,19.23,10.85,18.67,NASA POWER
30,2014-01-01,198.1,5.77,27.21,16.49,14.88,NASA POWER
30,2014-02-01,143.8,9.19,26.38,17.79,11.41,NASA POWER
30,2014-03-01,102.8,6.06,22.9,14.48,15.91,NASA POWER
30,2014-04-01,209.9,8.29,27.4,17.84,9.93,NASA POWER
30,2014-05-01,234.7,4.43,21.67,13.05,16.55,NASA POWER
30,2014-06-01,733.4,9.39,28.44,18.91,19.11,NASA POWER
30,2014-07-01,745.1,11.14,28.53,19.84,9.04,NASA POWER
30,2014-08-01,559.4,8.54,30.16,19.35,19.03,NASA POWER
30,2014-09-01,683.1,11.19,29.82,20.5,13.34,NASA POWER
30,2014-10-01,120.0,1.79,20.89,11.34,13.45,NASA POWER
30,2014-11-01,165.7,1.2,20.9,11.05,11.21,NASA POWER
30,2014-12-01,207.4,-3.74,16.9,6.58,12.21,NASA POWER
30,2015-01-01,92.3,6.8,25.01,15.91,9.87,NASA POWER
30,2015-02-01,171.4,5.18,25.79,15.48,10.31,NASA POWER
30,2015-03-01,161.9,6.64,27.7,17.17,18.89,NASA POWER
30,2015-04-01,165.5,5.08,23.72,14.4,10.71,NASA POWER
30,2015-05-01,179.2,8.55,25.87,17.21,14.29,NASA POWER
30,2015-06-01,669.5,8.96,30.17,19.57,15.94,NASA POWER
30,2015-07-01,565.5,9.52,28.3,18.91,9.29,NASA POWER
30,2015-08-01,666.6,7.89,25.89,16.89,10.97,NASA POWER
30,2015-09-01,538.4,6.81,27.53,17.17,16.06,NASA POWER
30,2015-10-01,91.0,-0.13,18.29,9.08,18.45,NASA POWER
30,2015-11-01,88.8,-0.23,19.9,9.83,9.61,NASA POWER
30,2015-12-01,93.9,-2.26,18.59,8.16,15.49,NASA POWER
30,2016-01-01,85.1,8.78,26.68,17.73,17.94,NASA POWER
30,2016-02-01,208.9,8.69,26.01,17.35,19.27,NASA POWER
30,2016-03-01,159.2,6.85,28.57,17.71,15.66,NASA POWER
30,2016-04-01,226.2,7.62,24.96,16.29,11.86,NASA POWER
30,2016-05-01,229.3,4.63,23.69,14.16,19.65,NASA POWER
30,2016-06-01,573.1,10.62,30.25,20.43,12.07,NASA POWER
30,2016-07-01,634.4,8.77,27.11,17.94,18.56,NASA POWER
30,2016-08-01,633.2,8.25,26.15,17.2,15.63,NASA POWER
30,2016-09-01,570.3,9.2,29.37,19.29,12.93,NASA POWER
30,2016-10-01,86.0,-0.12,21.17,10.53,16.29,NASA POWER
30,2016-11-01,145.9,-0.31,18.05,8.87,9.96,NASA POWER
30,2016-12-01,229.0,-2.74,17.17,7.22,19.51,NASA POWER
30,2017-01-01,113.6,4.77,24.03,14.4,13.13,NASA POWER
30,2017-02-01,210.5,8.61,28.84,18.73,13.03,NASA POWER
30,2017-03-01,153.8,7.91,27.55,17.73,13.49,NASA POWER
30,2017-04-01,121.6,5.68,24.77,15.22,9.92,NASA POWER
30,2017-05-01,153.3,6.24,24.2,15.22,9.06,NASA POWER
30,2017-06-01,671.1,11.5,29.81,20.66,13.95,NASA POWER
30,2017-07-01,668.5,11.3,28.54,19.92,11.55,NASA POWER
30,2017-08-01,515.4,8.33,29.79,19.06,13.16,NASA POWER
30,2017-09-01,689.8,9.67,28.72,19.2,11.58,NASA POWER
30,2017-10-01,177.3,0.97,19.02,9.99,19.74,NASA POWER
30,2017-11-01,162.1,-2.72,18.3,7.79,13.06,NASA POWER
30,2017-12-01,85.0,1.85,19.63,10.74,15.93,NASA POWER
30,2018-01-01,178.4,6.47,25.38,15.92,19.0,NASA POWER
30,2018-02-01,197.9,7.85,27.55,17.7,16.72,NASA POWER
30,2018-03-01,202.1,4.97,23.93,14.45,12.3,NASA POWER
30,2018-04-01,217.4,3.62,24.38,14.0,10.6,NASA POWER
30,2018-05-01,196.6,7.55,25.85,16.7,19.12,NASA POWER
30,2018-06-01,617.9,11.71,29.75,20.73,13.66,NASA POWER
30,2018-07-01,631.0,7.42,27.24,17.33,14.21,NASA POWER
30,2018-08-01,646.1,11.18,29.43,20.3,11.9,NASA POWER
30,2018-09-01,570.5,8.0,29.29,18.64,9.51,NASA POWER
30,2018-10-01,177.2,-1.91,16.56,7.32,9.65,NASA POWER
30,2018-11-01,237.7,-1.58,18.47,8.45,18.03,NASA POWER
30,2018-12-01,193.1,2.86,20.04,11.45,10.46,NASA POWER
30,2019-01-01,121.7,8.06,26.27,17.16,9.85,NASA POWER
30,2019-02-01,82.9,6.04,26.41,16.23,14.4,NASA POWER
30,2019-03-01,220.9,5.44,23.83,14.63,13.21,NASA POWER
30,2019-04-01,125.1,7.72,28.07,17.89,11.18,NASA POWER
30,2019-05-01,143.5,5.42,24.31,14.86,16.79,NASA POWER
30,2019-06-01,580.0,8.27,28.92,18.59,16.17,NASA POWER
30,2019-07-01,654.2,9.23,30.83,20.03,12.26,NASA POWER
30,2019-08-01,618.1,7.42,26.86,17.14,9.13,NASA POWER
30,2019-09-01,599.0,9.97,27.56,18.77,11.15,NASA POWER
30,2019-10-01,173.9,2.43,21.59,12.01,11.52,NASA POWER
30,2019-11-01,160.5,2.93,20.17,11.55,17.39,NASA POWER
30,2019-12-01,193.6,-3.24,17.05,6.91,19.63,NASA POWER
30,2020-01-01,99.1,8.74,29.07,18.91,15.36,NASA POWER
30,2020-02-01,171.7,9.16,27.42,18.29,15.18,NASA POWER
30,2020-03-01,97.5,2.92,23.37,13.14,9.8,NASA POWER
30,2020-04-01,149.0,3.4,24.13,13.76,14.72,NASA POWER
30,2020-05-01,117.3,7.37,26.15,16.76,9.04,NASA POWER
30,2020-06-01,512.0,11.06,29.96,20.51,11.06,NASA POWER
30,2020-07-01,725.6,10.33,30.54,20.43,12.38,NASA POWER
30,2020-08-01,570.1,9.82,30.41,20.12,10.68,NASA POWER
30,2020-09-01,534.5,8.58,28.8,18.69,18.13,NASA POWER
30,2020-10-01,200.0,0.99,20.37,10.68,15.39,NASA POWER
30,2020-11-01,225.1,-0.51,17.9,8.69,12.06,NASA POWER
30,2020-12-01,236.2,1.24,17.99,9.61,11.3,NASA POWER
30,2021-01-01,98.1,11.1,30.14,20.62,17.62,NASA POWER
30,2021-02-01,164.4,6.64,24.26,15.45,19.66,NASA POWER
30,2021-03-01,168.6,8.43,26.18,17.3,17.75,NASA POWER
30,2021-04-01,225.6,6.99,26.56,16.77,18.58,NASA POWER
30,2021-05-01,177.1,1.89,21.02,11.46,17.52,NASA POWER
30,2021-06-01,594.9,7.82,27.83,17.82,11.28,NASA POWER
30,2021-07-01,690.5,9.64,27.7,18.67,17.85,NASA POWER
30,2021-08-01,616.9,9.67,28.48,19.07,15.5,NASA POWER
30,2021-09-01,650.6,11.61,29.32,20.46,11.73,NASA POWER
30,2021-10-01,154.9,2.42,20.12,11.27,19.02,NASA POWER
30,2021-11-01,191.4,0.37,20.69,10.53,14.12,NASA POWER
30,2021-12-01,160.8,2.44,19.22,10.83,13.24,NASA POWER
30,2022-01-01,179.9,11.61,29.18,20.39,17.72,NASA POWER
30,2022-02-01,123.7,4.32,23.91,14.12,14.5,NASA POWER
30,2022-03-01,120.2,3.64,24.42,14.03,17.79,NASA POWER
30,2022-04-01,154.4,6.62,25.42,16.02,10.64,NASA POWER
30,2022-05-01,190.8,4.48,21.23,12.86,14.49,NASA POWER
30,2022-06-01,634.9,9.2,27.64,18.42,11.1,NASA POWER
30,2022-07-01,718.9,7.96,28.16,18.06,14.41,NASA POWER
30,2022-08-01,760.1,9.68,29.03,19.36,16.05,NASA POWER
30,2022-09-01,725.3,8.26,25.58,16.92,12.14,NASA POWER
30,2022-10-01,225.6,1.48,20.01,10.75,19.01,NASA POWER
30,2022-11-01,135.8,1.0,18.72,9.86,16.31,NASA POWER
30,2022-12-01,213.3,-1.3,16.15,7.42,10.52,NASA POWER
30,2023-01-01,84.0,9.31,27.07,18.19,13.7,NASA POWER
30,2023-02-01,158.2,8.23,25.8,17.02,12.39,NASA POWER
30,2023-03-01,81.1,5.25,24.69,14.97,12.43,NASA POWER
30,2023-04-01,180.8,5.52,24.51,15.02,10.28,NASA POWER
30,2023-05-01,180.8,3.54,24.54,14.04,16.61,NASA POWER
30,2023-06-01,614.3,6.67,26.51,16.59,13.45,NASA POWER
30,2023-07-01,570.5,10.12,30.67,20.39,13.05,NASA POWER
30,2023-08-01,552.8,9.58,30.53,20.05,18.06,NASA POWER
30,2023-09-01,756.8,7.53,27.5,17.52,12.14,NASA POWER
30,2023-10-01,139.6,1.21,20.85,11.03,17.12,NASA POWER
30,2023-11-01,201.9,-0.03,18.35,9.16,9.96,NASA POWER
30,2023-12-01,91.5,-0.45,16.54,8.04,13.93,NASA POWER
30,2024-01-01,121.4,7.4,25.31,16.36,13.3,NASA POWER
30,2024-02-01,111.4,8.71,27.41,18.06,13.36,NASA POWER
30,2024-03-01,98.5,9.45,26.43,17.94,19.72,NASA POWER
30,2024-04-01,218.1,5.33,24.6,14.96,10.55,NASA POWER
30,2024-05-01,225.8,6.11,24.41,15.26,15.07,NASA POWER
30,2024-06-01,537.0,11.41,30.47,20.94,11.12,NASA POWER
30,2024-07-01,654.7,12.05,30.81,21.43,16.43,NASA POWER
30,2024-08-01,530.5,8.47,27.31,17.89,13.39,NASA POWER
30,2024-09-01,690.9,8.44,25.42,16.93,13.38,NASA POWER
30,2024-10-01,211.2,1.4,20.08,10.74,17.2,NASA POWER
30,2024-11-01,144.8,0.82,19.18,10.0,16.05,NASA POWER
30,2024-12-01,190.7,-4.29,14.57,5.14,18.24,NASA POWER
31,2014-01-01,197.0,7.89,26.81,17.35,9.44,NASA POWER
31,2014-02-01,189.1,6.42,25.65,16.04,16.6,NASA POWER
31,2014-03-01,134.9,4.78,23.95,14.37,9.67,NASA POWER
31,2014-04-01,188.7,6.92,25.36,16.14,16.11,NASA POWER
31,2014-05-01,92.4,3.96,23.31,13.63,18.16,NASA POWER
31,2014-06-01,654.4,9.74,29.51,19.62,11.88,NASA POWER
31,2014-07-01,695.0,8.89,26.61,17.75,9.7,NASA POWER
31,2014-08-01,588.0,6.67,26.89,16.78,12.31,NASA POWER
31,2014-09-01,678.6,10.51,27.93,19.22,18.04,NASA POWER
31,2014-10-01,118.7,1.15,19.07,10.11,12.49,NASA POWER
31,2014-11-01,200.6,1.2,20.84,11.02,17.0,NASA POWER
31,2014-12-01,207.5,-0.71,17.25,8.27,19.65,NASA POWER
31,2015-01-01,212.2,11.5,30.13,20.81,13.97,NASA POWER
31,2015-02-01,128.4,6.37,27.25,16.81,19.53,NASA POWER
31,2015-03-01,165.3,8.97,25.68,17.32,18.37,NASA POWER
31,2015-04-01,158.4,7.72,26.92,17.32,11.87,NASA POWER
31,2015-05-01,108.4,5.1,24.74,14.92,9.01,NASA POWER
31,2015-06-01,628.4,8.05,27.0,17.52,13.66,NASA POWER
31,2015-07-01,536.2,6.0,25.82,15.91,9.4,NASA POWER
31,2015-08-01,713.0,6.88,28.06,17.47,9.02,NASA POWER
31,2015-09-01,546.4,8.27,25.73,17.0,18.0,NASA POWER
31,2015-10-01,160.1,3.06,20.2,11.63,19.35,NASA POWER
31,2015-11-01,235.5,-3.09,16.19,6.55,12.36,NASA POWER
31,2015-12-01,127.3,-2.71,17.65,7.47,10.85,NASA POWER
31,2016-01-01,169.5,9.42,26.8,18.11,13.65,NASA POWER
31,2016-02-01,219.7,5.56,25.79,15.67,14.2,NASA POWER
31,2016-03-01,89.5,5.88,24.73,15.3,18.1,NASA POWER
31,2016-04-01,225.1,5.22,24.75,14.98,10.62,NASA POWER
31,2016-05-01,168.5,4.51,24.25,14.38,14.61,NASA POWER
31,2016-06-01,737.3,8.53,27.41,17.97,13.0,NASA POWER
31,2016-07-01,588.8,9.5,29.32,19.41,12.22,NASA POWER
31,2016-08-01,641.0,8.62,27.79,18.2,9.31,NASA POWER
31,2016-09-01,615.3,8.99,28.68,18.84,19.13,NASA POWER
31,2016-10-01,207.7,3.34,19.94,11.64,16.03,NASA POWER
31,2016-11-01,106.4,-0.04,18.95,9.46,13.04,NASA POWER
31,2016-12-01,190.7,1.99,19.99,10.99,17.8,NASA POWER
31,2017-01-01,207.6,4.59,24.29,14.44,19.56,NASA POWER
31,2017-02-01,233.3,7.81,26.32,17.07,17.35,NASA POWER
31,2017-03-01,96.0,5.28,26.16,15.72,17.83,NASA POWER
31,2017-04-01,167.1,6.87,26.71,16.79,13.74,NASA POWER
31,2017-05-01,176.0,6.78,24.65,15.71,11.45,NASA POWER
31,2017-06-01,605.3,8.92,30.25,19.59,9.42,NASA POWER
31,2017-07-01,513.9,9.59,29.27,19.43,16.21,NASA POWER
31,2017-08-01,709.6,9.5,26.95,18.23,13.03,NASA POWER
31,2017-09-01,647.1,6.68,25.9,16.29,17.71,NASA POWER
31,2017-10-01,94.4,-0.16,17.79,8.81,18.72,NASA POWER
31,2017-11-01,230.8,0.9,17.58,9.24,16.97,NASA POWER
31,2017-12-01,239.2,-1.98,17.63,7.82,16.94,NASA POWER
31,2018-01-01,105.5,8.43,28.53,18.48,17.03,NASA POWER
31,2018-02-01,114.8,6.53,26.36,16.45,17.73,NASA POWER
31,2018-03-01,206.1,6.36,25.68,16.02,9.23,NASA POWER
31,2018-04-01,181.3,5.04,24.96,15.0,12.98,NASA POWER
31,2018-05-01,178.4,5.22,24.57,14.89,14.56,NASA POWER
31,2018-06-01,684.6,10.71,30.0,20.36,9.11,NASA POWER
31,2018-07-01,627.0,9.81,30.24,20.02,13.47,NASA POWER
31,2018-08-01,746.8,8.57,27.97,18.27,16.47,NASA POWER
31,2018-09-01,597.0,8.5,25.42,16.96,18.77,NASA POWER
31,2018-10-01,182.9,0.45,20.84,10.64,19.53,NASA POWER
31,2018-11-01,95.3,1.55,18.7,10.12,15.63,NASA POWER
31,2018-12-01,205.8,-2.31,15.95,6.82,15.31,NASA POWER
31,2019-01-01,92.0,5.21,26.56,15.88,14.0,NASA POWER
31,2019-02-01,204.1,9.46,27.45,18.45,16.63,NASA POWER
31,2019-03-01,119.7,3.4,22.74,13.07,13.33,NASA POWER
31,2019-04-01,209.3,5.11,24.65,14.88,16.68,NASA POWER
31,2019-05-01,103.7,4.54,26.08,15.31,12.46,NASA POWER
31,2019-06-01,757.3,7.89,28.57,18.23,17.95,NASA POWER
31,2019-07-01,729.7,8.9,26.41,17.66,10.78,NASA POWER
31,2019-08-01,714.9,7.4,25.17,16.29,17.41,NASA POWER
31,2019-09-01,683.5,9.33,29.1,19.21,14.42,NASA POWER
31,2019-10-01,166.8,-1.34,19.64,9.15,19.77,NASA POWER
31,2019-11-01,148.8,-0.04,17.34,8.65,19.24,NASA POWER
31,2019-12-01,168.4,0.01,19.35,9.68,18.64,NASA POWER
31,2020-01-01,144.7,8.25,28.11,18.18,18.11,NASA POWER
31,2020-02-01,84.1,8.56,26.12,17.34,18.46,NASA POWER
31,2020-03-01,213.3,8.46,27.51,17.98,13.38,NASA POWER
31,2020-04-01,88.8,5.64,24.67,15.16,18.7,NASA POWER
31,2020-05-01,126.4,4.12,22.65,13.38,16.27,NASA POWER
31,2020-06-01,737.6,10.01,27.07,18.54,9.1,NASA POWER
31,2020-07-01,532.1,10.29,28.96,19.62,14.93,NASA POWER
31,2020-08-01,718.7,10.38,30.61,20.5,16.61,NASA POWER
31,2020-09-01,735.7,7.1,24.64,15.87,16.99,NASA POWER
31,2020-10-01,156.3,0.52,21.85,11.19,12.34,NASA POWER
31,2020-11-01,162.5,0.95,19.63,10.29,18.14,NASA POWER
31,2020-12-01,215.9,-0.23,20.57,10.17,17.03,NASA POWER
31,2021-01-01,85.6,10.04,29.38,19.71,19.77,NASA POWER
31,2021-02-01,152.8,6.47,25.47,15.97,13.22,NASA POWER
31,2021-03-01,138.2,4.63,25.06,14.84,17.83,NASA POWER
31,2021-04-01,238.2,2.36,22.67,12.52,15.21,NASA POWER
31,2021-05-01,111.1,5.11,23.94,14.53,13.22,NASA POWER
31,2021-06-01,703.2,10.75,28.53,19.64,17.3,NASA POWER
31,2021-07-01,594.1,7.35,27.79,17.57,11.39,NASA POWER
31,2021-08-01,727.3,7.36,25.06,16.21,14.75,NASA POWER
31,2021-09-01,752.9,8.84,28.8,18.82,14.06,NASA POWER
31,2021-10-01,161.3,1.22,18.74,9.98,16.4,NASA POWER
31,2021-11-01,86.5,-2.28,15.89,6.81,12.69,NASA POWER
31,2021-12-01,133.0,0.17,20.67,10.42,11.83,NASA POWER
31,2022-01-01,201.0,5.93,24.77,15.35,10.39,NASA POWER
31,2022-02-01,178.4,6.67,23.79,15.23,17.89,NASA POWER
31,2022-03-01,86.1,7.04,28.39,17.71,13.4,NASA POWER
31,2022-04-01,101.2,2.75,21.7,12.22,14.15,NASA POWER
31,2022-05-01,105.6,3.43,23.25,13.34,10.66,NASA POWER
31,2022-06-01,659.0,11.18,28.84,20.01,9.63,NASA POWER
31,2022-07-01,553.4,10.64,29.8,20.22,11.89,NASA POWER
31,2022-08-01,729.8,10.52,28.96,19.74,11.78,NASA POWER
31,2022-09-01,581.6,9.58,28.08,18.83,11.85,NASA POWER
31,2022-10-01,174.5,2.99,22.14,12.57,15.07,NASA POWER
31,2022-11-01,123.8,-2.91,16.31,6.7,9.81,NASA POWER
31,2022-12-01,176.5,-1.18,19.03,8.93,18.68,NASA POWER
31,2023-01-01,124.7,8.33,27.39,17.86,18.36,NASA POWER
31,2023-02-01,141.0,8.65,27.67,18.16,14.74,NASA POWER
31,2023-03-01,206.4,7.04,24.95,15.99,12.77,NASA POWER
31,2023-04-01,130.5,6.9,23.36,15.13,11.21,NASA POWER
31,2023-05-01,226.7,3.06,21.75,12.4,15.96,NASA POWER
31,2023-06-01,551.2,7.71,25.83,16.77,9.73,NASA POWER
31,2023-07-01,742.6,11.06,29.8,20.43,15.16,NASA POWER
31,2023-08-01,550.2,6.94,26.36,16.65,14.32,NASA POWER
31,2023-09-01,669.5,9.67,28.76,19.21,13.0,NASA POWER
31,2023-10-01,184.7,-1.07,17.94,8.44,13.4,NASA POWER
31,2023-11-01,216.7,-2.06,17.81,7.87,16.63,NASA POWER
31,2023-12-01,236.3,-1.55,19.36,8.9,14.56,NASA POWER
31,2024-01-01,136.1,8.94,27.44,18.19,11.97,NASA POWER
31,2024-02-01,114.6,8.28,27.08,17.68,17.63,NASA POWER
31,2024-03-01,106.9,5.84,25.14,15.49,18.24,NASA POWER
31,2024-04-01,225.7,4.81,24.37,14.59,11.1,NASA POWER
31,2024-05-01,131.5,3.08,21.8,12.44,13.21,NASA POWER
31,2024-06-01,707.6,9.97,27.9,18.93,12.58,NASA POWER
31,2024-07-01,634.9,11.71,30.64,21.18,19.43,NASA POWER
31,2024-08-01,765.4,8.86,26.96,17.91,16.78,NASA POWER
31,2024-09-01,752.4,6.43,27.65,17.04,19.44,NASA POWER
31,2024-10-01,213.4,1.12,20.29,10.71,12.68,NASA POWER
31,2024-11-01,102.5,0.96,21.96,11.46,11.34,NASA POWER
31,2024-12-01,211.3,-1.18,17.42,8.12,9.85,NASA POWER
32,2014-01-01,110.0,5.36,25.0,15.18,11.01,NASA POWER
32,2014-02-01,193.7,7.95,25.68,16.82,12.81,NASA POWER
32,2014-03-01,82.1,6.24,27.53,16.89,10.7,NASA POWER
32,2014-04-01,114.2,6.11,25.83,15.97,14.64,NASA POWER
32,2014-05-01,197.5,2.32,21.57,11.95,11.25,NASA POWER
32,2014-06-01,513.9,6.12,27.06,16.59,17.66,NASA POWER
32,2014-07-01,596.5,11.53,29.81,20.67,15.31,NASA POWER
32,2014-08-01,753.0,11.44,28.34,19.89,19.12,NASA POWER
32,2014-09-01,745.4,9.24,29.99,19.61,18.33,NASA POWER
32,2014-10-01,157.9,1.55,18.92,10.24,9.9,NASA POWER
32,2014-11-01,207.6,-2.54,17.01,7.24,19.4,NASA POWER
32,2014-12-01,97.7,-0.13,18.34,9.11,14.73,NASA POWER
32,2015-01-01,239.7,7.52,28.9,18.21,12.25,NASA POWER
32,2015-02-01,134.1,9.89,26.61,18.25,14.74,NASA POWER
32,2015-03-01,149.8,4.42,23.88,14.15,19.66,NASA POWER
32,2015-04-01,121.3,7.26,26.54,16.9,12.44,NASA POWER
32,2015-05-01,234.2,2.43,23.0,12.71,11.55,NASA POWER
32,2015-06-01,614.4,10.36,28.97,19.66,18.29,NASA POWER
32,2015-07-01,516.9,6.9,26.47,16.68,14.68,NASA POWER
32,2015-08-01,624.2,8.05,24.8,16.43,10.14,NASA POWER
32,2015-09-01,524.8,7.98,28.15,18.06,11.84,NASA POWER
32,2015-10-01,149.0,3.51,21.41,12.46,9.47,NASA POWER
32,2015-11-01,195.2,1.56,18.82,10.19,18.4,NASA POWER
32,2015-12-01,195.9,0.68,21.41,11.04,9.21,NASA POWER
32,2016-01-01,226.7,7.35,27.51,17.43,16.41,NASA POWER
32,2016-02-01,206.3,10.26,27.98,19.12,13.95,NASA POWER
32,2016-03-01,233.3,7.49,24.14,15.82,15.73,NASA POWER
32,2016-04-01,114.4,4.11,22.83,13.47,15.52,NASA POWER
32,2016-05-01,140.0,4.64,24.81,14.72,9.04,NASA POWER
32,2016-06-01,605.7,10.87,29.61,20.24,13.57,NASA POWER
32,2016-07-01,621.0,7.95,29.56,18.75,9.21,NASA POWER
32,2016-08-01,748.2,9.85,30.81,20.33,17.48,NASA POWER
32,2016-09-01,592.5,10.25,29.55,19.9,14.16,NASA POWER
32,2016-10-01,186.6,1.42,21.09,11.25,17.97,NASA POWER
32,2016-11-01,217.7,0.19,20.66,10.43,13.93,NASA POWER
32,2016-12-01,179.9,-0.57,17.92,8.68,12.65,NASA POWER
32,2017-01-01,94.8,7.78,25.79,16.79,12.19,NASA POWER
32,2017-02-01,187.0,4.56,23.78,14.17,15.51,NASA POWER
32,2017-03-01,120.0,6.65,23.52,15.09,19.71,NASA POWER
32,2017-04-01,156.8,8.48,26.95,17.71,12.56,NASA POWER
32,2017-05-01,89.5,3.83,20.07,11.95,19.38,NASA POWER
32,2017-06-01,744.8,9.07,27.51,18.29,19.77,NASA POWER
32,2017-07-01,716.0,11.3,30.29,20.8,15.22,NASA POWER
32,2017-08-01,728.0,8.84,26.4,17.62,16.3,NASA POWER
32,2017-09-01,733.5,10.48,27.98,19.23,17.31,NASA POWER
32,2017-10-01,238.9,0.22,17.17,8.7,10.0,NASA POWER
32,2017-11-01,162.0,-2.69,17.08,7.19,17.22,NASA POWER
32,2017-12-01,108.9,-2.42,18.0,7.79,14.71,NASA POWER
32,2018-01-01,118.7,5.86,25.5,15.68,11.15,NASA POWER
32,2018-02-01,132.6,5.6,26.96,16.28,18.95,NASA POWER
32,2018-03-01,190.7,5.18,25.8,15.49,19.02,NASA POWER
32,2018-04-01,235.9,4.26,23.51,13.89,17.49,NASA POWER
32,2018-05-01,162.8,2.61,22.93,12.77,13.83,NASA POWER
32,2018-06-01,623.5,8.19,26.97,17.58,19.29,NASA POWER
32,2018-07-01,664.5,11.2,28.28,19.74,17.46,NASA POWER
32,2018-08-01,755.8,7.78,26.5,17.14,9.82,NASA POWER
32,2018-09-01,594.0,9.44,29.14,19.29,16.16,NASA POWER
32,2018-10-01,207.2,-0.04,19.08,9.52,11.33,NASA POWER
32,2018-11-01,172.1,0.26,18.55,9.41,15.26,NASA POWER
32,2018-12-01,209.0,-0.38,16.18,7.9,11.04,NASA POWER
32,2019-01-01,105.0,6.03,25.19,15.61,11.85,NASA POWER
32,2019-02-01,187.8,6.52,24.9,15.71,16.7,NASA POWER
32,2019-03-01,149.0,5.46,22.29,13.88,14.28,NASA POWER
32,2019-04-01,156.6,9.22,26.66,17.94,10.61,NASA POWER
32,2019-05-01,148.3,6.48,24.66,15.57,16.77,NASA POWER
32,2019-06-01,659.5,10.05,28.77,19.41,16.27,NASA POWER
32,2019-07-01,597.6,9.34,29.78,19.56,12.18,NASA POWER
32,2019-08-01,573.2,9.42,28.15,18.79,10.86,NASA POWER
32,2019-09-01,740.9,10.88,30.92,20.9,18.76,NASA POWER
32,2019-10-01,114.7,0.4,19.07,9.73,15.35,NASA POWER
32,2019-11-01,120.9,2.91,20.11,11.51,13.1,NASA POWER
32,2019-12-01,233.5,-2.52,15.2,6.34,19.62,NASA POWER
32,2020-01-01,161.1,9.13,27.38,18.25,10.09,NASA POWER
32,2020-02-01,233.0,8.99,27.6,18.3,11.15,NASA POWER
32,2020-03-01,176.7,6.95,25.01,15.98,15.01,NASA POWER
32,2020-04-01,136.5,3.31,23.51,13.41,14.38,NASA POWER
32,2020-05-01,170.3,7.36,24.81,16.09,16.19,NASA POWER
32,2020-06-01,665.5,8.15,28.3,18.23,15.17,NASA POWER
32,2020-07-01,736.0,7.2,26.61,16.91,16.98,NASA POWER
32,2020-08-01,689.6,9.67,29.79,19.73,13.77,NASA POWER
32,2020-09-01,738.2,9.73,27.67,18.7,17.75,NASA POWER
32,2020-10-01,230.6,0.37,20.23,10.3,9.28,NASA POWER
32,2020-11-01,212.3,-2.61,17.17,7.28,13.66,NASA POWER
32,2020-12-01,239.6,-1.12,18.16,8.52,10.01,NASA POWER
32,2021-01-01,215.1,9.55,27.19,18.37,13.67,NASA POWER
32,2021-02-01,185.2,8.18,29.92,19.05,12.94,NASA POWER
32,2021-03-01,112.8,3.82,23.96,13.89,10.75,NASA POWER
32,2021-04-01,115.1,3.02,22.34,12.68,18.55,NASA POWER
32,2021-05-01,154.8,4.21,23.76,13.99,18.35,NASA POWER
32,2021-06-01,570.8,10.3,30.71,20.51,19.37,NASA POWER
32,2021-07-01,760.3,10.78,28.85,19.82,10.66,NASA POWER
32,2021-08-01,593.5,6.91,26.86,16.88,13.6,NASA POWER
32,2021-09-01,550.0,8.57,29.4,18.98,12.11,NASA POWER
32,2021-10-01,160.8,-1.82,17.15,7.66,13.04,NASA POWER
32,2021-11-01,115.2,0.51,19.12,9.82,11.14,NASA POWER
32,2021-12-01,131.7,-2.22,14.78,6.28,13.1,NASA POWER
32,2022-01-01,224.2,11.15,28.65,19.9,13.85,NASA POWER
32,2022-02-01,114.8,7.87,26.75,17.31,10.03,NASA POWER
32,2022-03-01,219.4,8.63,28.27,18.45,17.72,NASA POWER
32,2022-04-01,209.3,7.13,25.43,16.28,18.9,NASA POWER
32,2022-05-01,156.0,5.23,24.86,15.04,13.84,NASA POWER
32,2022-06-01,557.4,12.74,28.97,20.86,9.82,NASA POWER
32,2022-07-01,569.6,9.66,28.23,18.95,19.26,NASA POWER
32,2022-08-01,628.7,8.92,26.87,17.89,14.45,NASA POWER
32,2022-09-01,564.4,7.65,26.5,17.07,17.56,NASA POWER
32,2022-10-01,199.0,0.67,18.73,9.7,15.13,NASA POWER
32,2022-11-01,187.6,1.73,20.71,11.22,18.91,NASA POWER
32,2022-12-01,179.9,1.41,17.47,9.44,10.4,NASA POWER
32,2023-01-01,80.3,10.07,27.78,18.93,19.13,NASA POWER
32,2023-02-01,129.3,9.11,26.5,17.8,9.5,NASA POWER
32,2023-03-01,193.7,6.07,25.01,15.54,11.44,NASA POWER
32,2023-04-01,209.4,5.33,24.11,14.72,15.77,NASA POWER
32,2023-05-01,146.8,6.52,24.41,15.46,10.53,NASA POWER
32,2023-06-01,753.6,8.6,30.0,19.3,16.33,NASA POWER
32,2023-07-01,736.5,7.92,26.56,17.24,10.27,NASA POWER
32,2023-08-01,724.8,12.36,31.01,21.69,9.49,NASA POWER
32,2023-09-01,514.2,8.96,29.34,19.15,19.13,NASA POWER
32,2023-10-01,121.8,2.87,19.95,11.41,18.62,NASA POWER
32,2023-11-01,178.5,1.89,19.42,10.66,10.84,NASA POWER
32,2023-12-01,166.9,-0.59,17.8,8.61,16.77,NASA POWER
32,2024-01-01,194.3,9.11,27.7,18.41,17.67,NASA POWER
32,2024-02-01,194.7,5.72,25.18,15.45,11.11,NASA POWER
32,2024-03-01,183.9,7.63,26.71,17.17,11.38,NASA POWER
32,2024-04-01,141.7,8.46,28.12,18.29,18.25,NASA POWER
32,2024-05-01,104.7,5.09,22.89,13.99,17.85,NASA POWER
32,2024-06-01,702.1,8.69,27.21,17.95,9.97,NASA POWER
32,2024-07-01,707.4,8.65,28.1,18.38,19.39,NASA POWER
32,2024-08-01,745.9,10.21,27.7,18.95,16.45,NASA POWER
32,2024-09-01,632.7,8.41,27.53,17.97,13.89,NASA POWER
32,2024-10-01,176.5,3.3,22.19,12.75,9.86,NASA POWER
32,2024-11-01,88.7,2.2,19.44,10.82,19.26,NASA POWER
32,2024-12-01,112.6,0.71,18.93,9.82,11.81,NASA POWER
33,2014-01-01,175.5,8.34,26.64,17.49,13.38,NASA POWER
33,2014-02-01,231.2,8.69,27.02,17.86,19.61,NASA POWER
33,2014-03-01,228.3,7.76,24.41,16.09,13.01,NASA POWER
33,2014-04-01,198.7,5.21,23.03,14.12,16.25,NASA POWER
33,2014-05-01,98.8,7.18,26.01,16.59,18.93,NASA POWER
33,2014-06-01,729.9,10.88,28.74,19.81,12.53,NASA POWER
33,2014-07-01,602.8,9.28,30.55,19.91,9.6,NASA POWER
33,2014-08-01,628.7,7.59,26.56,17.07,13.95,NASA POWER
33,2014-09-01,626.8,5.64,27.12,16.38,13.02,NASA POWER
33,2014-10-01,155.3,2.53,20.82,11.68,9.12,NASA POWER
33,2014-11-01,148.2,-1.89,19.77,8.94,11.04,NASA POWER
33,2014-12-01,188.5,-2.52,16.28,6.88,16.42,NASA POWER
33,2015-01-01,194.4,7.93,28.52,18.23,12.94,NASA POWER
33,2015-02-01,191.6,7.44,25.5,16.47,14.34,NASA POWER
33,2015-03-01,101.3,7.79,25.5,16.64,15.26,NASA POWER
33,2015-04-01,217.6,2.73,21.72,12.22,13.43,NASA POWER
33,2015-05-01,232.8,6.82,25.22,16.02,15.41,NASA POWER
33,2015-06-01,731.1,7.6,24.79,16.2,10.71,NASA POWER
33,2015-07-01,526.7,9.79,28.78,19.29,18.71,NASA POWER
33,2015-08-01,607.9,8.04,26.57,17.3,11.25,NASA POWER
33,2015-09-01,764.6,8.59,28.56,18.57,12.6,NASA POWER
33,2015-10-01,227.3,-0.38,16.49,8.05,14.67,NASA POWER
33,2015-11-01,148.2,-0.72,18.57,8.93,12.06,NASA POWER
33,2015-12-01,163.7,-1.27,17.64,8.19,12.01,NASA POWER
33,2016-01-01,190.7,7.05,26.42,16.73,15.09,NASA POWER
33,2016-02-01,201.7,7.81,25.54,16.68,19.19,NASA POWER
33,2016-03-01,80.1,4.1,24.06,14.08,14.53,NASA POWER
33,2016-04-01,138.3,5.09,23.07,14.08,16.06,NASA POWER
33,2016-05-01,163.8,6.93,25.2,16.06,19.63,NASA POWER
33,2016-06-01,765.5,9.26,27.72,18.49,10.99,NASA POWER
33,2016-07-01,553.7,11.56,29.97,20.77,13.82,NASA POWER
33,2016-08-01,763.5,10.9,28.69,19.8,12.5,NASA POWER
33,2016-09-01,727.3,7.97,27.38,17.68,10.14,NASA POWER
33,2016-10-01,235.2,-0.43,18.39,8.98,15.2,NASA POWER
33,2016-11-01,188.3,-2.0,16.89,7.45,11.2,NASA POWER
33,2016-12-01,181.8,-4.02,15.45,5.71,16.02,NASA POWER
33,2017-01-01,193.9,7.53,24.48,16.0,17.87,NASA POWER
33,2017-02-01,130.3,6.47,25.19,15.83,12.18,NASA POWER
33,2017-03-01,121.7,9.22,26.48,17.85,9.0,NASA POWER
33,2017-04-01,173.6,7.73,25.08,16.41,17.33,NASA POWER
33,2017-05-01,160.0,7.07,26.21,16.64,12.71,NASA POWER
33,2017-06-01,629.3,7.92,26.03,16.98,14.83,NASA POWER
33,2017-07-01,718.8,11.72,29.51,20.62,13.19,NASA POWER
33,2017-08-01,688.1,9.73,28.98,19.36,12.1,NASA POWER
33,2017-09-01,515.1,10.23,27.55,18.89,10.44,NASA POWER
33,2017-10-01,112.8,-1.63,18.29,8.33,18.51,NASA POWER
33,2017-11-01,221.1,0.7,21.47,11.08,14.98,NASA POWER
33,2017-12-01,183.2,0.6,20.63,10.62,19.0,NASA POWER
33,2018-01-01,232.3,8.66,28.39,18.52,13.01,NASA POWER
33,2018-02-01,177.3,9.69,27.9,18.79,15.2,NASA POWER
33,2018-03-01,207.1,7.35,26.86,17.11,12.43,NASA POWER
33,2018-04-01,80.5,2.48,21.04,11.76,9.38,NASA POWER
33,2018-05-01,196.2,7.36,25.34,16.35,12.42,NASA POWER
33,2018-06-01,743.9,10.21,29.89,20.05,17.31,NASA POWER
33,2018-07-01,698.2,10.24,28.97,19.61,15.1,NASA POWER
33,2018-08-01,543.3,11.84,28.26,20.05,9.22,NASA POWER
33,2018-09-01,615.6,6.15,26.26,16.21,12.02,NASA POWER
33,2018-10-01,226.2,-1.22,18.77,8.78,18.37,NASA POWER
33,2018-11-01,176.3,0.72,17.74,9.23,11.1,NASA POWER
33,2018-12-01,84.7,-0.68,17.04,8.18,17.08,NASA POWER
33,2019-01-01,170.5,7.66,25.81,16.73,19.26,NASA POWER
33,2019-02-01,176.5,6.7,25.5,16.1,18.18,NASA POWER
33,2019-03-01,194.6,8.19,28.45,18.32,9.53,NASA POWER
33,2019-04-01,237.4,4.03,23.32,13.68,12.63,NASA POWER
33,2019-05-01,229.3,6.92,25.65,16.29,18.35,NASA POWER
33,2019-06-01,709.9,9.86,29.41,19.63,10.02,NASA POWER
33,2019-07-01,766.3,8.42,28.13,18.27,16.79,NASA POWER
33,2019-08-01,522.1,10.54,28.37,19.45,17.65,NASA POWER
33,2019-09-01,675.6,10.0,28.28,19.14,17.0,NASA POWER
33,2019-10-01,191.2,2.22,22.83,12.52,14.72,NASA POWER
33,2019-11-01,174.0,-0.67,16.81,8.07,17.01,NASA POWER
33,2019-12-01,115.9,-1.96,17.68,7.86,10.04,NASA POWER
33,2020-01-01,99.8,9.09,29.53,19.31,15.03,NASA POWER
33,2020-02-01,89.2,8.07,28.97,18.52,17.51,NASA POWER
33,2020-03-01,123.5,6.09,23.54,14.81,12.12,NASA POWER
33,2020-04-01,207.7,8.22,26.79,17.5,12.19,NASA POWER
33,2020-05-01,214.3,6.02,23.7,14.86,14.64,NASA POWER
33,2020-06-01,743.5,11.63,30.62,21.12,17.88,NASA POWER
33,2020-07-01,704.7,10.46,29.39,19.93,11.28,NASA POWER
33,2020-08-01,628.1,5.37,24.64,15.01,19.73,NASA POWER
33,2020-09-01,767.4,11.78,30.77,21.27,16.95,NASA POWER
33,2020-10-01,132.6,-1.97,17.84,7.93,9.2,NASA POWER
33,2020-11-01,182.1,-0.38,20.84,10.23,16.43,NASA POWER
33,2020-12-01,120.0,-1.25,20.38,9.56,16.56,NASA POWER
33,2021-01-01,95.2,10.51,28.48,19.5,19.49,NASA POWER
33,2021-02-01,174.2,6.72,25.51,16.12,10.07,NASA POWER
33,2021-03-01,212.5,6.57,24.78,15.68,9.24,NASA POWER
33,2021-04-01,200.1,8.4,26.2,17.3,12.73,NASA POWER
33,2021-05-01,115.3,4.38,22.22,13.3,19.51,NASA POWER
33,2021-06-01,542.5,5.71,26.58,16.14,17.08,NASA POWER
33,2021-07-01,752.5,7.06,25.73,16.39,18.85,NASA POWER
33,2021-08-01,657.9,6.86,26.39,16.62,12.29,NASA POWER
33,2021-09-01,639.5,8.68,25.95,17.31,11.22,NASA POWER
33,2021-10-01,131.5,0.17,18.29,9.23,10.65,NASA POWER
33,2021-11-01,128.4,-1.39,18.94,8.78,13.9,NASA POWER
33,2021-12-01,213.4,1.32,20.86,11.09,12.87,NASA POWER
33,2022-01-01,158.5,7.06,26.6,16.83,10.92,NASA POWER
33,2022-02-01,139.8,8.37,28.18,18.27,17.0,NASA POWER
33,2022-03-01,145.9,9.17,27.84,18.5,17.4,NASA POWER
33,2022-04-01,88.0,6.26,25.57,15.91,17.66,NASA POWER
33,2022-05-01,238.4,2.91,21.18,12.04,11.67,NASA POWER
33,2022-06-01,667.4,7.82,26.05,16.94,10.31,NASA POWER
33,2022-07-01,561.4,9.3,28.72,19.01,15.67,NASA POWER
33,2022-08-01,709.2,7.12,27.8,17.46,16.56,NASA POWER
33,2022-09-01,689.6,6.13,24.83,15.48,19.37,NASA POWER
33,2022-10-01,92.5,2.92,20.66,11.79,19.5,NASA POWER
33,2022-11-01,167.2,1.37,21.03,11.2,14.46,NASA POWER
33,2022-12-01,141.0,2.11,20.32,11.21,15.91,NASA POWER
33,2023-01-01,116.1,7.9,26.67,17.29,16.28,NASA POWER
33,2023-02-01,142.9,6.7,26.05,16.38,18.17,NASA POWER
33,2023-03-01,115.7,7.4,28.02,17.71,19.13,NASA POWER
33,2023-04-01,114.0,5.47,23.86,14.66,9.68,NASA POWER
33,2023-05-01,126.3,2.65,21.2,11.92,18.11,NASA POWER
33,2023-06-01,523.9,6.3,27.28,16.79,9.2,NASA POWER
33,2023-07-01,756.9,12.37,29.07,20.72,16.95,NASA POWER
33,2023-08-01,739.6,11.68,29.81,20.74,14.05,NASA POWER
33,2023-09-01,641.5,9.53,30.22,19.88,18.43,NASA POWER
33,2023-10-01,97.6,1.74,18.38,10.06,17.6,NASA POWER
33,2023-11-01,176.4,-0.17,18.82,9.32,14.62,NASA POWER
33,2023-12-01,152.6,0.61,21.17,10.89,12.83,NASA POWER
33,2024-01-01,101.2,6.25,26.03,16.14,10.64,NASA POWER
33,2024-02-01,231.2,9.61,28.55,19.08,14.64,NASA POWER
33,2024-03-01,103.3,5.32,25.75,15.54,17.55,NASA POWER
33,2024-04-01,87.5,3.92,25.25,14.59,11.27,NASA POWER
33,2024-05-01,156.2,5.12,25.46,15.29,13.58,NASA POWER
33,2024-06-01,640.6,6.55,27.71,17.13,14.51,NASA POWER
33,2024-07-01,728.0,7.87,26.81,17.34,19.68,NASA POWER
33,2024-08-01,593.0,7.55,26.38,16.96,16.63,NASA POWER
33,2024-09-01,592.6,11.73,30.78,21.26,10.89,NASA POWER
33,2024-10-01,92.3,3.54,20.5,12.02,11.98,NASA POWER
33,2024-11-01,127.7,0.08,18.01,9.04,12.14,NASA POWER
33,2024-12-01,212.7,0.15,20.6,10.38,18.49,NASA POWER
34,2014-01-01,130.7,12.21,33.0,22.61,20.48,NASA POWER
34,2014-02-01,74.1,10.17,29.94,20.05,23.77,NASA POWER
34,2014-03-01,176.2,12.33,30.78,21.55,15.81,NASA POWER
34,2014-04-01,177.3,9.61,29.07,19.34,15.27,NASA POWER
34,2014-05-01,73.8,9.57,28.04,18.8,18.37,NASA POWER
34,2014-06-01,461.4,12.57,29.0,20.79,15.44,NASA POWER
34,2014-07-01,610.8,13.23,31.05,22.14,17.0,NASA POWER
34,2014-08-01,462.0,11.09,30.27,20.68,22.93,NASA POWER
34,2014-09-01,647.5,10.85,30.89,20.87,16.96,NASA POWER
34,2014-10-01,143.3,2.66,21.63,12.14,24.06,NASA POWER
34,2014-11-01,155.5,6.62,24.4,15.51,14.05,NASA POWER
34,2014-12-01,130.7,5.19,22.08,13.63,12.91,NASA POWER
34,2015-01-01,128.3,12.02,31.86,21.94,11.52,NASA POWER
34,2015-02-01,118.9,9.86,28.64,19.25,12.27,NASA POWER
34,2015-03-01,197.6,11.69,30.83,21.26,13.69,NASA POWER
34,2015-04-01,197.7,13.41,29.58,21.49,23.91,NASA POWER
34,2015-05-01,119.5,7.32,25.86,16.59,22.67,NASA POWER
34,2015-06-01,545.7,14.84,31.95,23.39,12.11,NASA POWER
34,2015-07-01,552.4,9.96,29.0,19.48,23.88,NASA POWER
34,2015-08-01,456.5,11.18,29.45,20.31,19.53,NASA POWER
34,2015-09-01,504.4,15.5,33.26,24.38,11.79,NASA POWER
34,2015-10-01,94.5,4.85,21.76,13.3,18.73,NASA POWER
34,2015-11-01,122.6,0.62,20.21,10.42,13.74,NASA POWER
34,2015-12-01,187.6,2.51,21.65,12.08,13.8,NASA POWER
34,2016-01-01,192.8,8.96,30.45,19.7,19.73,NASA POWER
34,2016-02-01,164.7,10.51,29.81,20.16,11.2,NASA POWER
34,2016-03-01,130.6,9.35,25.97,17.66,18.8,NASA POWER
34,2016-04-01,88.5,7.5,28.15,17.82,22.24,NASA POWER
34,2016-05-01,200.9,7.02,25.35,16.19,18.26,NASA POWER
34,2016-06-01,471.2,11.05,30.88,20.96,13.19,NASA POWER
34,2016-07-01,489.0,11.21,28.75,19.98,23.39,NASA POWER
34,2016-08-01,617.0,11.78,30.06,20.92,15.42,NASA POWER
34,2016-09-01,650.4,12.87,29.36,21.11,14.82,NASA POWER
34,2016-10-01,83.5,3.63,23.1,13.37,20.68,NASA POWER
34,2016-11-01,79.8,2.36,21.53,11.95,13.65,NASA POWER
34,2016-12-01,121.4,0.5,19.29,9.89,21.02,NASA POWER
34,2017-01-01,187.8,14.82,32.51,23.66,20.34,NASA POWER
34,2017-02-01,93.5,9.35,27.83,18.59,12.48,NASA POWER
34,2017-03-01,88.5,9.76,28.99,19.38,20.77,NASA POWER
34,2017-04-01,122.0,11.21,31.08,21.14,20.58,NASA POWER
34,2017-05-01,201.5,9.06,25.96,17.51,14.61,NASA POWER
34,2017-06-01,527.9,12.54,33.38,22.96,11.2,NASA POWER
34,2017-07-01,502.7,11.73,32.45,22.09,14.59,NASA POWER
34,2017-08-01,617.1,12.43,32.14,22.29,18.57,NASA POWER
34,2017-09-01,666.2,12.09,32.05,22.07,18.44,NASA POWER
34,2017-10-01,135.8,4.29,22.49,13.39,19.1,NASA POWER
34,2017-11-01,167.0,3.72,21.8,12.76,11.59,NASA POWER
34,2017-12-01,184.6,3.57,23.8,13.69,15.68,NASA POWER
34,2018-01-01,105.1,11.89,32.37,22.13,16.19,NASA POWER
34,2018-02-01,172.6,11.97,33.03,22.5,23.42,NASA POWER
34,2018-03-01,143.1,10.73,29.88,20.3,22.69,NASA POWER
34,2018-04-01,88.8,11.45,28.27,19.86,13.44,NASA POWER
34,2018-05-01,164.3,12.35,31.58,21.96,17.64,NASA POWER
34,2018-06-01,615.2,13.57,33.25,23.41,12.61,NASA POWER
34,2018-07-01,560.9,13.38,32.31,22.85,15.37,NASA POWER
34,2018-08-01,543.9,9.74,30.37,20.05,17.92,NASA POWER
34,2018-09-01,641.1,10.02,29.83,19.92,20.42,NASA POWER
34,2018-10-01,81.5,5.92,24.93,15.43,17.73,NASA POWER
34,2018-11-01,165.9,1.91,22.24,12.07,18.81,NASA POWER
34,2018-12-01,184.4,0.46,19.16,9.81,21.16,NASA POWER
34,2019-01-01,190.5,10.16,27.98,19.07,17.63,NASA POWER
34,2019-02-01,121.8,13.11,33.81,23.46,21.63,NASA POWER
34,2019-03-01,110.5,7.12,26.04,16.58,12.04,NASA POWER
34,2019-04-01,134.9,9.52,25.92,17.72,18.95,NASA POWER
34,2019-05-01,179.9,9.16,28.88,19.02,22.09,NASA POWER
34,2019-06-01,662.6,14.6,33.65,24.12,17.15,NASA POWER
34,2019-07-01,496.4,13.28,33.74,23.51,17.08,NASA POWER
34,2019-08-01,494.8,14.77,33.36,24.06,24.0,NASA POWER
34,2019-09-01,521.3,10.15,29.5,19.82,19.1,NASA POWER
34,2019-10-01,93.3,5.96,23.83,14.89,18.72,NASA POWER
34,2019-11-01,208.0,6.08,24.34,15.21,16.88,NASA POWER
34,2019-12-01,204.5,2.8,21.36,12.08,18.71,NASA POWER
34,2020-01-01,93.7,10.54,29.74,20.14,22.97,NASA POWER
34,2020-02-01,153.6,11.59,30.24,20.91,11.71,NASA POWER
34,2020-03-01,140.2,10.88,30.37,20.62,22.42,NASA POWER
34,2020-04-01,201.9,8.0,26.46,17.23,19.1,NASA POWER
34,2020-05-01,201.2,9.79,28.49,19.14,12.84,NASA POWER
34,2020-06-01,506.9,9.6,29.39,19.5,18.75,NASA POWER
34,2020-07-01,601.8,10.74,29.79,20.27,19.72,NASA POWER
34,2020-08-01,626.2,9.51,29.01,19.26,17.87,NASA POWER
34,2020-09-01,475.1,16.21,34.34,25.28,23.29,NASA POWER
34,2020-10-01,86.7,5.61,25.55,15.58,18.37,NASA POWER
34,2020-11-01,112.6,5.91,24.5,15.21,21.58,NASA POWER
34,2020-12-01,114.6,1.99,21.51,11.75,20.93,NASA POWER
34,2021-01-01,204.2,11.83,30.21,21.02,12.0,NASA POWER
34,2021-02-01,130.5,11.57,28.45,20.01,15.29,NASA POWER
34,2021-03-01,180.3,12.27,31.08,21.67,11.31,NASA POWER
34,2021-04-01,158.8,12.68,31.08,21.88,11.88,NASA POWER
34,2021-05-01,148.5,9.68,28.31,18.99,15.79,NASA POWER
34,2021-06-01,588.1,12.16,30.75,21.45,17.91,NASA POWER
34,2021-07-01,494.5,13.54,32.88,23.21,11.47,NASA POWER
34,2021-08-01,607.6,11.04,30.87,20.95,12.89,NASA POWER
34,2021-09-01,509.1,12.01,31.31,21.66,20.24,NASA POWER
34,2021-10-01,154.5,4.22,22.93,13.57,16.55,NASA POWER
34,2021-11-01,178.6,5.05,24.58,14.81,20.21,NASA POWER
34,2021-12-01,163.7,0.65,20.52,10.58,18.81,NASA POWER
34,2022-01-01,198.9,12.48,31.63,22.05,22.68,NASA POWER
34,2022-02-01,173.6,10.86,29.94,20.4,19.8,NASA POWER
34,2022-03-01,174.7,7.79,25.76,16.78,18.19,NASA POWER
34,2022-04-01,151.7,7.38,25.09,16.23,22.94,NASA POWER
34,2022-05-01,97.1,8.94,26.4,17.67,18.49,NASA POWER
34,2022-06-01,626.5,12.15,30.5,21.32,12.15,NASA POWER
34,2022-07-01,582.7,16.01,35.23,25.62,18.14,NASA POWER
34,2022-08-01,595.5,12.88,30.63,21.75,16.13,NASA POWER
34,2022-09-01,557.8,11.05,29.68,20.37,20.94,NASA POWER
34,2022-10-01,74.2,2.99,21.75,12.37,12.49,NASA POWER
34,2022-11-01,97.8,3.16,23.21,13.19,22.71,NASA POWER
34,2022-12-01,103.5,5.96,25.27,15.62,12.59,NASA POWER
34,2023-01-01,189.5,8.34,29.99,19.16,15.38,NASA POWER
34,2023-02-01,194.3,12.08,31.92,22.0,11.57,NASA POWER
34,2023-03-01,142.0,10.81,29.08,19.95,17.39,NASA POWER
34,2023-04-01,129.7,8.23,29.39,18.81,13.04,NASA POWER
34,2023-05-01,208.1,9.88,26.77,18.32,16.87,NASA POWER
34,2023-06-01,450.8,9.53,31.18,20.36,13.61,NASA POWER
34,2023-07-01,462.3,12.93,30.72,21.82,15.59,NASA POWER
34,2023-08-01,636.4,11.26,31.26,21.26,14.55,NASA POWER
34,2023-09-01,657.2,12.83,31.28,22.05,23.08,NASA POWER
34,2023-10-01,165.4,3.83,23.87,13.85,12.68,NASA POWER
34,2023-11-01,115.6,2.93,21.21,12.07,19.71,NASA POWER
34,2023-12-01,176.3,3.69,20.48,12.09,21.8,NASA POWER
34,2024-01-01,111.8,13.93,31.16,22.55,22.33,NASA POWER
34,2024-02-01,132.1,13.61,33.07,23.34,17.02,NASA POWER
34,2024-03-01,81.4,8.74,30.05,19.39,16.95,NASA POWER
34,2024-04-01,170.0,10.57,28.67,19.62,20.11,NASA POWER
34,2024-05-01,158.0,8.39,26.06,17.23,19.76,NASA POWER
34,2024-06-01,622.5,13.42,33.56,23.49,13.75,NASA POWER
34,2024-07-01,666.1,12.56,32.96,22.76,22.0,NASA POWER
34,2024-08-01,473.0,13.21,31.53,22.37,19.33,NASA POWER
34,2024-09-01,623.9,10.82,31.55,21.19,12.82,NASA POWER
34,2024-10-01,188.3,5.29,23.86,14.57,16.54,NASA POWER
34,2024-11-01,191.8,2.64,21.19,11.92,17.82,NASA POWER
34,2024-12-01,190.7,3.46,22.0,12.73,17.76,NASA POWER
35,2014-01-01,174.8,11.99,31.48,21.73,18.21,NASA POWER
35,2014-02-01,191.6,11.53,30.78,21.16,16.82,NASA POWER
35,2014-03-01,164.3,9.22,27.72,18.47,14.46,NASA POWER
35,2014-04-01,86.8,6.46,25.53,16.0,16.99,NASA POWER
35,2014-05-01,162.1,10.06,29.57,19.82,19.29,NASA POWER
35,2014-06-01,581.4,11.33,30.57,20.95,11.74,NASA POWER
35,2014-07-01,569.5,12.63,29.34,20.98,21.26,NASA POWER
35,2014-08-01,574.4,11.6,30.98,21.29,20.66,NASA POWER
35,2014-09-01,479.0,14.06,31.33,22.7,15.92,NASA POWER
35,2014-10-01,82.9,4.79,22.16,13.47,13.03,NASA POWER
35,2014-11-01,135.4,4.31,22.65,13.48,12.43,NASA POWER
35,2014-12-01,83.0,1.71,22.09,11.9,21.15,NASA POWER
35,2015-01-01,117.9,14.32,32.89,23.61,23.1,NASA POWER
35,2015-02-01,120.7,10.19,29.62,19.91,21.64,NASA POWER
35,2015-03-01,170.4,8.34,27.94,18.14,15.95,NASA POWER
35,2015-04-01,76.7,11.08,30.03,20.55,22.22,NASA POWER
35,2015-05-01,200.7,6.86,26.8,16.83,19.31,NASA POWER
35,2015-06-01,663.6,16.19,34.11,25.15,17.1,NASA POWER
35,2015-07-01,614.4,11.94,30.1,21.02,16.39,NASA POWER
35,2015-08-01,615.8,10.56,29.27,19.91,20.8,NASA POWER
35,2015-09-01,595.6,12.41,29.51,20.96,16.05,NASA POWER
35,2015-10-01,74.0,2.73,23.32,13.03,15.67,NASA POWER
35,2015-11-01,75.5,1.94,20.66,11.3,24.2,NASA POWER
35,2015-12-01,158.0,1.6,20.13,10.87,17.06,NASA POWER
35,2016-01-01,155.8,12.32,30.82,21.57,13.56,NASA POWER
35,2016-02-01,94.6,9.32,28.5,18.91,21.54,NASA POWER
35,2016-03-01,189.5,11.3,30.83,21.06,18.35,NASA POWER
35,2016-04-01,167.2,9.94,26.99,18.46,20.82,NASA POWER
35,2016-05-01,146.5,6.67,26.26,16.46,20.49,NASA POWER
35,2016-06-01,584.6,10.65,29.66,20.16,18.03,NASA POWER
35,2016-07-01,531.0,15.34,31.93,23.63,15.85,NASA POWER
35,2016-08-01,581.3,13.79,31.66,22.73,15.18,NASA POWER
35,2016-09-01,475.3,10.33,28.76,19.55,20.13,NASA POWER
35,2016-10-01,91.2,2.61,23.18,12.89,21.41,NASA POWER
35,2016-11-01,200.6,4.27,21.62,12.95,12.71,NASA POWER
35,2016-12-01,107.9,2.21,20.27,11.24,23.6,NASA POWER
35,2017-01-01,77.6,12.7,33.61,23.16,17.03,NASA POWER
35,2017-02-01,178.9,11.26,29.29,20.27,13.0,NASA POWER
35,2017-03-01,186.7,9.94,29.92,19.93,21.57,NASA POWER
35,2017-04-01,169.6,8.08,26.6,17.34,17.86,NASA POWER
35,2017-05-01,167.6,9.26,28.57,18.91,18.66,NASA POWER
35,2017-06-01,642.3,13.28,31.57,22.43,18.95,NASA POWER
35,2017-07-01,612.9,13.95,32.82,23.38,23.16,NASA POWER
35,2017-08-01,519.4,12.07,30.2,21.13,15.36,NASA POWER
35,2017-09-01,637.9,14.16,34.58,24.37,19.64,NASA POWER
35,2017-10-01,185.5,8.32,24.41,16.37,15.48,NASA POWER
35,2017-11-01,85.3,6.98,23.7,15.34,15.72,NASA POWER
35,2017-12-01,116.9,3.14,23.51,13.33,19.43,NASA POWER
35,2018-01-01,200.4,10.23,30.89,20.56,14.71,NASA POWER
35,2018-02-01,124.9,10.06,30.67,20.37,11.83,NASA POWER
35,2018-03-01,94.6,12.65,31.01,21.83,24.05,NASA POWER
35,2018-04-01,180.0,10.09,28.51,19.3,21.35,NASA POWER
35,2018-05-01,164.8,7.61,26.14,16.88,20.6,NASA POWER
35,2018-06-01,564.8,11.58,29.86,20.72,18.12,NASA POWER
35,2018-07-01,660.7,15.7,34.85,25.27,18.89,NASA POWER
35,2018-08-01,562.0,15.72,34.85,25.29,20.85,NASA POWER
35,2018-09-01,630.1,10.48,30.27,20.38,15.89,NASA POWER
35,2018-10-01,190.1,5.64,25.05,15.35,11.51,NASA POWER
35,2018-11-01,163.5,3.71,22.37,13.04,16.02,NASA POWER
35,2018-12-01,154.9,6.55,25.14,15.85,22.32,NASA POWER
35,2019-01-01,104.4,13.21,33.21,23.21,21.66,NASA POWER
35,2019-02-01,176.0,12.35,31.23,21.79,16.7,NASA POWER
35,2019-03-01,205.5,10.59,29.63,20.11,19.04,NASA POWER
35,2019-04-01,157.8,11.12,31.06,21.09,19.58,NASA POWER
35,2019-05-01,138.9,8.39,26.36,17.38,23.45,NASA POWER
35,2019-06-01,612.0,10.84,32.28,21.56,19.52,NASA POWER
35,2019-07-01,545.1,11.0,32.01,21.5,14.83,NASA POWER
35,2019-08-01,576.1,14.41,33.05,23.73,22.94,NASA POWER
35,2019-09-01,586.6,11.05,31.1,21.08,22.6,NASA POWER
35,2019-10-01,100.9,6.41,25.34,15.88,21.69,NASA POWER
35,2019-11-01,169.6,4.79,24.86,14.82,13.27,NASA POWER
35,2019-12-01,99.5,5.27,25.39,15.33,11.55,NASA POWER
35,2020-01-01,96.0,11.99,32.48,22.23,15.49,NASA POWER
35,2020-02-01,167.9,9.59,28.6,19.09,11.25,NASA POWER
35,2020-03-01,134.6,11.52,30.81,21.16,20.93,NASA POWER
35,2020-04-01,175.8,8.95,29.14,19.05,17.94,NASA POWER
35,2020-05-01,95.1,10.34,28.74,19.54,14.54,NASA POWER
35,2020-06-01,455.8,11.01,32.32,21.66,18.68,NASA POWER
35,2020-07-01,460.3,13.75,33.35,23.55,17.05,NASA POWER
35,2020-08-01,562.5,12.08,30.51,21.3,23.61,NASA POWER
35,2020-09-01,487.7,14.07,33.13,23.6,16.38,NASA POWER
35,2020-10-01,172.3,2.94,20.27,11.61,11.5,NASA POWER
35,2020-11-01,177.3,3.01,22.63,12.82,18.79,NASA POWER
35,2020-12-01,173.7,3.09,23.61,13.35,23.35,NASA POWER
35,2021-01-01,85.3,10.64,28.03,19.34,14.2,NASA POWER
35,2021-02-01,208.5,10.28,29.37,19.82,16.29,NASA POWER
35,2021-03-01,149.4,9.51,28.72,19.11,15.76,NASA POWER
35,2021-04-01,113.2,8.23,29.04,18.63,11.71,NASA POWER
35,2021-05-01,208.5,7.96,25.5,16.73,15.44,NASA POWER
35,2021-06-01,460.0,13.95,32.32,23.13,17.35,NASA POWER
35,2021-07-01,668.7,13.69,31.27,22.48,23.67,NASA POWER
35,2021-08-01,463.3,9.53,29.77,19.65,19.9,NASA POWER
35,2021-09-01,467.4,15.38,35.2,25.29,12.51,NASA POWER
35,2021-10-01,209.6,4.97,23.88,14.42,12.07,NASA POWER
35,2021-11-01,164.8,4.09,23.35,13.72,13.24,NASA POWER
35,2021-12-01,93.9,0.2,21.01,10.61,16.54,NASA POWER
35,2022-01-01,200.2,14.41,33.16,23.78,22.57,NASA POWER
35,2022-02-01,191.7,11.98,30.55,21.27,11.25,NASA POWER
35,2022-03-01,110.9,10.2,30.05,20.12,19.7,NASA POWER
35,2022-04-01,112.8,8.57,27.19,17.88,22.55,NASA POWER
35,2022-05-01,172.8,9.66,29.9,19.78,17.2,NASA POWER
35,2022-06-01,609.2,10.84,29.9,20.37,12.61,NASA POWER
35,2022-07-01,583.6,13.47,32.21,22.84,19.68,NASA POWER
35,2022-08-01,533.6,15.83,34.0,24.91,21.92,NASA POWER
35,2022-09-01,557.8,14.81,34.81,24.81,22.02,NASA POWER
35,2022-10-01,171.5,7.82,26.55,17.19,19.52,NASA POWER
35,2022-11-01,153.9,2.38,21.65,12.01,18.77,NASA POWER
35,2022-12-01,85.5,1.0,19.28,10.14,18.86,NASA POWER
35,2023-01-01,100.9,10.34,28.59,19.46,13.89,NASA POWER
35,2023-02-01,96.0,11.94,31.24,21.59,14.63,NASA POWER
35,2023-03-01,186.1,10.32,31.16,20.74,21.78,NASA POWER
35,2023-04-01,178.8,12.55,30.38,21.46,12.35,NASA POWER
35,2023-05-01,133.5,10.86,29.5,20.18,13.0,NASA POWER
35,2023-06-01,571.9,14.17,32.86,23.52,22.48,NASA POWER
35,2023-07-01,503.1,13.81,31.39,22.6,16.52,NASA POWER
35,2023-08-01,538.7,14.74,32.69,23.71,17.33,NASA POWER
35,2023-09-01,572.0,11.32,30.21,20.77,12.31,NASA POWER
35,2023-10-01,152.7,5.99,25.62,15.8,22.09,NASA POWER
35,2023-11-01,203.1,4.32,21.99,13.15,16.04,NASA POWER
35,2023-12-01,72.1,2.17,20.6,11.39,18.43,NASA POWER
35,2024-01-01,118.8,13.2,33.62,23.41,14.35,NASA POWER
35,2024-02-01,152.7,12.98,32.36,22.67,15.48,NASA POWER
35,2024-03-01,185.5,10.81,31.11,20.96,21.48,NASA POWER
35,2024-04-01,98.1,10.63,31.87,21.25,12.18,NASA POWER
35,2024-05-01,108.9,9.86,28.57,19.21,15.8,NASA POWER
35,2024-06-01,546.6,11.51,32.96,22.23,17.75,NASA POWER
35,2024-07-01,474.5,9.36,29.03,19.2,11.52,NASA POWER
35,2024-08-01,606.8,13.84,33.24,23.54,18.86,NASA POWER
35,2024-09-01,663.1,12.53,33.08,22.8,23.96,NASA POWER
35,2024-10-01,107.8,5.63,23.29,14.46,11.24,NASA POWER
35,2024-11-01,118.7,2.25,20.92,11.59,20.87,NASA POWER
35,2024-12-01,199.6,5.02,23.21,14.12,20.1,NASA POWER
36,2014-01-01,114.9,8.22,25.42,16.82,16.32,NASA POWER
36,2014-02-01,215.4,7.62,25.93,16.77,12.38,NASA POWER
36,2014-03-01,108.0,5.21,26.15,15.68,18.94,NASA POWER
36,2014-04-01,158.7,7.23,25.24,16.23,17.77,NASA POWER
36,2014-05-01,82.0,2.17,22.68,12.43,19.04,NASA POWER
36,2014-06-01,737.3,9.89,26.9,18.39,14.55,NASA POWER
36,2014-07-01,712.1,9.62,27.6,18.61,15.57,NASA POWER
36,2014-08-01,620.0,8.58,28.63,18.61,10.87,NASA POWER
36,2014-09-01,741.1,11.78,29.49,20.63,19.11,NASA POWER
36,2014-10-01,234.9,0.62,20.58,10.6,13.84,NASA POWER
36,2014-11-01,172.9,0.16,18.65,9.4,10.54,NASA POWER
36,2014-12-01,116.4,-0.44,18.8,9.18,13.83,NASA POWER
36,2015-01-01,109.1,9.49,27.67,18.58,19.03,NASA POWER
36,2015-02-01,101.8,4.54,23.52,14.03,11.35,NASA POWER
36,2015-03-01,131.8,5.78,26.65,16.21,9.07,NASA POWER
36,2015-04-01,220.9,2.68,21.91,12.29,12.64,NASA POWER
36,2015-05-01,224.7,8.17,26.6,17.39,15.68,NASA POWER
36,2015-06-01,758.7,8.35,28.44,18.39,16.97,NASA POWER
36,2015-07-01,601.2,10.22,29.33,19.77,17.46,NASA POWER
36,2015-08-01,556.0,7.37,26.22,16.79,11.1,NASA POWER
36,2015-09-01,709.4,8.46,28.62,18.54,13.99,NASA POWER
36,2015-10-01,91.1,1.5,19.3,10.4,19.4,NASA POWER
36,2015-11-01,122.1,-3.82,16.05,6.12,19.73,NASA POWER
36,2015-12-01,121.3,-1.87,16.69,7.41,17.38,NASA POWER
36,2016-01-01,144.9,8.23,26.9,17.56,9.7,NASA POWER
36,2016-02-01,155.4,10.4,28.75,19.57,9.29,NASA POWER
36,2016-03-01,216.5,4.71,25.19,14.95,18.75,NASA POWER
36,2016-04-01,239.3,5.01,24.61,14.81,9.55,NASA POWER
36,2016-05-01,230.4,7.32,24.7,16.01,17.22,NASA POWER
36,2016-06-01,677.7,8.84,27.74,18.29,13.93,NASA POWER
36,2016-07-01,640.0,10.58,28.23,19.41,14.24,NASA POWER
36,2016-08-01,526.4,8.58,28.49,18.54,15.47,NASA POWER
36,2016-09-01,720.2,10.21,29.19,19.7,15.19,NASA POWER
36,2016-10-01,128.5,1.36,20.19,10.78,13.44,NASA POWER
36,2016-11-01,186.3,2.84,19.92,11.38,11.57,NASA POWER
36,2016-12-01,182.2,0.87,19.14,10.01,12.05,NASA POWER
36,2017-01-01,83.5,5.39,26.55,15.97,11.0,NASA POWER
36,2017-02-01,172.9,7.69,27.02,17.36,9.36,NASA POWER
36,2017-03-01,153.9,7.28,26.34,16.81,18.91,NASA POWER
36,2017-04-01,105.8,5.08,21.65,13.36,11.51,NASA POWER
36,2017-05-01,106.3,7.38,27.28,17.33,15.34,NASA POWER
36,2017-06-01,586.0,6.79,25.59,16.19,19.38,NASA POWER
36,2017-07-01,689.4,6.09,25.28,15.69,14.77,NASA POWER
36,2017-08-01,609.5,8.66,28.18,18.42,10.47,NASA POWER
36,2017-09-01,661.4,8.33,27.75,18.04,19.1,NASA POWER
36,2017-10-01,216.2,2.41,22.07,12.24,12.03,NASA POWER
36,2017-11-01,183.7,-0.57,17.09,8.26,13.77,NASA POWER
36,2017-12-01,221.4,1.8,20.26,11.03,17.79,NASA POWER
36,2018-01-01,96.6,6.61,25.68,16.14,19.8,NASA POWER
36,2018-02-01,208.7,8.12,28.76,18.44,19.26,NASA POWER
36,2018-03-01,83.0,4.14,24.84,14.49,19.04,NASA POWER
36,2018-04-01,171.7,8.36,25.4,16.88,19.19,NASA POWER
36,2018-05-01,146.2,3.68,22.3,12.99,15.2,NASA POWER
36,2018-06-01,591.5,9.27,28.17,18.72,15.1,NASA POWER
36,2018-07-01,663.0,7.95,26.62,17.29,10.79,NASA POWER
36,2018-08-01,584.6,7.09,25.62,16.36,9.59,NASA POWER
36,2018-09-01,633.2,10.18,30.49,20.34,19.14,NASA POWER
36,2018-10-01,119.4,4.47,21.24,12.85,12.49,NASA POWER
36,2018-11-01,178.6,-0.77,17.24,8.23,16.73,NASA POWER
36,2018-12-01,107.4,2.95,20.69,11.82,19.8,NASA POWER
36,2019-01-01,184.5,9.47,26.67,18.07,13.09,NASA POWER
36,2019-02-01,222.2,9.06,28.5,18.78,18.94,NASA POWER
36,2019-03-01,192.6,6.74,27.23,16.98,15.81,NASA POWER
36,2019-04-01,101.0,7.04,24.6,15.82,17.1,NASA POWER
36,2019-05-01,190.2,7.17,25.15,16.16,17.59,NASA POWER
36,2019-06-01,675.5,12.48,30.71,21.59,11.17,NASA POWER
36,2019-07-01,540.3,8.31,25.89,17.1,15.38,NASA POWER
36,2019-08-01,734.1,5.37,26.4,15.88,13.45,NASA POWER
36,2019-09-01,716.2,10.09,27.67,18.88,11.79,NASA POWER
36,2019-10-01,145.7,-2.21,18.92,8.36,19.78,NASA POWER
36,2019-11-01,165.8,-0.58,18.11,8.77,15.41,NASA POWER
36,2019-12-01,225.1,-2.19,16.12,6.97,13.18,NASA POWER
36,2020-01-01,132.6,6.64,25.92,16.28,17.31,NASA POWER
36,2020-02-01,133.9,8.28,25.58,16.93,18.92,NASA POWER
36,2020-03-01,196.5,6.93,23.97,15.45,17.68,NASA POWER
36,2020-04-01,205.6,7.01,27.42,17.21,16.25,NASA POWER
36,2020-05-01,187.7,1.58,21.49,11.54,14.32,NASA POWER
36,2020-06-01,728.1,8.61,28.71,18.66,19.06,NASA POWER
36,2020-07-01,720.0,9.17,29.12,19.14,15.58,NASA POWER
36,2020-08-01,699.8,9.69,28.44,19.07,10.38,NASA POWER
36,2020-09-01,559.5,8.51,27.7,18.11,19.22,NASA POWER
36,2020-10-01,213.0,2.41,21.57,11.99,17.24,NASA POWER
36,2020-11-01,160.9,0.94,20.76,10.85,10.82,NASA POWER
36,2020-12-01,122.1,-2.78,18.25,7.74,14.39,NASA POWER
36,2021-01-01,211.8,8.16,28.56,18.36,10.33,NASA POWER
36,2021-02-01,211.6,7.29,26.01,16.65,13.9,NASA POWER
36,2021-03-01,96.0,4.9,21.77,13.34,15.32,NASA POWER
36,2021-04-01,128.1,4.85,22.12,13.48,18.19,NASA POWER
36,2021-05-01,201.7,1.69,21.34,11.52,10.31,NASA POWER
36,2021-06-01,612.1,5.49,25.99,15.74,10.32,NASA POWER
36,2021-07-01,683.3,11.29,29.81,20.55,15.19,NASA POWER
36,2021-08-01,716.1,11.61,29.14,20.38,10.51,NASA POWER
36,2021-09-01,608.7,9.14,27.71,18.43,17.59,NASA POWER
36,2021-10-01,119.9,-1.19,18.79,8.8,9.96,NASA POWER
36,2021-11-01,190.3,-3.24,16.44,6.6,15.75,NASA POWER
36,2021-12-01,186.5,-0.66,17.35,8.35,13.54,NASA POWER
36,2022-01-01,228.5,7.69,28.04,17.86,17.54,NASA POWER
36,2022-02-01,235.0,9.58,26.79,18.18,14.31,NASA POWER
36,2022-03-01,191.2,5.39,25.34,15.37,14.92,NASA POWER
36,2022-04-01,234.2,3.34,23.09,13.21,14.49,NASA POWER
36,2022-05-01,140.7,5.45,25.66,15.55,9.26,NASA POWER
36,2022-06-01,679.2,5.82,27.36,16.59,16.16,NASA POWER
36,2022-07-01,596.0,9.68,29.09,19.38,12.16,NASA POWER
36,2022-08-01,524.7,5.39,26.93,16.16,12.94,NASA POWER
36,2022-09-01,544.3,6.54,28.11,17.32,19.49,NASA POWER
36,2022-10-01,96.5,-0.74,17.28,8.27,16.7,NASA POWER
36,2022-11-01,172.3,-2.52,18.08,7.78,9.42,NASA POWER
36,2022-12-01,134.9,-0.65,19.33,9.34,9.28,NASA POWER
36,2023-01-01,163.8,6.66,23.96,15.31,12.5,NASA POWER
36,2023-02-01,239.0,7.84,26.71,17.27,18.07,NASA POWER
36,2023-03-01,231.0,7.62,26.42,17.02,14.39,NASA POWER
36,2023-04-01,221.2,7.26,27.01,17.14,9.13,NASA POWER
36,2023-05-01,129.8,5.82,25.11,15.46,13.33,NASA POWER
36,2023-06-01,512.9,9.64,26.68,18.16,19.65,NASA POWER
36,2023-07-01,700.3,10.07,28.95,19.51,9.39,NASA POWER
36,2023-08-01,598.5,7.97,25.89,16.93,15.74,NASA POWER
36,2023-09-01,533.0,6.25,24.87,15.56,15.32,NASA POWER
36,2023-10-01,226.2,-1.55,18.54,8.49,17.3,NASA POWER
36,2023-11-01,105.8,-1.94,15.67,6.87,9.68,NASA POWER
36,2023-12-01,196.2,-1.73,15.78,7.02,18.4,NASA POWER
36,2024-01-01,110.5,8.42,27.76,18.09,19.05,NASA POWER
36,2024-02-01,126.9,6.67,26.5,16.59,13.09,NASA POWER
36,2024-03-01,139.2,7.27,25.87,16.57,15.37,NASA POWER
36,2024-04-01,191.1,8.85,27.7,18.27,14.1,NASA POWER
36,2024-05-01,119.4,7.58,24.5,16.04,9.8,NASA POWER
36,2024-06-01,669.9,10.06,28.08,19.07,17.09,NASA POWER
36,2024-07-01,720.9,11.04,28.8,19.92,12.24,NASA POWER
36,2024-08-01,736.0,8.48,26.55,17.52,13.87,NASA POWER
36,2024-09-01,697.2,8.0,27.25,17.62,17.65,NASA POWER
36,2024-10-01,175.1,-1.63,18.1,8.24,13.06,NASA POWER
36,2024-11-01,188.6,-1.24,17.93,8.35,17.37,NASA POWER
36,2024-12-01,96.3,-2.09,17.24,7.57,12.12,NASA POWER
37,2014-01-01,202.3,10.97,29.47,20.22,13.79,NASA POWER
37,2014-02-01,77.7,11.95,31.49,21.72,11.32,NASA POWER
37,2014-03-01,75.7,9.99,30.98,20.48,13.31,NASA POWER
37,2014-04-01,180.2,8.71,26.08,17.39,16.14,NASA POWER
37,2014-05-01,135.5,11.68,30.69,21.19,21.76,NASA POWER
37,2014-06-01,540.8,14.15,32.36,23.25,17.87,NASA POWER
37,2014-07-01,484.3,11.73,30.97,21.35,18.39,NASA POWER
37,2014-08-01,641.0,12.09,29.83,20.96,16.34,NASA POWER
37,2014-09-01,540.0,11.7,32.23,21.96,13.56,NASA POWER
37,2014-10-01,71.9,3.08,23.24,13.16,20.3,NASA POWER
37,2014-11-01,123.9,1.73,20.61,11.17,13.2,NASA POWER
37,2014-12-01,139.1,-0.3,21.03,10.37,17.78,NASA POWER
37,2015-01-01,142.9,14.36,32.64,23.5,16.72,NASA POWER
37,2015-02-01,95.6,10.9,30.29,20.59,22.13,NASA POWER
37,2015-03-01,133.8,12.59,31.82,22.2,21.43,NASA POWER
37,2015-04-01,170.9,8.5,29.18,18.84,21.27,NASA POWER
37,2015-05-01,178.1,8.77,30.32,19.55,23.49,NASA POWER
37,2015-06-01,512.2,11.46,30.98,21.22,12.35,NASA POWER
37,2015-07-01,530.2,11.96,30.32,21.14,11.79,NASA POWER
37,2015-08-01,581.1,12.3,30.24,21.27,12.11,NASA POWER
37,2015-09-01,600.2,12.78,30.41,21.59,11.52,NASA POWER
37,2015-10-01,87.5,1.88,21.84,11.86,14.74,NASA POWER
37,2015-11-01,159.9,2.24,20.57,11.41,13.01,NASA POWER
37,2015-12-01,112.6,0.5,20.07,10.29,17.91,NASA POWER
37,2016-01-01,167.2,9.98,29.25,19.62,15.13,NASA POWER
37,2016-02-01,178.5,11.97,31.2,21.59,23.25,NASA POWER
37,2016-03-01,132.8,9.79,29.03,19.41,12.48,NASA POWER
37,2016-04-01,129.4,9.08,28.57,18.82,15.35,NASA POWER
37,2016-05-01,182.3,9.39,29.07,19.23,21.89,NASA POWER
37,2016-06-01,597.9,11.99,31.73,21.86,17.51,NASA POWER
37,2016-07-01,648.3,13.62,32.12,22.87,12.88,NASA POWER
37,2016-08-01,598.6,10.68,30.65,20.66,17.79,NASA POWER
37,2016-09-01,663.3,13.04,32.31,22.68,15.65,NASA POWER
37,2016-10-01,181.7,6.22,26.04,16.13,17.97,NASA POWER
37,2016-11-01,194.6,7.18,25.31,16.24,17.76,NASA POWER
37,2016-12-01,104.9,2.23,22.93,12.58,14.9,NASA POWER
37,2017-01-01,209.0,13.38,31.27,22.32,16.66,NASA POWER
37,2017-02-01,126.3,9.65,27.15,18.4,23.51,NASA POWER
37,2017-03-01,163.3,8.94,28.5,18.72,18.3,NASA POWER
37,2017-04-01,176.4,5.99,24.95,15.47,21.19,NASA POWER
37,2017-05-01,138.3,9.63,28.56,19.09,21.84,NASA POWER
37,2017-06-01,659.0,13.2,30.5,21.85,21.27,NASA POWER
37,2017-07-01,608.9,13.23,32.14,22.69,14.16,NASA POWER
37,2017-08-01,514.3,9.73,29.66,19.7,11.54,NASA POWER
37,2017-09-01,471.8,10.66,31.72,21.19,15.71,NASA POWER
37,2017-10-01,131.4,2.98,23.56,13.27,23.8,NASA POWER
37,2017-11-01,94.4,7.01,26.09,16.55,23.99,NASA POWER
37,2017-12-01,110.2,5.61,24.65,15.13,13.94,NASA POWER
37,2018-01-01,151.6,13.26,32.4,22.83,16.15,NASA POWER
37,2018-02-01,171.9,9.36,28.73,19.05,17.53,NASA POWER
37,2018-03-01,100.8,11.14,29.17,20.16,20.96,NASA POWER
37,2018-04-01,165.0,10.88,30.57,20.73,11.32,NASA POWER
37,2018-05-01,163.0,10.77,29.62,20.2,15.55,NASA POWER
37,2018-06-01,591.9,9.97,30.32,20.14,18.11,NASA POWER
37,2018-07-01,506.9,15.21,31.89,23.55,14.1,NASA POWER
37,2018-08-01,493.8,13.84,34.86,24.35,12.32,NASA POWER
37,2018-09-01,666.0,12.5,33.46,22.98,18.91,NASA POWER
37,2018-10-01,181.5,2.0,22.46,12.23,13.05,NASA POWER
37,2018-11-01,112.0,3.25,24.24,13.74,17.45,NASA POWER
37,2018-12-01,76.5,2.37,20.83,11.6,11.81,NASA POWER
37,2019-01-01,173.4,12.34,31.87,22.11,23.32,NASA POWER
37,2019-02-01,111.1,9.81,29.54,19.68,15.58,NASA POWER
37,2019-03-01,199.0,13.12,31.02,22.07,17.82,NASA POWER
37,2019-04-01,108.5,6.94,25.82,16.38,12.42,NASA POWER
37,2019-05-01,99.9,9.96,28.61,19.29,15.83,NASA POWER
37,2019-06-01,627.3,14.01,31.75,22.88,16.14,NASA POWER
37,2019-07-01,659.2,11.11,30.39,20.75,22.68,NASA POWER
37,2019-08-01,574.9,12.87,32.45,22.66,20.76,NASA POWER
37,2019-09-01,516.6,11.97,29.61,20.79,22.6,NASA POWER
37,2019-10-01,197.0,1.99,22.35,12.17,22.77,NASA POWER
37,2019-11-01,205.9,3.98,22.3,13.14,22.59,NASA POWER
37,2019-12-01,193.2,3.12,21.75,12.44,16.15,NASA POWER
37,2020-01-01,124.3,12.01,31.05,21.53,18.94,NASA POWER
37,2020-02-01,160.4,14.81,31.39,23.1,15.54,NASA POWER
37,2020-03-01,122.7,11.55,31.05,21.3,15.22,NASA POWER
37,2020-04-01,102.0,9.3,28.53,18.91,15.59,NASA POWER
37,2020-05-01,81.4,7.39,28.02,17.7,21.87,NASA POWER
37,2020-06-01,539.0,10.76,28.19,19.48,24.04,NASA POWER
37,2020-07-01,567.7,12.1,30.52,21.31,12.5,NASA POWER
37,2020-08-01,572.3,13.65,34.61,24.13,13.16,NASA POWER
37,2020-09-01,466.8,9.85,29.03,19.44,20.69,NASA POWER
37,2020-10-01,126.3,2.54,20.57,11.55,15.49,NASA POWER
37,2020-11-01,119.3,5.68,25.03,15.36,13.48,NASA POWER
37,2020-12-01,107.2,5.66,23.59,14.62,14.06,NASA POWER
37,2021-01-01,203.6,15.77,33.32,24.55,21.97,NASA POWER
37,2021-02-01,151.1,10.08,26.77,18.43,12.44,NASA POWER
37,2021-03-01,164.1,9.13,30.43,19.78,18.9,NASA POWER
37,2021-04-01,116.3,10.62,28.13,19.38,16.58,NASA POWER
37,2021-05-01,132.2,7.63,25.7,16.66,11.24,NASA POWER
37,2021-06-01,501.8,14.16,35.58,24.87,21.27,NASA POWER
37,2021-07-01,540.5,12.5,31.7,22.1,13.2,NASA POWER
37,2021-08-01,568.1,11.72,29.63,20.68,24.1,NASA POWER
37,2021-09-01,469.1,9.96,30.0,19.98,20.92,NASA POWER
37,2021-10-01,190.3,6.13,25.69,15.91,12.2,NASA POWER
37,2021-11-01,159.7,5.27,21.78,13.53,22.19,NASA POWER
37,2021-12-01,78.4,5.82,24.28,15.05,16.36,NASA POWER
37,2022-01-01,179.7,13.48,31.36,22.42,15.92,NASA POWER
37,2022-02-01,91.1,13.88,31.56,22.72,15.2,NASA POWER
37,2022-03-01,111.6,10.01,28.22,19.11,23.2,NASA POWER
37,2022-04-01,134.3,10.49,27.61,19.05,20.08,NASA POWER
37,2022-05-01,119.6,5.73,25.45,15.59,23.96,NASA POWER
37,2022-06-01,592.0,13.33,31.16,22.25,23.9,NASA POWER
37,2022-07-01,669.3,13.04,30.28,21.66,18.02,NASA POWER
37,2022-08-01,553.9,10.15,28.91,19.53,12.05,NASA POWER
37,2022-09-01,577.7,12.16,32.47,22.31,16.11,NASA POWER
37,2022-10-01,119.9,3.62,22.75,13.19,14.49,NASA POWER
37,2022-11-01,164.4,3.19,22.91,13.05,16.41,NASA POWER
37,2022-12-01,201.8,6.33,24.79,15.56,12.4,NASA POWER
37,2023-01-01,143.6,14.37,33.8,24.08,19.9,NASA POWER
37,2023-02-01,101.4,11.6,32.61,22.11,16.37,NASA POWER
37,2023-03-01,79.6,7.89,27.27,17.58,17.84,NASA POWER
37,2023-04-01,166.3,6.88,27.93,17.41,19.33,NASA POWER
37,2023-05-01,205.9,8.53,27.35,17.94,23.2,NASA POWER
37,2023-06-01,543.2,11.94,33.36,22.65,11.08,NASA POWER
37,2023-07-01,592.8,14.23,34.23,24.23,12.84,NASA POWER
37,2023-08-01,652.0,12.74,29.68,21.21,17.9,NASA POWER
37,2023-09-01,600.8,12.6,31.39,22.0,21.99,NASA POWER
37,2023-10-01,187.4,3.83,23.49,13.66,11.33,NASA POWER
37,2023-11-01,120.4,3.45,22.88,13.16,15.44,NASA POWER
37,2023-12-01,109.3,2.16,20.64,11.4,20.87,NASA POWER
37,2024-01-01,167.1,12.28,31.0,21.64,15.34,NASA POWER
37,2024-02-01,75.6,12.11,33.1,22.61,12.31,NASA POWER
37,2024-03-01,95.3,11.3,30.27,20.79,16.74,NASA POWER
37,2024-04-01,169.0,9.94,30.48,20.21,22.89,NASA POWER
37,2024-05-01,124.5,7.8,26.4,17.1,19.92,NASA POWER
37,2024-06-01,593.0,14.67,32.37,23.52,21.58,NASA POWER
37,2024-07-01,566.3,13.03,33.16,23.09,12.27,NASA POWER
37,2024-08-01,646.8,12.94,31.67,22.3,19.04,NASA POWER
37,2024-09-01,616.5,14.34,34.76,24.55,14.95,NASA POWER
37,2024-10-01,134.4,1.58,22.61,12.09,20.52,NASA POWER
37,2024-11-01,138.1,4.98,22.31,13.64,16.17,NASA POWER
37,2024-12-01,169.6,4.49,23.09,13.79,19.06,NASA POWER
38,2014-01-01,183.8,14.99,33.95,24.47,23.7,NASA POWER
38,2014-02-01,144.5,12.66,32.45,22.55,18.09,NASA POWER
38,2014-03-01,195.8,9.19,28.91,19.05,17.96,NASA POWER
38,2014-04-01,144.5,6.27,27.83,17.05,19.88,NASA POWER
38,2014-05-01,73.1,6.36,25.42,15.89,12.05,NASA POWER
38,2014-06-01,626.6,14.82,33.86,24.34,14.22,NASA POWER
38,2014-07-01,562.9,13.84,31.96,22.9,16.18,NASA POWER
38,2014-08-01,654.0,15.12,35.42,25.27,23.59,NASA POWER
38,2014-09-01,616.4,13.47,32.1,22.79,11.57,NASA POWER
38,2014-10-01,159.5,2.88,22.49,12.68,15.22,NASA POWER
38,2014-11-01,86.1,6.0,24.11,15.05,15.17,NASA POWER
38,2014-12-01,139.4,5.27,23.02,14.14,18.48,NASA POWER
38,2015-01-01,90.7,12.61,32.56,22.59,23.53,NASA POWER
38,2015-02-01,187.1,14.65,32.88,23.77,17.92,NASA POWER
38,2015-03-01,127.8,14.24,32.45,23.35,19.91,NASA POWER
38,2015-04-01,150.7,9.52,28.58,19.05,13.23,NASA POWER
38,2015-05-01,88.6,10.66,30.18,20.42,17.08,NASA POWER
38,2015-06-01,493.1,11.87,29.41,20.64,12.49,NASA POWER
38,2015-07-01,487.0,15.51,32.34,23.93,12.99,NASA POWER
38,2015-08-01,553.7,9.62,30.77,20.2,19.97,NASA POWER
38,2015-09-01,548.4,11.15,30.4,20.77,18.43,NASA POWER
38,2015-10-01,169.0,5.31,25.12,15.21,20.85,NASA POWER
38,2015-11-01,102.2,3.25,24.39,13.82,16.18,NASA POWER
38,2015-12-01,189.8,1.29,20.01,10.65,14.05,NASA POWER
38,2016-01-01,107.7,8.82,27.89,18.36,19.94,NASA POWER
38,2016-02-01,204.4,12.6,32.15,22.38,24.03,NASA POWER
38,2016-03-01,204.7,11.78,31.12,21.45,13.84,NASA POWER
38,2016-04-01,193.8,11.12,30.24,20.68,14.36,NASA POWER
38,2016-05-01,186.9,10.21,29.35,19.78,17.54,NASA POWER
38,2016-06-01,652.5,13.17,33.47,23.32,11.28,NASA POWER
38,2016-07-01,618.9,15.4,35.66,25.53,15.57,NASA POWER
38,2016-08-01,622.1,13.32,32.62,22.97,21.45,NASA POWER
38,2016-09-01,474.5,16.27,34.93,25.6,16.0,NASA POWER
38,2016-10-01,161.5,2.65,22.28,12.46,20.38,NASA POWER
38,2016-11-01,166.9,5.11,23.87,14.49,20.24,NASA POWER
38,2016-12-01,190.9,6.72,23.99,15.35,15.03,NASA POWER
38,2017-01-01,194.9,9.43,27.83,18.63,20.35,NASA POWER
38,2017-02-01,179.1,9.97,29.19,19.58,19.06,NASA POWER
38,2017-03-01,182.5,9.82,30.4,20.11,12.14,NASA POWER
38,2017-04-01,75.7,10.82,30.06,20.44,14.22,NASA POWER
38,2017-05-01,163.4,11.31,29.04,20.18,13.92,NASA POWER
38,2017-06-01,585.2,12.57,32.64,22.61,20.12,NASA POWER
38,2017-07-01,448.5,15.15,34.92,25.04,14.74,NASA POWER
38,2017-08-01,517.2,14.61,33.27,23.94,12.29,NASA POWER
38,2017-09-01,648.9,13.94,33.74,23.84,19.21,NASA POWER
38,2017-10-01,97.9,3.98,23.23,13.61,17.68,NASA POWER
38,2017-11-01,77.5,4.68,24.94,14.81,14.56,NASA POWER
38,2017-12-01,178.5,-0.43,19.2,9.38,20.64,NASA POWER
38,2018-01-01,161.6,14.39,33.13,23.76,14.14,NASA POWER
38,2018-02-01,169.1,11.13,31.69,21.41,22.52,NASA POWER
38,2018-03-01,127.0,10.1,28.79,19.45,12.46,NASA POWER
38,2018-04-01,203.3,9.9,30.07,19.98,15.06,NASA POWER
38,2018-05-01,151.6,5.94,26.4,16.17,18.25,NASA POWER
38,2018-06-01,503.0,13.44,32.17,22.8,20.12,NASA POWER
38,2018-07-01,458.1,12.04,32.92,22.48,12.51,NASA POWER
38,2018-08-01,552.0,14.76,33.25,24.0,21.41,NASA POWER
38,2018-09-01,617.6,13.48,33.84,23.66,17.25,NASA POWER
38,2018-10-01,147.2,7.31,26.82,17.07,20.5,NASA POWER
38,2018-11-01,121.0,4.43,23.22,13.82,20.84,NASA POWER
38,2018-12-01,173.1,4.4,22.03,13.21,12.33,NASA POWER
38,2019-01-01,86.5,11.97,30.45,21.21,23.87,NASA POWER
38,2019-02-01,88.2,13.12,30.81,21.96,22.76,NASA POWER
38,2019-03-01,83.3,9.48,25.67,17.58,23.52,NASA POWER
38,2019-04-01,163.4,10.12,27.93,19.02,17.83,NASA POWER
38,2019-05-01,187.0,10.2,30.25,20.23,19.87,NASA POWER
38,2019-06-01,469.3,11.94,28.22,20.08,23.37,NASA POWER
38,2019-07-01,526.3,13.71,31.53,22.62,16.05,NASA POWER
38,2019-08-01,481.4,13.27,31.63,22.45,20.76,NASA POWER
38,2019-09-01,622.5,12.13,29.83,20.98,11.17,NASA POWER
38,2019-10-01,74.3,3.96,23.03,13.5,12.1,NASA POWER
38,2019-11-01,130.8,5.25,21.82,13.54,14.05,NASA POWER
38,2019-12-01,203.9,0.94,19.22,10.08,20.93,NASA POWER
38,2020-01-01,108.7,12.38,33.34,22.86,22.24,NASA POWER
38,2020-02-01,157.1,11.43,31.29,21.36,21.33,NASA POWER
38,2020-03-01,94.8,9.46,29.5,19.48,14.26,NASA POWER
38,2020-04-01,93.2,7.48,29.26,18.37,11.04,NASA POWER
38,2020-05-01,77.8,10.12,28.15,19.13,20.75,NASA POWER
38,2020-06-01,525.9,10.75,29.67,20.21,15.33,NASA POWER
38,2020-07-01,521.2,10.78,32.1,21.44,16.42,NASA POWER
38,2020-08-01,624.6,11.9,29.9,20.9,18.63,NASA POWER
38,2020-09-01,626.5,13.04,32.19,22.61,21.76,NASA POWER
38,2020-10-01,165.0,6.89,23.83,15.36,17.52,NASA POWER
38,2020-11-01,158.3,3.76,23.09,13.43,21.35,NASA POWER
38,2020-12-01,128.2,0.79,21.33,11.06,15.37,NASA POWER
38,2021-01-01,191.9,13.6,31.67,22.64,18.88,NASA POWER
38,2021-02-01,117.7,13.18,32.79,22.98,21.01,NASA POWER
38,2021-03-01,172.8,10.64,30.43,20.54,15.66,NASA POWER
38,2021-04-01,122.8,6.65,26.09,16.37,19.51,NASA POWER
38,2021-05-01,196.7,9.46,27.09,18.27,16.39,NASA POWER
38,2021-06-01,668.9,14.71,33.13,23.92,12.08,NASA POWER
38,2021-07-01,587.8,13.52,32.01,22.77,14.03,NASA POWER
38,2021-08-01,491.2,13.34,31.51,22.43,22.18,NASA POWER
38,2021-09-01,488.5,12.25,32.27,22.26,24.09,NASA POWER
38,2021-10-01,147.5,3.93,23.03,13.48,17.06,NASA POWER
38,2021-11-01,93.7,1.38,20.75,11.06,18.42,NASA POWER
38,2021-12-01,97.1,5.62,22.84,14.23,13.03,NASA POWER
38,2022-01-01,208.8,10.68,28.86,19.77,22.83,NASA POWER
38,2022-02-01,127.4,9.08,29.31,19.2,18.79,NASA POWER
38,2022-03-01,192.3,12.0,32.11,22.05,15.5,NASA POWER
38,2022-04-01,209.5,10.91,30.22,20.56,21.34,NASA POWER
38,2022-05-01,159.3,8.53,26.33,17.43,13.75,NASA POWER
38,2022-06-01,564.7,14.43,33.2,23.82,21.76,NASA POWER
38,2022-07-01,635.7,14.73,33.72,24.23,21.64,NASA POWER
38,2022-08-01,625.9,13.07,30.34,21.7,14.75,NASA POWER
38,2022-09-01,602.2,13.19,32.33,22.76,13.47,NASA POWER
38,2022-10-01,85.2,7.21,25.88,16.54,21.83,NASA POWER
38,2022-11-01,173.2,7.35,24.52,15.93,13.64,NASA POWER
38,2022-12-01,188.3,5.02,24.41,14.71,11.09,NASA POWER
38,2023-01-01,146.3,10.9,30.13,20.52,11.11,NASA POWER
38,2023-02-01,164.2,10.1,27.29,18.7,12.53,NASA POWER
38,2023-03-01,169.6,6.84,26.36,16.6,12.39,NASA POWER
38,2023-04-01,136.5,12.69,31.39,22.04,22.62,NASA POWER
38,2023-05-01,119.6,10.87,29.35,20.11,14.74,NASA POWER
38,2023-06-01,621.3,12.63,33.01,22.82,16.69,NASA POWER
38,2023-07-01,567.1,15.41,33.33,24.37,20.65,NASA POWER
38,2023-08-01,533.1,12.85,32.9,22.88,15.78,NASA POWER
38,2023-09-01,669.4,13.43,32.56,23.0,19.67,NASA POWER
38,2023-10-01,173.3,4.37,22.54,13.46,15.29,NASA POWER
38,2023-11-01,119.4,3.66,24.76,14.21,14.22,NASA POWER
38,2023-12-01,178.2,4.58,21.12,12.85,18.39,NASA POWER
38,2024-01-01,84.6,11.83,31.53,21.68,23.4,NASA POWER
38,2024-02-01,115.7,11.62,31.05,21.34,15.71,NASA POWER
38,2024-03-01,122.3,11.52,30.65,21.09,20.66,NASA POWER
38,2024-04-01,97.7,11.64,29.22,20.43,23.27,NASA POWER
38,2024-05-01,142.6,10.13,28.9,19.52,22.57,NASA POWER
38,2024-06-01,635.7,14.0,33.1,23.55,20.02,NASA POWER
38,2024-07-01,602.1,14.13,32.96,23.55,23.37,NASA POWER
38,2024-08-01,478.4,15.76,32.89,24.32,15.1,NASA POWER
38,2024-09-01,617.4,10.17,30.48,20.32,23.28,NASA POWER
38,2024-10-01,70.2,4.26,23.13,13.7,16.27,NASA POWER
38,2024-11-01,143.5,5.13,25.16,15.14,17.5,NASA POWER
38,2024-12-01,119.2,5.09,23.97,14.53,20.19,NASA POWER
39,2014-01-01,90.8,15.57,33.97,24.77,15.93,NASA POWER
39,2014-02-01,160.4,11.59,31.72,21.66,11.69,NASA POWER
39,2014-03-01,120.7,9.24,27.37,18.3,20.59,NASA POWER
39,2014-04-01,207.0,7.86,27.72,17.79,15.05,NASA POWER
39,2014-05-01,114.5,9.89,31.54,20.71,11.5,NASA POWER
39,2014-06-01,662.9,11.63,31.41,21.52,23.15,NASA POWER
39,2014-07-01,658.9,10.4,31.8,21.1,20.47,NASA POWER
39,2014-08-01,580.1,11.36,31.28,21.32,16.6,NASA POWER
39,2014-09-01,514.5,10.11,28.48,19.3,23.91,NASA POWER
39,2014-10-01,186.8,2.3,20.34,11.32,23.62,NASA POWER
39,2014-11-01,198.0,1.12,20.34,10.73,21.31,NASA POWER
39,2014-12-01,128.4,4.83,23.17,14.0,14.62,NASA POWER
39,2015-01-01,102.3,9.59,28.95,19.27,16.02,NASA POWER
39,2015-02-01,202.5,10.13,29.37,19.75,13.63,NASA POWER
39,2015-03-01,189.2,8.0,27.96,17.98,21.56,NASA POWER
39,2015-04-01,185.9,10.34,29.51,19.93,20.13,NASA POWER
39,2015-05-01,98.9,8.37,28.44,18.41,12.68,NASA POWER
39,2015-06-01,581.4,15.12,33.73,24.42,18.74,NASA POWER
39,2015-07-01,651.8,11.56,30.37,20.96,14.72,NASA POWER
39,2015-08-01,472.8,14.7,34.18,24.44,19.32,NASA POWER
39,2015-09-01,493.4,10.39,31.59,20.99,12.03,NASA POWER
39,2015-10-01,80.6,3.33,21.22,12.27,18.34,NASA POWER
39,2015-11-01,103.4,7.68,25.76,16.72,14.97,NASA POWER
39,2015-12-01,138.8,3.76,24.6,14.18,12.16,NASA POWER
39,2016-01-01,126.9,12.62,31.2,21.91,18.41,NASA POWER
39,2016-02-01,117.6,10.1,29.6,19.85,18.57,NASA POWER
39,2016-03-01,140.3,10.44,28.01,19.23,16.6,NASA POWER
39,2016-04-01,103.1,9.25,27.14,18.2,15.12,NASA POWER
39,2016-05-01,157.5,9.53,30.73,20.13,11.29,NASA POWER
39,2016-06-01,624.3,14.69,32.94,23.81,15.6,NASA POWER
39,2016-07-01,576.0,13.8,32.35,23.08,20.2,NASA POWER
39,2016-08-01,541.1,12.23,29.47,20.85,13.19,NASA POWER
39,2016-09-01,508.5,11.86,31.53,21.7,18.04,NASA POWER
39,2016-10-01,135.6,4.35,22.19,13.27,11.73,NASA POWER
39,2016-11-01,152.5,1.7,21.49,11.59,18.05,NASA POWER
39,2016-12-01,104.5,3.01,20.14,11.57,21.97,NASA POWER
39,2017-01-01,120.9,13.65,32.07,22.86,15.28,NASA POWER
39,2017-02-01,198.6,12.61,31.75,22.18,12.98,NASA POWER
39,2017-03-01,179.9,10.45,28.04,19.24,23.06,NASA POWER
39,2017-04-01,186.7,9.99,30.23,20.11,13.87,NASA POWER
39,2017-05-01,147.5,9.4,27.33,18.36,16.14,NASA POWER
39,2017-06-01,556.1,16.37,35.76,26.06,17.34,NASA POWER
39,2017-07-01,628.5,11.18,29.89,20.54,22.53,NASA POWER
39,2017-08-01,580.6,12.1,30.11,21.11,23.07,NASA POWER
39,2017-09-01,551.8,14.02,34.32,24.17,14.11,NASA POWER
39,2017-10-01,204.0,6.76,25.35,16.05,20.18,NASA POWER
39,2017-11-01,76.1,3.66,22.24,12.95,18.93,NASA POWER
39,2017-12-01,96.8,4.18,21.68,12.93,20.92,NASA POWER
39,2018-01-01,141.8,13.87,31.2,22.54,16.73,NASA POWER
39,2018-02-01,182.3,11.94,29.54,20.74,14.86,NASA POWER
39,2018-03-01,144.8,11.71,32.27,21.99,20.03,NASA POWER
39,2018-04-01,165.3,12.82,31.82,22.32,21.16,NASA POWER
39,2018-05-01,187.1,6.86,25.87,16.37,12.16,NASA POWER
39,2018-06-01,591.7,9.41,30.65,20.03,12.05,NASA POWER
39,2018-07-01,623.3,10.5,29.81,20.16,16.39,NASA POWER
39,2018-08-01,653.9,13.07,31.92,22.5,20.86,NASA POWER
39,2018-09-01,474.4,12.46,30.94,21.7,20.47,NASA POWER
39,2018-10-01,171.1,3.1,24.04,13.57,14.98,NASA POWER
39,2018-11-01,103.3,1.91,21.19,11.55,13.09,NASA POWER
39,2018-12-01,169.3,0.68,19.69,10.19,21.37,NASA POWER
39,2019-01-01,209.1,12.72,33.78,23.25,19.93,NASA POWER
39,2019-02-01,159.3,12.27,32.45,22.36,12.57,NASA POWER
39,2019-03-01,162.6,9.12,27.04,18.08,18.19,NASA POWER
39,2019-04-01,119.0,7.47,28.57,18.02,21.23,NASA POWER
39,2019-05-01,120.8,8.49,26.87,17.68,12.36,NASA POWER
39,2019-06-01,522.7,11.48,30.72,21.1,12.95,NASA POWER
39,2019-07-01,523.6,10.79,31.02,20.91,21.59,NASA POWER
39,2019-08-01,521.9,12.58,31.34,21.96,21.48,NASA POWER
39,2019-09-01,650.4,13.84,31.51,22.68,20.79,NASA POWER
39,2019-10-01,149.7,6.91,25.91,16.41,15.3,NASA POWER
39,2019-11-01,80.0,1.49,20.3,10.89,11.09,NASA POWER
39,2019-12-01,126.1,3.21,24.36,13.79,16.72,NASA POWER
39,2020-01-01,149.2,10.58,29.51,20.05,14.16,NASA POWER
39,2020-02-01,192.9,12.0,29.87,20.94,13.21,NASA POWER
39,2020-03-01,172.5,10.36,29.4,19.88,11.71,NASA POWER
39,2020-04-01,177.0,9.48,30.19,19.84,14.97,NASA POWER
39,2020-05-01,104.2,10.17,29.11,19.64,12.48,NASA POWER
39,2020-06-01,522.1,10.33,29.85,20.09,22.1,NASA POWER
39,2020-07-01,671.6,10.01,31.06,20.54,22.87,NASA POWER
39,2020-08-01,479.7,15.47,33.24,24.36,17.61,NASA POWER
39,2020-09-01,546.2,10.93,30.63,20.78,11.69,NASA POWER
39,2020-10-01,186.2,4.0,23.22,13.61,19.3,NASA POWER
39,2020-11-01,136.8,3.42,22.88,13.15,13.8,NASA POWER
39,2020-12-01,91.2,3.74,22.09,12.91,15.55,NASA POWER
39,2021-01-01,197.6,14.21,32.63,23.42,13.83,NASA POWER
39,2021-02-01,188.5,11.31,30.83,21.07,12.53,NASA POWER
39,2021-03-01,150.1,10.15,26.54,18.34,18.1,NASA POWER
39,2021-04-01,90.3,9.24,28.55,18.89,18.15,NASA POWER
39,2021-05-01,91.2,5.84,24.31,15.07,21.82,NASA POWER
39,2021-06-01,616.1,12.75,32.82,22.79,16.87,NASA POWER
39,2021-07-01,562.7,13.05,30.28,21.66,12.98,NASA POWER
39,2021-08-01,623.3,14.03,31.32,22.68,23.84,NASA POWER
39,2021-09-01,496.4,13.57,31.79,22.68,21.72,NASA POWER
39,2021-10-01,201.3,4.79,23.98,14.38,17.38,NASA POWER
39,2021-11-01,183.4,0.88,22.45,11.66,20.64,NASA POWER
39,2021-12-01,143.9,2.54,20.39,11.46,21.29,NASA POWER
39,2022-01-01,74.8,11.3,29.83,20.56,16.61,NASA POWER
39,2022-02-01,198.3,10.96,29.83,20.39,20.94,NASA POWER
39,2022-03-01,140.4,9.37,28.98,19.18,16.75,NASA POWER
39,2022-04-01,170.6,8.67,27.61,18.14,17.96,NASA POWER
39,2022-05-01,147.1,10.41,27.69,19.05,11.87,NASA POWER
39,2022-06-01,556.4,13.01,30.25,21.63,13.81,NASA POWER
39,2022-07-01,568.3,10.94,30.71,20.82,20.39,NASA POWER
39,2022-08-01,453.3,16.32,32.89,24.61,23.12,NASA POWER
39,2022-09-01,622.8,14.12,30.82,22.47,17.71,NASA POWER
39,2022-10-01,168.6,5.3,26.67,15.99,15.92,NASA POWER
39,2022-11-01,116.8,3.6,20.82,12.21,11.71,NASA POWER
39,2022-12-01,181.4,1.01,19.62,10.32,17.52,NASA POWER
39,2023-01-01,150.5,13.17,33.03,23.1,20.3,NASA POWER
39,2023-02-01,100.9,8.91,26.49,17.7,13.8,NASA POWER
39,2023-03-01,80.5,12.54,32.89,22.71,13.96,NASA POWER
39,2023-04-01,103.2,6.49,25.74,16.11,19.74,NASA POWER
39,2023-05-01,109.1,7.07,27.44,17.26,19.32,NASA POWER
39,2023-06-01,474.6,14.2,32.88,23.54,23.02,NASA POWER
39,2023-07-01,613.7,15.21,33.67,24.44,13.7,NASA POWER
39,2023-08-01,497.0,11.57,30.1,20.84,12.89,NASA POWER
39,2023-09-01,594.3,10.28,29.83,20.05,11.15,NASA POWER
39,2023-10-01,198.0,5.52,23.61,14.56,16.24,NASA POWER
39,2023-11-01,73.4,5.59,22.82,14.21,12.23,NASA POWER
39,2023-12-01,126.0,1.0,20.87,10.94,14.34,NASA POWER
39,2024-01-01,108.9,10.34,28.55,19.45,13.72,NASA POWER
39,2024-02-01,101.0,11.75,30.04,20.89,17.99,NASA POWER
39,2024-03-01,73.5,10.16,28.53,19.34,12.16,NASA POWER
39,2024-04-01,133.4,9.79,28.69,19.24,15.59,NASA POWER
39,2024-05-01,150.3,9.56,29.97,19.77,11.44,NASA POWER
39,2024-06-01,607.4,15.31,33.7,24.51,24.1,NASA POWER
39,2024-07-01,652.7,12.34,31.83,22.09,18.41,NASA POWER
39,2024-08-01,463.0,15.05,32.54,23.8,21.75,NASA POWER
39,2024-09-01,485.8,13.52,35.08,24.3,12.65,NASA POWER
39,2024-10-01,203.3,4.06,21.27,12.66,14.55,NASA POWER
39,2024-11-01,117.9,4.56,24.95,14.75,16.89,NASA POWER
39,2024-12-01,144.0,3.19,19.69,11.44,22.24,NASA POWER
40,2014-01-01,100.4,13.5,31.79,22.64,22.81,NASA POWER
40,2014-02-01,88.4,9.21,27.68,18.45,17.87,NASA POWER
40,2014-03-01,186.7,12.45,31.66,22.05,22.28,NASA POWER
40,2014-04-01,118.9,12.57,29.89,21.23,14.66,NASA POWER
40,2014-05-01,182.9,9.78,29.66,19.72,14.59,NASA POWER
40,2014-06-01,448.9,11.85,33.07,22.46,12.89,NASA POWER
40,2014-07-01,597.2,14.0,33.58,23.79,13.24,NASA POWER
40,2014-08-01,448.3,10.14,29.74,19.94,18.87,NASA POWER
40,2014-09-01,648.9,14.09,31.45,22.77,16.91,NASA POWER
40,2014-10-01,179.0,6.44,25.06,15.75,14.81,NASA POWER
40,2014-11-01,122.6,5.18,22.94,14.06,17.19,NASA POWER
40,2014-12-01,174.5,4.66,24.76,14.71,18.76,NASA POWER
40,2015-01-01,127.8,10.94,30.04,20.49,14.52,NASA POWER
40,2015-02-01,103.1,12.04,31.04,21.54,11.96,NASA POWER
40,2015-03-01,203.4,11.04,29.51,20.27,13.0,NASA POWER
40,2015-04-01,81.8,10.01,28.8,19.41,23.11,NASA POWER
40,2015-05-01,128.8,8.15,28.18,18.16,18.56,NASA POWER
40,2015-06-01,545.0,12.71,32.76,22.73,22.77,NASA POWER
40,2015-07-01,468.9,13.85,31.56,22.7,23.66,NASA POWER
40,2015-08-01,481.4,13.1,30.55,21.82,23.83,NASA POWER
40,2015-09-01,452.9,14.3,32.29,23.3,20.4,NASA POWER
40,2015-10-01,96.5,5.96,24.98,15.47,17.17,NASA POWER
40,2015-11-01,85.0,1.66,21.1,11.38,17.52,NASA POWER
40,2015-12-01,120.0,0.51,20.75,10.63,23.55,NASA POWER
40,2016-01-01,126.0,10.4,28.59,19.5,15.41,NASA POWER
40,2016-02-01,145.2,11.08,29.46,20.27,12.98,NASA POWER
40,2016-03-01,79.0,9.7,30.51,20.11,19.47,NASA POWER
40,2016-04-01,152.8,9.99,29.63,19.81,17.55,NASA POWER
40,2016-05-01,81.7,9.28,30.6,19.94,21.1,NASA POWER
40,2016-06-01,585.5,12.54,31.19,21.87,11.1,NASA POWER
40,2016-07-01,660.8,11.36,33.16,22.26,18.0,NASA POWER
40,2016-08-01,471.2,11.85,32.74,22.3,11.08,NASA POWER
40,2016-09-01,660.1,14.21,32.11,23.16,19.67,NASA POWER
40,2016-10-01,208.8,2.38,21.23,11.8,18.87,NASA POWER
40,2016-11-01,111.0,4.03,22.66,13.35,17.64,NASA POWER
40,2016-12-01,161.8,1.18,20.34,10.76,23.81,NASA POWER
40,2017-01-01,182.1,12.87,32.02,22.45,19.39,NASA POWER
40,2017-02-01,90.6,12.24,31.87,22.05,15.35,NASA POWER
40,2017-03-01,162.4,9.26,29.28,19.27,15.74,NASA POWER
40,2017-04-01,205.3,6.57,24.82,15.7,19.68,NASA POWER
40,2017-05-01,107.9,9.19,29.02,19.11,21.21,NASA POWER
40,2017-06-01,504.1,12.52,30.92,21.72,20.37,NASA POWER
40,2017-07-01,456.3,14.85,34.62,24.73,21.52,NASA POWER
40,2017-08-01,650.7,12.5,29.0,20.75,22.73,NASA POWER
40,2017-09-01,593.4,10.7,31.25,20.98,18.53,NASA POWER
40,2017-10-01,107.2,6.15,24.14,15.14,19.53,NASA POWER
40,2017-11-01,130.7,6.39,26.3,16.34,16.45,NASA POWER
40,2017-12-01,93.8,2.37,22.54,12.46,22.27,NASA POWER
40,2018-01-01,206.5,11.23,30.51,20.87,20.27,NASA POWER
40,2018-02-01,198.1,12.08,31.36,21.72,16.84,NASA POWER
40,2018-03-01,102.0,9.99,30.84,20.41,23.22,NASA POWER
40,2018-04-01,102.0,9.82,28.87,19.34,20.45,NASA POWER
40,2018-05-01,191.8,11.97,31.29,21.63,23.76,NASA POWER
40,2018-06-01,556.5,15.16,32.06,23.61,11.54,NASA POWER
40,2018-07-01,638.5,12.83,32.92,22.88,14.71,NASA POWER
40,2018-08-01,585.5,13.66,32.55,23.1,20.19,NASA POWER
40,2018-09-01,474.1,13.41,31.79,22.6,15.03,NASA POWER
40,2018-10-01,111.9,7.52,24.69,16.11,11.83,NASA POWER
40,2018-11-01,96.4,4.94,24.91,14.93,18.88,NASA POWER
40,2018-12-01,102.0,2.78,21.48,12.13,21.64,NASA POWER
40,2019-01-01,180.7,9.15,29.71,19.43,20.73,NASA POWER
40,2019-02-01,97.8,10.71,29.4,20.05,23.4,NASA POWER
40,2019-03-01,206.2,7.79,27.79,17.79,16.81,NASA POWER
40,2019-04-01,129.5,8.47,27.55,18.01,15.92,NASA POWER
40,2019-05-01,199.8,9.8,31.3,20.55,14.09,NASA POWER
40,2019-06-01,499.8,15.63,33.77,24.7,22.92,NASA POWER
40,2019-07-01,588.4,12.77,31.83,22.3,19.44,NASA POWER
40,2019-08-01,461.8,11.41,28.53,19.97,20.74,NASA POWER
40,2019-09-01,568.2,12.54,33.98,23.26,14.17,NASA POWER
40,2019-10-01,182.2,3.76,23.09,13.43,22.14,NASA POWER
40,2019-11-01,93.7,3.83,23.45,13.64,12.07,NASA POWER
40,2019-12-01,125.3,3.93,21.63,12.78,13.85,NASA POWER
40,2020-01-01,113.6,15.29,31.8,23.55,23.27,NASA POWER
40,2020-02-01,71.2,8.68,29.06,18.87,23.74,NASA POWER
40,2020-03-01,147.0,11.06,30.5,20.78,22.57,NASA POWER
40,2020-04-01,125.6,10.89,29.94,20.41,14.08,NASA POWER
40,2020-05-01,182.7,10.16,28.37,19.27,20.47,NASA POWER
40,2020-06-01,572.1,13.68,31.22,22.45,18.45,NASA POWER
40,2020-07-01,646.8,11.68,32.13,21.91,14.47,NASA POWER
40,2020-08-01,502.3,11.79,31.45,21.62,16.1,NASA POWER
40,2020-09-01,502.6,14.99,33.6,24.3,14.6,NASA POWER
40,2020-10-01,103.5,5.04,24.57,14.8,18.6,NASA POWER
40,2020-11-01,147.7,5.04,24.31,14.67,23.99,NASA POWER
40,2020-12-01,104.0,4.5,23.61,14.05,17.74,NASA POWER
40,2021-01-01,75.4,14.27,32.31,23.29,17.37,NASA POWER
40,2021-02-01,91.2,12.78,30.92,21.85,18.6,NASA POWER
40,2021-03-01,138.6,11.41,30.63,21.02,23.6,NASA POWER
40,2021-04-01,92.7,10.76,29.58,20.17,11.22,NASA POWER
40,2021-05-01,188.6,7.82,27.07,17.45,18.28,NASA POWER
40,2021-06-01,503.0,11.48,30.57,21.02,16.63,NASA POWER
40,2021-07-01,667.8,14.92,32.89,23.91,18.85,NASA POWER
40,2021-08-01,454.9,16.09,34.41,25.25,18.07,NASA POWER
40,2021-09-01,479.6,11.63,31.49,21.56,23.58,NASA POWER
40,2021-10-01,86.8,6.54,24.12,15.33,19.2,NASA POWER
40,2021-11-01,123.2,3.9,23.1,13.5,11.4,NASA POWER
40,2021-12-01,130.4,5.83,23.45,14.64,12.95,NASA POWER
40,2022-01-01,145.5,12.1,30.81,21.45,13.36,NASA POWER
40,2022-02-01,121.7,11.44,30.39,20.91,13.95,NASA POWER
40,2022-03-01,91.1,9.48,29.16,19.32,20.85,NASA POWER
40,2022-04-01,189.7,12.61,29.79,21.2,11.57,NASA POWER
40,2022-05-01,149.6,7.07,26.4,16.73,15.89,NASA POWER
40,2022-06-01,491.4,11.98,32.86,22.42,12.79,NASA POWER
40,2022-07-01,624.5,12.17,29.51,20.84,15.18,NASA POWER
40,2022-08-01,664.9,12.23,30.0,21.12,17.51,NASA POWER
40,2022-09-01,475.4,12.74,31.74,22.24,16.67,NASA POWER
40,2022-10-01,188.9,4.76,23.7,14.23,21.69,NASA POWER
40,2022-11-01,160.1,2.58,22.43,12.5,23.49,NASA POWER
40,2022-12-01,85.9,2.63,23.01,12.82,17.17,NASA POWER
40,2023-01-01,113.8,12.57,31.17,21.87,11.21,NASA POWER
40,2023-02-01,89.2,10.58,26.97,18.77,11.32,NASA POWER
40,2023-03-01,154.8,13.83,32.29,23.06,19.54,NASA POWER
40,2023-04-01,154.3,7.63,27.42,17.53,17.43,NASA POWER
40,2023-05-01,126.5,9.87,27.78,18.82,15.4,NASA POWER
40,2023-06-01,585.0,13.78,31.76,22.77,20.62,NASA POWER
40,2023-07-01,600.0,12.85,30.75,21.8,12.59,NASA POWER
40,2023-08-01,482.0,14.38,33.63,24.01,19.47,NASA POWER
40,2023-09-01,551.0,12.11,28.91,20.51,12.05,NASA POWER
40,2023-10-01,207.2,3.87,22.29,13.08,12.86,NASA POWER
40,2023-11-01,152.1,4.55,24.68,14.62,19.23,NASA POWER
40,2023-12-01,116.4,4.54,21.43,12.98,16.88,NASA POWER
40,2024-01-01,120.4,11.09,31.64,21.37,13.76,NASA POWER
40,2024-02-01,190.8,10.58,29.49,20.04,21.08,NASA POWER
40,2024-03-01,85.3,10.24,28.78,19.51,11.06,NASA POWER
40,2024-04-01,88.5,7.67,27.08,17.38,23.44,NASA POWER
40,2024-05-01,206.7,9.1,28.76,18.93,13.53,NASA POWER
40,2024-06-01,565.8,12.95,30.77,21.86,18.68,NASA POWER
40,2024-07-01,619.6,15.19,32.97,24.08,21.09,NASA POWER
40,2024-08-01,460.7,13.5,30.07,21.79,17.14,NASA POWER
40,2024-09-01,560.2,10.88,29.98,20.43,13.77,NASA POWER
40,2024-10-01,184.3,6.05,24.06,15.05,23.9,NASA POWER
40,2024-11-01,143.8,3.82,23.47,13.64,22.35,NASA POWER
40,2024-12-01,201.0,3.5,22.38,12.94,19.18,NASA POWER
41,2014-01-01,136.4,9.8,29.0,19.4,22.5,NASA POWER
41,2014-02-01,114.7,11.24,31.2,21.22,14.45,NASA POWER
41,2014-03-01,193.5,11.73,31.31,21.52,14.48,NASA POWER
41,2014-04-01,103.3,11.26,28.02,19.64,12.35,NASA POWER
41,2014-05-01,162.6,7.78,28.87,18.32,14.05,NASA POWER
41,2014-06-01,558.6,12.23,33.1,22.66,20.55,NASA POWER
41,2014-07-01,552.5,11.81,30.44,21.12,24.09,NASA POWER
41,2014-08-01,652.0,15.3,32.15,23.73,16.34,NASA POWER
41,2014-09-01,626.5,13.52,32.62,23.07,17.82,NASA POWER
41,2014-10-01,162.3,5.13,25.89,15.51,12.88,NASA POWER
41,2014-11-01,152.6,2.01,20.08,11.04,22.57,NASA POWER
41,2014-12-01,147.6,3.99,22.87,13.43,22.2,NASA POWER
41,2015-01-01,117.1,13.33,30.24,21.79,16.84,NASA POWER
41,2015-02-01,77.5,12.19,29.6,20.89,17.35,NASA POWER
41,2015-03-01,158.9,13.32,30.55,21.94,18.11,NASA POWER
41,2015-04-01,104.4,9.88,27.14,18.51,16.58,NASA POWER
41,2015-05-01,163.4,11.34,31.01,21.18,22.83,NASA POWER
41,2015-06-01,600.0,13.84,33.5,23.67,11.33,NASA POWER
41,2015-07-01,653.2,12.01,29.65,20.83,12.88,NASA POWER
41,2015-08-01,583.5,13.36,34.0,23.68,21.8,NASA POWER
41,2015-09-01,508.5,14.17,31.06,22.61,21.59,NASA POWER
41,2015-10-01,181.1,8.2,26.82,17.51,18.26,NASA POWER
41,2015-11-01,196.9,1.74,20.43,11.08,21.03,NASA POWER
41,2015-12-01,99.9,2.64,21.13,11.88,14.2,NASA POWER
41,2016-01-01,72.1,15.06,31.55,23.3,19.56,NASA POWER
41,2016-02-01,73.8,14.04,31.25,22.64,19.88,NASA POWER
41,2016-03-01,141.2,8.34,28.5,18.42,19.36,NASA POWER
41,2016-04-01,92.6,8.37,27.8,18.09,22.08,NASA POWER
41,2016-05-01,71.7,9.08,26.39,17.73,21.34,NASA POWER
41,2016-06-01,603.0,13.35,33.95,23.65,11.02,NASA POWER
41,2016-07-01,592.4,10.81,30.33,20.57,16.22,NASA POWER
41,2016-08-01,639.9,11.31,32.12,21.71,13.12,NASA POWER
41,2016-09-01,611.3,14.31,31.51,22.91,17.63,NASA POWER
41,2016-10-01,174.4,5.25,22.94,14.1,17.08,NASA POWER
41,2016-11-01,179.5,3.33,23.86,13.59,19.5,NASA POWER
41,2016-12-01,79.3,4.32,22.58,13.45,19.61,NASA POWER
41,2017-01-01,130.0,9.96,30.57,20.27,12.01,NASA POWER
41,2017-02-01,78.2,8.63,28.37,18.5,12.94,NASA POWER
41,2017-03-01,165.7,12.86,32.11,22.48,16.1,NASA POWER
41,2017-04-01,134.9,12.33,31.01,21.67,22.81,NASA POWER
41,2017-05-01,136.2,7.33,28.32,17.82,14.14,NASA POWER
41,2017-06-01,648.3,13.71,33.51,23.61,20.16,NASA POWER
41,2017-07-01,448.1,14.77,33.32,24.05,23.08,NASA POWER
41,2017-08-01,572.9,14.06,32.74,23.4,18.41,NASA POWER
41,2017-09-01,540.9,11.94,31.85,21.89,13.23,NASA POWER
41,2017-10-01,127.7,7.4,26.89,17.14,12.67,NASA POWER
41,2017-11-01,171.1,3.61,22.85,13.23,15.06,NASA POWER
41,2017-12-01,118.3,4.05,22.35,13.2,21.36,NASA POWER
41,2018-01-01,152.5,11.35,29.55,20.45,12.38,NASA POWER
41,2018-02-01,92.8,10.81,28.11,19.46,11.56,NASA POWER
41,2018-03-01,172.4,11.42,29.06,20.24,14.77,NASA POWER
41,2018-04-01,177.7,9.24,30.27,19.75,23.5,NASA POWER
41,2018-05-01,174.8,11.08,28.96,20.02,11.93,NASA POWER
41,2018-06-01,625.0,12.5,31.08,21.79,17.91,NASA POWER
41,2018-07-01,589.5,15.52,33.95,24.73,17.77,NASA POWER
41,2018-08-01,578.0,13.16,31.81,22.48,20.8,NASA POWER
41,2018-09-01,475.3,13.18,32.12,22.65,11.87,NASA POWER
41,2018-10-01,94.0,7.55,25.26,16.41,22.93,NASA POWER
41,2018-11-01,78.5,5.14,24.41,14.78,15.17,NASA POWER
41,2018-12-01,161.7,1.96,20.38,11.17,18.14,NASA POWER
41,2019-01-01,209.6,13.35,31.23,22.29,20.22,NASA POWER
41,2019-02-01,189.2,12.9,31.87,22.39,18.37,NASA POWER
41,2019-03-01,141.1,9.03,27.71,18.37,19.01,NASA POWER
41,2019-04-01,178.0,10.07,27.39,18.73,15.58,NASA POWER
41,2019-05-01,195.0,9.56,28.52,19.04,14.1,NASA POWER
41,2019-06-01,587.4,10.0,28.64,19.32,11.68,NASA POWER
41,2019-07-01,576.0,14.46,32.03,23.25,14.87,NASA POWER
41,2019-08-01,494.4,11.89,32.52,22.21,11.07,NASA POWER
41,2019-09-01,559.6,12.15,31.12,21.64,13.65,NASA POWER
41,2019-10-01,126.2,3.24,21.69,12.46,17.56,NASA POWER
41,2019-11-01,82.7,3.13,21.69,12.41,16.43,NASA POWER
41,2019-12-01,146.5,3.92,22.37,13.14,15.51,NASA POWER
41,2020-01-01,117.8,12.58,33.5,23.04,12.17,NASA POWER
41,2020-02-01,116.0,11.8,30.4,21.1,16.69,NASA POWER
41,2020-03-01,191.1,11.66,33.2,22.43,11.75,NASA POWER
41,2020-04-01,94.8,11.19,31.65,21.42,22.15,NASA POWER
41,2020-05-01,180.2,6.46,26.53,16.5,14.08,NASA POWER
41,2020-06-01,517.8,12.31,30.67,21.49,18.38,NASA POWER
41,2020-07-01,490.1,12.96,30.15,21.55,23.89,NASA POWER
41,2020-08-01,583.9,13.57,32.68,23.12,11.7,NASA POWER
41,2020-09-01,628.4,12.47,30.89,21.68,18.29,NASA POWER
41,2020-10-01,79.1,6.3,22.9,14.6,20.6,NASA POWER
41,2020-11-01,182.1,1.88,22.02,11.95,18.48,NASA POWER
41,2020-12-01,204.5,5.65,25.35,15.5,22.88,NASA POWER
41,2021-01-01,87.7,15.34,33.14,24.24,12.25,NASA POWER
41,2021-02-01,114.1,8.43,27.66,18.05,22.32,NASA POWER
41,2021-03-01,176.4,8.12,28.37,18.25,17.23,NASA POWER
41,2021-04-01,192.3,9.39,27.68,18.54,16.51,NASA POWER
41,2021-05-01,123.5,10.89,31.08,20.98,14.51,NASA POWER
41,2021-06-01,475.6,15.53,34.84,25.19,17.72,NASA POWER
41,2021-07-01,488.9,14.17,32.32,23.25,12.93,NASA POWER
41,2021-08-01,664.8,14.08,33.08,23.58,21.66,NASA POWER
41,2021-09-01,622.1,12.06,30.77,21.41,17.98,NASA POWER
41,2021-10-01,179.5,6.23,24.35,15.29,15.53,NASA POWER
41,2021-11-01,205.0,2.34,22.64,12.49,12.27,NASA POWER
41,2021-12-01,206.1,4.97,22.68,13.82,13.33,NASA POWER
41,2022-01-01,141.2,13.97,33.89,23.93,11.16,NASA POWER
41,2022-02-01,177.3,11.95,31.89,21.92,15.91,NASA POWER
41,2022-03-01,163.0,10.45,30.51,20.48,17.34,NASA POWER
41,2022-04-01,137.5,12.1,31.17,21.64,24.12,NASA POWER
41,2022-05-01,148.8,7.58,27.34,17.46,20.85,NASA POWER
41,2022-06-01,507.3,10.47,31.45,20.96,11.34,NASA POWER
41,2022-07-01,488.0,13.84,33.97,23.91,11.69,NASA POWER
41,2022-08-01,513.3,13.82,34.87,24.34,12.64,NASA POWER
41,2022-09-01,631.9,14.52,34.2,24.36,16.38,NASA POWER
41,2022-10-01,139.8,3.04,22.0,12.52,21.72,NASA POWER
41,2022-11-01,85.0,4.13,23.45,13.79,23.99,NASA POWER
41,2022-12-01,142.8,1.1,20.28,10.69,13.27,NASA POWER
41,2023-01-01,157.5,10.57,29.78,20.18,15.41,NASA POWER
41,2023-02-01,109.7,10.27,30.38,20.32,22.62,NASA POWER
41,2023-03-01,164.1,12.51,30.87,21.69,18.61,NASA POWER
41,2023-04-01,74.7,6.31,28.02,17.16,20.58,NASA POWER
41,2023-05-01,118.6,6.35,24.66,15.5,16.44,NASA POWER
41,2023-06-01,637.0,13.14,33.62,23.38,17.5,NASA POWER
41,2023-07-01,579.3,13.72,32.58,23.15,18.94,NASA POWER
41,2023-08-01,606.8,13.56,33.94,23.75,23.67,NASA POWER
41,2023-09-01,532.9,14.89,33.84,24.37,18.66,NASA POWER
41,2023-10-01,86.3,4.24,23.86,14.05,18.52,NASA POWER
41,2023-11-01,182.6,4.03,21.02,12.53,20.39,NASA POWER
41,2023-12-01,193.6,1.96,18.73,10.35,11.66,NASA POWER
41,2024-01-01,72.8,12.5,30.23,21.37,15.58,NASA POWER
41,2024-02-01,100.9,11.94,32.19,22.06,14.05,NASA POWER
41,2024-03-01,151.6,13.63,29.88,21.75,14.83,NASA POWER
41,2024-04-01,107.6,8.31,26.99,17.65,12.93,NASA POWER
41,2024-05-01,160.5,9.66,30.63,20.14,16.58,NASA POWER
41,2024-06-01,478.6,14.73,35.7,25.22,22.34,NASA POWER
41,2024-07-01,629.2,15.38,34.4,24.89,23.49,NASA POWER
41,2024-08-01,504.7,13.4,30.03,21.71,13.77,NASA POWER
41,2024-09-01,649.8,15.36,34.29,24.82,21.95,NASA POWER
41,2024-10-01,135.3,3.97,22.51,13.24,17.21,NASA POWER
41,2024-11-01,165.5,3.97,21.78,12.88,21.33,NASA POWER
41,2024-12-01,166.3,6.37,23.5,14.94,16.48,NASA POWER
42,2014-01-01,144.5,13.66,33.18,23.42,18.23,NASA POWER
42,2014-02-01,173.7,10.21,28.78,19.5,21.0,NASA POWER
42,2014-03-01,117.4,11.34,30.85,21.09,18.84,NASA POWER
42,2014-04-01,139.2,6.02,27.27,16.64,12.54,NASA POWER
42,2014-05-01,184.7,8.02,26.95,17.48,11.48,NASA POWER
42,2014-06-01,500.0,13.97,31.74,22.86,20.52,NASA POWER
42,2014-07-01,642.3,14.18,32.95,23.57,18.07,NASA POWER
42,2014-08-01,602.8,14.42,34.36,24.39,22.32,NASA POWER
42,2014-09-01,473.6,14.8,33.27,24.04,11.02,NASA POWER
42,2014-10-01,123.1,4.37,26.29,15.33,14.43,NASA POWER
42,2014-11-01,110.7,3.31,23.71,13.51,18.63,NASA POWER
42,2014-12-01,143.1,1.18,18.95,10.06,22.68,NASA POWER
42,2015-01-01,112.7,11.67,29.82,20.75,23.75,NASA POWER
42,2015-02-01,139.8,14.13,32.76,23.45,23.87,NASA POWER
42,2015-03-01,167.1,13.81,32.81,23.31,16.24,NASA POWER
42,2015-04-01,125.4,12.37,30.6,21.48,17.54,NASA POWER
42,2015-05-01,203.6,7.89,28.27,18.08,24.15,NASA POWER
42,2015-06-01,533.9,16.23,35.7,25.97,23.76,NASA POWER
42,2015-07-01,532.6,13.58,31.13,22.36,22.88,NASA POWER
42,2015-08-01,629.7,11.91,32.76,22.34,16.53,NASA POWER
42,2015-09-01,556.5,11.14,31.76,21.45,22.89,NASA POWER
42,2015-10-01,195.7,1.89,22.6,12.25,19.87,NASA POWER
42,2015-11-01,193.5,2.23,20.87,11.55,14.64,NASA POWER
42,2015-12-01,107.5,5.22,23.37,14.29,13.33,NASA POWER
42,2016-01-01,182.7,11.47,30.05,20.76,12.27,NASA POWER
42,2016-02-01,169.0,10.88,29.51,20.2,19.87,NASA POWER
42,2016-03-01,182.9,8.38,27.83,18.11,15.46,NASA POWER
42,2016-04-01,90.5,6.06,26.57,16.32,20.66,NASA POWER
42,2016-05-01,131.8,7.65,26.43,17.04,15.12,NASA POWER
42,2016-06-01,619.3,13.96,31.56,22.76,21.11,NASA POWER
42,2016-07-01,610.2,12.48,32.07,22.27,18.83,NASA POWER
42,2016-08-01,522.0,11.75,31.95,21.85,13.46,NASA POWER
42,2016-09-01,647.7,10.29,29.2,19.74,21.78,NASA POWER
42,2016-10-01,147.2,5.82,26.25,16.04,14.65,NASA POWER
42,2016-11-01,109.4,1.05,21.52,11.29,14.2,NASA POWER
42,2016-12-01,159.0,6.27,24.15,15.21,20.68,NASA POWER
42,2017-01-01,155.6,9.75,28.95,19.35,11.51,NASA POWER
42,2017-02-01,200.6,10.53,31.17,20.85,12.23,NASA POWER
42,2017-03-01,157.9,12.64,31.67,22.16,11.35,NASA POWER
42,2017-04-01,185.9,7.85,27.16,17.5,15.52,NASA POWER
42,2017-05-01,93.2,6.94,27.38,17.16,16.84,NASA POWER
42,2017-06-01,501.0,14.02,31.51,22.77,15.73,NASA POWER
42,2017-07-01,543.1,10.74,31.75,21.25,17.35,NASA POWER
42,2017-08-01,549.4,11.5,30.19,20.84,12.41,NASA POWER
42,2017-09-01,557.4,12.66,31.56,22.11,20.46,NASA POWER
42,2017-10-01,127.9,4.14,24.63,14.38,12.74,NASA POWER
42,2017-11-01,193.1,6.26,24.73,15.5,14.41,NASA POWER
42,2017-12-01,156.4,3.37,21.55,12.46,21.59,NASA POWER
42,2018-01-01,121.0,15.43,33.22,24.32,13.6,NASA POWER
42,2018-02-01,95.1,12.03,31.83,21.93,20.48,NASA POWER
42,2018-03-01,84.8,9.12,28.48,18.8,20.68,NASA POWER
42,2018-04-01,147.4,8.71,25.44,17.08,15.68,NASA POWER
42,2018-05-01,91.8,7.59,25.34,16.46,21.19,NASA POWER
42,2018-06-01,577.7,13.59,31.63,22.61,18.55,NASA POWER
42,2018-07-01,484.3,9.77,30.74,20.25,23.46,NASA POWER
42,2018-08-01,551.6,14.09,31.75,22.92,23.0,NASA POWER
42,2018-09-01,577.8,14.07,32.36,23.21,23.16,NASA POWER
42,2018-10-01,203.0,6.7,24.42,15.56,23.59,NASA POWER
42,2018-11-01,113.4,2.52,22.35,12.44,16.64,NASA POWER
42,2018-12-01,142.1,4.47,20.85,12.66,17.43,NASA POWER
42,2019-01-01,129.1,15.01,33.66,24.33,11.96,NASA POWER
42,2019-02-01,167.0,8.67,29.44,19.05,11.59,NASA POWER
42,2019-03-01,152.0,8.68,27.76,18.22,13.69,NASA POWER
42,2019-04-01,115.0,10.07,30.82,20.45,12.32,NASA POWER
42,2019-05-01,122.6,10.78,27.35,19.07,21.77,NASA POWER
42,2019-06-01,552.5,16.7,33.43,25.06,11.27,NASA POWER
42,2019-07-01,588.2,13.51,33.16,23.33,22.34,NASA POWER
42,2019-08-01,670.3,10.96,31.17,21.07,20.67,NASA POWER
42,2019-09-01,647.0,14.18,30.97,22.57,22.41,NASA POWER
42,2019-10-01,82.5,2.61,22.6,12.61,11.4,NASA POWER
42,2019-11-01,143.7,4.87,26.35,15.61,13.92,NASA POWER
42,2019-12-01,113.1,4.81,23.53,14.17,19.13,NASA POWER
42,2020-01-01,128.6,13.77,34.08,23.92,17.21,NASA POWER
42,2020-02-01,143.3,10.5,30.54,20.52,15.33,NASA POWER
42,2020-03-01,191.7,12.71,30.93,21.82,19.41,NASA POWER
42,2020-04-01,148.3,9.93,28.61,19.27,18.36,NASA POWER
42,2020-05-01,150.5,9.35,28.47,18.91,16.11,NASA POWER
42,2020-06-01,460.6,13.88,32.98,23.43,11.31,NASA POWER
42,2020-07-01,605.7,12.3,30.81,21.55,23.26,NASA POWER
42,2020-08-01,467.0,14.47,35.79,25.13,15.52,NASA POWER
42,2020-09-01,538.3,14.74,32.63,23.69,22.03,NASA POWER
42,2020-10-01,188.7,4.88,24.82,14.85,23.67,NASA POWER
42,2020-11-01,116.5,5.35,22.27,13.81,11.56,NASA POWER
42,2020-12-01,116.2,4.78,25.41,15.1,17.24,NASA POWER
42,2021-01-01,111.8,10.95,28.13,19.54,16.84,NASA POWER
42,2021-02-01,201.6,9.43,30.78,20.11,15.31,NASA POWER
42,2021-03-01,89.4,11.33,31.0,21.16,11.2,NASA POWER
42,2021-04-01,106.5,7.73,27.25,17.49,22.35,NASA POWER
42,2021-05-01,80.7,10.18,27.27,18.73,14.04,NASA POWER
42,2021-06-01,647.5,13.73,33.48,23.6,12.03,NASA POWER
42,2021-07-01,610.8,13.46,32.45,22.96,17.63,NASA POWER
42,2021-08-01,558.1,16.5,35.23,25.86,22.0,NASA POWER
42,2021-09-01,492.4,12.4,30.73,21.57,14.42,NASA POWER
42,2021-10-01,174.3,6.95,25.13,16.04,20.98,NASA POWER
42,2021-11-01,117.8,2.16,20.24,11.2,18.55,NASA POWER
42,2021-12-01,196.2,0.44,20.65,10.54,15.6,NASA POWER
42,2022-01-01,93.0,12.6,32.32,22.46,19.42,NASA POWER
42,2022-02-01,198.8,11.08,29.09,20.09,14.44,NASA POWER
42,2022-03-01,129.5,12.41,32.5,22.45,17.15,NASA POWER
42,2022-04-01,175.5,6.66,25.91,16.29,20.76,NASA POWER
42,2022-05-01,137.8,10.27,29.35,19.81,12.3,NASA POWER
42,2022-06-01,562.8,10.34,28.81,19.57,20.27,NASA POWER
42,2022-07-01,631.5,14.08,33.11,23.59,22.28,NASA POWER
42,2022-08-01,606.6,15.36,32.9,24.13,21.26,NASA POWER
42,2022-09-01,459.9,12.52,30.42,21.47,21.99,NASA POWER
42,2022-10-01,189.2,2.57,23.63,13.1,22.56,NASA POWER
42,2022-11-01,103.5,5.24,25.34,15.29,19.85,NASA POWER
42,2022-12-01,140.4,3.28,20.83,12.05,21.49,NASA POWER
42,2023-01-01,84.1,12.73,32.1,22.41,17.76,NASA POWER
42,2023-02-01,165.9,13.32,31.91,22.62,17.97,NASA POWER
42,2023-03-01,150.5,9.39,27.58,18.48,19.89,NASA POWER
42,2023-04-01,185.3,8.33,26.27,17.3,18.18,NASA POWER
42,2023-05-01,112.6,8.51,25.56,17.04,23.37,NASA POWER
42,2023-06-01,550.7,11.14,29.47,20.3,22.87,NASA POWER
42,2023-07-01,622.7,10.93,30.72,20.82,13.55,NASA POWER
42,2023-08-01,527.8,10.15,29.93,20.04,18.9,NASA POWER
42,2023-09-01,478.9,14.15,32.8,23.47,17.72,NASA POWER
42,2023-10-01,155.5,5.46,25.47,15.46,18.41,NASA POWER
42,2023-11-01,184.5,3.94,23.2,13.57,17.66,NASA POWER
42,2023-12-01,109.6,1.31,20.16,10.73,14.46,NASA POWER
42,2024-01-01,146.4,11.68,28.7,20.19,17.72,NASA POWER
42,2024-02-01,146.4,9.73,28.85,19.29,18.76,NASA POWER
42,2024-03-01,136.3,10.17,29.85,20.01,20.04,NASA POWER
42,2024-04-01,172.5,9.93,28.28,19.11,11.3,NASA POWER
42,2024-05-01,72.0,9.25,28.32,18.79,17.25,NASA POWER
42,2024-06-01,508.1,13.26,32.39,22.82,23.4,NASA POWER
42,2024-07-01,574.8,14.29,31.62,22.95,22.26,NASA POWER
42,2024-08-01,526.6,13.16,31.95,22.55,23.89,NASA POWER
42,2024-09-01,579.1,11.03,30.33,20.68,23.26,NASA POWER
42,2024-10-01,143.6,1.7,20.83,11.26,17.09,NASA POWER
42,2024-11-01,132.3,1.96,21.13,11.54,23.5,NASA POWER
42,2024-12-01,100.5,0.4,19.73,10.06,11.4,NASA POWER
43,2014-01-01,229.4,7.01,25.69,16.35,9.8,NASA POWER
43,2014-02-01,106.4,10.26,26.61,18.43,14.1,NASA POWER
43,2014-03-01,226.3,7.31,26.14,16.73,9.83,NASA POWER
43,2014-04-01,161.1,3.13,22.04,12.58,15.12,NASA POWER
43,2014-05-01,80.6,4.11,24.57,14.34,17.37,NASA POWER
43,2014-06-01,609.5,10.52,29.18,19.85,10.99,NASA POWER
43,2014-07-01,701.5,8.32,25.29,16.8,18.89,NASA POWER
43,2014-08-01,646.7,9.01,28.31,18.66,18.72,NASA POWER
43,2014-09-01,616.5,8.48,27.12,17.8,16.74,NASA POWER
43,2014-10-01,191.1,-1.11,18.64,8.77,12.23,NASA POWER
43,2014-11-01,90.5,0.13,20.05,10.09,15.04,NASA POWER
43,2014-12-01,160.4,-1.73,18.75,8.51,9.68,NASA POWER
43,2015-01-01,140.2,9.87,30.0,19.93,18.72,NASA POWER
43,2015-02-01,128.8,5.06,24.06,14.56,11.69,NASA POWER
43,2015-03-01,192.1,5.85,24.51,15.18,10.66,NASA POWER
43,2015-04-01,159.0,5.15,21.78,13.46,18.05,NASA POWER
43,2015-05-01,113.2,5.89,25.53,15.71,15.47,NASA POWER
43,2015-06-01,669.9,5.79,27.34,16.57,15.48,NASA POWER
43,2015-07-01,526.3,8.76,27.73,18.25,11.72,NASA POWER
43,2015-08-01,658.8,9.48,30.1,19.79,17.86,NASA POWER
43,2015-09-01,516.2,7.89,27.33,17.61,9.69,NASA POWER
43,2015-10-01,186.4,0.15,17.3,8.72,19.53,NASA POWER
43,2015-11-01,83.8,2.09,19.29,10.69,16.8,NASA POWER
43,2015-12-01,170.3,1.53,21.64,11.59,14.71,NASA POWER
43,2016-01-01,232.9,10.71,29.21,19.96,12.79,NASA POWER
43,2016-02-01,140.5,4.82,24.15,14.48,14.35,NASA POWER
43,2016-03-01,110.3,5.74,26.43,16.09,10.95,NASA POWER
43,2016-04-01,152.6,5.43,25.44,15.44,13.08,NASA POWER
43,2016-05-01,210.2,8.13,25.8,16.96,16.18,NASA POWER
43,2016-06-01,689.3,11.49,29.74,20.61,10.18,NASA POWER
43,2016-07-01,656.9,7.31,26.9,17.11,17.87,NASA POWER
43,2016-08-01,604.5,6.09,27.11,16.6,14.91,NASA POWER
43,2016-09-01,704.6,11.23,28.73,19.98,12.68,NASA POWER
43,2016-10-01,189.6,1.82,19.27,10.54,16.31,NASA POWER
43,2016-11-01,206.2,2.32,21.41,11.87,10.77,NASA POWER
43,2016-12-01,189.0,-2.33,14.75,6.21,15.42,NASA POWER
43,2017-01-01,191.9,5.65,26.53,16.09,19.63,NASA POWER
43,2017-02-01,94.8,9.54,27.22,18.38,9.26,NASA POWER
43,2017-03-01,110.0,6.73,24.37,15.55,14.88,NASA POWER
43,2017-04-01,175.5,6.15,25.46,15.8,15.2,NASA POWER
43,2017-05-01,138.4,3.28,22.84,13.06,14.25,NASA POWER
43,2017-06-01,674.0,7.76,28.04,17.9,12.04,NASA POWER
43,2017-07-01,560.0,10.55,28.43,19.49,9.27,NASA POWER
43,2017-08-01,573.7,7.69,27.86,17.77,14.78,NASA POWER
43,2017-09-01,646.0,11.03,29.83,20.43,18.35,NASA POWER
43,2017-10-01,145.0,2.64,21.15,11.89,9.45,NASA POWER
43,2017-11-01,171.6,-1.81,17.43,7.81,10.19,NASA POWER
43,2017-12-01,153.6,-2.59,17.18,7.29,17.84,NASA POWER
43,2018-01-01,198.5,9.41,26.69,18.05,15.4,NASA POWER
43,2018-02-01,209.0,9.61,29.08,19.34,9.66,NASA POWER
43,2018-03-01,177.6,7.74,26.91,17.32,17.59,NASA POWER
43,2018-04-01,88.1,6.72,26.74,16.73,15.26,NASA POWER
43,2018-05-01,231.5,5.53,25.53,15.53,18.58,NASA POWER
43,2018-06-01,764.8,7.52,26.64,17.08,10.39,NASA POWER
43,2018-07-01,686.7,11.0,27.6,19.3,12.75,NASA POWER
43,2018-08-01,561.6,9.89,30.07,19.98,11.68,NASA POWER
43,2018-09-01,699.0,9.29,28.39,18.84,13.24,NASA POWER
43,2018-10-01,124.7,-0.8,16.33,7.76,16.46,NASA POWER
43,2018-11-01,96.6,-1.91,18.08,8.08,11.89,NASA POWER
43,2018-12-01,121.2,-0.99,18.16,8.59,17.96,NASA POWER
43,2019-01-01,196.7,11.48,29.75,20.62,13.45,NASA POWER
43,2019-02-01,194.7,7.8,26.34,17.07,14.85,NASA POWER
43,2019-03-01,211.8,5.72,26.79,16.25,17.77,NASA POWER
43,2019-04-01,203.8,6.47,26.25,16.36,13.18,NASA POWER
43,2019-05-01,142.2,7.46,26.75,17.11,13.23,NASA POWER
43,2019-06-01,694.0,12.18,29.49,20.84,9.53,NASA POWER
43,2019-07-01,560.1,9.31,27.56,18.43,17.31,NASA POWER
43,2019-08-01,616.5,6.81,25.15,15.98,10.32,NASA POWER
43,2019-09-01,664.1,12.33,31.32,21.82,10.88,NASA POWER
43,2019-10-01,216.6,3.49,21.05,12.27,12.25,NASA POWER
43,2019-11-01,105.9,-2.54,18.68,8.07,18.48,NASA POWER
43,2019-12-01,158.4,-0.63,17.73,8.55,14.0,NASA POWER
43,2020-01-01,219.8,7.21,26.22,16.71,12.9,NASA POWER
43,2020-02-01,216.5,7.62,28.41,18.02,10.65,NASA POWER
43,2020-03-01,83.1,7.82,25.06,16.44,16.97,NASA POWER
43,2020-04-01,119.9,6.09,27.31,16.7,18.03,NASA POWER
43,2020-05-01,86.3,7.57,25.43,16.5,16.52,NASA POWER
43,2020-06-01,647.3,9.69,27.68,18.68,9.97,NASA POWER
43,2020-07-01,680.2,8.89,26.12,17.51,13.58,NASA POWER
43,2020-08-01,535.3,10.22,28.29,19.25,10.73,NASA POWER
43,2020-09-01,670.5,6.06,24.31,15.18,9.43,NASA POWER
43,2020-10-01,81.9,-0.32,17.77,8.72,17.06,NASA POWER
43,2020-11-01,112.8,-1.75,17.87,8.06,9.8,NASA POWER
43,2020-12-01,83.4,-1.14,18.43,8.64,16.07,NASA POWER
43,2021-01-01,232.0,9.09,28.22,18.66,14.07,NASA POWER
43,2021-02-01,137.1,4.38,23.77,14.07,17.12,NASA POWER
43,2021-03-01,81.5,5.77,25.33,15.55,12.12,NASA POWER
43,2021-04-01,208.1,4.01,24.78,14.39,19.44,NASA POWER
43,2021-05-01,93.5,8.13,25.6,16.87,13.05,NASA POWER
43,2021-06-01,669.3,11.65,31.1,21.38,15.59,NASA POWER
43,2021-07-01,700.0,9.62,27.68,18.65,10.01,NASA POWER
43,2021-08-01,578.2,9.94,29.75,19.84,12.57,NASA POWER
43,2021-09-01,647.6,7.51,26.65,17.08,12.7,NASA POWER
43,2021-10-01,115.4,2.62,20.7,11.66,19.66,NASA POWER
43,2021-11-01,149.9,0.01,20.93,10.47,12.62,NASA POWER
43,2021-12-01,223.8,-3.34,16.9,6.78,15.19,NASA POWER
43,2022-01-01,162.3,10.24,29.56,19.9,11.47,NASA POWER
43,2022-02-01,111.8,4.37,24.9,14.63,15.41,NASA POWER
43,2022-03-01,121.0,6.38,25.1,15.74,9.12,NASA POWER
43,2022-04-01,168.1,5.16,25.04,15.1,17.64,NASA POWER
43,2022-05-01,236.3,4.03,23.23,13.63,19.52,NASA POWER
43,2022-06-01,557.9,7.34,26.5,16.92,19.56,NASA POWER
43,2022-07-01,764.2,9.71,28.9,19.3,19.57,NASA POWER
43,2022-08-01,654.7,11.74,31.64,21.69,15.7,NASA POWER
43,2022-09-01,690.4,8.24,26.74,17.49,11.17,NASA POWER
43,2022-10-01,92.0,-0.56,18.73,9.09,16.48,NASA POWER
43,2022-11-01,207.4,0.36,19.01,9.69,13.27,NASA POWER
43,2022-12-01,108.3,-0.07,18.18,9.05,16.14,NASA POWER
43,2023-01-01,182.2,9.12,28.32,18.72,13.5,NASA POWER
43,2023-02-01,220.7,3.93,24.0,13.96,13.9,NASA POWER
43,2023-03-01,171.3,8.83,27.43,18.13,11.95,NASA POWER
43,2023-04-01,134.3,4.4,23.1,13.75,18.47,NASA POWER
43,2023-05-01,217.7,7.67,27.11,17.39,11.94,NASA POWER
43,2023-06-01,755.7,10.09,29.27,19.68,9.75,NASA POWER
43,2023-07-01,746.0,7.63,27.74,17.68,16.16,NASA POWER
43,2023-08-01,710.3,12.58,30.76,21.67,18.33,NASA POWER
43,2023-09-01,760.0,9.73,27.88,18.8,10.17,NASA POWER
43,2023-10-01,232.6,1.69,21.52,11.61,14.34,NASA POWER
43,2023-11-01,84.6,3.31,21.9,12.6,12.34,NASA POWER
43,2023-12-01,148.7,-2.42,16.84,7.21,17.26,NASA POWER
43,2024-01-01,137.9,6.47,24.75,15.61,9.16,NASA POWER
43,2024-02-01,217.0,9.17,28.78,18.98,12.63,NASA POWER
43,2024-03-01,120.8,5.08,22.55,13.82,14.31,NASA POWER
43,2024-04-01,99.2,7.27,26.76,17.02,14.88,NASA POWER
43,2024-05-01,158.3,6.16,25.86,16.01,9.36,NASA POWER
43,2024-06-01,731.0,6.31,24.1,15.21,9.55,NASA POWER
43,2024-07-01,625.4,11.36,27.68,19.52,14.83,NASA POWER
43,2024-08-01,686.1,9.72,26.37,18.05,15.11,NASA POWER
43,2024-09-01,732.9,7.62,25.77,16.7,16.85,NASA POWER
43,2024-10-01,84.1,-1.94,18.91,8.48,17.7,NASA POWER
43,2024-11-01,153.8,-1.26,15.61,7.17,19.6,NASA POWER
43,2024-12-01,225.8,1.47,19.43,10.45,10.68,NASA POWER
44,2014-01-01,116.0,-1.09,17.22,8.06,14.61,NASA POWER
44,2014-02-01,116.0,-5.36,15.98,5.31,16.59,NASA POWER
44,2014-03-01,110.7,-5.25,15.19,4.97,12.67,NASA POWER
44,2014-04-01,88.2,-7.58,11.68,2.05,17.3,NASA POWER
44,2014-05-01,99.0,-1.81,14.44,6.31,19.81,NASA POWER
44,2014-06-01,379.3,-0.42,20.15,9.86,10.57,NASA POWER
44,2014-07-01,256.4,0.5,20.0,10.25,17.17,NASA POWER
44,2014-08-01,288.4,-1.91,15.29,6.69,15.69,NASA POWER
44,2014-09-01,293.6,0.11,18.23,9.17,12.03,NASA POWER
44,2014-10-01,100.9,-9.67,11.06,0.7,18.85,NASA POWER
44,2014-11-01,47.2,-11.42,8.17,-1.62,10.9,NASA POWER
44,2014-12-01,103.9,-10.83,9.37,-0.73,17.93,NASA POWER
44,2015-01-01,76.6,-2.84,15.04,6.1,18.97,NASA POWER
44,2015-02-01,63.3,-5.15,14.07,4.46,12.88,NASA POWER
44,2015-03-01,77.4,-2.63,14.47,5.92,11.56,NASA POWER
44,2015-04-01,103.2,-5.25,13.95,4.35,20.59,NASA POWER
44,2015-05-01,61.3,-4.16,14.92,5.38,10.96,NASA POWER
44,2015-06-01,264.2,-3.24,14.84,5.8,10.81,NASA POWER
44,2015-07-01,350.9,-3.86,15.35,5.75,18.0,NASA POWER
44,2015-08-01,330.9,0.71,19.68,10.2,20.55,NASA POWER
44,2015-09-01,269.7,-0.94,17.51,8.29,17.44,NASA POWER
44,2015-10-01,107.4,-7.21,11.3,2.05,16.38,NASA POWER
44,2015-11-01,86.1,-7.72,9.07,0.68,10.34,NASA POWER
44,2015-12-01,94.8,-10.33,8.88,-0.72,19.24,NASA POWER
44,2016-01-01,90.5,-2.96,17.88,7.46,15.68,NASA POWER
44,2016-02-01,40.4,-5.12,13.89,4.38,14.91,NASA POWER
44,2016-03-01,75.1,-1.66,14.56,6.45,18.59,NASA POWER
44,2016-04-01,81.4,-1.37,17.8,8.21,19.33,NASA POWER
44,2016-05-01,58.7,-4.04,15.14,5.55,21.55,NASA POWER
44,2016-06-01,378.6,-0.39,17.25,8.43,17.26,NASA POWER
44,2016-07-01,365.1,-0.02,17.23,8.61,18.98,NASA POWER
44,2016-08-01,302.7,-4.0,17.14,6.57,17.78,NASA POWER
44,2016-09-01,373.3,-4.44,15.18,5.37,19.81,NASA POWER
44,2016-10-01,71.3,-11.09,10.05,-0.52,17.27,NASA POWER
44,2016-11-01,68.1,-11.57,7.31,-2.13,12.47,NASA POWER
44,2016-12-01,55.8,-10.48,8.11,-1.19,11.65,NASA POWER
44,2017-01-01,44.4,0.96,19.51,10.24,18.41,NASA POWER
44,2017-02-01,94.5,-6.6,13.48,3.44,19.65,NASA POWER
44,2017-03-01,90.6,-6.29,12.97,3.34,13.47,NASA POWER
44,2017-04-01,107.8,-2.18,14.5,6.16,13.72,NASA POWER
44,2017-05-01,70.2,-3.31,17.04,6.86,17.54,NASA POWER
44,2017-06-01,339.8,-0.93,19.02,9.04,18.0,NASA POWER
44,2017-07-01,280.3,-3.36,17.53,7.09,14.84,NASA POWER
44,2017-08-01,331.7,0.84,20.73,10.79,21.44,NASA POWER
44,2017-09-01,331.6,-2.34,17.03,7.35,10.56,NASA POWER
44,2017-10-01,96.2,-6.93,11.83,2.45,19.41,NASA POWER
44,2017-11-01,41.6,-11.0,6.69,-2.15,21.09,NASA POWER
44,2017-12-01,42.3,-10.27,9.53,-0.37,12.22,NASA POWER
44,2018-01-01,41.6,0.46,17.89,9.18,19.44,NASA POWER
44,2018-02-01,86.1,0.3,16.96,8.63,18.16,NASA POWER
44,2018-03-01,63.0,-6.83,12.91,3.04,11.92,NASA POWER
44,2018-04-01,69.9,-4.22,13.85,4.81,15.96,NASA POWER
44,2018-05-01,114.4,-7.35,13.87,3.26,20.75,NASA POWER
44,2018-06-01,360.3,-0.47,17.11,8.32,13.04,NASA POWER
44,2018-07-01,377.2,1.95,20.29,11.12,15.97,NASA POWER
44,2018-08-01,336.6,-1.42,18.63,8.61,17.29,NASA POWER
44,2018-09-01,360.9,2.33,19.38,10.86,15.85,NASA POWER
44,2018-10-01,105.2,-11.15,8.27,-1.44,18.63,NASA POWER
44,2018-11-01,100.7,-9.3,11.92,1.31,17.83,NASA POWER
44,2018-12-01,59.9,-7.97,10.62,1.32,19.56,NASA POWER
44,2019-01-01,100.6,-1.6,17.17,7.79,14.57,NASA POWER
44,2019-02-01,102.4,-1.92,16.93,7.5,19.38,NASA POWER
44,2019-03-01,102.7,-2.13,16.89,7.38,17.49,NASA POWER
44,2019-04-01,78.5,-1.21,15.73,7.26,21.75,NASA POWER
44,2019-05-01,70.6,-4.29,16.21,5.96,12.19,NASA POWER
44,2019-06-01,282.2,-2.66,15.75,6.54,11.77,NASA POWER
44,2019-07-01,345.3,-1.21,18.68,8.73,18.09,NASA POWER
44,2019-08-01,349.1,0.71,20.53,10.62,17.64,NASA POWER
44,2019-09-01,295.4,1.44,17.96,9.7,20.32,NASA POWER
44,2019-10-01,73.6,-6.83,11.81,2.49,17.74,NASA POWER
44,2019-11-01,113.7,-11.87,8.38,-1.74,12.95,NASA POWER
44,2019-12-01,76.6,-7.51,9.38,0.94,16.19,NASA POWER
44,2020-01-01,50.8,-1.05,17.01,7.98,13.24,NASA POWER
44,2020-02-01,93.4,-0.05,18.65,9.3,12.43,NASA POWER
44,2020-03-01,51.2,-2.76,17.15,7.19,11.78,NASA POWER
44,2020-04-01,97.7,-6.95,14.41,3.73,13.46,NASA POWER
44,2020-05-01,100.9,-2.38,16.77,7.2,19.51,NASA POWER
44,2020-06-01,324.5,-0.6,20.09,9.74,11.11,NASA POWER
44,2020-07-01,314.6,0.42,21.87,11.15,12.76,NASA POWER
44,2020-08-01,342.8,-2.12,16.32,7.1,20.7,NASA POWER
44,2020-09-01,307.8,-0.42,16.9,8.24,16.48,NASA POWER
44,2020-10-01,112.9,-5.85,12.61,3.38,20.12,NASA POWER
44,2020-11-01,78.5,-7.66,9.66,1.0,12.45,NASA POWER
44,2020-12-01,68.1,-7.73,9.91,1.09,21.47,NASA POWER
44,2021-01-01,76.1,-3.9,14.66,5.38,21.79,NASA POWER
44,2021-02-01,65.8,-2.0,15.98,6.99,16.7,NASA POWER
44,2021-03-01,81.8,-1.69,15.94,7.12,20.92,NASA POWER
44,2021-04-01,95.6,-6.77,12.14,2.69,16.79,NASA POWER
44,2021-05-01,64.6,-5.88,13.84,3.98,15.07,NASA POWER
44,2021-06-01,271.3,0.74,17.33,9.03,11.67,NASA POWER
44,2021-07-01,380.2,-2.85,16.76,6.96,13.47,NASA POWER
44,2021-08-01,277.1,-2.1,17.65,7.77,12.32,NASA POWER
44,2021-09-01,300.0,-3.79,15.06,5.63,14.27,NASA POWER
44,2021-10-01,70.8,-11.77,7.86,-1.95,20.75,NASA POWER
44,2021-11-01,110.0,-7.98,11.34,1.68,14.54,NASA POWER
44,2021-12-01,73.4,-10.19,8.52,-0.83,16.94,NASA POWER
44,2022-01-01,42.6,-1.96,17.57,7.8,21.34,NASA POWER
44,2022-02-01,74.7,-1.51,19.56,9.02,16.07,NASA POWER
44,2022-03-01,69.5,-1.48,17.48,8.0,10.52,NASA POWER
44,2022-04-01,100.4,-2.23,17.26,7.52,11.14,NASA POWER
44,2022-05-01,66.5,-4.37,14.75,5.19,11.97,NASA POWER
44,2022-06-01,378.8,-2.88,16.34,6.73,12.89,NASA POWER
44,2022-07-01,279.3,-0.25,17.7,8.72,11.05,NASA POWER
44,2022-08-01,379.8,-2.79,16.26,6.74,12.46,NASA POWER
44,2022-09-01,291.3,-0.16,19.74,9.79,18.78,NASA POWER
44,2022-10-01,45.6,-9.09,10.8,0.86,13.07,NASA POWER
44,2022-11-01,109.4,-8.37,10.56,1.1,18.86,NASA POWER
44,2022-12-01,75.2,-11.13,7.33,-1.9,14.47,NASA POWER
44,2023-01-01,112.3,-3.03,14.83,5.9,11.89,NASA POWER
44,2023-02-01,53.0,-2.28,18.09,7.91,11.17,NASA POWER
44,2023-03-01,59.8,-5.94,12.91,3.48,12.61,NASA POWER
44,2023-04-01,65.8,-5.58,14.55,4.49,20.49,NASA POWER
44,2023-05-01,46.1,-6.88,14.95,4.04,17.4,NASA POWER
44,2023-06-01,317.9,-2.23,17.96,7.87,19.85,NASA POWER
44,2023-07-01,354.1,1.41,20.48,10.95,13.02,NASA POWER
44,2023-08-01,320.9,0.05,20.27,10.16,12.15,NASA POWER
44,2023-09-01,370.5,-1.42,17.1,7.84,11.15,NASA POWER
44,2023-10-01,56.9,-6.58,10.94,2.18,10.31,NASA POWER
44,2023-11-01,82.9,-10.9,8.97,-0.96,14.71,NASA POWER
44,2023-12-01,90.2,-9.67,11.83,1.08,17.64,NASA POWER
44,2024-01-01,60.8,1.64,19.51,10.58,12.52,NASA POWER
44,2024-02-01,58.0,-4.9,14.29,4.69,13.56,NASA POWER
44,2024-03-01,59.1,-2.52,14.87,6.17,12.2,NASA POWER
44,2024-04-01,47.0,-1.69,15.39,6.85,15.52,NASA POWER
44,2024-05-01,115.0,-4.54,17.39,6.43,15.6,NASA POWER
44,2024-06-01,354.1,-0.08,17.7,8.81,10.28,NASA POWER
44,2024-07-01,361.9,-2.58,16.09,6.75,11.47,NASA POWER
44,2024-08-01,350.9,0.32,20.72,10.52,15.94,NASA POWER
44,2024-09-01,278.5,-2.5,16.56,7.03,15.27,NASA POWER
44,2024-10-01,84.4,-7.78,10.21,1.22,19.07,NASA POWER
44,2024-11-01,113.9,-12.91,6.38,-3.27,20.64,NASA POWER
44,2024-12-01,57.3,-12.74,5.98,-3.38,12.03,NASA POWER
45,2014-01-01,173.6,4.78,25.17,14.98,18.99,NASA POWER
45,2014-02-01,189.5,9.72,27.95,18.84,14.4,NASA POWER
45,2014-03-01,194.5,4.67,24.23,14.45,14.53,NASA POWER
45,2014-04-01,177.7,9.28,26.16,17.72,11.51,NASA POWER
45,2014-05-01,153.7,3.07,24.69,13.88,17.91,NASA POWER
45,2014-06-01,628.4,7.17,26.06,16.61,17.19,NASA POWER
45,2014-07-01,572.2,9.4,28.49,18.95,9.39,NASA POWER
45,2014-08-01,619.5,11.03,29.63,20.33,19.29,NASA POWER
45,2014-09-01,588.8,8.68,26.72,17.7,15.51,NASA POWER
45,2014-10-01,139.0,-1.06,17.96,8.45,10.33,NASA POWER
45,2014-11-01,104.5,-3.1,15.21,6.06,17.37,NASA POWER
45,2014-12-01,117.2,-3.27,17.72,7.22,11.42,NASA POWER
45,2015-01-01,153.9,6.47,26.21,16.34,14.26,NASA POWER
45,2015-02-01,181.2,6.87,26.66,16.77,14.15,NASA POWER
45,2015-03-01,239.7,7.44,26.73,17.09,15.58,NASA POWER
45,2015-04-01,175.7,6.86,22.98,14.92,17.35,NASA POWER
45,2015-05-01,121.4,8.05,25.72,16.88,12.53,NASA POWER
45,2015-06-01,548.8,7.33,24.65,15.99,17.39,NASA POWER
45,2015-07-01,700.3,7.94,27.04,17.49,17.12,NASA POWER
45,2015-08-01,514.8,10.51,30.11,20.31,18.76,NASA POWER
45,2015-09-01,597.1,7.99,27.58,17.79,18.31,NASA POWER
45,2015-10-01,92.5,2.41,19.97,11.19,9.8,NASA POWER
45,2015-11-01,217.4,0.5,21.01,10.76,18.76,NASA POWER
45,2015-12-01,156.1,1.52,20.73,11.12,13.67,NASA POWER
45,2016-01-01,156.0,8.2,25.5,16.85,17.47,NASA POWER
45,2016-02-01,118.5,4.21,23.64,13.93,15.9,NASA POWER
45,2016-03-01,136.1,4.0,25.76,14.88,11.94,NASA POWER
45,2016-04-01,228.6,5.45,24.08,14.76,13.01,NASA POWER
45,2016-05-01,109.7,5.23,21.66,13.45,14.61,NASA POWER
45,2016-06-01,527.3,11.12,28.66,19.89,12.89,NASA POWER
45,2016-07-01,575.2,11.28,30.2,20.74,17.18,NASA POWER
45,2016-08-01,756.8,11.55,30.39,20.97,12.91,NASA POWER
45,2016-09-01,662.0,9.94,28.79,19.36,18.93,NASA POWER
45,2016-10-01,90.3,3.37,22.67,13.02,14.82,NASA POWER
45,2016-11-01,126.9,1.01,21.36,11.19,13.7,NASA POWER
45,2016-12-01,127.7,-1.78,16.27,7.25,17.05,NASA POWER
45,2017-01-01,200.9,6.25,25.1,15.68,9.24,NASA POWER
45,2017-02-01,90.3,9.74,27.99,18.86,17.7,NASA POWER
45,2017-03-01,109.7,4.78,25.81,15.29,19.68,NASA POWER
45,2017-04-01,179.6,2.56,22.35,12.46,19.07,NASA POWER
45,2017-05-01,236.2,5.19,24.14,14.67,12.1,NASA POWER
45,2017-06-01,697.3,10.78,29.79,20.29,16.73,NASA POWER
45,2017-07-01,722.9,11.16,30.38,20.77,11.52,NASA POWER
45,2017-08-01,602.5,10.1,28.53,19.32,18.61,NASA POWER
45,2017-09-01,552.8,6.49,26.0,16.25,9.89,NASA POWER
45,2017-10-01,112.3,1.65,20.71,11.18,14.89,NASA POWER
45,2017-11-01,195.7,-3.01,18.47,7.73,15.19,NASA POWER
45,2017-12-01,100.8,-1.12,17.18,8.03,17.29,NASA POWER
45,2018-01-01,229.0,6.66,25.58,16.12,19.33,NASA POWER
45,2018-02-01,129.7,5.61,22.49,14.05,14.3,NASA POWER
45,2018-03-01,182.5,9.18,25.58,17.38,17.35,NASA POWER
45,2018-04-01,130.8,4.18,24.21,14.2,11.86,NASA POWER
45,2018-05-01,207.7,6.77,24.54,15.65,17.06,NASA POWER
45,2018-06-01,740.7,7.58,27.71,17.64,15.48,NASA POWER
45,2018-07-01,741.3,9.65,28.77,19.21,14.98,NASA POWER
45,2018-08-01,661.3,5.54,25.69,15.62,14.72,NASA POWER
45,2018-09-01,522.9,9.39,27.46,18.43,11.74,NASA POWER
45,2018-10-01,239.7,3.38,22.01,12.7,16.99,NASA POWER
45,2018-11-01,176.3,1.51,20.8,11.16,18.54,NASA POWER
45,2018-12-01,168.4,-0.59,19.56,9.48,9.79,NASA POWER
45,2019-01-01,170.9,6.41,24.87,15.64,18.33,NASA POWER
45,2019-02-01,214.1,7.13,26.51,16.82,9.32,NASA POWER
45,2019-03-01,101.9,4.2,23.62,13.91,18.34,NASA POWER
45,2019-04-01,202.1,4.61,26.2,15.4,14.74,NASA POWER
45,2019-05-01,235.3,5.16,23.51,14.34,14.63,NASA POWER
45,2019-06-01,756.0,10.07,30.32,20.2,17.7,NASA POWER
45,2019-07-01,544.3,10.47,28.82,19.64,19.58,NASA POWER
45,2019-08-01,592.6,9.61,28.3,18.95,19.25,NASA POWER
45,2019-09-01,642.5,11.05,28.41,19.73,11.6,NASA POWER
45,2019-10-01,223.9,0.8,20.02,10.41,17.56,NASA POWER
45,2019-11-01,166.0,1.13,18.89,10.01,16.88,NASA POWER
45,2019-12-01,238.3,-2.73,15.64,6.46,19.02,NASA POWER
45,2020-01-01,124.7,7.16,28.65,17.91,16.29,NASA POWER
45,2020-02-01,183.8,5.31,25.6,15.46,9.27,NASA POWER
45,2020-03-01,87.6,9.25,26.75,18.0,15.94,NASA POWER
45,2020-04-01,164.8,5.09,24.02,14.55,19.66,NASA POWER
45,2020-05-01,200.6,4.79,22.68,13.73,11.44,NASA POWER
45,2020-06-01,664.9,11.41,28.45,19.93,13.22,NASA POWER
45,2020-07-01,536.1,8.74,27.5,18.12,16.97,NASA POWER
45,2020-08-01,557.8,11.78,29.75,20.77,11.51,NASA POWER
45,2020-09-01,636.2,8.12,27.26,17.69,18.3,NASA POWER
45,2020-10-01,150.3,0.66,19.02,9.84,14.86,NASA POWER
45,2020-11-01,106.4,2.87,22.01,12.44,18.87,NASA POWER
45,2020-12-01,149.6,-0.09,17.53,8.72,17.67,NASA POWER
45,2021-01-01,201.1,6.65,25.7,16.18,15.29,NASA POWER
45,2021-02-01,116.4,4.5,23.74,14.12,18.51,NASA POWER
45,2021-03-01,134.3,7.95,28.21,18.08,18.84,NASA POWER
45,2021-04-01,117.4,6.34,26.82,16.58,16.14,NASA POWER
45,2021-05-01,230.5,2.17,21.66,11.91,15.23,NASA POWER
45,2021-06-01,574.8,8.88,28.32,18.6,14.44,NASA POWER
45,2021-07-01,675.7,6.04,25.07,15.55,12.81,NASA POWER
45,2021-08-01,538.0,11.96,30.69,21.33,12.04,NASA POWER
45,2021-09-01,597.2,9.45,27.43,18.44,18.96,NASA POWER
45,2021-10-01,213.8,2.36,20.95,11.65,15.11,NASA POWER
45,2021-11-01,182.8,-3.09,15.46,6.19,17.01,NASA POWER
45,2021-12-01,101.2,-1.4,16.82,7.71,15.55,NASA POWER
45,2022-01-01,203.3,9.24,27.44,18.34,13.34,NASA POWER
45,2022-02-01,174.9,6.12,26.84,16.48,11.86,NASA POWER
45,2022-03-01,111.9,4.12,22.58,13.35,15.21,NASA POWER
45,2022-04-01,186.0,6.43,26.73,16.58,12.43,NASA POWER
45,2022-05-01,222.4,7.03,25.4,16.21,16.8,NASA POWER
45,2022-06-01,744.1,7.76,24.88,16.32,16.08,NASA POWER
45,2022-07-01,681.9,6.28,26.96,16.62,14.04,NASA POWER
45,2022-08-01,633.6,9.81,29.47,19.64,17.0,NASA POWER
45,2022-09-01,696.3,10.77,28.03,19.4,12.73,NASA POWER
45,2022-10-01,180.4,-1.39,19.12,8.87,17.49,NASA POWER
45,2022-11-01,114.5,1.05,19.8,10.43,15.58,NASA POWER
45,2022-12-01,137.8,1.35,18.52,9.94,10.07,NASA POWER
45,2023-01-01,236.5,8.69,27.08,17.88,18.17,NASA POWER
45,2023-02-01,96.8,5.18,23.36,14.27,13.8,NASA POWER
45,2023-03-01,150.2,7.26,28.14,17.7,17.64,NASA POWER
45,2023-04-01,162.8,6.8,25.72,16.26,13.21,NASA POWER
45,2023-05-01,219.2,6.83,26.22,16.52,17.19,NASA POWER
45,2023-06-01,565.6,7.35,28.03,17.69,11.8,NASA POWER
45,2023-07-01,660.7,7.28,25.47,16.38,11.47,NASA POWER
45,2023-08-01,719.2,10.37,29.6,19.98,17.12,NASA POWER
45,2023-09-01,705.7,10.21,27.14,18.68,9.78,NASA POWER
45,2023-10-01,179.3,3.17,20.69,11.93,10.0,NASA POWER
45,2023-11-01,97.9,0.45,19.48,9.96,14.99,NASA POWER
45,2023-12-01,169.4,-2.2,16.49,7.14,10.34,NASA POWER
45,2024-01-01,143.3,11.35,29.34,20.34,10.09,NASA POWER
45,2024-02-01,103.0,5.71,24.68,15.2,11.19,NASA POWER
45,2024-03-01,211.0,6.73,27.68,17.2,18.32,NASA POWER
45,2024-04-01,171.4,4.65,21.69,13.17,15.25,NASA POWER
45,2024-05-01,235.7,4.22,22.51,13.37,15.36,NASA POWER
45,2024-06-01,585.7,9.14,27.84,18.49,13.52,NASA POWER
45,2024-07-01,648.3,9.55,28.76,19.16,17.31,NASA POWER
45,2024-08-01,622.6,11.98,30.03,21.01,14.1,NASA POWER
45,2024-09-01,536.7,7.98,28.04,18.01,14.69,NASA POWER
45,2024-10-01,182.4,1.81,19.61,10.71,15.13,NASA POWER
45,2024-11-01,93.2,-1.57,18.3,8.37,13.68,NASA POWER
45,2024-12-01,135.9,0.78,20.73,10.76,17.85,NASA POWER
46,2014-01-01,125.2,9.58,27.03,18.3,19.7,NASA POWER
46,2014-02-01,118.3,6.0,24.72,15.36,10.3,NASA POWER
46,2014-03-01,89.2,4.71,25.17,14.94,12.15,NASA POWER
46,2014-04-01,134.9,4.0,24.25,14.12,9.06,NASA POWER
46,2014-05-01,129.0,5.3,26.63,15.96,16.91,NASA POWER
46,2014-06-01,641.4,9.35,27.3,18.32,14.62,NASA POWER
46,2014-07-01,539.6,8.82,27.4,18.11,10.18,NASA POWER
46,2014-08-01,751.2,10.14,29.99,20.06,18.83,NASA POWER
46,2014-09-01,514.1,7.11,25.55,16.33,14.34,NASA POWER
46,2014-10-01,221.8,-1.06,17.33,8.13,9.86,NASA POWER
46,2014-11-01,153.2,-2.46,18.86,8.2,16.12,NASA POWER
46,2014-12-01,220.2,0.33,20.12,10.22,12.64,NASA POWER
46,2015-01-01,110.0,7.43,27.51,17.47,11.58,NASA POWER
46,2015-02-01,102.7,6.64,24.41,15.53,12.69,NASA POWER
46,2015-03-01,143.0,4.66,25.48,15.07,13.73,NASA POWER
46,2015-04-01,142.1,3.47,22.72,13.09,10.35,NASA POWER
46,2015-05-01,104.2,7.3,26.93,17.11,10.35,NASA POWER
46,2015-06-01,513.7,10.87,29.75,20.31,14.18,NASA POWER
46,2015-07-01,673.2,11.09,29.27,20.18,17.11,NASA POWER
46,2015-08-01,699.5,10.54,29.44,19.99,9.05,NASA POWER
46,2015-09-01,559.9,6.36,26.44,16.4,9.89,NASA POWER
46,2015-10-01,163.4,2.51,21.78,12.14,15.22,NASA POWER
46,2015-11-01,84.6,0.48,18.08,9.28,13.95,NASA POWER
46,2015-12-01,155.1,-0.65,20.04,9.7,15.06,NASA POWER
46,2016-01-01,104.3,6.04,24.5,15.27,13.98,NASA POWER
46,2016-02-01,221.4,7.24,24.91,16.07,16.63,NASA POWER
46,2016-03-01,155.5,3.22,23.41,13.31,14.74,NASA POWER
46,2016-04-01,175.5,5.78,25.94,15.86,10.64,NASA POWER
46,2016-05-01,126.4,4.52,21.63,13.07,12.32,NASA POWER
46,2016-06-01,743.1,6.71,25.08,15.89,16.72,NASA POWER
46,2016-07-01,636.5,8.66,27.83,18.24,15.95,NASA POWER
46,2016-08-01,690.3,12.68,29.11,20.89,9.85,NASA POWER
46,2016-09-01,699.6,8.84,26.78,17.81,17.08,NASA POWER
46,2016-10-01,87.1,-1.34,18.27,8.46,19.67,NASA POWER
46,2016-11-01,226.5,-1.99,17.81,7.91,12.22,NASA POWER
46,2016-12-01,152.9,-2.87,14.99,6.06,14.1,NASA POWER
46,2017-01-01,104.8,7.3,26.97,17.13,14.36,NASA POWER
46,2017-02-01,226.3,6.58,25.55,16.07,19.77,NASA POWER
46,2017-03-01,91.3,3.78,25.34,14.56,12.19,NASA POWER
46,2017-04-01,214.4,4.78,24.43,14.61,17.07,NASA POWER
46,2017-05-01,130.5,5.3,21.51,13.41,12.05,NASA POWER
46,2017-06-01,567.1,8.19,25.68,16.93,17.51,NASA POWER
46,2017-07-01,541.9,9.16,27.79,18.48,17.48,NASA POWER
46,2017-08-01,751.1,10.89,29.07,19.98,15.67,NASA POWER
46,2017-09-01,727.0,5.54,25.28,15.41,9.46,NASA POWER
46,2017-10-01,162.4,0.72,20.48,10.6,15.97,NASA POWER
46,2017-11-01,201.0,-0.02,17.98,8.98,12.22,NASA POWER
46,2017-12-01,101.6,0.44,20.62,10.53,15.54,NASA POWER
46,2018-01-01,111.4,6.23,27.26,16.75,18.28,NASA POWER
46,2018-02-01,139.7,5.54,24.34,14.94,16.57,NASA POWER
46,2018-03-01,98.3,6.81,25.84,16.32,17.98,NASA POWER
46,2018-04-01,84.8,3.66,24.42,14.04,12.46,NASA POWER
46,2018-05-01,226.1,3.89,20.64,12.27,15.19,NASA POWER
46,2018-06-01,706.7,9.03,28.94,18.98,12.79,NASA POWER
46,2018-07-01,569.9,9.13,27.59,18.36,9.84,NASA POWER
46,2018-08-01,755.9,6.63,26.43,16.53,10.49,NASA POWER
46,2018-09-01,550.1,8.45,28.02,18.23,16.87,NASA POWER
46,2018-10-01,174.4,0.65,20.62,10.63,15.14,NASA POWER
46,2018-11-01,114.2,-0.91,18.84,8.96,14.98,NASA POWER
46,2018-12-01,125.7,0.51,17.91,9.21,11.07,NASA POWER
46,2019-01-01,161.9,7.43,24.17,15.8,12.33,NASA POWER
46,2019-02-01,142.1,7.71,27.95,17.83,12.24,NASA POWER
46,2019-03-01,170.2,5.56,24.0,14.78,17.48,NASA POWER
46,2019-04-01,197.0,5.39,25.67,15.53,14.22,NASA POWER
46,2019-05-01,224.9,4.68,24.29,14.48,15.91,NASA POWER
46,2019-06-01,629.0,8.32,26.74,17.53,18.14,NASA POWER
46,2019-07-01,520.1,6.28,25.52,15.9,19.23,NASA POWER
46,2019-08-01,651.2,7.66,25.74,16.7,18.07,NASA POWER
46,2019-09-01,666.3,8.08,27.3,17.69,15.69,NASA POWER
46,2019-10-01,117.2,4.24,23.06,13.65,14.29,NASA POWER
46,2019-11-01,129.7,0.69,19.91,10.3,12.83,NASA POWER
46,2019-12-01,209.6,1.66,19.75,10.71,19.05,NASA POWER
46,2020-01-01,82.5,10.0,30.9,20.45,11.63,NASA POWER
46,2020-02-01,232.6,10.88,27.63,19.25,18.8,NASA POWER
46,2020-03-01,216.7,7.82,25.06,16.44,11.91,NASA POWER
46,2020-04-01,203.9,5.87,25.53,15.7,9.14,NASA POWER
46,2020-05-01,83.2,6.19,24.77,15.48,19.7,NASA POWER
46,2020-06-01,561.1,8.01,26.48,17.25,11.1,NASA POWER
46,2020-07-01,633.2,6.27,25.3,15.79,17.78,NASA POWER
46,2020-08-01,601.1,11.38,29.17,20.28,10.71,NASA POWER
46,2020-09-01,532.1,10.69,30.69,20.69,12.68,NASA POWER
46,2020-10-01,176.4,0.61,20.64,10.62,11.25,NASA POWER
46,2020-11-01,184.9,1.64,21.88,11.76,12.05,NASA POWER
46,2020-12-01,157.3,0.05,21.18,10.62,17.03,NASA POWER
46,2021-01-01,133.6,10.22,27.64,18.93,9.47,NASA POWER
46,2021-02-01,115.1,9.46,29.03,19.25,17.97,NASA POWER
46,2021-03-01,115.0,7.68,25.38,16.53,12.45,NASA POWER
46,2021-04-01,88.9,2.62,22.86,12.74,12.94,NASA POWER
46,2021-05-01,150.9,5.06,23.46,14.26,9.12,NASA POWER
46,2021-06-01,700.2,7.76,26.13,16.95,13.17,NASA POWER
46,2021-07-01,650.2,9.82,28.5,19.16,9.26,NASA POWER
46,2021-08-01,715.1,8.3,27.31,17.8,11.54,NASA POWER
46,2021-09-01,686.2,10.48,28.92,19.7,12.88,NASA POWER
46,2021-10-01,102.2,-1.46,18.62,8.58,18.89,NASA POWER
46,2021-11-01,199.7,1.91,19.6,10.76,12.73,NASA POWER
46,2021-12-01,147.6,-1.46,17.86,8.2,12.1,NASA POWER
46,2022-01-01,146.1,8.84,27.19,18.02,18.32,NASA POWER
46,2022-02-01,132.1,4.51,24.13,14.32,9.33,NASA POWER
46,2022-03-01,86.9,4.98,24.93,14.96,10.03,NASA POWER
46,2022-04-01,105.5,7.44,25.49,16.46,10.61,NASA POWER
46,2022-05-01,238.7,4.91,24.53,14.72,18.62,NASA POWER
46,2022-06-01,740.1,6.5,25.87,16.19,14.32,NASA POWER
46,2022-07-01,632.7,10.34,28.41,19.38,17.3,NASA POWER
46,2022-08-01,740.3,5.89,25.76,15.83,12.54,NASA POWER
46,2022-09-01,570.4,10.63,28.43,19.53,18.79,NASA POWER
46,2022-10-01,170.1,4.39,21.45,12.92,13.19,NASA POWER
46,2022-11-01,86.3,-1.6,17.96,8.18,9.21,NASA POWER
46,2022-12-01,103.7,-1.3,19.0,8.85,11.77,NASA POWER
46,2023-01-01,233.3,4.62,23.58,14.1,11.71,NASA POWER
46,2023-02-01,115.1,5.3,24.3,14.8,9.0,NASA POWER
46,2023-03-01,215.5,9.28,27.4,18.34,15.78,NASA POWER
46,2023-04-01,130.6,5.3,22.84,14.07,16.81,NASA POWER
46,2023-05-01,136.9,4.8,25.12,14.96,10.28,NASA POWER
46,2023-06-01,540.6,6.79,26.01,16.4,18.1,NASA POWER
46,2023-07-01,756.4,7.81,26.95,17.38,18.72,NASA POWER
46,2023-08-01,576.9,11.37,30.65,21.01,9.61,NASA POWER
46,2023-09-01,537.2,7.86,26.32,17.09,13.45,NASA POWER
46,2023-10-01,224.8,1.44,19.77,10.61,19.3,NASA POWER
46,2023-11-01,183.3,-0.11,17.48,8.69,12.59,NASA POWER
46,2023-12-01,123.1,-1.05,18.48,8.71,14.84,NASA POWER
46,2024-01-01,84.4,9.02,30.84,19.93,15.67,NASA POWER
46,2024-02-01,93.3,6.53,28.11,17.32,10.13,NASA POWER
46,2024-03-01,233.4,5.98,24.95,15.46,18.5,NASA POWER
46,2024-04-01,104.1,7.03,28.44,17.73,18.23,NASA POWER
46,2024-05-01,154.1,4.14,21.5,12.82,12.25,NASA POWER
46,2024-06-01,600.9,8.17,28.94,18.55,15.34,NASA POWER
46,2024-07-01,681.3,8.9,28.97,18.93,9.75,NASA POWER
46,2024-08-01,611.5,10.17,29.52,19.84,17.78,NASA POWER
46,2024-09-01,552.0,10.17,29.74,19.95,15.58,NASA POWER
46,2024-10-01,95.9,-1.09,17.83,8.37,11.46,NASA POWER
46,2024-11-01,220.4,-0.24,18.21,8.99,12.23,NASA POWER
46,2024-12-01,168.6,1.03,19.76,10.4,17.56,NASA POWER
47,2014-01-01,173.9,5.62,24.68,15.15,18.62,NASA POWER
47,2014-02-01,102.4,6.45,25.48,15.96,10.85,NASA POWER
47,2014-03-01,92.7,4.63,24.16,14.39,15.69,NASA POWER
47,2014-04-01,94.1,6.28,25.09,15.69,10.77,NASA POWER
47,2014-05-01,122.1,6.86,26.03,16.45,9.14,NASA POWER
47,2014-06-01,537.4,11.72,28.46,20.09,15.47,NASA POWER
47,2014-07-01,747.3,7.76,26.13,16.95,17.53,NASA POWER
47,2014-08-01,557.4,10.48,29.97,20.23,17.21,NASA POWER
47,2014-09-01,756.8,11.08,28.51,19.8,13.2,NASA POWER
47,2014-10-01,127.0,2.27,20.61,11.44,17.99,NASA POWER
47,2014-11-01,211.6,2.61,20.28,11.45,14.93,NASA POWER
47,2014-12-01,156.3,-0.13,16.64,8.26,13.59,NASA POWER
47,2015-01-01,129.1,9.47,29.23,19.35,19.7,NASA POWER
47,2015-02-01,212.5,6.7,24.93,15.81,16.27,NASA POWER
47,2015-03-01,91.7,6.71,24.22,15.46,10.89,NASA POWER
47,2015-04-01,219.9,4.32,23.45,13.88,16.18,NASA POWER
47,2015-05-01,156.7,4.33,24.33,14.33,17.34,NASA POWER
47,2015-06-01,588.9,11.55,28.65,20.1,15.59,NASA POWER
47,2015-07-01,650.0,10.14,26.76,18.45,10.3,NASA POWER
47,2015-08-01,619.3,6.86,25.45,16.16,18.71,NASA POWER
47,2015-09-01,752.3,8.95,26.16,17.55,16.28,NASA POWER
47,2015-10-01,132.4,3.76,20.78,12.27,14.41,NASA POWER
47,2015-11-01,218.1,2.66,21.07,11.87,15.36,NASA POWER
47,2015-12-01,224.8,-1.09,19.98,9.45,15.21,NASA POWER
47,2016-01-01,93.4,7.6,27.35,17.48,12.59,NASA POWER
47,2016-02-01,187.0,7.41,24.95,16.18,17.22,NASA POWER
47,2016-03-01,235.5,6.88,26.84,16.86,11.09,NASA POWER
47,2016-04-01,87.1,5.96,24.63,15.29,10.0,NASA POWER
47,2016-05-01,130.2,3.14,23.07,13.11,14.12,NASA POWER
47,2016-06-01,580.9,8.65,26.83,17.74,10.53,NASA POWER
47,2016-07-01,699.1,7.18,24.9,16.04,12.79,NASA POWER
47,2016-08-01,661.4,9.67,28.31,18.99,11.44,NASA POWER
47,2016-09-01,676.9,7.95,25.31,16.63,9.28,NASA POWER
47,2016-10-01,239.3,0.03,18.2,9.12,13.14,NASA POWER
47,2016-11-01,177.8,-1.26,19.13,8.93,11.86,NASA POWER
47,2016-12-01,90.9,-2.59,16.04,6.72,17.88,NASA POWER
47,2017-01-01,166.1,8.81,28.37,18.59,19.41,NASA POWER
47,2017-02-01,229.1,8.3,25.68,16.99,15.19,NASA POWER
47,2017-03-01,195.6,5.26,24.32,14.79,19.14,NASA POWER
47,2017-04-01,214.4,5.55,26.16,15.86,15.8,NASA POWER
47,2017-05-01,132.3,6.95,25.21,16.08,12.53,NASA POWER
47,2017-06-01,638.4,10.05,30.06,20.05,18.36,NASA POWER
47,2017-07-01,519.8,7.46,26.53,17.0,12.86,NASA POWER
47,2017-08-01,629.4,11.77,30.0,20.88,19.64,NASA POWER
47,2017-09-01,695.2,10.6,28.11,19.36,12.12,NASA POWER
47,2017-10-01,197.8,-2.47,18.77,8.15,14.96,NASA POWER
47,2017-11-01,92.3,0.58,19.53,10.05,15.13,NASA POWER
47,2017-12-01,84.2,-2.8,17.09,7.14,10.93,NASA POWER
47,2018-01-01,104.8,8.63,28.45,18.54,18.39,NASA POWER
47,2018-02-01,155.7,8.17,27.28,17.73,15.21,NASA POWER
47,2018-03-01,234.2,5.75,24.67,15.21,10.78,NASA POWER
47,2018-04-01,85.4,6.07,23.98,15.03,13.66,NASA POWER
47,2018-05-01,147.4,4.2,24.51,14.36,16.51,NASA POWER
47,2018-06-01,603.7,11.39,29.13,20.26,16.05,NASA POWER
47,2018-07-01,589.0,10.9,31.63,21.27,12.03,NASA POWER
47,2018-08-01,522.4,9.49,30.74,20.11,14.35,NASA POWER
47,2018-09-01,743.7,6.86,26.12,16.49,11.07,NASA POWER
47,2018-10-01,104.1,1.59,21.77,11.68,9.89,NASA POWER
47,2018-11-01,127.8,0.21,19.27,9.74,17.62,NASA POWER
47,2018-12-01,179.7,-3.52,16.9,6.69,11.69,NASA POWER
47,2019-01-01,165.0,6.91,25.34,16.12,11.75,NASA POWER
47,2019-02-01,170.8,7.01,24.98,16.0,18.27,NASA POWER
47,2019-03-01,139.4,7.0,27.52,17.26,19.11,NASA POWER
47,2019-04-01,142.6,2.16,22.79,12.47,14.64,NASA POWER
47,2019-05-01,150.3,2.68,22.21,12.45,16.61,NASA POWER
47,2019-06-01,638.2,9.73,30.06,19.89,15.43,NASA POWER
47,2019-07-01,667.4,7.43,28.54,17.98,12.48,NASA POWER
47,2019-08-01,747.9,10.13,29.9,20.02,12.39,NASA POWER
47,2019-09-01,693.5,10.34,29.9,20.12,10.83,NASA POWER
47,2019-10-01,87.7,1.95,19.14,10.54,16.35,NASA POWER
47,2019-11-01,206.7,0.22,19.18,9.7,15.37,NASA POWER
47,2019-12-01,148.8,-2.02,17.58,7.78,16.24,NASA POWER
47,2020-01-01,140.6,8.66,27.35,18.01,16.88,NASA POWER
47,2020-02-01,90.7,7.75,28.66,18.2,16.97,NASA POWER
47,2020-03-01,158.5,7.48,25.99,16.73,16.52,NASA POWER
47,2020-04-01,107.7,8.42,27.78,18.1,18.31,NASA POWER
47,2020-05-01,143.5,5.73,22.21,13.97,17.13,NASA POWER
47,2020-06-01,550.5,8.89,28.91,18.9,12.07,NASA POWER
47,2020-07-01,525.4,7.78,26.45,17.11,16.22,NASA POWER
47,2020-08-01,651.1,7.71,26.8,17.25,13.24,NASA POWER
47,2020-09-01,599.1,7.54,25.2,16.37,10.73,NASA POWER
47,2020-10-01,208.5,-1.37,18.11,8.37,13.35,NASA POWER
47,2020-11-01,145.7,1.02,17.66,9.34,12.88,NASA POWER
47,2020-12-01,225.7,-1.56,18.49,8.46,15.95,NASA POWER
47,2021-01-01,177.2,6.7,25.78,16.24,14.31,NASA POWER
47,2021-02-01,111.1,9.53,26.2,17.86,19.03,NASA POWER
47,2021-03-01,101.6,8.81,27.71,18.26,10.02,NASA POWER
47,2021-04-01,154.5,6.72,23.35,15.04,17.74,NASA POWER
47,2021-05-01,231.9,1.13,22.34,11.73,10.57,NASA POWER
47,2021-06-01,519.6,9.43,28.84,19.13,12.88,NASA POWER
47,2021-07-01,649.5,8.4,25.57,16.98,19.5,NASA POWER
47,2021-08-01,742.3,8.7,29.11,18.91,12.57,NASA POWER
47,2021-09-01,712.9,6.8,25.1,15.95,19.36,NASA POWER
47,2021-10-01,96.1,-0.7,16.22,7.76,9.55,NASA POWER
47,2021-11-01,198.7,1.76,19.78,10.77,9.04,NASA POWER
47,2021-12-01,136.7,0.15,18.25,9.2,10.54,NASA POWER
47,2022-01-01,187.8,6.13,24.98,15.55,14.89,NASA POWER
47,2022-02-01,224.7,8.74,27.29,18.02,13.64,NASA POWER
47,2022-03-01,185.6,7.77,26.36,17.06,14.96,NASA POWER
47,2022-04-01,196.5,4.87,21.56,13.21,14.47,NASA POWER
47,2022-05-01,127.7,4.23,24.86,14.54,13.65,NASA POWER
47,2022-06-01,671.8,10.24,27.72,18.98,11.78,NASA POWER
47,2022-07-01,539.5,8.3,29.45,18.88,18.02,NASA POWER
47,2022-08-01,728.4,8.27,25.14,16.7,13.29,NASA POWER
47,2022-09-01,733.3,7.43,26.21,16.82,12.34,NASA POWER
47,2022-10-01,93.9,-1.97,16.55,7.29,12.7,NASA POWER
47,2022-11-01,167.4,1.11,20.24,10.67,12.86,NASA POWER
47,2022-12-01,109.7,-0.16,17.9,8.87,15.25,NASA POWER
47,2023-01-01,114.5,7.99,26.91,17.45,9.24,NASA POWER
47,2023-02-01,114.5,7.9,26.42,17.16,11.63,NASA POWER
47,2023-03-01,138.4,8.39,26.29,17.34,12.87,NASA POWER
47,2023-04-01,178.9,3.57,21.43,12.5,18.69,NASA POWER
47,2023-05-01,92.6,6.36,25.17,15.77,16.75,NASA POWER
47,2023-06-01,537.0,8.62,26.19,17.41,10.27,NASA POWER
47,2023-07-01,750.0,10.34,30.51,20.43,10.19,NASA POWER
47,2023-08-01,663.1,10.64,30.2,20.42,11.46,NASA POWER
47,2023-09-01,592.2,7.58,25.66,16.62,19.62,NASA POWER
47,2023-10-01,171.9,2.54,18.64,10.59,9.74,NASA POWER
47,2023-11-01,218.7,1.95,20.53,11.24,13.82,NASA POWER
47,2023-12-01,225.2,-1.78,17.11,7.67,16.84,NASA POWER
47,2024-01-01,84.2,8.31,25.71,17.01,12.63,NASA POWER
47,2024-02-01,113.0,5.46,25.7,15.58,11.89,NASA POWER
47,2024-03-01,117.8,6.17,25.26,15.71,10.88,NASA POWER
47,2024-04-01,170.7,5.08,24.45,14.77,17.16,NASA POWER
47,2024-05-01,101.8,6.28,22.97,14.62,11.64,NASA POWER
47,2024-06-01,536.9,12.08,30.58,21.33,15.07,NASA POWER
47,2024-07-01,753.8,8.14,29.03,18.59,9.39,NASA POWER
47,2024-08-01,671.6,10.75,28.03,19.39,12.7,NASA POWER
47,2024-09-01,542.9,10.47,29.01,19.74,19.69,NASA POWER
47,2024-10-01,135.6,2.55,21.25,11.9,17.07,NASA POWER
47,2024-11-01,220.8,-1.09,15.53,7.22,12.43,NASA POWER
47,2024-12-01,99.9,-0.97,18.87,8.95,10.51,NASA POWER
48,2014-01-01,104.0,-1.73,18.31,8.29,10.61,NASA POWER
48,2014-02-01,116.6,-1.41,15.83,7.21,16.52,NASA POWER
48,2014-03-01,77.5,-4.1,14.48,5.19,20.96,NASA POWER
48,2014-04-01,111.1,-4.15,13.01,4.43,21.32,NASA POWER
48,2014-05-01,81.9,-5.88,14.64,4.38,17.11,NASA POWER
48,2014-06-01,333.8,-3.77,16.3,6.27,12.14,NASA POWER
48,2014-07-01,376.6,-3.32,14.75,5.71,17.53,NASA POWER
48,2014-08-01,372.5,0.24,18.39,9.31,15.81,NASA POWER
48,2014-09-01,381.5,-2.42,17.67,7.63,12.49,NASA POWER
48,2014-10-01,88.7,-9.24,10.02,0.39,14.21,NASA POWER
48,2014-11-01,59.4,-10.16,11.25,0.54,19.28,NASA POWER
48,2014-12-01,50.6,-8.38,10.08,0.85,16.74,NASA POWER
48,2015-01-01,43.4,-1.83,18.99,8.58,10.65,NASA POWER
48,2015-02-01,117.5,-4.43,15.3,5.44,15.01,NASA POWER
48,2015-03-01,83.7,-4.56,14.62,5.03,20.44,NASA POWER
48,2015-04-01,83.7,-4.49,13.78,4.64,13.74,NASA POWER
48,2015-05-01,57.1,-5.36,13.68,4.16,19.13,NASA POWER
48,2015-06-01,319.5,-3.12,17.12,7.0,14.64,NASA POWER
48,2015-07-01,354.0,1.68,20.38,11.03,19.81,NASA POWER
48,2015-08-01,316.0,0.42,19.94,10.18,20.8,NASA POWER
48,2015-09-01,262.3,2.28,19.86,11.07,12.92,NASA POWER
48,2015-10-01,113.1,-10.22,6.65,-1.79,21.42,NASA POWER
48,2015-11-01,88.5,-7.91,11.22,1.66,18.25,NASA POWER
48,2015-12-01,88.6,-13.01,6.9,-3.05,20.73,NASA POWER
48,2016-01-01,65.9,-1.63,16.55,7.46,10.07,NASA POWER
48,2016-02-01,68.7,-4.85,13.14,4.15,19.15,NASA POWER
48,2016-03-01,55.3,-5.99,13.51,3.76,15.08,NASA POWER
48,2016-04-01,70.1,-4.36,16.03,5.84,13.78,NASA POWER
48,2016-05-01,47.5,-7.36,11.38,2.01,12.67,NASA POWER
48,2016-06-01,325.6,-0.93,19.69,9.38,11.47,NASA POWER
48,2016-07-01,327.8,0.03,18.3,9.17,15.52,NASA POWER
48,2016-08-01,330.4,0.46,16.87,8.67,10.1,NASA POWER
48,2016-09-01,304.1,-0.33,16.58,8.12,19.69,NASA POWER
48,2016-10-01,49.1,-8.36,11.47,1.56,20.38,NASA POWER
48,2016-11-01,58.1,-12.3,7.3,-2.5,20.83,NASA POWER
48,2016-12-01,86.4,-14.22,4.73,-4.75,19.88,NASA POWER
48,2017-01-01,94.8,-2.3,14.75,6.22,17.7,NASA POWER
48,2017-02-01,55.2,-6.05,13.13,3.54,16.96,NASA POWER
48,2017-03-01,82.4,-5.71,15.68,4.98,11.94,NASA POWER
48,2017-04-01,110.8,-4.69,13.93,4.62,18.37,NASA POWER
48,2017-05-01,104.3,-3.21,16.36,6.57,12.43,NASA POWER
48,2017-06-01,329.8,-1.75,17.83,8.04,10.43,NASA POWER
48,2017-07-01,303.6,-1.88,16.6,7.36,20.89,NASA POWER
48,2017-08-01,338.2,-3.05,17.15,7.05,18.17,NASA POWER
48,2017-09-01,369.9,0.68,21.47,11.07,13.32,NASA POWER
48,2017-10-01,93.7,-9.01,8.58,-0.21,11.71,NASA POWER
48,2017-11-01,78.1,-11.31,7.34,-1.99,11.75,NASA POWER
48,2017-12-01,109.7,-10.27,7.88,-1.19,11.71,NASA POWER
48,2018-01-01,44.3,-2.41,16.22,6.9,21.03,NASA POWER
48,2018-02-01,109.7,-2.8,14.41,5.8,12.9,NASA POWER
48,2018-03-01,69.7,-3.15,15.96,6.41,10.12,NASA POWER
48,2018-04-01,42.2,-1.07,15.81,7.37,20.53,NASA POWER
48,2018-05-01,43.0,-5.64,15.74,5.05,16.36,NASA POWER
48,2018-06-01,321.8,-2.66,16.85,7.1,16.68,NASA POWER
48,2018-07-01,285.3,1.65,19.04,10.34,11.22,NASA POWER
48,2018-08-01,349.0,-3.31,17.58,7.13,10.84,NASA POWER
48,2018-09-01,315.1,-3.24,16.79,6.77,11.65,NASA POWER
48,2018-10-01,117.0,-9.76,8.16,-0.8,12.51,NASA POWER
48,2018-11-01,118.4,-8.42,8.8,0.19,10.3,NASA POWER
48,2018-12-01,50.0,-14.2,5.22,-4.49,20.37,NASA POWER
48,2019-01-01,83.7,-1.13,15.38,7.12,21.48,NASA POWER
48,2019-02-01,51.4,-2.08,19.55,8.73,18.21,NASA POWER
48,2019-03-01,96.2,-3.73,13.07,4.67,10.77,NASA POWER
48,2019-04-01,118.2,-1.61,18.19,8.29,19.81,NASA POWER
48,2019-05-01,107.3,-5.38,16.04,5.33,19.66,NASA POWER
48,2019-06-01,292.0,0.39,18.73,9.56,10.68,NASA POWER
48,2019-07-01,295.3,-2.68,16.62,6.97,20.32,NASA POWER
48,2019-08-01,362.6,-1.18,16.38,7.6,18.53,NASA POWER
48,2019-09-01,307.2,-0.52,18.41,8.95,21.53,NASA POWER
48,2019-10-01,115.5,-11.02,8.39,-1.31,11.09,NASA POWER
48,2019-11-01,56.6,-7.23,12.5,2.63,14.32,NASA POWER
48,2019-12-01,90.3,-6.9,9.21,1.16,14.25,NASA POWER
48,2020-01-01,85.6,1.04,18.27,9.65,21.73,NASA POWER
48,2020-02-01,48.1,-3.57,18.31,7.37,11.19,NASA POWER
48,2020-03-01,103.6,-5.39,13.68,4.14,18.53,NASA POWER
48,2020-04-01,67.8,-5.45,12.28,3.41,12.92,NASA POWER
48,2020-05-01,46.6,-1.58,15.54,6.98,17.55,NASA POWER
48,2020-06-01,263.6,1.0,18.29,9.64,11.2,NASA POWER
48,2020-07-01,300.5,-0.18,19.59,9.71,16.48,NASA POWER
48,2020-08-01,322.5,-0.06,20.3,10.12,14.06,NASA POWER
48,2020-09-01,267.7,0.35,19.03,9.69,18.77,NASA POWER
48,2020-10-01,43.8,-8.68,8.98,0.15,16.1,NASA POWER
48,2020-11-01,42.4,-10.34,9.47,-0.43,11.02,NASA POWER
48,2020-12-01,109.9,-10.65,8.76,-0.95,19.2,NASA POWER
48,2021-01-01,61.2,0.36,18.09,9.22,21.43,NASA POWER
48,2021-02-01,47.4,-3.38,14.9,5.76,12.48,NASA POWER
48,2021-03-01,80.1,-2.31,15.26,6.47,10.91,NASA POWER
48,2021-04-01,95.0,-7.46,12.77,2.65,21.69,NASA POWER
48,2021-05-01,55.1,-6.54,12.44,2.95,19.63,NASA POWER
48,2021-06-01,300.6,-0.27,19.02,9.38,14.59,NASA POWER
48,2021-07-01,349.8,1.29,20.21,10.75,11.61,NASA POWER
48,2021-08-01,334.1,0.01,18.18,9.1,19.06,NASA POWER
48,2021-09-01,319.2,-1.18,20.24,9.53,19.3,NASA POWER
48,2021-10-01,77.4,-7.53,9.9,1.19,19.12,NASA POWER
48,2021-11-01,71.5,-8.67,8.87,0.1,16.03,NASA POWER
48,2021-12-01,56.5,-13.53,5.79,-3.87,21.93,NASA POWER
48,2022-01-01,74.3,-1.58,19.63,9.02,16.64,NASA POWER
48,2022-02-01,101.0,-3.88,16.22,6.17,20.4,NASA POWER
48,2022-03-01,72.9,-3.74,13.44,4.85,12.71,NASA POWER
48,2022-04-01,50.2,-6.38,11.55,2.59,13.45,NASA POWER
48,2022-05-01,62.1,-4.32,13.92,4.8,15.71,NASA POWER
48,2022-06-01,291.8,2.25,19.11,10.68,20.68,NASA POWER
48,2022-07-01,276.4,1.05,18.6,9.83,21.88,NASA POWER
48,2022-08-01,362.9,-0.79,17.31,8.26,10.28,NASA POWER
48,2022-09-01,359.3,0.73,19.45,10.09,13.55,NASA POWER
48,2022-10-01,45.3,-9.54,9.66,0.06,18.3,NASA POWER
48,2022-11-01,74.4,-12.76,8.18,-2.29,16.64,NASA POWER
48,2022-12-01,47.9,-8.25,10.05,0.9,19.17,NASA POWER
48,2023-01-01,84.4,-2.95,14.9,5.97,13.53,NASA POWER
48,2023-02-01,67.0,-2.53,15.07,6.27,14.52,NASA POWER
48,2023-03-01,87.5,-4.34,15.6,5.63,15.57,NASA POWER
48,2023-04-01,51.7,-5.66,13.09,3.71,14.43,NASA POWER
48,2023-05-01,79.3,-4.08,15.0,5.46,16.17,NASA POWER
48,2023-06-01,277.9,-1.14,16.83,7.84,11.86,NASA POWER
48,2023-07-01,375.9,-3.27,17.13,6.93,20.78,NASA POWER
48,2023-08-01,352.2,1.22,19.53,10.38,17.67,NASA POWER
48,2023-09-01,381.6,0.83,18.63,9.73,12.93,NASA POWER
48,2023-10-01,90.6,-8.86,10.58,0.86,18.92,NASA POWER
48,2023-11-01,93.3,-8.35,10.05,0.85,14.6,NASA POWER
48,2023-12-01,58.9,-12.35,6.86,-2.74,10.88,NASA POWER
48,2024-01-01,90.9,-1.06,16.02,7.48,16.51,NASA POWER
48,2024-02-01,88.9,-4.43,14.72,5.15,10.72,NASA POWER
48,2024-03-01,56.0,-4.75,13.21,4.23,20.84,NASA POWER
48,2024-04-01,120.0,-6.55,11.4,2.43,12.75,NASA POWER
48,2024-05-01,101.5,-4.56,13.09,4.27,13.41,NASA POWER
48,2024-06-01,335.0,1.82,18.85,10.34,18.69,NASA POWER
48,2024-07-01,320.4,-1.73,17.4,7.83,12.84,NASA POWER
48,2024-08-01,269.8,0.07,18.54,9.3,17.1,NASA POWER
48,2024-09-01,272.0,0.59,19.25,9.92,10.6,NASA POWER
48,2024-10-01,83.1,-9.05,9.29,0.12,20.95,NASA POWER
48,2024-11-01,73.9,-11.76,8.91,-1.42,15.81,NASA POWER
48,2024-12-01,48.4,-9.91,8.63,-0.64,14.25,NASA POWER
49,2014-01-01,112.0,-4.37,14.46,5.04,18.98,NASA POWER
49,2014-02-01,110.0,-1.52,16.97,7.72,18.57,NASA POWER
49,2014-03-01,85.1,-4.58,16.8,6.11,14.56,NASA POWER
49,2014-04-01,42.3,-7.32,11.45,2.06,11.69,NASA POWER
49,2014-05-01,102.7,-4.85,12.69,3.92,18.12,NASA POWER
49,2014-06-01,281.7,-0.1,21.18,10.54,20.37,NASA POWER
49,2014-07-01,345.6,-1.69,15.9,7.11,14.99,NASA POWER
49,2014-08-01,284.0,-0.33,18.51,9.09,15.35,NASA POWER
49,2014-09-01,289.3,-1.55,17.68,8.06,17.94,NASA POWER
49,2014-10-01,82.7,-8.88,7.29,-0.8,16.07,NASA POWER
49,2014-11-01,72.1,-9.34,7.77,-0.79,18.35,NASA POWER
49,2014-12-01,58.4,-8.98,11.58,1.3,16.77,NASA POWER
49,2015-01-01,81.7,-0.93,17.57,8.32,20.37,NASA POWER
49,2015-02-01,79.6,-5.62,13.61,3.99,21.99,NASA POWER
49,2015-03-01,96.7,-2.31,15.77,6.73,11.96,NASA POWER
49,2015-04-01,77.7,-2.03,16.86,7.42,15.71,NASA POWER
49,2015-05-01,97.5,-7.66,11.81,2.08,13.01,NASA POWER
49,2015-06-01,311.1,-2.21,18.82,8.3,15.5,NASA POWER
49,2015-07-01,287.6,0.58,19.46,10.02,16.71,NASA POWER
49,2015-08-01,343.7,-1.23,17.97,8.37,18.09,NASA POWER
49,2015-09-01,321.9,-0.1,19.94,9.92,12.92,NASA POWER
49,2015-10-01,102.6,-6.16,12.29,3.06,19.65,NASA POWER
49,2015-11-01,118.2,-12.36,5.95,-3.2,15.08,NASA POWER
49,2015-12-01,100.5,-8.6,9.53,0.46,15.99,NASA POWER
49,2016-01-01,69.5,-3.93,16.0,6.04,14.38,NASA POWER
49,2016-02-01,44.7,-3.49,13.76,5.13,14.18,NASA POWER
49,2016-03-01,81.7,-5.62,14.0,4.19,19.58,NASA POWER
49,2016-04-01,98.4,-3.27,15.4,6.07,11.6,NASA POWER
49,2016-05-01,64.3,-6.65,13.9,3.62,15.37,NASA POWER
49,2016-06-01,270.1,-1.15,20.56,9.71,12.85,NASA POWER
49,2016-07-01,367.4,-1.85,17.88,8.01,13.56,NASA POWER
49,2016-08-01,266.2,-0.78,17.33,8.27,19.15,NASA POWER
49,2016-09-01,314.7,-3.99,17.31,6.66,16.95,NASA POWER
49,2016-10-01,73.8,-8.89,11.03,1.07,16.75,NASA POWER
49,2016-11-01,117.3,-13.9,6.53,-3.69,15.2,NASA POWER
49,2016-12-01,85.9,-9.87,9.91,0.02,12.08,NASA POWER
49,2017-01-01,89.2,-3.57,14.22,5.33,17.28,NASA POWER
49,2017-02-01,89.2,-5.23,15.2,4.98,10.23,NASA POWER
49,2017-03-01,118.8,-5.72,15.2,4.74,14.39,NASA POWER
49,2017-04-01,71.6,-2.68,15.87,6.59,17.96,NASA POWER
49,2017-05-01,96.9,-4.58,12.82,4.12,18.46,NASA POWER
49,2017-06-01,283.7,1.22,21.12,11.17,13.25,NASA POWER
49,2017-07-01,331.1,-2.19,14.71,6.26,19.11,NASA POWER
49,2017-08-01,273.3,-3.44,17.0,6.78,21.52,NASA POWER
49,2017-09-01,307.7,0.1,17.22,8.66,10.49,NASA POWER
49,2017-10-01,87.5,-10.15,8.98,-0.58,12.99,NASA POWER
49,2017-11-01,114.3,-9.75,9.91,0.08,18.44,NASA POWER
49,2017-12-01,50.8,-8.64,10.43,0.89,17.97,NASA POWER
49,2018-01-01,119.2,0.65,19.24,9.94,16.27,NASA POWER
49,2018-02-01,58.7,-2.35,16.51,7.08,20.89,NASA POWER
49,2018-03-01,71.7,-2.97,14.89,5.96,18.02,NASA POWER
49,2018-04-01,61.4,-6.18,11.97,2.9,19.91,NASA POWER
49,2018-05-01,100.0,-6.55,13.22,3.34,18.66,NASA POWER
49,2018-06-01,373.5,-2.83,14.22,5.7,10.96,NASA POWER
49,2018-07-01,354.0,-3.63,16.15,6.26,18.87,NASA POWER
49,2018-08-01,314.7,-1.15,18.45,8.65,10.83,NASA POWER
49,2018-09-01,375.2,0.98,19.77,10.38,16.78,NASA POWER
49,2018-10-01,103.7,-8.4,13.03,2.31,14.44,NASA POWER
49,2018-11-01,53.3,-13.35,8.06,-2.64,12.0,NASA POWER
49,2018-12-01,46.9,-11.44,10.26,-0.59,15.08,NASA POWER
49,2019-01-01,56.7,-2.54,15.0,6.23,19.43,NASA POWER
49,2019-02-01,107.2,-4.29,12.64,4.18,18.51,NASA POWER
49,2019-03-01,65.5,-0.94,17.3,8.18,14.08,NASA POWER
49,2019-04-01,47.7,-7.35,12.82,2.74,12.48,NASA POWER
49,2019-05-01,43.4,-4.31,15.14,5.42,18.17,NASA POWER
49,2019-06-01,355.5,-0.46,20.37,9.96,18.65,NASA POWER
49,2019-07-01,316.7,1.02,18.29,9.65,17.04,NASA POWER
49,2019-08-01,294.0,0.9,19.31,10.1,11.09,NASA POWER
49,2019-09-01,349.5,-0.23,15.85,7.81,17.18,NASA POWER
49,2019-10-01,55.5,-8.02,10.79,1.38,17.45,NASA POWER
49,2019-11-01,119.9,-8.66,11.43,1.38,10.9,NASA POWER
49,2019-12-01,116.4,-11.32,8.62,-1.35,16.3,NASA POWER
49,2020-01-01,94.7,-0.95,18.55,8.8,15.53,NASA POWER
49,2020-02-01,102.7,-1.61,17.34,7.87,16.89,NASA POWER
49,2020-03-01,50.0,-3.14,15.99,6.42,15.81,NASA POWER
49,2020-04-01,103.6,-5.11,12.56,3.73,20.82,NASA POWER
49,2020-05-01,66.4,-3.22,16.71,6.75,17.05,NASA POWER
49,2020-06-01,301.0,-2.57,15.55,6.49,15.99,NASA POWER
49,2020-07-01,358.9,2.15,19.07,10.61,16.48,NASA POWER
49,2020-08-01,280.3,2.04,20.09,11.06,17.96,NASA POWER
49,2020-09-01,343.6,0.06,20.41,10.23,15.73,NASA POWER
49,2020-10-01,45.4,-11.69,8.55,-1.57,21.86,NASA POWER
49,2020-11-01,93.0,-8.95,12.54,1.79,19.44,NASA POWER
49,2020-12-01,118.8,-12.75,6.53,-3.11,18.93,NASA POWER
49,2021-01-01,82.1,-4.83,13.44,4.3,20.12,NASA POWER
49,2021-02-01,95.8,-4.57,13.31,4.37,18.37,NASA POWER
49,2021-03-01,102.1,-3.39,13.83,5.22,11.42,NASA POWER
49,2021-04-01,69.5,-6.48,11.27,2.39,11.11,NASA POWER
49,2021-05-01,51.9,-7.73,11.07,1.67,10.9,NASA POWER
49,2021-06-01,308.1,-1.28,18.44,8.58,13.38,NASA POWER
49,2021-07-01,323.6,-0.86,19.39,9.27,17.31,NASA POWER
49,2021-08-01,275.9,-1.93,16.19,7.13,13.93,NASA POWER
49,2021-09-01,321.3,-3.32,15.12,5.9,13.89,NASA POWER
49,2021-10-01,84.6,-9.75,9.16,-0.29,20.42,NASA POWER
49,2021-11-01,88.2,-10.57,8.57,-1.0,21.3,NASA POWER
49,2021-12-01,69.6,-8.68,7.88,-0.4,12.94,NASA POWER
49,2022-01-01,63.3,-1.87,18.19,8.16,14.1,NASA POWER
49,2022-02-01,75.1,-5.38,13.55,4.09,18.98,NASA POWER
49,2022-03-01,101.6,-0.32,18.4,9.04,11.4,NASA POWER
49,2022-04-01,64.3,-5.78,12.88,3.55,17.76,NASA POWER
49,2022-05-01,113.8,-7.57,11.33,1.88,19.23,NASA POWER
49,2022-06-01,358.9,-3.7,15.03,5.66,20.32,NASA POWER
49,2022-07-01,357.5,0.65,17.9,9.27,12.64,NASA POWER
49,2022-08-01,366.1,0.99,20.01,10.5,11.95,NASA POWER
49,2022-09-01,356.6,-3.89,14.57,5.34,12.9,NASA POWER
49,2022-10-01,45.1,-9.63,9.69,0.03,15.87,NASA POWER
49,2022-11-01,106.7,-8.59,11.92,1.67,11.59,NASA POWER
49,2022-12-01,67.2,-9.21,9.04,-0.09,13.07,NASA POWER
49,2023-01-01,89.9,-3.28,15.43,6.08,14.6,NASA POWER
49,2023-02-01,78.1,-1.98,16.76,7.39,19.39,NASA POWER
49,2023-03-01,69.3,-3.08,17.58,7.25,14.4,NASA POWER
49,2023-04-01,102.6,-3.92,15.17,5.62,17.04,NASA POWER
49,2023-05-01,74.6,-6.16,12.49,3.17,15.29,NASA POWER
49,2023-06-01,293.7,-1.25,16.29,7.52,18.49,NASA POWER
49,2023-07-01,342.0,0.71,21.14,10.93,21.68,NASA POWER
49,2023-08-01,266.0,0.12,20.89,10.51,18.8,NASA POWER
49,2023-09-01,365.4,-2.97,18.12,7.58,15.64,NASA POWER
49,2023-10-01,51.4,-11.61,8.69,-1.46,20.92,NASA POWER
49,2023-11-01,115.8,-11.63,8.31,-1.66,14.23,NASA POWER
49,2023-12-01,87.8,-7.77,9.1,0.67,11.0,NASA POWER
49,2024-01-01,83.2,-1.65,19.94,9.15,16.23,NASA POWER
49,2024-02-01,96.4,-2.21,16.83,7.31,20.08,NASA POWER
49,2024-03-01,42.4,-1.41,16.12,7.36,20.88,NASA POWER
49,2024-04-01,82.5,-3.16,17.32,7.08,13.49,NASA POWER
49,2024-05-01,44.9,-5.22,13.62,4.2,16.86,NASA POWER
49,2024-06-01,365.3,-1.88,18.52,8.32,12.58,NASA POWER
49,2024-07-01,326.8,-2.45,16.0,6.78,13.52,NASA POWER
49,2024-08-01,288.5,2.65,19.69,11.17,12.81,NASA POWER
49,2024-09-01,311.7,-1.68,17.92,8.12,11.52,NASA POWER
49,2024-10-01,59.9,-11.93,6.35,-2.79,21.34,NASA POWER
49,2024-11-01,111.4,-10.74,9.92,-0.41,21.07,NASA POWER
49,2024-12-01,90.8,-11.24,9.26,-0.99,15.98,NASA POWER
50,2014-01-01,116.8,6.56,27.17,16.87,9.33,NASA POWER
50,2014-02-01,168.7,7.9,26.39,17.14,18.0,NASA POWER
50,2014-03-01,196.9,6.85,24.1,15.48,19.59,NASA POWER
50,2014-04-01,150.9,7.26,25.12,16.19,18.42,NASA POWER
50,2014-05-01,167.3,5.17,23.95,14.56,15.09,NASA POWER
50,2014-06-01,564.6,8.26,25.63,16.95,18.42,NASA POWER
50,2014-07-01,695.2,7.21,24.17,15.69,11.28,NASA POWER
50,2014-08-01,650.6,7.3,26.86,17.08,12.89,NASA POWER
50,2014-09-01,686.3,8.96,28.77,18.87,19.64,NASA POWER
50,2014-10-01,88.0,-0.45,18.81,9.18,14.51,NASA POWER
50,2014-11-01,207.1,-3.62,15.86,6.12,16.54,NASA POWER
50,2014-12-01,227.9,-3.17,16.81,6.82,15.5,NASA POWER
50,2015-01-01,142.4,9.43,28.03,18.73,11.19,NASA POWER
50,2015-02-01,150.4,8.82,25.85,17.34,10.57,NASA POWER
50,2015-03-01,191.9,6.85,25.1,15.98,9.48,NASA POWER
50,2015-04-01,114.0,7.15,24.51,15.83,9.1,NASA POWER
50,2015-05-01,161.0,4.56,24.78,14.67,9.53,NASA POWER
50,2015-06-01,618.9,7.01,26.03,16.52,17.6,NASA POWER
50,2015-07-01,605.8,11.3,29.23,20.27,14.74,NASA POWER
50,2015-08-01,670.6,9.74,28.6,19.17,16.62,NASA POWER
50,2015-09-01,567.0,6.96,27.56,17.26,19.68,NASA POWER
50,2015-10-01,210.8,1.32,21.46,11.39,14.41,NASA POWER
50,2015-11-01,99.4,-2.39,17.93,7.77,11.48,NASA POWER
50,2015-12-01,141.4,-0.07,19.55,9.74,17.86,NASA POWER
50,2016-01-01,111.3,7.46,24.13,15.79,18.82,NASA POWER
50,2016-02-01,202.2,5.07,24.27,14.67,17.72,NASA POWER
50,2016-03-01,159.5,6.84,25.26,16.05,18.05,NASA POWER
50,2016-04-01,226.7,3.46,21.86,12.66,16.12,NASA POWER
50,2016-05-01,123.0,6.7,25.7,16.2,14.1,NASA POWER
50,2016-06-01,733.7,9.38,27.15,18.27,12.38,NASA POWER
50,2016-07-01,674.1,9.83,27.32,18.57,16.33,NASA POWER
50,2016-08-01,732.7,6.16,27.56,16.86,12.92,NASA POWER
50,2016-09-01,633.3,5.54,27.09,16.32,13.47,NASA POWER
50,2016-10-01,101.2,3.64,20.26,11.95,10.95,NASA POWER
50,2016-11-01,167.7,0.07,19.88,9.97,12.25,NASA POWER
50,2016-12-01,224.1,-3.06,16.39,6.67,9.45,NASA POWER
50,2017-01-01,217.0,8.15,27.96,18.05,13.24,NASA POWER
50,2017-02-01,230.1,5.53,27.25,16.39,17.53,NASA POWER
50,2017-03-01,152.1,7.5,25.9,16.7,12.49,NASA POWER
50,2017-04-01,231.9,7.25,24.78,16.02,17.63,NASA POWER
50,2017-05-01,96.7,5.57,23.23,14.4,15.58,NASA POWER
50,2017-06-01,748.9,7.5,26.27,16.88,12.6,NASA POWER
50,2017-07-01,525.1,8.18,25.08,16.63,13.57,NASA POWER
50,2017-08-01,745.9,11.0,29.07,20.04,11.1,NASA POWER
50,2017-09-01,634.1,10.53,29.83,20.18,10.46,NASA POWER
50,2017-10-01,206.6,-0.99,18.84,8.93,15.96,NASA POWER
50,2017-11-01,121.9,-0.52,19.66,9.57,13.81,NASA POWER
50,2017-12-01,172.2,-1.08,18.0,8.46,12.23,NASA POWER
50,2018-01-01,189.8,9.26,29.76,19.51,14.99,NASA POWER
50,2018-02-01,219.8,8.05,27.75,17.9,12.91,NASA POWER
50,2018-03-01,179.8,4.37,23.59,13.98,16.84,NASA POWER
50,2018-04-01,123.0,3.56,24.59,14.07,10.04,NASA POWER
50,2018-05-01,227.1,7.44,25.85,16.64,10.14,NASA POWER
50,2018-06-01,578.9,7.25,26.57,16.91,15.01,NASA POWER
50,2018-07-01,706.8,11.08,29.56,20.32,17.19,NASA POWER
50,2018-08-01,625.6,12.09,29.86,20.98,17.37,NASA POWER
50,2018-09-01,765.3,9.49,28.0,18.75,10.34,NASA POWER
50,2018-10-01,154.1,-0.6,19.56,9.48,15.88,NASA POWER
50,2018-11-01,102.8,-0.96,17.29,8.16,17.7,NASA POWER
50,2018-12-01,88.9,0.69,18.36,9.53,19.78,NASA POWER
50,2019-01-01,87.2,6.45,27.37,16.91,10.99,NASA POWER
50,2019-02-01,150.5,6.54,24.72,15.63,10.76,NASA POWER
50,2019-03-01,216.6,5.02,24.42,14.72,16.56,NASA POWER
50,2019-04-01,177.7,6.04,26.29,16.16,10.31,NASA POWER
50,2019-05-01,95.0,8.02,25.03,16.52,17.33,NASA POWER
50,2019-06-01,735.1,12.13,30.43,21.28,19.66,NASA POWER
50,2019-07-01,738.2,5.98,26.04,16.01,16.64,NASA POWER
50,2019-08-01,592.0,7.95,26.91,17.43,10.46,NASA POWER
50,2019-09-01,575.0,9.99,28.59,19.29,18.08,NASA POWER
50,2019-10-01,111.1,2.65,20.42,11.54,19.01,NASA POWER
50,2019-11-01,228.5,2.18,19.65,10.91,16.45,NASA POWER
50,2019-12-01,98.1,-3.54,15.53,5.99,14.33,NASA POWER
50,2020-01-01,139.2,8.17,26.19,17.18,13.58,NASA POWER
50,2020-02-01,131.9,10.29,29.56,19.92,17.9,NASA POWER
50,2020-03-01,230.7,3.26,24.12,13.69,17.42,NASA POWER
50,2020-04-01,117.0,2.84,22.48,12.66,13.38,NASA POWER
50,2020-05-01,133.8,6.06,24.81,15.43,15.33,NASA POWER
50,2020-06-01,574.3,7.11,27.83,17.47,16.6,NASA POWER
50,2020-07-01,743.9,8.83,26.15,17.49,19.23,NASA POWER
50,2020-08-01,745.9,8.29,28.87,18.58,12.17,NASA POWER
50,2020-09-01,599.9,5.91,26.81,16.36,17.57,NASA POWER
50,2020-10-01,120.3,3.64,21.16,12.4,17.28,NASA POWER
50,2020-11-01,155.6,0.52,19.65,10.08,14.3,NASA POWER
50,2020-12-01,106.8,-1.83,17.4,7.78,15.55,NASA POWER
50,2021-01-01,102.8,5.04,25.42,15.23,18.04,NASA POWER
50,2021-02-01,225.7,5.41,24.67,15.04,13.73,NASA POWER
50,2021-03-01,194.8,5.77,24.62,15.2,17.07,NASA POWER
50,2021-04-01,204.4,2.83,23.62,13.23,12.4,NASA POWER
50,2021-05-01,113.0,6.26,26.35,16.3,12.86,NASA POWER
50,2021-06-01,531.6,8.51,29.5,19.0,12.89,NASA POWER
50,2021-07-01,625.3,10.5,27.95,19.23,9.58,NASA POWER
50,2021-08-01,712.3,7.62,27.07,17.34,19.11,NASA POWER
50,2021-09-01,767.6,7.67,25.36,16.52,17.63,NASA POWER
50,2021-10-01,132.6,-0.1,17.35,8.62,15.31,NASA POWER
50,2021-11-01,147.4,2.22,20.16,11.19,10.53,NASA POWER
50,2021-12-01,157.1,-3.81,16.35,6.27,17.78,NASA POWER
50,2022-01-01,154.1,9.58,29.38,19.48,11.43,NASA POWER
50,2022-02-01,172.2,9.54,27.12,18.33,17.89,NASA POWER
50,2022-03-01,143.8,8.18,27.18,17.68,10.11,NASA POWER
50,2022-04-01,155.2,5.84,24.24,15.04,12.46,NASA POWER
50,2022-05-01,142.8,7.74,26.71,17.23,15.88,NASA POWER
50,2022-06-01,624.9,7.57,26.83,17.2,9.59,NASA POWER
50,2022-07-01,662.4,7.0,28.05,17.52,18.7,NASA POWER
50,2022-08-01,707.9,7.75,28.77,18.26,16.11,NASA POWER
50,2022-09-01,685.0,8.33,25.93,17.13,12.79,NASA POWER
50,2022-10-01,112.6,0.15,20.51,10.33,12.41,NASA POWER
50,2022-11-01,200.6,-1.1,18.69,8.79,12.15,NASA POWER
50,2022-12-01,196.9,2.04,20.78,11.41,9.95,NASA POWER
50,2023-01-01,80.3,7.02,25.12,16.07,12.5,NASA POWER
50,2023-02-01,207.3,7.48,26.98,17.23,11.22,NASA POWER
50,2023-03-01,87.4,3.21,24.41,13.81,11.11,NASA POWER
50,2023-04-01,202.2,3.23,23.92,13.58,9.02,NASA POWER
50,2023-05-01,128.8,6.07,25.32,15.7,19.72,NASA POWER
50,2023-06-01,729.1,11.95,30.53,21.24,9.59,NASA POWER
50,2023-07-01,743.1,10.04,29.35,19.7,9.55,NASA POWER
50,2023-08-01,695.8,7.02,27.92,17.47,19.52,NASA POWER
50,2023-09-01,554.8,7.97,27.87,17.92,10.09,NASA POWER
50,2023-10-01,83.6,1.77,19.8,10.79,14.56,NASA POWER
50,2023-11-01,169.7,1.31,20.55,10.93,12.36,NASA POWER
50,2023-12-01,197.8,-0.83,18.13,8.65,13.32,NASA POWER
50,2024-01-01,103.6,7.65,26.81,17.23,10.27,NASA POWER
50,2024-02-01,176.8,7.72,26.24,16.98,15.0,NASA POWER
50,2024-03-01,177.6,8.08,28.31,18.2,13.7,NASA POWER
50,2024-04-01,156.7,6.65,26.53,16.59,18.64,NASA POWER
50,2024-05-01,214.6,2.56,23.47,13.01,15.17,NASA POWER
50,2024-06-01,716.9,6.68,27.15,16.91,15.35,NASA POWER
50,2024-07-01,582.6,8.81,25.97,17.39,10.35,NASA POWER
50,2024-08-01,728.3,8.14,27.39,17.77,13.18,NASA POWER
50,2024-09-01,522.8,8.54,29.03,18.79,13.73,NASA POWER
50,2024-10-01,168.0,2.11,20.49,11.3,14.39,NASA POWER
50,2024-11-01,83.9,2.73,19.63,11.18,18.83,NASA POWER
50,2024-12-01,146.3,-2.94,18.14,7.6,11.47,NASA POWER
51,2014-01-01,103.9,-0.29,18.57,9.14,14.95,NASA POWER
51,2014-02-01,91.3,-4.16,15.73,5.79,18.83,NASA POWER
51,2014-03-01,111.6,-3.94,14.52,5.29,18.08,NASA POWER
51,2014-04-01,83.5,-3.05,17.8,7.38,20.49,NASA POWER
51,2014-05-01,103.9,-6.56,10.91,2.18,17.77,NASA POWER
51,2014-06-01,292.1,-0.56,18.72,9.08,14.61,NASA POWER
51,2014-07-01,267.0,-1.6,18.02,8.21,18.47,NASA POWER
51,2014-08-01,343.1,0.18,19.91,10.04,19.3,NASA POWER
51,2014-09-01,321.9,-1.77,16.07,7.15,11.06,NASA POWER
51,2014-10-01,107.4,-6.56,12.47,2.96,18.29,NASA POWER
51,2014-11-01,109.0,-12.68,5.82,-3.43,15.71,NASA POWER
51,2014-12-01,96.9,-10.37,9.82,-0.27,11.8,NASA POWER
51,2015-01-01,71.7,-0.09,18.58,9.24,17.68,NASA POWER
51,2015-02-01,64.6,-1.46,14.75,6.64,10.34,NASA POWER
51,2015-03-01,114.2,-3.74,14.11,5.18,20.51,NASA POWER
51,2015-04-01,47.1,-3.59,15.69,6.05,20.66,NASA POWER
51,2015-05-01,87.1,-5.48,12.56,3.54,20.7,NASA POWER
51,2015-06-01,286.0,1.38,20.57,10.97,20.9,NASA POWER
51,2015-07-01,311.1,-0.56,17.12,8.28,19.08,NASA POWER
51,2015-08-01,334.2,-1.17,18.68,8.75,21.36,NASA POWER
51,2015-09-01,340.5,-0.14,19.38,9.62,20.7,NASA POWER
51,2015-10-01,104.4,-10.76,10.86,0.05,14.74,NASA POWER
51,2015-11-01,66.2,-8.6,10.58,0.99,15.13,NASA POWER
51,2015-12-01,90.9,-9.17,8.21,-0.48,16.64,NASA POWER
51,2016-01-01,70.8,-2.66,17.12,7.23,20.3,NASA POWER
51,2016-02-01,52.9,-3.89,14.96,5.54,15.78,NASA POWER
51,2016-03-01,114.6,-5.3,14.57,4.63,19.25,NASA POWER
51,2016-04-01,47.7,-7.03,11.39,2.18,19.52,NASA POWER
51,2016-05-01,117.0,-3.22,14.46,5.62,15.99,NASA POWER
51,2016-06-01,256.4,1.71,20.8,11.26,11.43,NASA POWER
51,2016-07-01,349.2,-1.46,18.04,8.29,13.81,NASA POWER
51,2016-08-01,269.4,1.99,21.16,11.57,20.27,NASA POWER
51,2016-09-01,355.1,1.4,18.01,9.71,13.07,NASA POWER
51,2016-10-01,83.0,-8.9,8.96,0.03,19.29,NASA POWER
51,2016-11-01,66.9,-12.34,7.36,-2.49,14.57,NASA POWER
51,2016-12-01,117.1,-12.02,8.34,-1.84,10.91,NASA POWER
51,2017-01-01,110.8,-2.58,18.04,7.73,18.09,NASA POWER
51,2017-02-01,50.3,-0.24,16.65,8.21,10.48,NASA POWER
51,2017-03-01,63.3,-4.78,15.57,5.39,11.68,NASA POWER
51,2017-04-01,111.0,-4.0,15.34,5.67,13.45,NASA POWER
51,2017-05-01,76.1,-6.87,14.17,3.65,16.43,NASA POWER
51,2017-06-01,312.2,-2.29,17.12,7.42,15.73,NASA POWER
51,2017-07-01,357.0,-0.16,20.79,10.31,17.23,NASA POWER
51,2017-08-01,342.2,1.22,18.24,9.73,15.6,NASA POWER
51,2017-09-01,372.8,-2.95,17.02,7.04,10.35,NASA POWER
51,2017-10-01,49.9,-10.89,8.12,-1.39,10.7,NASA POWER
51,2017-11-01,66.2,-6.92,11.33,2.21,15.54,NASA POWER
51,2017-12-01,43.4,-10.74,9.54,-0.6,12.81,NASA POWER
51,2018-01-01,73.4,-2.76,14.5,5.87,16.55,NASA POWER
51,2018-02-01,71.3,-5.8,15.48,4.84,21.77,NASA POWER
51,2018-03-01,45.9,-5.25,16.06,5.4,12.74,NASA POWER
51,2018-04-01,76.7,-4.59,16.96,6.19,15.09,NASA POWER
51,2018-05-01,42.3,-3.55,13.36,4.9,10.04,NASA POWER
51,2018-06-01,294.5,-1.75,17.36,7.8,16.53,NASA POWER
51,2018-07-01,361.5,-4.3,15.4,5.55,14.08,NASA POWER
51,2018-08-01,297.3,-1.92,17.21,7.65,11.03,NASA POWER
51,2018-09-01,302.5,0.05,17.29,8.67,12.94,NASA POWER
51,2018-10-01,89.0,-12.65,6.72,-2.97,20.84,NASA POWER
51,2018-11-01,75.9,-9.52,8.19,-0.67,21.7,NASA POWER
51,2018-12-01,91.4,-13.55,5.88,-3.84,11.59,NASA POWER
51,2019-01-01,74.7,-0.83,18.75,8.96,13.91,NASA POWER
51,2019-02-01,100.2,-5.96,15.25,4.64,11.35,NASA POWER
51,2019-03-01,62.2,-1.17,17.47,8.15,10.14,NASA POWER
51,2019-04-01,45.9,-2.81,16.57,6.88,14.06,NASA POWER
51,2019-05-01,68.1,-5.31,13.29,3.99,11.43,NASA POWER
51,2019-06-01,372.6,-4.73,14.95,5.11,10.06,NASA POWER
51,2019-07-01,344.7,-0.51,16.5,8.0,20.12,NASA POWER
51,2019-08-01,310.0,-0.59,18.63,9.02,12.85,NASA POWER
51,2019-09-01,310.4,-0.99,17.51,8.26,12.35,NASA POWER
51,2019-10-01,119.1,-12.07,8.88,-1.59,16.11,NASA POWER
51,2019-11-01,72.7,-10.38,7.83,-1.28,14.43,NASA POWER
51,2019-12-01,114.5,-10.65,8.34,-1.16,18.65,NASA POWER
51,2020-01-01,73.8,-2.57,15.58,6.5,15.07,NASA POWER
51,2020-02-01,64.0,-4.84,14.01,4.58,13.91,NASA POWER
51,2020-03-01,63.4,-5.52,13.61,4.04,16.81,NASA POWER
51,2020-04-01,83.0,-2.34,16.67,7.17,16.1,NASA POWER
51,2020-05-01,82.3,-4.72,14.6,4.94,10.67,NASA POWER
51,2020-06-01,283.0,-0.43,18.28,8.93,13.23,NASA POWER
51,2020-07-01,300.7,-1.81,18.02,8.11,14.49,NASA POWER
51,2020-08-01,267.8,1.11,20.07,10.59,10.2,NASA POWER
51,2020-09-01,279.5,-0.37,20.46,10.04,14.24,NASA POWER
51,2020-10-01,95.2,-7.97,12.85,2.44,16.04,NASA POWER
51,2020-11-01,77.5,-10.8,8.29,-1.26,11.57,NASA POWER
51,2020-12-01,77.8,-12.19,5.92,-3.13,13.99,NASA POWER
51,2021-01-01,55.8,-2.48,18.66,8.09,20.61,NASA POWER
51,2021-02-01,108.9,0.93,19.32,10.12,17.09,NASA POWER
51,2021-03-01,40.6,-3.97,16.71,6.37,12.64,NASA POWER
51,2021-04-01,97.2,-4.86,12.51,3.82,20.05,NASA POWER
51,2021-05-01,85.2,-6.18,12.8,3.31,19.45,NASA POWER
51,2021-06-01,256.6,-2.09,18.36,8.13,11.22,NASA POWER
51,2021-07-01,270.7,-1.56,15.2,6.82,19.69,NASA POWER
51,2021-08-01,261.9,0.72,17.67,9.2,10.04,NASA POWER
51,2021-09-01,309.7,-2.5,17.71,7.61,21.08,NASA POWER
51,2021-10-01,80.3,-7.97,12.89,2.46,17.58,NASA POWER
51,2021-11-01,100.4,-9.74,10.1,0.18,14.12,NASA POWER
51,2021-12-01,63.7,-11.77,8.46,-1.65,16.63,NASA POWER
51,2022-01-01,55.0,-2.6,13.85,5.62,20.39,NASA POWER
51,2022-02-01,61.5,0.03,19.13,9.58,18.03,NASA POWER
51,2022-03-01,90.4,-3.58,17.0,6.71,15.62,NASA POWER
51,2022-04-01,113.8,-3.82,14.0,5.09,16.87,NASA POWER
51,2022-05-01,117.1,-7.92,11.22,1.65,18.84,NASA POWER
51,2022-06-01,327.0,-0.03,19.15,9.56,19.47,NASA POWER
51,2022-07-01,347.6,0.8,17.71,9.26,20.61,NASA POWER
51,2022-08-01,336.2,-2.34,15.5,6.58,16.36,NASA POWER
51,2022-09-01,349.2,-2.38,14.99,6.3,13.53,NASA POWER
51,2022-10-01,51.8,-9.36,10.24,0.44,19.06,NASA POWER
51,2022-11-01,69.7,-9.03,11.88,1.43,15.39,NASA POWER
51,2022-12-01,69.1,-9.55,8.7,-0.43,16.17,NASA POWER
51,2023-01-01,42.2,-4.66,15.01,5.17,13.25,NASA POWER
51,2023-02-01,60.0,-4.01,15.89,5.94,18.06,NASA POWER
51,2023-03-01,106.0,-1.37,16.57,7.6,21.19,NASA POWER
51,2023-04-01,108.6,-7.23,12.97,2.87,20.18,NASA POWER
51,2023-05-01,68.3,-4.45,13.8,4.68,13.25,NASA POWER
51,2023-06-01,271.1,-0.91,18.47,8.78,17.69,NASA POWER
51,2023-07-01,362.0,-0.02,18.71,9.35,21.59,NASA POWER
51,2023-08-01,261.9,-0.52,19.62,9.55,20.52,NASA POWER
51,2023-09-01,374.5,2.39,20.49,11.44,17.3,NASA POWER
51,2023-10-01,75.0,-11.05,9.47,-0.79,16.86,NASA POWER
51,2023-11-01,82.3,-10.15,9.73,-0.21,17.0,NASA POWER
51,2023-12-01,66.8,-9.43,7.62,-0.9,10.1,NASA POWER
51,2024-01-01,62.6,-4.34,15.22,5.44,15.47,NASA POWER
51,2024-02-01,99.4,-3.44,17.08,6.82,21.69,NASA POWER
51,2024-03-01,53.2,-6.66,14.34,3.84,14.14,NASA POWER
51,2024-04-01,101.1,-6.33,10.8,2.24,18.47,NASA POWER
51,2024-05-01,69.9,-5.52,13.7,4.09,20.42,NASA POWER
51,2024-06-01,290.2,0.01,17.99,9.0,10.86,NASA POWER
51,2024-07-01,263.4,-0.86,20.08,9.61,10.61,NASA POWER
51,2024-08-01,345.8,-1.46,17.68,8.11,16.17,NASA POWER
51,2024-09-01,358.7,-1.86,16.81,7.47,20.68,NASA POWER
51,2024-10-01,103.2,-7.42,13.68,3.13,18.89,NASA POWER
51,2024-11-01,86.1,-9.93,6.96,-1.48,13.54,NASA POWER
51,2024-12-01,41.0,-9.45,8.97,-0.24,14.24,NASA POWER
52,2014-01-01,157.3,10.87,29.96,20.41,13.53,NASA POWER
52,2014-02-01,208.1,7.11,27.85,17.48,15.8,NASA POWER
52,2014-03-01,94.0,5.96,22.56,14.26,19.2,NASA POWER
52,2014-04-01,187.4,7.03,26.19,16.61,16.7,NASA POWER
52,2014-05-01,88.0,5.6,24.18,14.89,11.39,NASA POWER
52,2014-06-01,763.1,11.79,30.75,21.27,12.95,NASA POWER
52,2014-07-01,635.8,11.07,31.02,21.05,10.13,NASA POWER
52,2014-08-01,564.4,11.02,28.25,19.63,14.85,NASA POWER
52,2014-09-01,728.0,9.07,27.81,18.44,16.97,NASA POWER
52,2014-10-01,84.5,-0.33,17.57,8.62,14.33,NASA POWER
52,2014-11-01,83.4,2.58,20.65,11.61,19.05,NASA POWER
52,2014-12-01,157.8,-0.97,17.91,8.47,13.6,NASA POWER
52,2015-01-01,97.0,8.23,27.39,17.81,17.31,NASA POWER
52,2015-02-01,186.2,4.02,24.67,14.35,12.16,NASA POWER
52,2015-03-01,86.1,6.63,25.72,16.18,11.09,NASA POWER
52,2015-04-01,86.3,6.29,25.95,16.12,17.05,NASA POWER
52,2015-05-01,219.1,4.46,23.5,13.98,18.81,NASA POWER
52,2015-06-01,714.0,6.19,26.44,16.32,13.86,NASA POWER
52,2015-07-01,587.4,5.8,25.07,15.44,14.53,NASA POWER
52,2015-08-01,544.6,12.29,30.48,21.38,19.52,NASA POWER
52,2015-09-01,583.5,8.73,28.03,18.38,15.64,NASA POWER
52,2015-10-01,142.3,3.09,22.49,12.79,10.75,NASA POWER
52,2015-11-01,157.4,1.6,20.09,10.85,18.43,NASA POWER
52,2015-12-01,102.4,-1.34,19.28,8.97,14.69,NASA POWER
52,2016-01-01,188.3,6.86,25.47,16.16,11.29,NASA POWER
52,2016-02-01,144.5,5.1,25.77,15.43,9.46,NASA POWER
52,2016-03-01,91.7,4.82,23.15,13.98,11.32,NASA POWER
52,2016-04-01,214.9,2.55,21.3,11.93,15.95,NASA POWER
52,2016-05-01,203.6,7.45,25.83,16.64,17.7,NASA POWER
52,2016-06-01,766.2,9.82,28.45,19.13,13.71,NASA POWER
52,2016-07-01,626.7,7.11,28.37,17.74,11.81,NASA POWER
52,2016-08-01,548.2,11.48,28.16,19.82,11.42,NASA POWER
52,2016-09-01,729.4,9.51,27.79,18.65,14.62,NASA POWER
52,2016-10-01,137.5,4.16,22.94,13.55,10.14,NASA POWER
52,2016-11-01,227.7,0.1,17.99,9.04,18.7,NASA POWER
52,2016-12-01,87.9,-0.26,19.4,9.57,14.82,NASA POWER
52,2017-01-01,200.5,8.23,27.0,17.62,14.1,NASA POWER
52,2017-02-01,184.0,6.21,24.43,15.32,9.02,NASA POWER
52,2017-03-01,204.9,6.21,26.34,16.27,15.51,NASA POWER
52,2017-04-01,147.4,6.57,24.35,15.46,9.77,NASA POWER
52,2017-05-01,96.3,5.12,22.58,13.85,9.34,NASA POWER
52,2017-06-01,554.0,5.77,26.41,16.09,10.66,NASA POWER
52,2017-07-01,513.7,8.94,27.47,18.2,13.2,NASA POWER
52,2017-08-01,526.6,7.74,24.34,16.04,18.89,NASA POWER
52,2017-09-01,766.0,9.8,26.68,18.24,12.52,NASA POWER
52,2017-10-01,85.2,-0.45,19.39,9.47,14.29,NASA POWER
52,2017-11-01,96.9,-1.59,18.53,8.47,19.28,NASA POWER
52,2017-12-01,190.6,-2.53,17.08,7.27,16.35,NASA POWER
52,2018-01-01,146.0,8.16,27.55,17.86,11.58,NASA POWER
52,2018-02-01,213.8,7.15,27.93,17.54,11.04,NASA POWER
52,2018-03-01,225.4,6.93,25.04,15.98,17.74,NASA POWER
52,2018-04-01,224.0,6.6,27.41,17.0,18.07,NASA POWER
52,2018-05-01,230.1,4.4,25.62,15.01,12.14,NASA POWER
52,2018-06-01,739.7,10.9,29.37,20.14,17.48,NASA POWER
52,2018-07-01,523.3,8.0,25.94,16.97,13.42,NASA POWER
52,2018-08-01,535.9,6.74,26.33,16.54,14.38,NASA POWER
52,2018-09-01,639.3,8.91,27.78,18.34,18.89,NASA POWER
52,2018-10-01,154.7,-0.76,18.47,8.85,19.31,NASA POWER
52,2018-11-01,146.3,-0.52,17.2,8.34,13.8,NASA POWER
52,2018-12-01,193.1,-3.22,18.2,7.49,10.12,NASA POWER
52,2019-01-01,156.1,6.51,24.97,15.74,10.2,NASA POWER
52,2019-02-01,110.0,6.93,27.89,17.41,14.63,NASA POWER
52,2019-03-01,99.8,4.25,24.34,14.29,10.69,NASA POWER
52,2019-04-01,189.5,4.84,23.75,14.29,16.96,NASA POWER
52,2019-05-01,148.1,4.2,21.74,12.97,17.3,NASA POWER
52,2019-06-01,688.8,10.2,28.86,19.53,14.49,NASA POWER
52,2019-07-01,569.0,7.73,26.34,17.04,11.77,NASA POWER
52,2019-08-01,545.6,8.11,25.15,16.63,19.14,NASA POWER
52,2019-09-01,718.2,10.75,27.83,19.29,10.47,NASA POWER
52,2019-10-01,117.6,0.45,21.02,10.73,13.78,NASA POWER
52,2019-11-01,228.3,-0.84,18.36,8.76,12.96,NASA POWER
52,2019-12-01,147.8,-2.67,14.97,6.15,14.01,NASA POWER
52,2020-01-01,166.0,6.01,25.1,15.55,13.35,NASA POWER
52,2020-02-01,221.6,7.51,25.24,16.38,13.41,NASA POWER
52,2020-03-01,222.7,8.97,27.34,18.16,17.86,NASA POWER
52,2020-04-01,136.2,8.19,24.92,16.55,19.77,NASA POWER
52,2020-05-01,232.3,7.37,25.7,16.54,18.38,NASA POWER
52,2020-06-01,702.3,8.98,28.67,18.83,17.93,NASA POWER
52,2020-07-01,710.0,8.78,25.61,17.2,12.97,NASA POWER
52,2020-08-01,531.4,7.84,27.28,17.56,19.21,NASA POWER
52,2020-09-01,543.6,9.97,28.64,19.3,15.28,NASA POWER
52,2020-10-01,192.7,-2.07,18.25,8.09,13.4,NASA POWER
52,2020-11-01,203.5,3.13,19.3,11.21,16.94,NASA POWER
52,2020-12-01,176.4,-2.31,16.95,7.32,19.63,NASA POWER
52,2021-01-01,183.4,6.78,25.97,16.38,15.1,NASA POWER
52,2021-02-01,228.2,7.94,27.49,17.71,12.13,NASA POWER
52,2021-03-01,113.2,9.23,28.38,18.8,16.42,NASA POWER
52,2021-04-01,98.4,7.02,24.82,15.92,16.34,NASA POWER
52,2021-05-01,141.3,4.06,23.09,13.57,16.88,NASA POWER
52,2021-06-01,634.6,9.38,29.91,19.64,10.92,NASA POWER
52,2021-07-01,575.0,11.63,28.35,19.99,15.01,NASA POWER
52,2021-08-01,562.7,9.04,29.17,19.11,12.52,NASA POWER
52,2021-09-01,632.7,8.95,28.08,18.52,13.53,NASA POWER
52,2021-10-01,82.7,0.41,18.64,9.53,16.62,NASA POWER
52,2021-11-01,176.2,-0.46,16.53,8.04,9.24,NASA POWER
52,2021-12-01,198.5,-2.87,16.97,7.05,12.96,NASA POWER
52,2022-01-01,162.2,5.78,26.62,16.2,14.31,NASA POWER
52,2022-02-01,126.0,6.72,23.38,15.05,14.99,NASA POWER
52,2022-03-01,83.1,5.97,25.39,15.68,14.86,NASA POWER
52,2022-04-01,87.7,5.51,25.58,15.54,15.22,NASA POWER
52,2022-05-01,172.5,6.04,23.35,14.7,10.5,NASA POWER
52,2022-06-01,706.9,8.73,28.43,18.58,9.16,NASA POWER
52,2022-07-01,759.3,8.4,26.83,17.61,12.43,NASA POWER
52,2022-08-01,541.6,7.53,26.8,17.16,15.55,NASA POWER
52,2022-09-01,621.7,8.34,26.41,17.38,10.09,NASA POWER
52,2022-10-01,166.5,0.25,19.82,10.04,15.97,NASA POWER
52,2022-11-01,211.1,-1.67,16.93,7.63,11.83,NASA POWER
52,2022-12-01,171.0,1.96,18.41,10.19,14.84,NASA POWER
52,2023-01-01,182.0,5.64,26.68,16.16,19.51,NASA POWER
52,2023-02-01,183.0,6.07,23.73,14.9,10.14,NASA POWER
52,2023-03-01,210.1,5.21,26.0,15.61,12.48,NASA POWER
52,2023-04-01,99.2,3.2,22.35,12.78,17.48,NASA POWER
52,2023-05-01,114.0,4.46,22.7,13.58,16.37,NASA POWER
52,2023-06-01,745.3,9.85,29.92,19.89,13.91,NASA POWER
52,2023-07-01,596.0,6.95,25.48,16.21,9.08,NASA POWER
52,2023-08-01,545.2,8.74,25.5,17.12,13.55,NASA POWER
52,2023-09-01,756.4,8.58,27.55,18.07,13.83,NASA POWER
52,2023-10-01,177.0,3.33,21.05,12.19,16.06,NASA POWER
52,2023-11-01,183.4,-0.48,19.47,9.49,19.68,NASA POWER
52,2023-12-01,133.9,-2.75,17.05,7.15,15.03,NASA POWER
52,2024-01-01,80.2,7.44,24.48,15.96,16.46,NASA POWER
52,2024-02-01,223.2,8.5,27.23,17.87,11.22,NASA POWER
52,2024-03-01,178.4,5.32,24.45,14.88,17.85,NASA POWER
52,2024-04-01,224.4,6.91,25.89,16.4,10.48,NASA POWER
52,2024-05-01,210.8,7.64,26.09,16.86,15.71,NASA POWER
52,2024-06-01,736.9,7.08,27.45,17.27,14.65,NASA POWER
52,2024-07-01,711.3,8.56,26.82,17.69,15.25,NASA POWER
52,2024-08-01,552.2,6.22,25.61,15.91,12.72,NASA POWER
52,2024-09-01,544.2,5.68,26.82,16.25,14.39,NASA POWER
52,2024-10-01,139.2,-1.75,17.26,7.76,16.72,NASA POWER
52,2024-11-01,189.4,0.36,21.0,10.68,15.84,NASA POWER
52,2024-12-01,171.4,0.03,17.8,8.92,19.02,NASA POWER
53,2014-01-01,92.6,5.87,26.31,16.09,12.05,NASA POWER
53,2014-02-01,143.2,9.72,27.46,18.59,13.26,NASA POWER
53,2014-03-01,166.0,6.37,23.41,14.89,10.76,NASA POWER
53,2014-04-01,193.6,4.87,22.32,13.6,16.64,NASA POWER
53,2014-05-01,223.2,3.58,24.17,13.88,14.76,NASA POWER
53,2014-06-01,662.5,8.27,26.49,17.38,14.89,NASA POWER
53,2014-07-01,633.0,7.62,25.12,16.37,16.89,NASA POWER
53,2014-08-01,545.4,6.69,26.48,16.59,18.01,NASA POWER
53,2014-09-01,582.8,8.65,28.86,18.75,15.42,NASA POWER
53,2014-10-01,109.6,-1.08,17.34,8.13,12.28,NASA POWER
53,2014-11-01,204.7,0.53,19.67,10.1,15.48,NASA POWER
53,2014-12-01,81.4,-0.33,16.63,8.15,17.11,NASA POWER
53,2015-01-01,171.6,6.71,24.5,15.61,10.35,NASA POWER
53,2015-02-01,176.7,5.97,24.58,15.27,9.66,NASA POWER
53,2015-03-01,223.6,6.31,25.06,15.68,11.64,NASA POWER
53,2015-04-01,165.6,2.53,23.74,13.13,10.08,NASA POWER
53,2015-05-01,121.0,5.07,23.01,14.04,9.21,NASA POWER
53,2015-06-01,600.3,11.69,29.27,20.48,19.76,NASA POWER
53,2015-07-01,758.4,10.04,30.09,20.06,16.23,NASA POWER
53,2015-08-01,696.9,6.94,27.62,17.28,18.64,NASA POWER
53,2015-09-01,712.4,9.03,26.0,17.52,18.15,NASA POWER
53,2015-10-01,154.9,-0.19,18.96,9.38,15.52,NASA POWER
53,2015-11-01,144.5,1.36,20.74,11.05,15.73,NASA POWER
53,2015-12-01,122.9,-3.37,16.94,6.79,18.57,NASA POWER
53,2016-01-01,105.2,5.82,25.57,15.7,16.75,NASA POWER
53,2016-02-01,111.6,7.08,26.16,16.62,16.5,NASA POWER
53,2016-03-01,125.0,2.98,22.58,12.78,9.12,NASA POWER
53,2016-04-01,238.9,5.19,25.48,15.34,9.49,NASA POWER
53,2016-05-01,107.5,4.12,22.91,13.52,13.96,NASA POWER
53,2016-06-01,659.4,10.71,28.58,19.64,18.76,NASA POWER
53,2016-07-01,559.2,10.65,29.09,19.87,17.9,NASA POWER
53,2016-08-01,609.7,9.47,29.93,19.7,16.41,NASA POWER
53,2016-09-01,757.7,11.08,28.28,19.68,9.7,NASA POWER
53,2016-10-01,195.2,2.57,22.48,12.53,19.55,NASA POWER
53,2016-11-01,98.0,1.28,19.51,10.4,12.25,NASA POWER
53,2016-12-01,211.0,0.72,17.49,9.1,17.92,NASA POWER
53,2017-01-01,197.7,9.61,28.18,18.89,15.42,NASA POWER
53,2017-02-01,180.7,5.33,24.07,14.7,16.61,NASA POWER
53,2017-03-01,233.7,5.74,23.51,14.62,12.86,NASA POWER
53,2017-04-01,81.5,8.91,26.09,17.5,11.25,NASA POWER
53,2017-05-01,218.6,5.9,23.31,14.61,13.57,NASA POWER
53,2017-06-01,635.5,8.62,26.37,17.5,17.51,NASA POWER
53,2017-07-01,519.1,7.98,27.16,17.57,18.53,NASA POWER
53,2017-08-01,561.0,8.37,26.97,17.67,18.37,NASA POWER
53,2017-09-01,546.2,9.89,26.04,17.96,17.71,NASA POWER
53,2017-10-01,231.1,-0.73,19.13,9.2,16.75,NASA POWER
53,2017-11-01,80.8,3.12,21.15,12.13,9.98,NASA POWER
53,2017-12-01,144.5,-1.79,16.94,7.58,13.99,NASA POWER
53,2018-01-01,232.6,5.61,26.22,15.91,15.72,NASA POWER
53,2018-02-01,228.5,5.38,25.66,15.52,14.98,NASA POWER
53,2018-03-01,187.1,5.29,26.64,15.96,14.54,NASA POWER
53,2018-04-01,135.2,3.71,22.41,13.06,10.84,NASA POWER
53,2018-05-01,128.6,4.26,23.87,14.07,10.76,NASA POWER
53,2018-06-01,720.9,5.82,25.5,15.66,17.73,NASA POWER
53,2018-07-01,660.9,6.23,24.71,15.47,16.94,NASA POWER
53,2018-08-01,611.8,8.68,29.08,18.88,16.8,NASA POWER
53,2018-09-01,651.5,8.7,27.18,17.94,19.15,NASA POWER
53,2018-10-01,105.7,1.78,20.59,11.19,15.05,NASA POWER
53,2018-11-01,234.8,1.1,21.86,11.48,18.99,NASA POWER
53,2018-12-01,174.1,1.58,18.85,10.21,9.14,NASA POWER
53,2019-01-01,88.3,8.42,27.58,18.0,17.52,NASA POWER
53,2019-02-01,164.9,9.19,28.66,18.93,12.01,NASA POWER
53,2019-03-01,86.2,7.61,27.45,17.53,11.92,NASA POWER
53,2019-04-01,147.3,2.31,21.26,11.79,13.63,NASA POWER
53,2019-05-01,154.7,7.1,25.59,16.34,17.83,NASA POWER
53,2019-06-01,528.7,7.99,27.25,17.62,14.96,NASA POWER
53,2019-07-01,532.0,10.87,30.33,20.6,12.13,NASA POWER
53,2019-08-01,640.3,9.32,29.02,19.17,15.58,NASA POWER
53,2019-09-01,715.9,10.73,28.64,19.69,13.11,NASA POWER
53,2019-10-01,156.9,0.74,22.02,11.38,9.52,NASA POWER
53,2019-11-01,129.4,-1.06,17.76,8.35,10.08,NASA POWER
53,2019-12-01,127.0,-3.45,17.13,6.84,13.08,NASA POWER
53,2020-01-01,96.3,9.24,27.09,18.16,15.03,NASA POWER
53,2020-02-01,230.1,6.46,25.34,15.9,18.27,NASA POWER
53,2020-03-01,125.1,4.85,22.83,13.84,17.22,NASA POWER
53,2020-04-01,223.7,5.2,22.92,14.06,18.91,NASA POWER
53,2020-05-01,94.2,4.84,24.83,14.83,11.01,NASA POWER
53,2020-06-01,706.5,8.98,28.0,18.49,10.35,NASA POWER
53,2020-07-01,525.6,5.48,24.35,14.92,10.66,NASA POWER
53,2020-08-01,535.7,8.46,26.03,17.25,12.33,NASA POWER
53,2020-09-01,545.6,10.06,30.29,20.18,11.61,NASA POWER
53,2020-10-01,154.6,-0.51,20.19,9.84,10.01,NASA POWER
53,2020-11-01,217.7,0.33,19.33,9.83,15.21,NASA POWER
53,2020-12-01,148.9,-1.44,17.9,8.23,19.3,NASA POWER
53,2021-01-01,139.5,9.73,27.59,18.66,15.41,NASA POWER
53,2021-02-01,156.7,5.3,24.18,14.74,15.56,NASA POWER
53,2021-03-01,118.9,8.46,28.01,18.23,16.22,NASA POWER
53,2021-04-01,132.9,4.86,25.44,15.15,16.44,NASA POWER
53,2021-05-01,209.3,6.52,25.77,16.14,15.72,NASA POWER
53,2021-06-01,584.6,10.94,29.6,20.27,14.83,NASA POWER
53,2021-07-01,621.7,9.63,28.4,19.02,9.2,NASA POWER
53,2021-08-01,536.8,8.0,27.85,17.93,19.46,NASA POWER
53,2021-09-01,663.2,8.76,28.15,18.45,9.26,NASA POWER
53,2021-10-01,135.7,3.15,21.15,12.15,19.07,NASA POWER
53,2021-11-01,89.6,-0.84,20.12,9.64,10.1,NASA POWER
53,2021-12-01,179.8,-0.34,19.35,9.51,12.06,NASA POWER
53,2022-01-01,170.7,9.89,27.31,18.6,11.08,NASA POWER
53,2022-02-01,170.1,6.45,23.06,14.75,13.58,NASA POWER
53,2022-03-01,218.9,6.32,25.34,15.83,12.37,NASA POWER
53,2022-04-01,107.1,5.69,23.36,14.53,15.42,NASA POWER
53,2022-05-01,145.6,2.98,21.72,12.35,13.84,NASA POWER
53,2022-06-01,677.7,9.5,30.57,20.04,9.14,NASA POWER
53,2022-07-01,673.3,9.43,28.77,19.1,14.99,NASA POWER
53,2022-08-01,565.1,9.46,27.77,18.62,17.09,NASA POWER
53,2022-09-01,722.9,8.98,28.23,18.61,14.34,NASA POWER
53,2022-10-01,143.2,3.44,21.42,12.43,12.72,NASA POWER
53,2022-11-01,123.2,-1.83,16.74,7.45,15.37,NASA POWER
53,2022-12-01,90.6,-0.53,17.28,8.38,19.42,NASA POWER
53,2023-01-01,194.0,6.45,26.56,16.5,15.97,NASA POWER
53,2023-02-01,185.2,10.2,28.81,19.5,18.83,NASA POWER
53,2023-03-01,104.6,2.88,23.07,12.97,17.58,NASA POWER
53,2023-04-01,125.7,5.74,24.41,15.07,11.22,NASA POWER
53,2023-05-01,114.6,7.91,27.2,17.55,19.18,NASA POWER
53,2023-06-01,713.5,9.06,28.99,19.02,18.89,NASA POWER
53,2023-07-01,610.4,7.61,28.21,17.91,11.94,NASA POWER
53,2023-08-01,719.4,11.56,29.23,20.39,19.54,NASA POWER
53,2023-09-01,602.8,9.82,26.53,18.18,11.54,NASA POWER
53,2023-10-01,198.3,-1.81,16.75,7.47,11.02,NASA POWER
53,2023-11-01,82.6,-0.43,20.23,9.9,9.22,NASA POWER
53,2023-12-01,125.6,-3.39,16.09,6.35,12.79,NASA POWER
53,2024-01-01,157.9,9.09,26.67,17.88,17.57,NASA POWER
53,2024-02-01,122.5,4.29,23.59,13.94,11.12,NASA POWER
53,2024-03-01,232.4,3.84,23.14,13.49,14.77,NASA POWER
53,2024-04-01,193.9,6.96,25.57,16.27,16.14,NASA POWER
53,2024-05-01,125.7,5.73,24.02,14.88,19.08,NASA POWER
53,2024-06-01,695.1,7.47,29.05,18.26,17.56,NASA POWER
53,2024-07-01,734.0,7.15,27.22,17.18,15.57,NASA POWER
53,2024-08-01,630.6,7.53,24.66,16.09,11.82,NASA POWER
53,2024-09-01,744.2,9.29,29.3,19.3,10.49,NASA POWER
53,2024-10-01,165.7,-1.97,17.71,7.87,14.84,NASA POWER
53,2024-11-01,141.7,-1.71,18.17,8.23,18.05,NASA POWER
53,2024-12-01,100.9,-2.47,17.0,7.26,10.3,NASA POWER
54,2014-01-01,188.1,7.27,26.74,17.0,13.15,NASA POWER
54,2014-02-01,127.4,7.78,26.66,17.22,17.69,NASA POWER
54,2014-03-01,160.1,5.2,23.35,14.28,13.15,NASA POWER
54,2014-04-01,112.4,4.48,24.51,14.5,16.15,NASA POWER
54,2014-05-01,209.5,4.4,23.04,13.72,16.86,NASA POWER
54,2014-06-01,659.7,9.82,28.16,18.99,17.88,NASA POWER
54,2014-07-01,625.6,6.93,25.32,16.12,15.9,NASA POWER
54,2014-08-01,679.9,11.02,28.98,20.0,18.81,NASA POWER
54,2014-09-01,535.7,9.35,26.24,17.79,10.93,NASA POWER
54,2014-10-01,106.5,0.07,19.35,9.71,19.72,NASA POWER
54,2014-11-01,132.0,-2.16,18.23,8.04,16.86,NASA POWER
54,2014-12-01,186.8,-0.04,18.83,9.39,19.56,NASA POWER
54,2015-01-01,195.9,7.45,26.9,17.18,13.21,NASA POWER
54,2015-02-01,123.6,5.5,22.61,14.05,12.43,NASA POWER
54,2015-03-01,154.5,8.27,26.33,17.3,9.96,NASA POWER
54,2015-04-01,187.3,6.09,25.07,15.58,12.46,NASA POWER
54,2015-05-01,131.4,5.76,23.16,14.46,16.92,NASA POWER
54,2015-06-01,749.7,9.71,26.72,18.21,17.21,NASA POWER
54,2015-07-01,570.0,10.94,31.42,21.18,13.15,NASA POWER
54,2015-08-01,613.9,5.39,24.86,15.12,10.58,NASA POWER
54,2015-09-01,695.7,10.63,30.73,20.68,15.59,NASA POWER
54,2015-10-01,89.0,0.35,19.23,9.79,10.65,NASA POWER
54,2015-11-01,174.0,-3.17,17.33,7.08,11.21,NASA POWER
54,2015-12-01,124.7,0.66,18.92,9.79,15.73,NASA POWER
54,2016-01-01,199.7,7.63,26.71,17.17,12.55,NASA POWER
54,2016-02-01,215.1,8.35,27.75,18.05,16.16,NASA POWER
54,2016-03-01,124.4,6.89,24.97,15.93,12.73,NASA POWER
54,2016-04-01,148.6,8.64,27.07,17.86,19.61,NASA POWER
54,2016-05-01,117.2,5.88,24.2,15.04,17.71,NASA POWER
54,2016-06-01,736.9,9.17,28.27,18.72,17.26,NASA POWER
54,2016-07-01,641.8,6.45,26.21,16.33,19.05,NASA POWER
54,2016-08-01,722.1,11.73,29.38,20.55,18.23,NASA POWER
54,2016-09-01,652.1,8.15,27.38,17.77,13.97,NASA POWER
54,2016-10-01,135.3,0.17,16.99,8.58,9.01,NASA POWER
54,2016-11-01,222.6,-1.08,17.19,8.05,13.22,NASA POWER
54,2016-12-01,167.9,-0.39,18.35,8.98,10.09,NASA POWER
54,2017-01-01,133.8,10.82,27.72,19.27,11.26,NASA POWER
54,2017-02-01,83.1,7.49,26.81,17.15,16.68,NASA POWER
54,2017-03-01,230.0,7.66,27.79,17.73,12.51,NASA POWER
54,2017-04-01,151.8,2.8,22.96,12.88,13.67,NASA POWER
54,2017-05-01,82.8,3.89,21.95,12.92,12.28,NASA POWER
54,2017-06-01,644.7,9.22,26.79,18.0,12.61,NASA POWER
54,2017-07-01,750.7,6.68,26.02,16.35,11.45,NASA POWER
54,2017-08-01,566.8,8.78,29.32,19.05,13.34,NASA POWER
54,2017-09-01,649.6,9.25,29.08,19.16,10.99,NASA POWER
54,2017-10-01,217.2,-1.08,18.6,8.76,13.25,NASA POWER
54,2017-11-01,190.2,0.18,17.56,8.87,12.7,NASA POWER
54,2017-12-01,96.7,-0.88,18.59,8.86,13.01,NASA POWER
54,2018-01-01,97.5,8.51,27.24,17.88,9.99,NASA POWER
54,2018-02-01,213.6,7.09,27.13,17.11,17.5,NASA POWER
54,2018-03-01,82.4,5.63,23.14,14.38,14.68,NASA POWER
54,2018-04-01,162.4,3.93,21.92,12.93,15.62,NASA POWER
54,2018-05-01,83.2,4.09,21.87,12.98,9.25,NASA POWER
54,2018-06-01,596.9,7.08,26.38,16.73,14.45,NASA POWER
54,2018-07-01,555.2,6.83,26.74,16.79,13.89,NASA POWER
54,2018-08-01,660.7,8.13,28.14,18.14,15.49,NASA POWER
54,2018-09-01,650.0,11.76,29.73,20.75,9.28,NASA POWER
54,2018-10-01,132.1,3.63,23.08,13.35,13.91,NASA POWER
54,2018-11-01,120.7,-0.53,18.42,8.95,10.42,NASA POWER
54,2018-12-01,112.3,-1.58,17.1,7.76,10.98,NASA POWER
54,2019-01-01,213.3,6.2,25.98,16.09,10.57,NASA POWER
54,2019-02-01,220.1,7.04,25.4,16.22,9.37,NASA POWER
54,2019-03-01,237.1,9.38,27.73,18.55,18.6,NASA POWER
54,2019-04-01,193.8,8.38,25.74,17.06,10.35,NASA POWER
54,2019-05-01,219.8,7.72,24.76,16.24,19.12,NASA POWER
54,2019-06-01,611.9,8.24,27.66,17.95,10.57,NASA POWER
54,2019-07-01,704.7,6.9,25.55,16.23,17.99,NASA POWER
54,2019-08-01,767.2,10.73,30.18,20.45,13.43,NASA POWER
54,2019-09-01,727.5,6.26,27.16,16.71,13.8,NASA POWER
54,2019-10-01,168.7,4.34,22.61,13.47,9.48,NASA POWER
54,2019-11-01,166.3,-1.3,18.69,8.7,11.89,NASA POWER
54,2019-12-01,201.9,-2.51,16.64,7.07,16.33,NASA POWER
54,2020-01-01,136.2,6.31,23.95,15.13,17.32,NASA POWER
54,2020-02-01,210.6,6.08,23.84,14.96,12.94,NASA POWER
54,2020-03-01,148.3,4.25,23.8,14.03,12.31,NASA POWER
54,2020-04-01,175.8,7.26,27.14,17.2,16.8,NASA POWER
54,2020-05-01,174.0,4.57,23.61,14.09,17.15,NASA POWER
54,2020-06-01,724.5,9.47,28.53,19.0,12.38,NASA POWER
54,2020-07-01,567.6,11.0,29.06,20.03,17.85,NASA POWER
54,2020-08-01,761.0,11.11,28.56,19.84,15.35,NASA POWER
54,2020-09-01,719.1,11.95,28.68,20.31,14.77,NASA POWER
54,2020-10-01,106.7,3.35,22.25,12.8,16.54,NASA POWER
54,2020-11-01,190.5,0.52,18.27,9.39,15.86,NASA POWER
54,2020-12-01,107.3,-1.46,15.93,7.23,14.34,NASA POWER
54,2021-01-01,163.8,9.89,29.83,19.86,17.47,NASA POWER
54,2021-02-01,234.1,8.38,28.51,18.45,13.63,NASA POWER
54,2021-03-01,176.1,4.14,24.59,14.37,9.74,NASA POWER
54,2021-04-01,82.6,3.23,23.39,13.31,18.11,NASA POWER
54,2021-05-01,167.0,6.38,25.8,16.09,15.96,NASA POWER
54,2021-06-01,698.3,9.63,27.37,18.5,19.29,NASA POWER
54,2021-07-01,632.1,6.5,27.22,16.86,16.75,NASA POWER
54,2021-08-01,748.9,10.22,28.66,19.44,13.47,NASA POWER
54,2021-09-01,699.8,9.53,25.89,17.71,19.59,NASA POWER
54,2021-10-01,86.9,1.46,20.68,11.07,16.41,NASA POWER
54,2021-11-01,169.5,2.45,22.43,12.44,16.93,NASA POWER
54,2021-12-01,176.1,0.24,21.1,10.67,9.67,NASA POWER
54,2022-01-01,168.6,6.51,25.08,15.79,9.1,NASA POWER
54,2022-02-01,94.0,7.7,27.4,17.55,19.4,NASA POWER
54,2022-03-01,232.0,5.65,25.93,15.79,9.66,NASA POWER
54,2022-04-01,217.2,3.51,21.48,12.5,12.87,NASA POWER
54,2022-05-01,182.3,2.69,22.97,12.83,13.97,NASA POWER
54,2022-06-01,657.0,7.88,25.61,16.75,14.27,NASA POWER
54,2022-07-01,723.6,10.09,29.19,19.64,11.46,NASA POWER
54,2022-08-01,691.2,5.38,26.67,16.03,9.18,NASA POWER
54,2022-09-01,760.1,8.63,26.76,17.7,12.05,NASA POWER
54,2022-10-01,220.3,-0.04,18.82,9.39,16.58,NASA POWER
54,2022-11-01,207.9,1.75,21.92,11.84,14.74,NASA POWER
54,2022-12-01,163.0,-2.0,16.88,7.44,10.89,NASA POWER
54,2023-01-01,161.1,8.88,25.75,17.32,10.56,NASA POWER
54,2023-02-01,113.9,7.7,26.77,17.23,9.7,NASA POWER
54,2023-03-01,145.1,7.46,26.46,16.96,11.61,NASA POWER
54,2023-04-01,143.6,5.48,24.29,14.88,14.02,NASA POWER
54,2023-05-01,190.4,7.5,25.62,16.56,13.71,NASA POWER
54,2023-06-01,659.1,11.85,28.93,20.39,15.36,NASA POWER
54,2023-07-01,760.1,9.78,27.96,18.87,10.77,NASA POWER
54,2023-08-01,621.1,8.12,29.64,18.88,18.6,NASA POWER
54,2023-09-01,740.1,9.35,28.71,19.03,15.26,NASA POWER
54,2023-10-01,98.2,2.85,20.81,11.83,15.83,NASA POWER
54,2023-11-01,223.4,-1.12,17.88,8.38,12.91,NASA POWER
54,2023-12-01,129.0,1.56,20.49,11.02,18.54,NASA POWER
54,2024-01-01,218.8,7.06,24.13,15.59,19.75,NASA POWER
54,2024-02-01,134.0,7.51,27.58,17.54,15.59,NASA POWER
54,2024-03-01,151.2,6.62,24.74,15.68,16.09,NASA POWER
54,2024-04-01,134.1,4.1,25.02,14.56,10.65,NASA POWER
54,2024-05-01,194.8,4.09,23.06,13.57,10.65,NASA POWER
54,2024-06-01,666.6,10.08,29.97,20.02,15.99,NASA POWER
54,2024-07-01,721.6,7.81,27.19,17.5,19.62,NASA POWER
54,2024-08-01,590.9,9.88,29.16,19.52,15.76,NASA POWER
54,2024-09-01,674.0,8.2,26.06,17.13,10.49,NASA POWER
54,2024-10-01,125.7,-0.43,18.38,8.97,11.09,NASA POWER
54,2024-11-01,158.6,3.03,21.55,12.29,15.62,NASA POWER
54,2024-12-01,94.1,1.38,19.21,10.29,14.09,NASA POWER
55,2014-01-01,100.1,10.22,29.77,20.0,17.4,NASA POWER
55,2014-02-01,181.1,7.64,28.27,17.95,13.37,NASA POWER
55,2014-03-01,134.0,7.86,25.85,16.86,19.79,NASA POWER
55,2014-04-01,237.4,9.56,28.4,18.98,11.48,NASA POWER
55,2014-05-01,92.6,2.32,22.58,12.45,15.84,NASA POWER
55,2014-06-01,724.5,12.37,30.65,21.51,18.07,NASA POWER
55,2014-07-01,629.1,7.13,26.83,16.98,11.01,NASA POWER
55,2014-08-01,538.3,12.3,29.04,20.67,12.27,NASA POWER
55,2014-09-01,597.6,8.04,25.98,17.01,12.15,NASA POWER
55,2014-10-01,232.5,3.24,22.64,12.94,11.93,NASA POWER
55,2014-11-01,212.8,-0.07,16.48,8.21,13.03,NASA POWER
55,2014-12-01,83.1,-0.66,18.43,8.88,15.87,NASA POWER
55,2015-01-01,112.3,8.01,29.15,18.58,17.52,NASA POWER
55,2015-02-01,170.4,7.91,27.56,17.73,19.5,NASA POWER
55,2015-03-01,169.3,6.74,25.54,16.14,10.63,NASA POWER
55,2015-04-01,154.6,6.67,25.61,16.14,10.13,NASA POWER
55,2015-05-01,218.9,5.88,23.39,14.63,19.51,NASA POWER
55,2015-06-01,549.0,8.27,27.84,18.05,13.4,NASA POWER
55,2015-07-01,658.5,9.67,30.71,20.19,10.27,NASA POWER
55,2015-08-01,599.1,8.78,28.56,18.67,17.15,NASA POWER
55,2015-09-01,702.5,9.06,28.12,18.59,13.09,NASA POWER
55,2015-10-01,120.3,2.92,21.99,12.45,15.57,NASA POWER
55,2015-11-01,201.0,0.28,18.39,9.34,16.95,NASA POWER
55,2015-12-01,86.0,0.6,20.18,10.39,10.88,NASA POWER
55,2016-01-01,239.0,4.3,23.38,13.84,12.96,NASA POWER
55,2016-02-01,206.3,8.9,27.12,18.01,13.17,NASA POWER
55,2016-03-01,226.2,7.24,28.02,17.63,9.82,NASA POWER
55,2016-04-01,140.2,2.61,24.34,13.47,13.52,NASA POWER
55,2016-05-01,150.3,6.55,24.67,15.61,17.73,NASA POWER
55,2016-06-01,685.5,7.78,26.94,17.36,15.58,NASA POWER
55,2016-07-01,715.0,11.73,30.74,21.23,10.5,NASA POWER
55,2016-08-01,529.0,6.59,24.21,15.4,9.67,NASA POWER
55,2016-09-01,593.8,11.16,31.37,21.27,10.29,NASA POWER
55,2016-10-01,190.2,0.77,21.29,11.03,17.62,NASA POWER
55,2016-11-01,166.5,-0.36,17.25,8.45,14.07,NASA POWER
55,2016-12-01,227.6,1.04,18.28,9.66,18.26,NASA POWER
55,2017-01-01,134.7,5.44,25.92,15.68,16.63,NASA POWER
55,2017-02-01,168.9,3.43,24.58,14.0,12.45,NASA POWER
55,2017-03-01,121.0,3.95,23.2,13.57,12.64,NASA POWER
55,2017-04-01,125.2,8.26,27.52,17.89,12.86,NASA POWER
55,2017-05-01,146.9,1.6,22.39,12.0,14.69,NASA POWER
55,2017-06-01,650.5,7.94,27.41,17.68,12.5,NASA POWER
55,2017-07-01,555.4,9.99,30.62,20.3,13.17,NASA POWER
55,2017-08-01,594.3,7.52,25.27,16.39,13.38,NASA POWER
55,2017-09-01,564.3,8.12,28.28,18.2,13.75,NASA POWER
55,2017-10-01,99.3,0.78,21.46,11.12,18.98,NASA POWER
55,2017-11-01,116.5,-1.6,19.42,8.91,14.03,NASA POWER
55,2017-12-01,218.8,-2.37,16.78,7.21,11.08,NASA POWER
55,2018-01-01,116.3,10.87,28.67,19.77,18.06,NASA POWER
55,2018-02-01,193.4,7.95,28.94,18.45,10.57,NASA POWER
55,2018-03-01,135.8,5.14,23.47,14.3,16.4,NASA POWER
55,2018-04-01,140.5,4.87,23.55,14.21,16.13,NASA POWER
55,2018-05-01,207.9,6.17,23.11,14.64,12.77,NASA POWER
55,2018-06-01,716.6,8.69,25.55,17.12,17.38,NASA POWER
55,2018-07-01,563.4,9.55,28.15,18.85,18.22,NASA POWER
55,2018-08-01,721.2,10.05,28.78,19.41,11.3,NASA POWER
55,2018-09-01,731.8,7.59,25.06,16.32,10.94,NASA POWER
55,2018-10-01,160.4,1.23,17.99,9.61,18.47,NASA POWER
55,2018-11-01,105.3,-0.82,18.16,8.67,19.77,NASA POWER
55,2018-12-01,96.2,1.91,19.02,10.46,19.63,NASA POWER
55,2019-01-01,124.4,7.21,24.97,16.09,11.58,NASA POWER
55,2019-02-01,89.2,4.65,24.01,14.33,16.62,NASA POWER
55,2019-03-01,209.5,5.53,24.28,14.91,19.46,NASA POWER
55,2019-04-01,140.7,5.5,22.31,13.9,18.58,NASA POWER
55,2019-05-01,126.3,5.23,23.57,14.4,16.88,NASA POWER
55,2019-06-01,514.6,9.8,27.78,18.79,17.82,NASA POWER
55,2019-07-01,545.8,8.62,27.95,18.29,12.32,NASA POWER
55,2019-08-01,519.5,9.07,28.2,18.63,15.49,NASA POWER
55,2019-09-01,670.2,9.14,28.24,18.69,9.7,NASA POWER
55,2019-10-01,109.5,2.4,20.81,11.6,14.18,NASA POWER
55,2019-11-01,156.3,-1.41,16.16,7.38,9.64,NASA POWER
55,2019-12-01,215.1,0.95,18.39,9.67,19.5,NASA POWER
55,2020-01-01,168.1,8.68,26.97,17.82,10.17,NASA POWER
55,2020-02-01,156.2,5.69,27.19,16.44,12.89,NASA POWER
55,2020-03-01,158.9,9.63,26.81,18.22,13.8,NASA POWER
55,2020-04-01,120.4,1.8,23.16,12.48,10.8,NASA POWER
55,2020-05-01,103.9,3.65,24.35,14.0,12.05,NASA POWER
55,2020-06-01,714.9,9.98,29.63,19.8,15.45,NASA POWER
55,2020-07-01,754.7,9.55,27.43,18.49,19.22,NASA POWER
55,2020-08-01,608.9,11.98,29.02,20.5,19.63,NASA POWER
55,2020-09-01,601.0,10.18,29.36,19.77,17.95,NASA POWER
55,2020-10-01,82.2,-1.34,16.64,7.65,14.81,NASA POWER
55,2020-11-01,90.3,2.17,20.74,11.45,19.07,NASA POWER
55,2020-12-01,138.9,-0.93,18.48,8.78,18.62,NASA POWER
55,2021-01-01,173.9,5.36,25.16,15.26,15.05,NASA POWER
55,2021-02-01,204.2,4.03,23.33,13.68,14.11,NASA POWER
55,2021-03-01,131.3,5.16,24.59,14.88,14.93,NASA POWER
55,2021-04-01,163.4,7.55,27.09,17.32,14.11,NASA POWER
55,2021-05-01,125.6,6.59,23.25,14.92,12.1,NASA POWER
55,2021-06-01,738.8,7.87,28.13,18.0,12.47,NASA POWER
55,2021-07-01,700.3,7.65,27.76,17.71,9.9,NASA POWER
55,2021-08-01,524.3,7.19,25.48,16.34,17.13,NASA POWER
55,2021-09-01,667.2,9.66,26.17,17.91,11.32,NASA POWER
55,2021-10-01,181.4,3.58,22.54,13.06,12.82,NASA POWER
55,2021-11-01,95.2,-0.66,16.98,8.16,12.64,NASA POWER
55,2021-12-01,207.4,0.31,21.21,10.76,17.79,NASA POWER
55,2022-01-01,95.4,4.46,24.72,14.59,9.41,NASA POWER
55,2022-02-01,151.1,7.42,25.37,16.39,13.0,NASA POWER
55,2022-03-01,166.0,4.53,25.97,15.25,11.53,NASA POWER
55,2022-04-01,203.7,7.31,25.47,16.39,17.03,NASA POWER
55,2022-05-01,204.3,5.35,23.59,14.47,11.74,NASA POWER
55,2022-06-01,653.3,8.79,29.85,19.32,12.56,NASA POWER
55,2022-07-01,548.1,8.91,28.68,18.8,11.47,NASA POWER
55,2022-08-01,562.8,10.85,27.97,19.41,9.28,NASA POWER
55,2022-09-01,746.0,9.32,27.87,18.59,18.6,NASA POWER
55,2022-10-01,120.9,1.68,20.45,11.06,13.79,NASA POWER
55,2022-11-01,157.7,-2.47,16.17,6.85,18.78,NASA POWER
55,2022-12-01,201.5,-2.29,17.19,7.45,11.52,NASA POWER
55,2023-01-01,149.0,4.84,24.53,14.69,14.03,NASA POWER
55,2023-02-01,228.6,5.37,24.4,14.88,15.32,NASA POWER
55,2023-03-01,131.2,5.69,24.58,15.13,15.27,NASA POWER
55,2023-04-01,200.5,5.35,23.88,14.61,10.56,NASA POWER
55,2023-05-01,125.3,5.38,22.83,14.1,18.48,NASA POWER
55,2023-06-01,752.4,10.69,29.85,20.27,14.29,NASA POWER
55,2023-07-01,757.2,11.26,30.46,20.86,16.08,NASA POWER
55,2023-08-01,688.8,7.8,28.2,18.0,17.37,NASA POWER
55,2023-09-01,711.6,8.7,26.21,17.45,11.74,NASA POWER
55,2023-10-01,123.2,0.32,19.21,9.77,11.68,NASA POWER
55,2023-11-01,184.2,3.69,21.68,12.69,11.79,NASA POWER
55,2023-12-01,143.0,2.84,20.73,11.79,13.66,NASA POWER
55,2024-01-01,216.9,6.56,24.67,15.62,14.94,NASA POWER
55,2024-02-01,163.9,5.78,25.08,15.43,15.11,NASA POWER
55,2024-03-01,148.6,8.06,26.93,17.5,18.61,NASA POWER
55,2024-04-01,159.9,6.44,27.34,16.89,15.23,NASA POWER
55,2024-05-01,219.9,4.87,25.17,15.02,15.07,NASA POWER
55,2024-06-01,751.8,8.82,26.26,17.54,16.94,NASA POWER
55,2024-07-01,587.6,11.74,30.23,20.98,13.29,NASA POWER
55,2024-08-01,758.7,5.56,26.16,15.86,17.72,NASA POWER
55,2024-09-01,691.5,9.17,27.97,18.57,11.74,NASA POWER
55,2024-10-01,193.1,-0.6,17.79,8.59,10.64,NASA POWER
55,2024-11-01,97.8,1.19,18.96,10.08,11.49,NASA POWER
55,2024-12-01,234.5,-4.25,14.7,5.22,10.77,NASA POWER
56,2014-01-01,198.5,13.89,31.93,22.91,20.04,NASA POWER
56,2014-02-01,193.1,8.93,28.51,18.72,16.43,NASA POWER
56,2014-03-01,183.3,9.35,28.89,19.12,11.44,NASA POWER
56,2014-04-01,201.3,10.67,28.62,19.64,16.04,NASA POWER
56,2014-05-01,175.7,10.54,29.64,20.09,20.01,NASA POWER
56,2014-06-01,652.2,11.13,32.23,21.68,18.52,NASA POWER
56,2014-07-01,519.1,15.44,32.96,24.2,16.95,NASA POWER
56,2014-08-01,634.1,14.72,32.94,23.83,16.4,NASA POWER
56,2014-09-01,613.4,14.24,33.98,24.11,17.83,NASA POWER
56,2014-10-01,203.7,4.63,24.51,14.57,18.77,NASA POWER
56,2014-11-01,95.9,4.89,23.03,13.96,18.56,NASA POWER
56,2014-12-01,133.8,2.52,21.65,12.08,20.23,NASA POWER
56,2015-01-01,98.6,10.79,29.77,20.28,13.92,NASA POWER
56,2015-02-01,79.6,10.52,28.19,19.36,11.7,NASA POWER
56,2015-03-01,106.5,10.37,28.43,19.4,21.46,NASA POWER
56,2015-04-01,147.3,6.29,26.6,16.45,15.98,NASA POWER
56,2015-05-01,155.2,8.91,27.62,18.27,11.79,NASA POWER
56,2015-06-01,582.5,12.11,29.12,20.62,22.28,NASA POWER
56,2015-07-01,509.1,14.26,32.14,23.2,12.58,NASA POWER
56,2015-08-01,549.7,12.12,33.72,22.92,11.25,NASA POWER
56,2015-09-01,578.6,11.69,30.02,20.86,18.44,NASA POWER
56,2015-10-01,191.6,2.77,22.51,12.64,17.43,NASA POWER
56,2015-11-01,108.9,4.46,24.47,14.46,19.13,NASA POWER
56,2015-12-01,132.3,3.81,21.31,12.56,22.67,NASA POWER
56,2016-01-01,157.0,12.15,31.74,21.95,16.17,NASA POWER
56,2016-02-01,194.5,11.56,31.04,21.3,14.4,NASA POWER
56,2016-03-01,203.3,10.21,28.25,19.23,23.49,NASA POWER
56,2016-04-01,98.1,11.98,31.02,21.5,11.05,NASA POWER
56,2016-05-01,133.7,7.23,26.9,17.06,17.96,NASA POWER
56,2016-06-01,463.1,11.96,28.79,20.38,23.68,NASA POWER
56,2016-07-01,626.0,14.91,33.69,24.3,14.13,NASA POWER
56,2016-08-01,523.5,13.94,33.01,23.47,23.68,NASA POWER
56,2016-09-01,543.3,11.05,30.46,20.76,12.84,NASA POWER
56,2016-10-01,132.7,5.3,23.74,14.52,23.35,NASA POWER
56,2016-11-01,108.4,5.02,22.01,13.52,22.39,NASA POWER
56,2016-12-01,184.6,2.76,23.47,13.11,13.78,NASA POWER
56,2017-01-01,156.1,14.73,32.56,23.65,22.01,NASA POWER
56,2017-02-01,190.2,11.37,31.83,21.6,22.81,NASA POWER
56,2017-03-01,77.3,11.27,29.5,20.38,19.78,NASA POWER
56,2017-04-01,182.8,9.61,29.3,19.45,16.41,NASA POWER
56,2017-05-01,180.0,9.1,28.98,19.04,12.06,NASA POWER
56,2017-06-01,555.2,14.22,33.21,23.71,15.43,NASA POWER
56,2017-07-01,617.2,12.63,32.0,22.32,17.65,NASA POWER
56,2017-08-01,496.9,10.98,30.58,20.78,15.04,NASA POWER
56,2017-09-01,566.6,11.78,28.86,20.32,20.27,NASA POWER
56,2017-10-01,74.4,4.8,24.38,14.59,19.38,NASA POWER
56,2017-11-01,79.9,2.36,19.83,11.09,18.96,NASA POWER
56,2017-12-01,143.3,2.29,20.25,11.27,12.8,NASA POWER
56,2018-01-01,143.6,12.26,30.24,21.25,18.82,NASA POWER
56,2018-02-01,157.8,10.48,28.87,19.68,18.17,NASA POWER
56,2018-03-01,154.5,10.78,27.95,19.36,19.61,NASA POWER
56,2018-04-01,202.9,9.14,25.35,17.25,15.31,NASA POWER
56,2018-05-01,187.4,9.76,28.52,19.14,18.3,NASA POWER
56,2018-06-01,552.8,11.29,28.42,19.86,22.8,NASA POWER
56,2018-07-01,510.1,13.48,30.19,21.84,13.1,NASA POWER
56,2018-08-01,512.2,16.08,34.77,25.43,19.09,NASA POWER
56,2018-09-01,592.1,13.19,31.5,22.34,15.61,NASA POWER
56,2018-10-01,72.1,4.79,21.97,13.38,11.12,NASA POWER
56,2018-11-01,124.8,7.0,26.21,16.61,13.32,NASA POWER
56,2018-12-01,154.8,0.71,19.39,10.05,21.66,NASA POWER
56,2019-01-01,157.4,14.7,32.42,23.56,15.69,NASA POWER
56,2019-02-01,126.2,13.75,32.02,22.89,19.52,NASA POWER
56,2019-03-01,79.5,8.81,27.05,17.93,14.15,NASA POWER
56,2019-04-01,118.1,10.65,29.81,20.23,20.64,NASA POWER
56,2019-05-01,88.5,12.01,30.63,21.32,20.0,NASA POWER
56,2019-06-01,542.8,12.12,29.8,20.96,11.8,NASA POWER
56,2019-07-01,649.6,9.95,30.36,20.16,23.38,NASA POWER
56,2019-08-01,644.1,12.93,31.66,22.3,21.14,NASA POWER
56,2019-09-01,590.2,13.22,29.63,21.43,13.12,NASA POWER
56,2019-10-01,97.2,3.42,22.59,13.0,14.31,NASA POWER
56,2019-11-01,201.7,5.56,24.73,15.14,19.55,NASA POWER
56,2019-12-01,183.9,1.7,22.85,12.28,21.92,NASA POWER
56,2020-01-01,86.2,13.97,33.32,23.64,22.31,NASA POWER
56,2020-02-01,168.3,11.25,29.91,20.58,21.62,NASA POWER
56,2020-03-01,77.6,10.71,31.8,21.26,18.93,NASA POWER
56,2020-04-01,147.1,8.36,26.73,17.55,16.11,NASA POWER
56,2020-05-01,135.3,5.72,24.65,15.18,22.59,NASA POWER
56,2020-06-01,544.5,11.86,30.09,20.98,19.58,NASA POWER
56,2020-07-01,578.0,10.54,29.7,20.12,23.0,NASA POWER
56,2020-08-01,537.1,13.59,33.92,23.76,15.7,NASA POWER
56,2020-09-01,631.8,15.66,34.77,25.22,12.92,NASA POWER
56,2020-10-01,166.1,5.27,24.62,14.95,23.55,NASA POWER
56,2020-11-01,84.4,3.26,20.77,12.02,23.47,NASA POWER
56,2020-12-01,169.7,2.42,23.44,12.93,22.23,NASA POWER
56,2021-01-01,172.5,10.34,30.97,20.66,22.0,NASA POWER
56,2021-02-01,171.7,14.64,32.35,23.5,18.2,NASA POWER
56,2021-03-01,201.6,10.53,29.05,19.79,13.38,NASA POWER
56,2021-04-01,176.0,8.56,28.07,18.32,14.04,NASA POWER
56,2021-05-01,158.9,6.8,25.82,16.31,17.55,NASA POWER
56,2021-06-01,500.8,12.82,32.7,22.76,16.63,NASA POWER
56,2021-07-01,629.2,15.81,32.6,24.21,24.02,NASA POWER
56,2021-08-01,511.4,9.95,31.33,20.64,20.83,NASA POWER
56,2021-09-01,494.5,15.14,31.78,23.46,20.09,NASA POWER
56,2021-10-01,71.8,6.63,25.15,15.89,21.38,NASA POWER
56,2021-11-01,136.2,4.35,25.5,14.93,18.97,NASA POWER
56,2021-12-01,72.7,3.22,24.72,13.97,12.72,NASA POWER
56,2022-01-01,144.8,12.23,33.5,22.87,18.6,NASA POWER
56,2022-02-01,100.7,11.59,31.06,21.32,11.35,NASA POWER
56,2022-03-01,192.2,8.09,25.79,16.94,22.7,NASA POWER
56,2022-04-01,177.5,10.68,29.96,20.32,20.94,NASA POWER
56,2022-05-01,179.2,8.31,28.59,18.45,12.56,NASA POWER
56,2022-06-01,532.9,12.74,30.89,21.82,23.87,NASA POWER
56,2022-07-01,656.2,10.17,31.47,20.82,19.59,NASA POWER
56,2022-08-01,466.7,14.05,35.07,24.56,23.65,NASA POWER
56,2022-09-01,603.8,9.6,30.23,19.91,18.34,NASA POWER
56,2022-10-01,122.9,6.61,25.28,15.95,14.67,NASA POWER
56,2022-11-01,152.4,3.81,20.87,12.34,12.52,NASA POWER
56,2022-12-01,100.4,4.35,25.27,14.81,14.89,NASA POWER
56,2023-01-01,155.3,12.18,33.12,22.65,14.34,NASA POWER
56,2023-02-01,162.0,9.22,28.36,18.79,11.65,NASA POWER
56,2023-03-01,192.2,10.89,28.07,19.48,15.13,NASA POWER
56,2023-04-01,178.9,10.15,30.16,20.16,20.67,NASA POWER
56,2023-05-01,126.6,8.35,26.29,17.32,18.79,NASA POWER
56,2023-06-01,504.6,12.93,31.58,22.25,14.26,NASA POWER
56,2023-07-01,590.2,11.3,30.18,20.74,21.38,NASA POWER
56,2023-08-01,625.3,12.81,31.62,22.21,20.05,NASA POWER
56,2023-09-01,603.6,16.22,35.17,25.7,19.78,NASA POWER
56,2023-10-01,172.8,4.14,22.67,13.41,14.2,NASA POWER
56,2023-11-01,191.9,6.67,24.0,15.34,18.62,NASA POWER
56,2023-12-01,183.6,3.44,21.87,12.66,12.06,NASA POWER
56,2024-01-01,203.5,10.55,29.21,19.88,13.13,NASA POWER
56,2024-02-01,174.0,12.46,31.27,21.87,19.89,NASA POWER
56,2024-03-01,120.7,11.38,30.2,20.79,23.85,NASA POWER
56,2024-04-01,117.9,10.7,32.3,21.5,17.46,NASA POWER
56,2024-05-01,126.8,5.56,24.89,15.22,23.78,NASA POWER
56,2024-06-01,663.5,11.21,32.28,21.75,13.22,NASA POWER
56,2024-07-01,448.5,14.0,34.51,24.25,16.1,NASA POWER
56,2024-08-01,480.8,13.37,31.63,22.5,23.74,NASA POWER
56,2024-09-01,525.9,12.04,32.5,22.27,18.25,NASA POWER
56,2024-10-01,111.7,3.63,21.93,12.78,18.98,NASA POWER
56,2024-11-01,132.9,1.55,21.56,11.55,17.78,NASA POWER
56,2024-12-01,88.1,3.13,22.01,12.57,12.21,NASA POWER
57,2014-01-01,217.5,9.77,28.18,18.98,14.66,NASA POWER
57,2014-02-01,83.4,6.76,24.01,15.39,18.16,NASA POWER
57,2014-03-01,183.8,4.94,24.37,14.66,16.43,NASA POWER
57,2014-04-01,169.9,6.75,27.35,17.05,13.29,NASA POWER
57,2014-05-01,173.6,4.0,24.44,14.22,13.78,NASA POWER
57,2014-06-01,694.1,11.92,30.41,21.16,10.58,NASA POWER
57,2014-07-01,598.0,9.99,28.67,19.33,13.4,NASA POWER
57,2014-08-01,585.5,10.18,31.05,20.62,16.92,NASA POWER
57,2014-09-01,516.7,9.05,30.39,19.72,18.25,NASA POWER
57,2014-10-01,115.1,0.04,19.91,9.97,10.61,NASA POWER
57,2014-11-01,127.7,1.68,20.2,10.94,19.23,NASA POWER
57,2014-12-01,112.9,-1.58,16.99,7.7,17.74,NASA POWER
57,2015-01-01,238.0,8.05,28.84,18.45,11.34,NASA POWER
57,2015-02-01,103.6,4.21,25.74,14.97,14.56,NASA POWER
57,2015-03-01,158.0,3.89,24.93,14.41,19.09,NASA POWER
57,2015-04-01,130.3,5.2,25.98,15.59,19.44,NASA POWER
57,2015-05-01,145.4,5.52,22.46,13.99,16.73,NASA POWER
57,2015-06-01,559.3,10.24,28.62,19.43,16.77,NASA POWER
57,2015-07-01,661.9,11.72,29.12,20.42,19.11,NASA POWER
57,2015-08-01,761.2,8.51,29.89,19.2,19.47,NASA POWER
57,2015-09-01,583.0,9.27,28.06,18.66,12.99,NASA POWER
57,2015-10-01,102.1,1.69,19.51,10.6,9.38,NASA POWER
57,2015-11-01,182.9,0.07,17.2,8.63,11.81,NASA POWER
57,2015-12-01,143.2,0.05,17.03,8.54,15.7,NASA POWER
57,2016-01-01,112.0,9.69,27.83,18.76,16.21,NASA POWER
57,2016-02-01,158.8,4.91,23.59,14.25,19.17,NASA POWER
57,2016-03-01,153.1,7.14,26.55,16.84,12.59,NASA POWER
57,2016-04-01,192.5,1.7,22.26,11.98,11.06,NASA POWER
57,2016-05-01,166.8,5.06,22.48,13.77,14.7,NASA POWER
57,2016-06-01,595.1,6.07,27.1,16.59,13.86,NASA POWER
57,2016-07-01,659.2,8.57,27.45,18.01,13.72,NASA POWER
57,2016-08-01,752.3,7.18,27.52,17.35,16.05,NASA POWER
57,2016-09-01,640.5,11.39,29.83,20.61,9.45,NASA POWER
57,2016-10-01,124.0,-1.57,17.59,8.01,16.28,NASA POWER
57,2016-11-01,170.0,-0.27,18.05,8.89,13.01,NASA POWER
57,2016-12-01,221.4,-1.73,17.24,7.75,11.61,NASA POWER
57,2017-01-01,211.8,10.9,29.12,20.01,17.42,NASA POWER
57,2017-02-01,106.0,8.2,27.04,17.62,14.69,NASA POWER
57,2017-03-01,89.4,7.55,27.81,17.68,19.54,NASA POWER
57,2017-04-01,95.1,9.25,26.53,17.89,19.59,NASA POWER
57,2017-05-01,223.3,5.31,22.5,13.9,12.6,NASA POWER
57,2017-06-01,741.2,6.16,26.13,16.14,15.22,NASA POWER
57,2017-07-01,543.4,9.83,29.09,19.46,13.26,NASA POWER
57,2017-08-01,708.6,10.1,30.22,20.16,11.02,NASA POWER
57,2017-09-01,518.4,9.46,26.53,18.0,19.53,NASA POWER
57,2017-10-01,89.3,1.59,20.91,11.25,15.52,NASA POWER
57,2017-11-01,192.1,0.21,19.23,9.72,14.71,NASA POWER
57,2017-12-01,112.2,-1.2,17.99,8.39,18.93,NASA POWER
57,2018-01-01,238.4,7.95,27.88,17.91,12.03,NASA POWER
57,2018-02-01,181.5,8.25,25.42,16.84,9.83,NASA POWER
57,2018-03-01,189.9,9.07,28.08,18.57,17.33,NASA POWER
57,2018-04-01,174.1,3.78,22.82,13.3,19.42,NASA POWER
57,2018-05-01,87.8,7.45,26.67,17.06,19.64,NASA POWER
57,2018-06-01,622.5,9.67,26.83,18.25,12.12,NASA POWER
57,2018-07-01,711.4,8.13,26.61,17.37,11.9,NASA POWER
57,2018-08-01,670.0,11.54,28.91,20.23,10.12,NASA POWER
57,2018-09-01,530.3,9.04,27.81,18.42,13.49,NASA POWER
57,2018-10-01,144.4,-1.02,17.14,8.06,17.37,NASA POWER
57,2018-11-01,171.0,-1.63,17.16,7.77,10.0,NASA POWER
57,2018-12-01,119.9,1.2,20.01,10.61,12.79,NASA POWER
57,2019-01-01,151.6,5.79,26.36,16.07,16.22,NASA POWER
57,2019-02-01,134.6,6.72,27.66,17.19,12.37,NASA POWER
57,2019-03-01,131.5,3.82,23.03,13.43,12.39,NASA POWER
57,2019-04-01,203.3,3.84,24.03,13.94,11.0,NASA POWER
57,2019-05-01,117.6,7.01,24.49,15.75,17.02,NASA POWER
57,2019-06-01,632.2,12.33,31.51,21.92,14.63,NASA POWER
57,2019-07-01,705.6,10.07,28.35,19.21,15.53,NASA POWER
57,2019-08-01,521.1,9.39,27.17,18.28,14.62,NASA POWER
57,2019-09-01,653.2,7.55,28.64,18.09,9.27,NASA POWER
57,2019-10-01,84.3,0.18,17.69,8.94,12.21,NASA POWER
57,2019-11-01,217.1,-0.13,19.05,9.46,18.75,NASA POWER
57,2019-12-01,216.7,-0.83,19.31,9.24,10.74,NASA POWER
57,2020-01-01,232.0,5.74,25.65,15.7,12.11,NASA POWER
57,2020-02-01,84.8,4.51,25.46,14.98,12.19,NASA POWER
57,2020-03-01,128.4,6.31,25.71,16.01,19.6,NASA POWER
57,2020-04-01,88.1,5.14,26.39,15.77,17.83,NASA POWER
57,2020-05-01,201.0,4.36,23.85,14.11,17.07,NASA POWER
57,2020-06-01,518.7,9.7,28.04,18.87,12.09,NASA POWER
57,2020-07-01,529.7,9.51,27.68,18.59,16.53,NASA POWER
57,2020-08-01,659.5,8.57,28.88,18.73,18.51,NASA POWER
57,2020-09-01,591.2,8.26,26.33,17.29,9.58,NASA POWER
57,2020-10-01,208.0,0.31,20.21,10.26,10.8,NASA POWER
57,2020-11-01,178.7,1.41,19.01,10.21,18.73,NASA POWER
57,2020-12-01,140.0,-1.9,19.12,8.61,15.35,NASA POWER
57,2021-01-01,213.3,7.69,26.36,17.02,9.6,NASA POWER
57,2021-02-01,134.1,6.2,23.8,15.0,11.95,NASA POWER
57,2021-03-01,128.1,4.22,24.04,14.13,10.32,NASA POWER
57,2021-04-01,86.9,4.65,22.68,13.66,19.63,NASA POWER
57,2021-05-01,130.1,7.79,26.29,17.04,11.02,NASA POWER
57,2021-06-01,675.9,8.28,26.75,17.52,10.21,NASA POWER
57,2021-07-01,732.9,9.32,28.43,18.88,11.78,NASA POWER
57,2021-08-01,595.6,8.17,26.71,17.44,11.59,NASA POWER
57,2021-09-01,652.7,11.1,29.75,20.43,11.1,NASA POWER
57,2021-10-01,98.4,2.78,19.66,11.22,18.67,NASA POWER
57,2021-11-01,136.3,1.7,20.94,11.32,15.05,NASA POWER
57,2021-12-01,194.1,1.25,18.24,9.74,14.59,NASA POWER
57,2022-01-01,103.0,11.52,29.04,20.28,9.77,NASA POWER
57,2022-02-01,160.7,7.86,24.77,16.32,18.47,NASA POWER
57,2022-03-01,224.9,6.56,24.21,15.38,14.35,NASA POWER
57,2022-04-01,167.7,6.23,25.8,16.02,19.32,NASA POWER
57,2022-05-01,137.7,5.02,23.92,14.47,10.88,NASA POWER
57,2022-06-01,626.3,10.17,29.45,19.81,15.89,NASA POWER
57,2022-07-01,512.8,8.23,26.32,17.27,9.33,NASA POWER
57,2022-08-01,663.1,7.63,26.95,17.29,14.26,NASA POWER
57,2022-09-01,609.7,12.5,30.84,21.67,13.25,NASA POWER
57,2022-10-01,140.1,1.94,21.48,11.71,9.42,NASA POWER
57,2022-11-01,218.7,1.82,19.63,10.72,18.39,NASA POWER
57,2022-12-01,132.6,-2.44,17.69,7.63,11.43,NASA POWER
57,2023-01-01,166.4,10.42,28.13,19.27,9.59,NASA POWER
57,2023-02-01,132.3,7.92,24.91,16.41,15.79,NASA POWER
57,2023-03-01,81.7,5.34,24.39,14.87,16.01,NASA POWER
57,2023-04-01,163.4,5.0,22.19,13.6,9.06,NASA POWER
57,2023-05-01,134.6,7.15,25.45,16.3,15.18,NASA POWER
57,2023-06-01,614.7,9.18,27.57,18.38,14.07,NASA POWER
57,2023-07-01,551.4,11.37,29.04,20.2,15.22,NASA POWER
57,2023-08-01,656.2,9.26,28.65,18.95,14.56,NASA POWER
57,2023-09-01,610.8,8.1,25.88,16.99,10.37,NASA POWER
57,2023-10-01,143.8,2.18,19.58,10.88,14.6,NASA POWER
57,2023-11-01,82.8,-1.18,17.45,8.13,14.58,NASA POWER
57,2023-12-01,204.4,-2.19,16.85,7.33,15.86,NASA POWER
57,2024-01-01,87.7,8.15,25.62,16.89,10.2,NASA POWER
57,2024-02-01,186.7,5.45,26.28,15.87,18.16,NASA POWER
57,2024-03-01,106.7,7.08,25.24,16.16,12.79,NASA POWER
57,2024-04-01,108.4,6.18,25.92,16.05,13.24,NASA POWER
57,2024-05-01,222.3,5.75,22.81,14.28,11.29,NASA POWER
57,2024-06-01,515.4,7.49,27.26,17.38,17.23,NASA POWER
57,2024-07-01,587.7,7.31,25.42,16.37,17.55,NASA POWER
57,2024-08-01,627.1,9.12,29.6,19.36,14.52,NASA POWER
57,2024-09-01,648.1,6.76,26.61,16.68,19.31,NASA POWER
57,2024-10-01,158.2,-1.69,18.06,8.18,17.84,NASA POWER
57,2024-11-01,114.8,0.61,20.99,10.8,9.79,NASA POWER
57,2024-12-01,164.5,-2.76,17.38,7.31,12.88,NASA POWER
58,2014-01-01,223.0,5.05,23.79,14.42,17.01,NASA POWER
58,2014-02-01,127.6,7.9,28.42,18.16,9.54,NASA POWER
58,2014-03-01,199.0,5.55,26.3,15.93,18.77,NASA POWER
58,2014-04-01,186.5,5.77,24.76,15.27,19.45,NASA POWER
58,2014-05-01,170.4,5.11,24.83,14.97,9.69,NASA POWER
58,2014-06-01,708.0,9.78,28.83,19.3,18.09,NASA POWER
58,2014-07-01,630.5,11.6,31.04,21.32,15.37,NASA POWER
58,2014-08-01,558.5,9.07,29.47,19.27,14.35,NASA POWER
58,2014-09-01,725.3,7.64,28.6,18.12,15.03,NASA POWER
58,2014-10-01,206.0,1.51,19.62,10.57,17.71,NASA POWER
58,2014-11-01,223.5,-0.24,19.78,9.77,14.63,NASA POWER
58,2014-12-01,164.1,0.01,19.74,9.88,15.69,NASA POWER
58,2015-01-01,172.2,8.28,26.83,17.55,14.33,NASA POWER
58,2015-02-01,192.5,6.27,24.99,15.63,14.55,NASA POWER
58,2015-03-01,106.7,3.69,22.84,13.27,14.71,NASA POWER
58,2015-04-01,138.8,5.13,24.42,14.78,9.05,NASA POWER
58,2015-05-01,239.9,4.92,26.26,15.59,17.38,NASA POWER
58,2015-06-01,583.8,8.64,25.7,17.17,9.46,NASA POWER
58,2015-07-01,614.7,7.77,25.61,16.69,17.2,NASA POWER
58,2015-08-01,729.7,9.61,29.41,19.51,17.93,NASA POWER
58,2015-09-01,751.2,7.67,24.97,16.32,16.37,NASA POWER
58,2015-10-01,202.7,-0.48,18.21,8.87,18.64,NASA POWER
58,2015-11-01,149.3,-1.69,19.23,8.77,15.23,NASA POWER
58,2015-12-01,140.5,-2.21,16.76,7.28,16.7,NASA POWER
58,2016-01-01,237.0,5.03,26.05,15.54,17.35,NASA POWER
58,2016-02-01,155.9,10.61,28.55,19.58,9.92,NASA POWER
58,2016-03-01,134.6,6.7,24.61,15.65,11.39,NASA POWER
58,2016-04-01,80.8,6.26,25.09,15.68,11.58,NASA POWER
58,2016-05-01,213.0,2.3,22.53,12.42,19.1,NASA POWER
58,2016-06-01,635.4,8.92,29.09,19.0,19.7,NASA POWER
58,2016-07-01,690.5,11.1,29.93,20.52,17.01,NASA POWER
58,2016-08-01,547.6,9.23,27.98,18.61,17.98,NASA POWER
58,2016-09-01,684.2,8.15,29.16,18.66,15.63,NASA POWER
58,2016-10-01,88.2,2.41,20.3,11.36,11.61,NASA POWER
58,2016-11-01,111.0,-2.75,18.66,7.96,16.64,NASA POWER
58,2016-12-01,224.9,-1.28,19.92,9.32,14.94,NASA POWER
58,2017-01-01,140.0,6.05,24.47,15.26,10.37,NASA POWER
58,2017-02-01,153.4,5.42,24.51,14.96,12.0,NASA POWER
58,2017-03-01,213.7,4.18,23.18,13.68,17.33,NASA POWER
58,2017-04-01,146.9,5.93,25.49,15.71,16.46,NASA POWER
58,2017-05-01,157.4,3.42,23.37,13.39,9.96,NASA POWER
58,2017-06-01,660.6,10.69,30.47,20.58,14.65,NASA POWER
58,2017-07-01,734.7,6.57,26.66,16.62,13.04,NASA POWER
58,2017-08-01,733.4,6.36,26.85,16.61,16.19,NASA POWER
58,2017-09-01,591.7,8.53,27.63,18.08,12.59,NASA POWER
58,2017-10-01,167.2,-1.45,17.74,8.14,11.85,NASA POWER
58,2017-11-01,197.5,0.49,19.53,10.01,19.04,NASA POWER
58,2017-12-01,230.5,0.75,20.94,10.85,14.97,NASA POWER
58,2018-01-01,93.9,5.48,24.68,15.08,19.2,NASA POWER
58,2018-02-01,193.9,4.64,25.78,15.21,13.6,NASA POWER
58,2018-03-01,213.8,3.6,23.55,13.58,12.18,NASA POWER
58,2018-04-01,152.7,4.62,23.63,14.12,14.89,NASA POWER
58,2018-05-01,108.4,5.76,25.3,15.53,19.69,NASA POWER
58,2018-06-01,552.6,8.7,26.94,17.82,17.91,NASA POWER
58,2018-07-01,556.9,9.99,30.1,20.05,13.76,NASA POWER
58,2018-08-01,677.6,8.54,26.3,17.42,18.92,NASA POWER
58,2018-09-01,681.5,10.09,29.76,19.93,17.89,NASA POWER
58,2018-10-01,93.6,1.29,19.56,10.42,15.19,NASA POWER
58,2018-11-01,222.3,-2.89,17.59,7.35,18.54,NASA POWER
58,2018-12-01,91.2,-3.14,16.04,6.45,10.99,NASA POWER
58,2019-01-01,86.4,8.2,24.97,16.59,13.68,NASA POWER
58,2019-02-01,225.7,4.88,25.15,15.01,19.13,NASA POWER
58,2019-03-01,188.7,7.58,27.82,17.7,11.56,NASA POWER
58,2019-04-01,235.6,8.92,26.33,17.62,11.07,NASA POWER
58,2019-05-01,204.4,4.26,21.63,12.95,14.01,NASA POWER
58,2019-06-01,693.5,9.4,27.59,18.5,9.49,NASA POWER
58,2019-07-01,596.8,7.72,28.05,17.89,14.07,NASA POWER
58,2019-08-01,763.5,5.6,26.09,15.84,10.2,NASA POWER
58,2019-09-01,563.8,11.43,31.21,21.32,9.35,NASA POWER
58,2019-10-01,174.3,0.96,20.92,10.94,14.07,NASA POWER
58,2019-11-01,192.8,0.55,18.71,9.63,9.91,NASA POWER
58,2019-12-01,101.1,-0.13,18.66,9.27,10.3,NASA POWER
58,2020-01-01,96.7,9.62,28.89,19.25,9.74,NASA POWER
58,2020-02-01,163.9,4.91,23.84,14.38,17.32,NASA POWER
58,2020-03-01,219.6,6.12,25.67,15.9,9.6,NASA POWER
58,2020-04-01,164.4,6.08,27.22,16.65,15.86,NASA POWER
58,2020-05-01,157.1,5.68,22.55,14.12,15.03,NASA POWER
58,2020-06-01,594.4,9.69,28.67,19.18,17.72,NASA POWER
58,2020-07-01,747.5,7.4,27.83,17.61,13.16,NASA POWER
58,2020-08-01,728.8,9.47,26.65,18.06,9.52,NASA POWER
58,2020-09-01,615.2,7.6,25.07,16.34,14.05,NASA POWER
58,2020-10-01,126.3,2.94,19.96,11.45,14.53,NASA POWER
58,2020-11-01,231.6,-1.57,17.21,7.82,14.69,NASA POWER
58,2020-12-01,169.0,1.08,20.06,10.57,10.53,NASA POWER
58,2021-01-01,111.4,7.04,25.87,16.46,15.69,NASA POWER
58,2021-02-01,151.6,5.78,25.32,15.55,16.95,NASA POWER
58,2021-03-01,182.3,5.83,26.1,15.96,13.39,NASA POWER
58,2021-04-01,125.4,4.75,24.87,14.81,14.86,NASA POWER
58,2021-05-01,227.2,2.78,23.43,13.11,17.29,NASA POWER
58,2021-06-01,741.4,8.88,28.65,18.77,13.32,NASA POWER
58,2021-07-01,619.2,6.64,26.67,16.66,19.32,NASA POWER
58,2021-08-01,574.2,8.14,28.8,18.47,10.58,NASA POWER
58,2021-09-01,579.9,9.7,27.81,18.75,18.18,NASA POWER
58,2021-10-01,100.1,0.8,18.11,9.46,15.4,NASA POWER
58,2021-11-01,136.7,-1.18,16.19,7.51,18.17,NASA POWER
58,2021-12-01,234.9,-2.93,17.39,7.23,11.29,NASA POWER
58,2022-01-01,165.4,7.32,26.32,16.82,12.35,NASA POWER
58,2022-02-01,96.9,9.69,28.66,19.18,18.23,NASA POWER
58,2022-03-01,126.7,7.11,26.58,16.84,18.74,NASA POWER
58,2022-04-01,236.0,6.24,25.24,15.74,16.01,NASA POWER
58,2022-05-01,140.0,5.41,23.89,14.65,16.53,NASA POWER
58,2022-06-01,557.9,10.37,30.14,20.25,15.01,NASA POWER
58,2022-07-01,588.9,10.54,30.86,20.7,17.57,NASA POWER
58,2022-08-01,737.2,6.43,24.92,15.68,14.45,NASA POWER
58,2022-09-01,694.7,8.99,29.54,19.27,13.05,NASA POWER
58,2022-10-01,173.6,3.08,21.67,12.38,9.57,NASA POWER
58,2022-11-01,236.7,0.86,20.01,10.44,16.73,NASA POWER
58,2022-12-01,149.9,-1.88,17.34,7.73,14.02,NASA POWER
58,2023-01-01,157.7,8.68,28.13,18.41,13.31,NASA POWER
58,2023-02-01,191.9,7.25,26.75,17.0,13.13,NASA POWER
58,2023-03-01,157.8,5.26,24.95,15.11,9.29,NASA POWER
58,2023-04-01,212.2,4.6,25.27,14.93,9.65,NASA POWER
58,2023-05-01,170.7,2.18,22.31,12.24,11.55,NASA POWER
58,2023-06-01,660.3,6.57,26.67,16.62,13.47,NASA POWER
58,2023-07-01,522.3,10.38,28.84,19.61,15.75,NASA POWER
58,2023-08-01,542.9,9.66,30.19,19.93,12.0,NASA POWER
58,2023-09-01,682.9,8.32,27.51,17.91,14.66,NASA POWER
58,2023-10-01,227.0,1.89,22.21,12.05,9.08,NASA POWER
58,2023-11-01,159.0,-2.49,17.48,7.5,16.68,NASA POWER
58,2023-12-01,161.2,2.34,21.27,11.8,11.02,NASA POWER
58,2024-01-01,153.0,6.06,24.36,15.21,19.0,NASA POWER
58,2024-02-01,165.7,9.16,26.95,18.05,10.39,NASA POWER
58,2024-03-01,175.3,7.25,24.05,15.65,9.75,NASA POWER
58,2024-04-01,104.2,3.49,22.11,12.8,15.69,NASA POWER
58,2024-05-01,212.6,4.17,20.88,12.52,18.66,NASA POWER
58,2024-06-01,563.1,9.93,27.96,18.95,15.03,NASA POWER
58,2024-07-01,685.1,10.8,28.05,19.43,16.15,NASA POWER
58,2024-08-01,604.5,7.24,27.34,17.29,19.7,NASA POWER
58,2024-09-01,623.2,10.38,30.56,20.47,17.87,NASA POWER
58,2024-10-01,146.6,0.79,21.38,11.08,15.47,NASA POWER
58,2024-11-01,191.1,1.5,19.9,10.7,10.27,NASA POWER
58,2024-12-01,191.7,-0.4,17.34,8.47,12.17,NASA POWER
59,2014-01-01,236.0,8.82,27.2,18.01,19.04,NASA POWER
59,2014-02-01,108.8,7.99,26.02,17.0,15.34,NASA POWER
59,2014-03-01,215.1,8.24,29.05,18.64,14.23,NASA POWER
59,2014-04-01,102.2,8.87,27.42,18.14,16.29,NASA POWER
59,2014-05-01,195.5,6.44,24.78,15.61,18.01,NASA POWER
59,2014-06-01,658.3,10.28,29.37,19.82,15.61,NASA POWER
59,2014-07-01,592.8,6.82,25.45,16.13,15.14,NASA POWER
59,2014-08-01,562.1,11.3,27.95,19.62,10.95,NASA POWER
59,2014-09-01,743.7,7.45,26.75,17.1,13.06,NASA POWER
59,2014-10-01,216.3,1.35,19.79,10.57,10.36,NASA POWER
59,2014-11-01,164.5,1.58,20.24,10.91,16.56,NASA POWER
59,2014-12-01,224.2,0.98,18.03,9.51,19.69,NASA POWER
59,2015-01-01,193.3,7.05,25.15,16.1,14.42,NASA POWER
59,2015-02-01,217.8,6.1,24.02,15.06,11.97,NASA POWER
59,2015-03-01,174.3,8.29,25.91,17.1,11.09,NASA POWER
59,2015-04-01,90.4,7.58,26.27,16.93,10.12,NASA POWER
59,2015-05-01,238.1,5.73,25.25,15.49,17.1,NASA POWER
59,2015-06-01,591.6,10.32,30.83,20.57,16.78,NASA POWER
59,2015-07-01,549.3,12.27,31.28,21.77,16.35,NASA POWER
59,2015-08-01,713.9,11.06,30.09,20.57,12.08,NASA POWER
59,2015-09-01,747.5,6.29,26.24,16.27,15.04,NASA POWER
59,2015-10-01,198.6,-2.5,18.88,8.19,16.58,NASA POWER
59,2015-11-01,201.8,0.59,21.38,10.98,13.34,NASA POWER
59,2015-12-01,179.5,0.51,18.62,9.57,19.43,NASA POWER
59,2016-01-01,175.0,6.68,26.75,16.71,18.01,NASA POWER
59,2016-02-01,224.4,7.37,27.31,17.34,13.77,NASA POWER
59,2016-03-01,89.3,8.3,26.99,17.64,12.1,NASA POWER
59,2016-04-01,212.3,4.06,22.31,13.18,10.06,NASA POWER
59,2016-05-01,109.9,5.23,23.45,14.34,17.71,NASA POWER
59,2016-06-01,544.1,7.19,28.5,17.84,10.51,NASA POWER
59,2016-07-01,681.1,9.18,28.52,18.85,16.8,NASA POWER
59,2016-08-01,698.7,8.23,25.94,17.09,15.43,NASA POWER
59,2016-09-01,748.8,9.2,27.54,18.37,17.27,NASA POWER
59,2016-10-01,180.7,1.43,20.36,10.89,18.82,NASA POWER
59,2016-11-01,225.0,2.74,19.92,11.33,10.04,NASA POWER
59,2016-12-01,194.6,-1.97,16.62,7.33,18.59,NASA POWER
59,2017-01-01,94.0,9.42,29.0,19.21,16.44,NASA POWER
59,2017-02-01,228.0,6.91,25.42,16.16,14.2,NASA POWER
59,2017-03-01,111.1,8.23,29.11,18.67,9.39,NASA POWER
59,2017-04-01,220.0,7.6,27.69,17.64,16.61,NASA POWER
59,2017-05-01,203.2,4.0,22.27,13.13,18.26,NASA POWER
59,2017-06-01,516.7,11.22,27.96,19.59,15.76,NASA POWER
59,2017-07-01,637.3,7.99,25.54,16.77,14.71,NASA POWER
59,2017-08-01,536.3,6.47,26.23,16.35,11.61,NASA POWER
59,2017-09-01,550.9,11.33,28.57,19.95,15.3,NASA POWER
59,2017-10-01,104.6,2.91,21.5,12.21,14.79,NASA POWER
59,2017-11-01,231.8,-1.59,16.87,7.64,18.13,NASA POWER
59,2017-12-01,203.3,-3.68,15.51,5.92,11.22,NASA POWER
59,2018-01-01,197.5,5.85,23.53,14.69,17.55,NASA POWER
59,2018-02-01,144.8,6.18,25.57,15.88,16.28,NASA POWER
59,2018-03-01,189.1,8.47,27.94,18.21,12.89,NASA POWER
59,2018-04-01,133.7,5.9,25.69,15.8,19.17,NASA POWER
59,2018-05-01,125.7,5.03,22.92,13.98,9.18,NASA POWER
59,2018-06-01,715.8,8.48,29.46,18.97,13.05,NASA POWER
59,2018-07-01,620.8,6.71,25.5,16.11,9.92,NASA POWER
59,2018-08-01,638.3,8.28,26.82,17.55,11.16,NASA POWER
59,2018-09-01,578.0,7.94,27.65,17.79,19.46,NASA POWER
59,2018-10-01,108.7,-1.92,19.53,8.8,15.1,NASA POWER
59,2018-11-01,191.0,0.66,17.58,9.12,13.95,NASA POWER
59,2018-12-01,224.6,-3.61,15.73,6.06,18.07,NASA POWER
59,2019-01-01,95.9,8.55,26.33,17.44,10.69,NASA POWER
59,2019-02-01,193.6,4.98,24.28,14.63,14.58,NASA POWER
59,2019-03-01,207.0,5.82,24.64,15.23,14.91,NASA POWER
59,2019-04-01,160.2,5.03,21.8,13.42,9.23,NASA POWER
59,2019-05-01,226.4,4.66,25.2,14.93,17.54,NASA POWER
59,2019-06-01,590.2,7.42,28.96,18.19,12.76,NASA POWER
59,2019-07-01,521.0,7.3,28.13,17.71,12.08,NASA POWER
59,2019-08-01,717.5,9.55,31.21,20.38,19.55,NASA POWER
59,2019-09-01,658.3,8.92,27.75,18.34,14.75,NASA POWER
59,2019-10-01,172.2,-0.13,18.54,9.21,13.71,NASA POWER
59,2019-11-01,107.9,1.52,22.23,11.88,15.53,NASA POWER
59,2019-12-01,223.4,-3.12,17.18,7.03,9.85,NASA POWER
59,2020-01-01,206.4,7.92,25.69,16.8,10.07,NASA POWER
59,2020-02-01,141.0,8.52,27.29,17.91,17.46,NASA POWER
59,2020-03-01,227.2,6.22,24.68,15.45,14.0,NASA POWER
59,2020-04-01,127.5,7.58,25.23,16.41,19.09,NASA POWER
59,2020-05-01,217.8,4.85,25.54,15.2,9.6,NASA POWER
59,2020-06-01,637.3,12.73,31.46,22.09,12.23,NASA POWER
59,2020-07-01,602.6,9.35,29.36,19.36,15.47,NASA POWER
59,2020-08-01,715.8,8.6,25.11,16.86,17.49,NASA POWER
59,2020-09-01,708.7,6.84,26.42,16.63,10.06,NASA POWER
59,2020-10-01,202.8,0.26,20.17,10.22,17.92,NASA POWER
59,2020-11-01,173.3,1.6,21.02,11.31,19.33,NASA POWER
59,2020-12-01,132.7,-0.85,18.36,8.75,10.0,NASA POWER
59,2021-01-01,200.4,9.51,29.13,19.32,18.19,NASA POWER
59,2021-02-01,128.7,7.36,28.87,18.12,16.58,NASA POWER
59,2021-03-01,201.6,4.0,22.86,13.43,9.03,NASA POWER
59,2021-04-01,212.6,2.94,23.01,12.98,15.91,NASA POWER
59,2021-05-01,167.2,4.21,25.87,15.04,17.1,NASA POWER
59,2021-06-01,593.5,8.96,29.1,19.03,17.53,NASA POWER
59,2021-07-01,725.8,7.0,24.22,15.61,11.31,NASA POWER
59,2021-08-01,622.2,9.72,27.9,18.81,11.39,NASA POWER
59,2021-09-01,715.6,9.71,28.03,18.87,12.44,NASA POWER
59,2021-10-01,227.7,2.19,18.43,10.31,15.65,NASA POWER
59,2021-11-01,111.0,-0.3,16.43,8.06,13.77,NASA POWER
59,2021-12-01,196.4,0.33,18.55,9.44,14.05,NASA POWER
59,2022-01-01,183.7,8.84,26.58,17.71,11.73,NASA POWER
59,2022-02-01,80.7,5.62,25.31,15.46,9.96,NASA POWER
59,2022-03-01,176.1,5.02,25.1,15.06,9.01,NASA POWER
59,2022-04-01,133.0,4.48,23.23,13.86,13.77,NASA POWER
59,2022-05-01,109.5,5.37,22.7,14.04,17.92,NASA POWER
59,2022-06-01,525.4,6.63,25.87,16.25,17.93,NASA POWER
59,2022-07-01,612.2,6.56,25.75,16.16,12.76,NASA POWER
59,2022-08-01,539.0,10.56,29.28,19.92,16.61,NASA POWER
59,2022-09-01,602.3,7.2,27.75,17.48,11.51,NASA POWER
59,2022-10-01,134.1,0.06,19.99,10.02,19.43,NASA POWER
59,2022-11-01,211.3,1.47,19.45,10.46,12.21,NASA POWER
59,2022-12-01,118.6,1.06,21.53,11.29,13.34,NASA POWER
59,2023-01-01,160.5,8.38,27.35,17.87,15.29,NASA POWER
59,2023-02-01,85.8,8.25,25.91,17.08,17.61,NASA POWER
59,2023-03-01,205.2,4.77,25.11,14.94,10.26,NASA POWER
59,2023-04-01,211.3,6.97,24.58,15.77,15.75,NASA POWER
59,2023-05-01,175.0,4.19,22.73,13.46,16.61,NASA POWER
59,2023-06-01,547.1,10.78,30.68,20.73,18.01,NASA POWER
59,2023-07-01,601.9,7.16,26.38,16.77,18.06,NASA POWER
59,2023-08-01,677.2,10.69,27.83,19.26,12.66,NASA POWER
59,2023-09-01,683.5,10.08,28.43,19.25,13.32,NASA POWER
59,2023-10-01,143.7,3.07,20.87,11.97,15.36,NASA POWER
59,2023-11-01,128.2,3.13,21.66,12.39,12.77,NASA POWER
59,2023-12-01,225.3,-0.44,20.4,9.98,9.34,NASA POWER
59,2024-01-01,222.6,6.16,27.2,16.68,12.52,NASA POWER
59,2024-02-01,100.1,9.78,28.2,18.99,18.28,NASA POWER
59,2024-03-01,199.8,8.67,26.62,17.64,13.6,NASA POWER
59,2024-04-01,184.3,5.65,25.16,15.41,16.57,NASA POWER
59,2024-05-01,239.0,5.12,23.24,14.18,17.11,NASA POWER
59,2024-06-01,646.6,9.61,28.2,18.91,10.78,NASA POWER
59,2024-07-01,566.1,9.4,30.36,19.88,14.48,NASA POWER
59,2024-08-01,616.4,9.23,28.06,18.64,9.7,NASA POWER
59,2024-09-01,666.4,7.06,26.98,17.02,12.26,NASA POWER
59,2024-10-01,189.2,1.71,21.42,11.57,11.51,NASA POWER
59,2024-11-01,189.8,1.33,17.98,9.66,15.37,NASA POWER
59,2024-12-01,221.5,-0.56,17.92,8.68,12.95,NASA POWER
60,2014-01-01,70.5,0.73,18.93,9.83,16.41,NASA POWER
60,2014-02-01,48.7,-0.41,17.26,8.43,10.12,NASA POWER
60,2014-03-01,104.1,-1.63,16.81,7.59,13.95,NASA POWER
60,2014-04-01,93.6,-4.23,15.44,5.6,10.61,NASA POWER
60,2014-05-01,116.3,-5.33,11.6,3.13,15.55,NASA POWER
60,2014-06-01,299.3,0.01,18.29,9.15,18.53,NASA POWER
60,2014-07-01,382.0,-0.38,17.31,8.46,11.33,NASA POWER
60,2014-08-01,327.7,-4.03,17.73,6.85,13.53,NASA POWER
60,2014-09-01,356.0,-3.31,17.84,7.26,16.08,NASA POWER
60,2014-10-01,48.7,-9.19,9.37,0.09,15.53,NASA POWER
60,2014-11-01,118.4,-8.21,11.51,1.65,15.23,NASA POWER
60,2014-12-01,117.0,-11.96,5.27,-3.35,16.65,NASA POWER
60,2015-01-01,87.9,-0.5,17.35,8.43,13.28,NASA POWER
60,2015-02-01,114.1,-2.08,16.95,7.43,19.72,NASA POWER
60,2015-03-01,58.9,-2.36,15.96,6.8,15.68,NASA POWER
60,2015-04-01,78.6,-2.27,15.42,6.58,16.78,NASA POWER
60,2015-05-01,85.4,-3.69,13.92,5.12,13.71,NASA POWER
60,2015-06-01,298.2,-2.61,17.55,7.47,15.13,NASA POWER
60,2015-07-01,270.6,-0.47,18.45,8.99,18.46,NASA POWER
60,2015-08-01,262.8,-1.13,16.22,7.54,17.77,NASA POWER
60,2015-09-01,339.3,0.82,20.38,10.6,17.43,NASA POWER
60,2015-10-01,86.3,-7.34,11.49,2.08,10.7,NASA POWER
60,2015-11-01,110.2,-10.36,8.46,-0.95,13.44,NASA POWER
60,2015-12-01,47.1,-12.73,6.48,-3.12,17.08,NASA POWER
60,2016-01-01,95.3,-1.18,17.31,8.06,12.33,NASA POWER
60,2016-02-01,108.0,-4.55,13.68,4.56,19.76,NASA POWER
60,2016-03-01,66.5,-4.62,14.63,5.01,19.1,NASA POWER
60,2016-04-01,107.3,-3.91,16.27,6.18,16.2,NASA POWER
60,2016-05-01,88.0,-7.45,13.26,2.9,11.59,NASA POWER
60,2016-06-01,336.8,1.02,20.35,10.69,21.18,NASA POWER
60,2016-07-01,360.7,0.4,21.22,10.81,17.65,NASA POWER
60,2016-08-01,305.4,-2.38,18.22,7.92,11.66,NASA POWER
60,2016-09-01,304.1,1.47,20.54,11.0,17.65,NASA POWER
60,2016-10-01,106.0,-8.79,8.9,0.06,12.98,NASA POWER
60,2016-11-01,86.1,-12.97,6.84,-3.07,16.83,NASA POWER
60,2016-12-01,71.6,-13.07,7.01,-3.03,16.24,NASA POWER
60,2017-01-01,56.3,-1.33,18.68,8.68,12.18,NASA POWER
60,2017-02-01,57.6,-3.21,13.56,5.18,15.25,NASA POWER
60,2017-03-01,95.1,-1.73,17.33,7.8,16.9,NASA POWER
60,2017-04-01,78.5,-6.96,14.05,3.55,18.31,NASA POWER
60,2017-05-01,105.7,-5.71,14.22,4.26,11.51,NASA POWER
60,2017-06-01,335.8,-1.25,18.99,8.87,18.98,NASA POWER
60,2017-07-01,322.2,-2.97,16.72,6.87,13.36,NASA POWER
60,2017-08-01,310.3,-3.71,16.67,6.48,14.45,NASA POWER
60,2017-09-01,358.3,-3.42,18.2,7.39,16.49,NASA POWER
60,2017-10-01,57.0,-10.54,7.99,-1.27,11.62,NASA POWER
60,2017-11-01,84.5,-11.45,7.58,-1.93,11.76,NASA POWER
60,2017-12-01,79.0,-9.34,11.55,1.11,16.35,NASA POWER
60,2018-01-01,108.3,0.26,19.54,9.9,12.5,NASA POWER
60,2018-02-01,104.9,-1.91,18.4,8.24,17.36,NASA POWER
60,2018-03-01,115.6,-3.86,14.25,5.2,15.64,NASA POWER
60,2018-04-01,56.8,-0.86,16.55,7.85,13.78,NASA POWER
60,2018-05-01,64.3,-4.38,16.57,6.1,11.75,NASA POWER
60,2018-06-01,327.8,-0.85,19.53,9.34,13.71,NASA POWER
60,2018-07-01,353.3,-3.24,15.11,5.93,19.1,NASA POWER
60,2018-08-01,275.8,-2.01,18.0,8.0,12.46,NASA POWER
60,2018-09-01,309.1,-1.47,16.06,7.29,18.21,NASA POWER
60,2018-10-01,42.8,-6.64,10.73,2.05,18.62,NASA POWER
60,2018-11-01,55.2,-11.37,8.31,-1.53,18.17,NASA POWER
60,2018-12-01,78.0,-11.25,7.24,-2.0,17.84,NASA POWER
60,2019-01-01,90.6,-3.6,17.69,7.05,21.4,NASA POWER
60,2019-02-01,112.4,-3.27,15.67,6.2,17.36,NASA POWER
60,2019-03-01,106.9,-2.89,15.41,6.26,14.27,NASA POWER
60,2019-04-01,52.9,-5.74,12.53,3.39,19.82,NASA POWER
60,2019-05-01,100.2,-4.7,15.26,5.28,20.85,NASA POWER
60,2019-06-01,353.0,-2.91,15.64,6.37,15.01,NASA POWER
60,2019-07-01,356.0,1.17,19.06,10.11,13.75,NASA POWER
60,2019-08-01,319.8,-1.32,19.19,8.94,11.56,NASA POWER
60,2019-09-01,260.4,-1.92,18.53,8.3,18.76,NASA POWER
60,2019-10-01,75.1,-9.32,9.69,0.18,12.68,NASA POWER
60,2019-11-01,106.8,-10.42,8.66,-0.88,21.41,NASA POWER
60,2019-12-01,57.9,-11.68,5.08,-3.3,19.64,NASA POWER
60,2020-01-01,108.9,-4.92,15.54,5.31,12.53,NASA POWER
60,2020-02-01,57.9,-2.87,15.53,6.33,17.51,NASA POWER
60,2020-03-01,118.3,-2.15,14.99,6.42,10.96,NASA POWER
60,2020-04-01,78.7,-3.45,15.35,5.95,15.07,NASA POWER
60,2020-05-01,112.2,-7.03,12.48,2.73,12.36,NASA POWER
60,2020-06-01,276.7,1.64,19.1,10.37,17.48,NASA POWER
60,2020-07-01,372.1,-0.36,17.82,8.73,12.36,NASA POWER
60,2020-08-01,354.0,1.19,19.74,10.46,17.2,NASA POWER
60,2020-09-01,259.1,0.37,18.16,9.27,21.94,NASA POWER
60,2020-10-01,96.0,-9.77,10.95,0.59,20.75,NASA POWER
60,2020-11-01,78.3,-10.21,10.53,0.16,19.45,NASA POWER
60,2020-12-01,52.4,-11.99,8.26,-1.87,20.68,NASA POWER
60,2021-01-01,61.2,-4.81,15.36,5.28,16.5,NASA POWER
60,2021-02-01,63.6,-1.42,17.49,8.04,18.34,NASA POWER
60,2021-03-01,99.0,-3.3,14.65,5.68,12.34,NASA POWER
60,2021-04-01,60.1,-6.45,12.35,2.95,13.22,NASA POWER
60,2021-05-01,41.2,-6.68,11.55,2.44,14.25,NASA POWER
60,2021-06-01,266.4,0.08,21.0,10.54,16.47,NASA POWER
60,2021-07-01,378.8,-0.3,19.71,9.71,14.59,NASA POWER
60,2021-08-01,381.3,1.31,18.32,9.81,18.03,NASA POWER
60,2021-09-01,345.4,-0.49,21.33,10.42,13.95,NASA POWER
60,2021-10-01,43.1,-10.51,10.67,0.08,10.13,NASA POWER
60,2021-11-01,47.2,-9.3,9.15,-0.08,11.14,NASA POWER
60,2021-12-01,98.3,-10.85,9.58,-0.63,21.38,NASA POWER
60,2022-01-01,52.2,-0.09,17.81,8.86,20.07,NASA POWER
60,2022-02-01,42.6,-0.21,17.3,8.54,16.89,NASA POWER
60,2022-03-01,94.8,-2.49,14.46,5.99,10.94,NASA POWER
60,2022-04-01,72.4,-3.57,15.0,5.71,10.91,NASA POWER
60,2022-05-01,88.6,-6.18,13.69,3.75,14.64,NASA POWER
60,2022-06-01,319.6,-3.55,15.37,5.91,11.46,NASA POWER
60,2022-07-01,348.6,2.13,21.33,11.73,14.11,NASA POWER
60,2022-08-01,334.3,1.79,19.18,10.48,18.59,NASA POWER
60,2022-09-01,353.5,-0.95,17.31,8.18,20.11,NASA POWER
60,2022-10-01,64.1,-8.95,10.26,0.66,10.91,NASA POWER
60,2022-11-01,40.5,-10.66,7.07,-1.79,16.54,NASA POWER
60,2022-12-01,80.6,-11.51,6.23,-2.64,17.51,NASA POWER
60,2023-01-01,103.9,-0.58,19.61,9.52,16.5,NASA POWER
60,2023-02-01,46.6,-4.46,13.76,4.65,12.48,NASA POWER
60,2023-03-01,111.6,-2.08,17.24,7.58,20.09,NASA POWER
60,2023-04-01,75.0,-7.81,13.62,2.9,14.66,NASA POWER
60,2023-05-01,112.9,-1.75,17.36,7.8,11.17,NASA POWER
60,2023-06-01,302.0,2.48,19.32,10.9,14.37,NASA POWER
60,2023-07-01,259.0,-4.88,15.62,5.37,19.31,NASA POWER
60,2023-08-01,342.8,-4.54,16.21,5.84,17.05,NASA POWER
60,2023-09-01,265.4,-0.11,16.88,8.38,12.61,NASA POWER
60,2023-10-01,63.1,-7.94,8.77,0.41,19.55,NASA POWER
60,2023-11-01,79.5,-7.93,10.32,1.2,18.04,NASA POWER
60,2023-12-01,100.6,-11.44,7.51,-1.96,20.67,NASA POWER
60,2024-01-01,103.9,-1.67,17.48,7.91,13.58,NASA POWER
60,2024-02-01,42.3,-3.71,16.42,6.36,11.49,NASA POWER
60,2024-03-01,101.1,-5.86,13.73,3.94,17.55,NASA POWER
60,2024-04-01,51.4,-2.0,15.74,6.87,17.35,NASA POWER
60,2024-05-01,40.1,-2.68,16.19,6.76,16.53,NASA POWER
60,2024-06-01,261.5,0.17,20.83,10.5,10.23,NASA POWER
60,2024-07-01,318.6,2.33,20.7,11.52,13.34,NASA POWER
60,2024-08-01,367.2,0.29,19.62,9.96,10.86,NASA POWER
60,2024-09-01,359.9,0.02,20.41,10.21,15.67,NASA POWER
60,2024-10-01,97.6,-9.69,8.46,-0.61,18.56,NASA POWER
60,2024-11-01,41.1,-9.11,10.95,0.92,13.09,NASA POWER
60,2024-12-01,115.7,-8.66,11.04,1.19,14.23,NASA POWER
61,2014-01-01,215.3,8.31,27.03,17.67,19.58,NASA POWER
61,2014-02-01,102.9,10.52,28.24,19.38,15.31,NASA POWER
61,2014-03-01,148.4,8.56,25.89,17.23,10.91,NASA POWER
61,2014-04-01,207.2,5.54,24.19,14.87,13.82,NASA POWER
61,2014-05-01,235.6,4.27,23.38,13.82,14.75,NASA POWER
61,2014-06-01,659.0,7.8,24.81,16.3,19.33,NASA POWER
61,2014-07-01,744.5,9.95,31.63,20.79,12.22,NASA POWER
61,2014-08-01,516.6,6.73,27.95,17.34,16.68,NASA POWER
61,2014-09-01,589.9,10.05,27.93,18.99,19.54,NASA POWER
61,2014-10-01,129.3,2.01,20.76,11.39,10.69,NASA POWER
61,2014-11-01,199.1,1.05,21.01,11.03,19.73,NASA POWER
61,2014-12-01,148.5,0.57,18.85,9.71,10.85,NASA POWER
61,2015-01-01,91.2,8.64,27.95,18.3,13.38,NASA POWER
61,2015-02-01,107.7,7.85,27.0,17.43,14.92,NASA POWER
61,2015-03-01,150.4,8.26,25.86,17.06,10.52,NASA POWER
61,2015-04-01,137.1,6.4,23.22,14.81,10.49,NASA POWER
61,2015-05-01,188.8,6.81,25.28,16.05,13.22,NASA POWER
61,2015-06-01,618.3,10.12,28.32,19.22,19.67,NASA POWER
61,2015-07-01,524.1,6.69,26.34,16.52,16.89,NASA POWER
61,2015-08-01,727.2,7.39,26.63,17.01,10.96,NASA POWER
61,2015-09-01,680.1,8.83,26.47,17.65,13.64,NASA POWER
61,2015-10-01,110.8,1.45,20.95,11.2,10.69,NASA POWER
61,2015-11-01,174.0,1.74,21.31,11.52,9.93,NASA POWER
61,2015-12-01,184.0,-1.25,19.09,8.92,14.35,NASA POWER
61,2016-01-01,203.7,6.41,24.1,15.26,9.31,NASA POWER
61,2016-02-01,157.9,8.32,28.85,18.59,17.34,NASA POWER
61,2016-03-01,130.3,5.15,24.12,14.64,11.57,NASA POWER
61,2016-04-01,121.8,4.93,21.73,13.33,12.34,NASA POWER
61,2016-05-01,101.2,7.17,26.73,16.95,10.91,NASA POWER
61,2016-06-01,594.9,6.21,24.78,15.5,13.16,NASA POWER
61,2016-07-01,598.7,8.38,27.24,17.81,11.89,NASA POWER
61,2016-08-01,666.4,9.0,28.19,18.59,10.07,NASA POWER
61,2016-09-01,758.6,12.5,29.23,20.87,12.39,NASA POWER
61,2016-10-01,238.3,0.94,19.47,10.21,11.55,NASA POWER
61,2016-11-01,173.2,0.23,20.22,10.22,19.73,NASA POWER
61,2016-12-01,186.8,1.49,20.49,10.99,12.94,NASA POWER
61,2017-01-01,92.4,8.95,26.79,17.87,19.03,NASA POWER
61,2017-02-01,187.5,8.09,27.59,17.84,13.91,NASA POWER
61,2017-03-01,96.7,8.01,27.51,17.76,9.26,NASA POWER
61,2017-04-01,195.9,4.98,22.29,13.63,18.31,NASA POWER
61,2017-05-01,116.5,7.16,25.51,16.34,12.14,NASA POWER
61,2017-06-01,561.2,11.27,28.71,19.99,9.74,NASA POWER
61,2017-07-01,705.2,10.85,30.12,20.48,9.33,NASA POWER
61,2017-08-01,669.8,8.38,28.75,18.57,10.7,NASA POWER
61,2017-09-01,527.0,9.52,28.76,19.14,18.52,NASA POWER
61,2017-10-01,117.0,0.25,18.74,9.49,13.88,NASA POWER
61,2017-11-01,139.4,-1.61,18.89,8.64,11.06,NASA POWER
61,2017-12-01,227.8,-0.26,18.7,9.22,14.69,NASA POWER
61,2018-01-01,177.0,7.06,24.03,15.54,9.54,NASA POWER
61,2018-02-01,108.9,7.69,28.75,18.22,15.83,NASA POWER
61,2018-03-01,112.8,7.76,27.42,17.59,10.65,NASA POWER
61,2018-04-01,155.5,3.67,24.42,14.05,14.77,NASA POWER
61,2018-05-01,125.2,4.35,23.61,13.98,10.07,NASA POWER
61,2018-06-01,745.9,7.97,26.14,17.05,13.25,NASA POWER
61,2018-07-01,572.9,10.01,27.71,18.86,13.52,NASA POWER
61,2018-08-01,720.6,11.66,29.03,20.34,13.92,NASA POWER
61,2018-09-01,693.9,11.2,29.02,20.11,9.8,NASA POWER
61,2018-10-01,237.7,-0.62,19.21,9.29,15.51,NASA POWER
61,2018-11-01,170.1,0.84,18.84,9.84,10.31,NASA POWER
61,2018-12-01,229.1,-2.79,17.74,7.47,17.05,NASA POWER
61,2019-01-01,171.5,9.31,27.02,18.16,12.42,NASA POWER
61,2019-02-01,215.2,8.36,24.67,16.52,12.33,NASA POWER
61,2019-03-01,163.5,6.34,25.54,15.94,17.04,NASA POWER
61,2019-04-01,119.1,7.7,26.48,17.09,17.35,NASA POWER
61,2019-05-01,159.8,4.46,23.07,13.77,17.74,NASA POWER
61,2019-06-01,517.4,5.48,24.71,15.1,14.37,NASA POWER
61,2019-07-01,732.5,8.09,26.7,17.39,10.04,NASA POWER
61,2019-08-01,594.9,10.14,28.86,19.5,10.67,NASA POWER
61,2019-09-01,569.6,10.02,28.02,19.02,16.84,NASA POWER
61,2019-10-01,144.5,-0.19,17.96,8.88,13.89,NASA POWER
61,2019-11-01,224.9,-1.72,19.57,8.93,16.0,NASA POWER
61,2019-12-01,209.1,-1.84,16.59,7.38,17.07,NASA POWER
61,2020-01-01,224.2,8.87,27.87,18.37,19.73,NASA POWER
61,2020-02-01,206.8,8.32,25.71,17.02,10.71,NASA POWER
61,2020-03-01,125.5,8.11,27.07,17.59,19.25,NASA POWER
61,2020-04-01,112.5,6.14,25.93,16.04,9.99,NASA POWER
61,2020-05-01,92.4,7.28,24.39,15.84,17.46,NASA POWER
61,2020-06-01,694.0,9.44,28.42,18.93,16.58,NASA POWER
61,2020-07-01,685.1,7.65,27.28,17.46,10.1,NASA POWER
61,2020-08-01,759.0,9.41,25.99,17.7,16.63,NASA POWER
61,2020-09-01,561.8,7.98,26.41,17.2,13.28,NASA POWER
61,2020-10-01,155.9,-2.03,16.98,7.48,19.45,NASA POWER
61,2020-11-01,221.8,0.35,19.99,10.17,10.89,NASA POWER
61,2020-12-01,199.9,-4.14,16.5,6.18,18.66,NASA POWER
61,2021-01-01,183.1,8.37,27.04,17.7,14.39,NASA POWER
61,2021-02-01,195.7,7.97,26.53,17.25,16.44,NASA POWER
61,2021-03-01,126.9,4.08,22.02,13.05,13.01,NASA POWER
61,2021-04-01,173.6,3.64,24.7,14.17,12.75,NASA POWER
61,2021-05-01,211.8,8.05,26.57,17.31,18.4,NASA POWER
61,2021-06-01,721.0,10.5,29.12,19.81,12.35,NASA POWER
61,2021-07-01,593.2,10.47,28.28,19.38,15.12,NASA POWER
61,2021-08-01,733.5,10.77,30.12,20.45,12.49,NASA POWER
61,2021-09-01,739.3,7.91,27.25,17.58,17.72,NASA POWER
61,2021-10-01,115.6,1.76,19.7,10.73,10.28,NASA POWER
61,2021-11-01,149.4,0.02,19.7,9.86,17.52,NASA POWER
61,2021-12-01,86.2,1.71,20.62,11.17,9.36,NASA POWER
61,2022-01-01,204.2,9.32,28.39,18.86,11.85,NASA POWER
61,2022-02-01,190.9,9.91,27.8,18.86,12.92,NASA POWER
61,2022-03-01,215.2,5.04,22.48,13.76,18.4,NASA POWER
61,2022-04-01,158.4,7.81,25.52,16.66,10.94,NASA POWER
61,2022-05-01,191.3,2.48,21.76,12.12,18.69,NASA POWER
61,2022-06-01,620.6,8.69,26.18,17.43,16.16,NASA POWER
61,2022-07-01,582.5,8.28,28.09,18.18,13.89,NASA POWER
61,2022-08-01,723.6,7.78,27.22,17.5,12.81,NASA POWER
61,2022-09-01,752.7,10.08,29.81,19.95,10.14,NASA POWER
61,2022-10-01,179.0,-0.76,19.23,9.23,16.26,NASA POWER
61,2022-11-01,230.8,-0.6,19.24,9.32,13.62,NASA POWER
61,2022-12-01,228.7,-0.5,18.25,8.88,10.63,NASA POWER
61,2023-01-01,169.1,7.12,27.87,17.5,16.87,NASA POWER
61,2023-02-01,190.5,4.55,23.58,14.06,10.45,NASA POWER
61,2023-03-01,199.2,5.52,25.49,15.5,10.65,NASA POWER
61,2023-04-01,121.3,6.0,24.96,15.48,12.78,NASA POWER
61,2023-05-01,156.4,6.63,25.28,15.96,10.11,NASA POWER
61,2023-06-01,642.5,10.94,28.79,19.86,14.19,NASA POWER
61,2023-07-01,596.2,8.74,26.66,17.7,11.37,NASA POWER
61,2023-08-01,590.5,7.1,24.77,15.93,13.59,NASA POWER
61,2023-09-01,748.6,8.11,27.43,17.77,13.66,NASA POWER
61,2023-10-01,198.2,0.27,17.33,8.8,18.7,NASA POWER
61,2023-11-01,155.2,-0.11,21.25,10.57,10.7,NASA POWER
61,2023-12-01,231.8,-0.52,18.87,9.18,10.17,NASA POWER
61,2024-01-01,85.2,7.02,24.72,15.87,18.85,NASA POWER
61,2024-02-01,174.2,7.46,26.23,16.84,11.59,NASA POWER
61,2024-03-01,93.5,7.49,28.17,17.83,17.66,NASA POWER
61,2024-04-01,115.2,7.62,27.49,17.55,12.43,NASA POWER
61,2024-05-01,178.8,3.56,23.15,13.35,10.05,NASA POWER
61,2024-06-01,630.6,10.7,29.86,20.28,14.52,NASA POWER
61,2024-07-01,526.3,10.01,30.19,20.1,18.07,NASA POWER
61,2024-08-01,578.1,9.52,29.35,19.44,13.99,NASA POWER
61,2024-09-01,651.2,8.19,26.78,17.48,11.02,NASA POWER
61,2024-10-01,120.0,-0.07,21.03,10.48,15.02,NASA POWER
61,2024-11-01,124.6,-1.74,19.07,8.67,17.04,NASA POWER
61,2024-12-01,146.6,-2.57,15.54,6.48,19.22,NASA POWER
62,2014-01-01,202.1,8.17,29.05,18.61,17.24,NASA POWER
62,2014-02-01,178.8,5.84,23.52,14.68,14.07,NASA POWER
62,2014-03-01,107.8,7.84,27.98,17.91,11.94,NASA POWER
62,2014-04-01,122.5,8.16,25.79,16.98,13.45,NASA POWER
62,2014-05-01,149.2,7.29,24.57,15.93,13.31,NASA POWER
62,2014-06-01,635.4,8.15,27.4,17.77,10.35,NASA POWER
62,2014-07-01,756.3,9.28,30.91,20.09,14.41,NASA POWER
62,2014-08-01,643.7,9.99,27.02,18.5,17.79,NASA POWER
62,2014-09-01,534.7,9.13,28.02,18.57,18.0,NASA POWER
62,2014-10-01,206.0,-0.56,20.45,9.95,14.17,NASA POWER
62,2014-11-01,110.3,1.2,20.18,10.69,10.65,NASA POWER
62,2014-12-01,195.6,1.29,19.83,10.56,11.59,NASA POWER
62,2015-01-01,212.5,9.72,27.35,18.54,17.43,NASA POWER
62,2015-02-01,239.0,4.65,24.71,14.68,19.69,NASA POWER
62,2015-03-01,188.4,8.0,25.45,16.73,17.12,NASA POWER
62,2015-04-01,157.3,5.65,22.45,14.05,17.36,NASA POWER
62,2015-05-01,84.1,5.4,24.3,14.85,16.81,NASA POWER
62,2015-06-01,665.1,7.04,27.05,17.05,9.72,NASA POWER
62,2015-07-01,660.1,7.2,27.75,17.48,11.68,NASA POWER
62,2015-08-01,563.9,5.92,25.49,15.7,12.13,NASA POWER
62,2015-09-01,513.1,8.77,26.58,17.67,19.38,NASA POWER
62,2015-10-01,175.0,2.82,19.06,10.94,18.25,NASA POWER
62,2015-11-01,139.7,-0.01,19.3,9.64,16.66,NASA POWER
62,2015-12-01,222.0,-2.05,16.98,7.46,18.81,NASA POWER
62,2016-01-01,233.4,9.06,29.02,19.04,16.77,NASA POWER
62,2016-02-01,236.5,8.01,29.27,18.64,13.53,NASA POWER
62,2016-03-01,159.1,7.39,25.99,16.69,12.42,NASA POWER
62,2016-04-01,183.0,5.41,24.29,14.85,16.87,NASA POWER
62,2016-05-01,96.2,3.5,24.71,14.11,16.97,NASA POWER
62,2016-06-01,696.3,7.39,27.05,17.22,9.68,NASA POWER
62,2016-07-01,552.7,7.1,24.8,15.95,12.65,NASA POWER
62,2016-08-01,761.2,6.56,26.81,16.68,13.32,NASA POWER
62,2016-09-01,617.4,9.57,26.32,17.95,9.88,NASA POWER
62,2016-10-01,205.9,1.94,23.54,12.74,9.68,NASA POWER
62,2016-11-01,203.9,0.63,17.94,9.29,9.54,NASA POWER
62,2016-12-01,113.4,-0.1,18.32,9.11,19.58,NASA POWER
62,2017-01-01,96.3,6.68,24.91,15.79,16.79,NASA POWER
62,2017-02-01,202.0,5.24,26.48,15.86,19.11,NASA POWER
62,2017-03-01,236.9,7.04,27.0,17.02,13.0,NASA POWER
62,2017-04-01,87.5,7.83,25.58,16.7,14.13,NASA POWER
62,2017-05-01,166.1,3.87,23.86,13.87,13.45,NASA POWER
62,2017-06-01,564.8,10.21,30.81,20.51,14.39,NASA POWER
62,2017-07-01,683.0,7.81,26.59,17.2,9.16,NASA POWER
62,2017-08-01,517.0,9.6,28.16,18.88,15.94,NASA POWER
62,2017-09-01,515.4,9.99,29.92,19.96,10.11,NASA POWER
62,2017-10-01,106.6,2.39,19.36,10.88,15.07,NASA POWER
62,2017-11-01,88.9,2.7,21.49,12.09,18.5,NASA POWER
62,2017-12-01,205.9,-4.07,14.97,5.45,13.27,NASA POWER
62,2018-01-01,220.8,9.44,28.46,18.95,16.65,NASA POWER
62,2018-02-01,128.2,6.9,23.56,15.23,12.53,NASA POWER
62,2018-03-01,124.5,5.89,24.99,15.44,18.59,NASA POWER
62,2018-04-01,104.4,4.91,24.92,14.92,17.76,NASA POWER
62,2018-05-01,164.3,2.94,21.27,12.11,10.57,NASA POWER
62,2018-06-01,557.7,9.72,28.99,19.36,16.51,NASA POWER
62,2018-07-01,577.0,11.78,28.96,20.37,9.91,NASA POWER
62,2018-08-01,602.7,7.65,25.56,16.61,12.42,NASA POWER
62,2018-09-01,567.0,9.73,29.24,19.48,10.78,NASA POWER
62,2018-10-01,82.9,3.36,22.48,12.92,9.14,NASA POWER
62,2018-11-01,106.1,-2.13,18.55,8.21,17.27,NASA POWER
62,2018-12-01,135.8,0.32,18.52,9.42,17.73,NASA POWER
62,2019-01-01,118.4,5.59,26.31,15.95,11.53,NASA POWER
62,2019-02-01,86.0,6.86,26.12,16.49,12.98,NASA POWER
62,2019-03-01,88.1,3.33,23.19,13.26,14.12,NASA POWER
62,2019-04-01,221.5,6.15,25.49,15.82,10.81,NASA POWER
62,2019-05-01,168.8,4.43,25.51,14.97,10.17,NASA POWER
62,2019-06-01,554.1,6.71,24.89,15.8,18.65,NASA POWER
62,2019-07-01,733.9,10.85,27.38,19.11,9.41,NASA POWER
62,2019-08-01,534.4,10.7,30.0,20.35,16.44,NASA POWER
62,2019-09-01,624.8,11.33,30.37,20.85,15.77,NASA POWER
62,2019-10-01,174.0,0.99,21.34,11.16,13.78,NASA POWER
62,2019-11-01,135.6,0.15,18.33,9.24,14.89,NASA POWER
62,2019-12-01,91.4,-1.09,16.87,7.89,9.26,NASA POWER
62,2020-01-01,199.5,5.48,26.34,15.91,16.67,NASA POWER
62,2020-02-01,127.7,8.43,29.89,19.16,13.59,NASA POWER
62,2020-03-01,219.6,3.23,24.02,13.62,12.81,NASA POWER
62,2020-04-01,103.3,7.4,25.4,16.4,12.91,NASA POWER
62,2020-05-01,223.0,5.4,25.65,15.52,10.52,NASA POWER
62,2020-06-01,668.1,10.32,26.95,18.63,12.39,NASA POWER
62,2020-07-01,649.4,9.17,28.44,18.8,19.11,NASA POWER
62,2020-08-01,687.9,8.13,25.69,16.91,13.0,NASA POWER
62,2020-09-01,708.2,8.29,24.96,16.62,12.0,NASA POWER
62,2020-10-01,128.4,-0.32,16.78,8.23,14.24,NASA POWER
62,2020-11-01,102.8,1.92,20.8,11.36,16.53,NASA POWER
62,2020-12-01,150.8,0.51,18.85,9.68,13.27,NASA POWER
62,2021-01-01,228.3,5.44,26.5,15.97,15.08,NASA POWER
62,2021-02-01,208.7,4.84,24.38,14.61,16.47,NASA POWER
62,2021-03-01,103.8,7.3,25.71,16.5,12.46,NASA POWER
62,2021-04-01,105.3,4.46,21.62,13.04,16.1,NASA POWER
62,2021-05-01,223.2,6.32,24.29,15.3,14.6,NASA POWER
62,2021-06-01,659.5,10.39,28.73,19.56,15.26,NASA POWER
62,2021-07-01,673.8,10.13,31.59,20.86,12.49,NASA POWER
62,2021-08-01,560.0,9.37,28.0,18.68,18.24,NASA POWER
62,2021-09-01,561.0,10.68,29.25,19.96,17.01,NASA POWER
62,2021-10-01,174.6,1.68,21.39,11.54,11.74,NASA POWER
62,2021-11-01,168.2,0.65,19.28,9.96,17.91,NASA POWER
62,2021-12-01,225.5,-2.6,18.75,8.07,17.45,NASA POWER
62,2022-01-01,193.7,11.82,29.44,20.63,18.73,NASA POWER
62,2022-02-01,231.6,5.08,26.76,15.92,12.4,NASA POWER
62,2022-03-01,106.0,7.24,24.28,15.76,12.4,NASA POWER
62,2022-04-01,134.0,6.69,27.21,16.95,11.25,NASA POWER
62,2022-05-01,170.5,2.98,24.09,13.54,17.23,NASA POWER
62,2022-06-01,609.7,12.23,31.54,21.88,17.25,NASA POWER
62,2022-07-01,764.3,7.99,25.62,16.8,18.52,NASA POWER
62,2022-08-01,516.8,10.75,30.02,20.38,15.07,NASA POWER
62,2022-09-01,540.2,9.56,30.94,20.25,15.33,NASA POWER
62,2022-10-01,133.1,-1.98,19.04,8.53,15.39,NASA POWER
62,2022-11-01,182.2,-0.68,19.99,9.65,9.18,NASA POWER
62,2022-12-01,100.6,0.39,19.07,9.73,11.8,NASA POWER
62,2023-01-01,196.4,8.27,27.09,17.68,19.78,NASA POWER
62,2023-02-01,91.2,7.36,26.89,17.12,14.47,NASA POWER
62,2023-03-01,189.4,6.36,27.11,16.73,12.53,NASA POWER
62,2023-04-01,195.0,8.07,26.75,17.41,17.96,NASA POWER
62,2023-05-01,232.5,6.09,25.31,15.7,13.95,NASA POWER
62,2023-06-01,683.9,12.28,28.91,20.59,17.54,NASA POWER
62,2023-07-01,638.3,9.42,27.91,18.66,19.47,NASA POWER
62,2023-08-01,713.2,8.34,26.81,17.57,11.7,NASA POWER
62,2023-09-01,692.5,8.17,25.75,16.96,15.84,NASA POWER
62,2023-10-01,109.4,-0.1,18.83,9.36,14.32,NASA POWER
62,2023-11-01,89.8,0.46,21.48,10.97,10.56,NASA POWER
62,2023-12-01,226.3,-1.02,17.1,8.04,13.81,NASA POWER
62,2024-01-01,218.0,6.05,23.53,14.79,17.75,NASA POWER
62,2024-02-01,177.8,6.2,24.67,15.44,15.93,NASA POWER
62,2024-03-01,129.5,5.38,23.26,14.32,14.84,NASA POWER
62,2024-04-01,143.8,7.6,27.09,17.34,15.7,NASA POWER
62,2024-05-01,109.3,1.28,21.82,11.55,16.24,NASA POWER
62,2024-06-01,758.0,7.75,27.01,17.38,14.21,NASA POWER
62,2024-07-01,647.2,9.06,27.43,18.25,15.39,NASA POWER
62,2024-08-01,637.4,11.49,29.32,20.41,18.79,NASA POWER
62,2024-09-01,522.5,10.13,27.13,18.63,11.46,NASA POWER
62,2024-10-01,92.7,0.39,20.67,10.53,12.43,NASA POWER
62,2024-11-01,239.0,-1.49,19.61,9.06,15.12,NASA POWER
62,2024-12-01,111.3,0.23,18.81,9.52,16.5,NASA POWER
63,2014-01-01,167.8,7.14,25.1,16.12,18.61,NASA POWER
63,2014-02-01,122.9,6.59,26.23,16.41,16.13,NASA POWER
63,2014-03-01,209.6,4.9,22.86,13.88,11.99,NASA POWER
63,2014-04-01,202.9,6.3,25.9,16.1,9.08,NASA POWER
63,2014-05-01,207.7,5.08,25.94,15.51,18.52,NASA POWER
63,2014-06-01,756.8,10.1,31.03,20.57,12.0,NASA POWER
63,2014-07-01,754.8,10.59,30.04,20.31,15.87,NASA POWER
63,2014-08-01,522.2,7.92,26.2,17.06,10.86,NASA POWER
63,2014-09-01,581.8,10.22,29.68,19.95,10.27,NASA POWER
63,2014-10-01,169.9,2.28,22.27,12.28,13.25,NASA POWER
63,2014-11-01,110.7,-2.32,17.97,7.82,18.79,NASA POWER
63,2014-12-01,125.1,2.11,19.71,10.91,13.56,NASA POWER
63,2015-01-01,184.0,10.61,29.46,20.04,18.6,NASA POWER
63,2015-02-01,215.7,5.31,24.73,15.02,19.51,NASA POWER
63,2015-03-01,131.0,7.78,24.95,16.36,16.88,NASA POWER
63,2015-04-01,179.9,6.86,27.1,16.98,14.37,NASA POWER
63,2015-05-01,133.8,3.87,22.64,13.26,19.27,NASA POWER
63,2015-06-01,676.9,6.82,26.46,16.64,16.96,NASA POWER
63,2015-07-01,686.5,8.49,25.95,17.22,12.16,NASA POWER
63,2015-08-01,643.2,9.58,29.58,19.58,15.75,NASA POWER
63,2015-09-01,689.6,8.89,27.06,17.98,15.31,NASA POWER
63,2015-10-01,113.2,-2.83,18.39,7.78,9.34,NASA POWER
63,2015-11-01,119.6,2.06,19.68,10.87,18.85,NASA POWER
63,2015-12-01,123.6,-0.27,19.99,9.86,19.12,NASA POWER
63,2016-01-01,165.0,9.1,27.9,18.5,18.65,NASA POWER
63,2016-02-01,81.1,9.25,28.07,18.66,17.16,NASA POWER
63,2016-03-01,189.7,3.35,22.43,12.89,15.24,NASA POWER
63,2016-04-01,134.3,7.74,26.99,17.36,18.06,NASA POWER
63,2016-05-01,201.8,6.26,25.71,15.98,18.43,NASA POWER
63,2016-06-01,706.4,6.7,24.68,15.69,17.17,NASA POWER
63,2016-07-01,655.9,5.94,26.17,16.05,10.07,NASA POWER
63,2016-08-01,686.0,8.87,28.95,18.91,14.76,NASA POWER
63,2016-09-01,610.8,6.73,27.52,17.12,12.69,NASA POWER
63,2016-10-01,135.1,-0.2,18.34,9.07,11.0,NASA POWER
63,2016-11-01,103.0,-1.47,17.75,8.14,14.95,NASA POWER
63,2016-12-01,206.4,0.74,17.58,9.16,14.92,NASA POWER
63,2017-01-01,103.7,10.32,27.53,18.93,14.45,NASA POWER
63,2017-02-01,211.0,7.35,27.69,17.52,11.65,NASA POWER
63,2017-03-01,152.2,3.45,23.54,13.49,9.82,NASA POWER
63,2017-04-01,91.2,4.62,25.76,15.19,19.56,NASA POWER
63,2017-05-01,87.6,5.76,26.8,16.28,9.47,NASA POWER
63,2017-06-01,746.0,9.83,28.24,19.04,18.07,NASA POWER
63,2017-07-01,659.6,9.99,28.06,19.02,16.95,NASA POWER
63,2017-08-01,648.5,8.49,27.05,17.77,13.58,NASA POWER
63,2017-09-01,559.2,10.49,28.6,19.55,17.77,NASA POWER
63,2017-10-01,222.1,2.61,21.61,12.11,13.76,NASA POWER
63,2017-11-01,186.4,-2.06,17.89,7.92,9.55,NASA POWER
63,2017-12-01,199.0,2.08,20.37,11.23,9.89,NASA POWER
63,2018-01-01,84.0,9.12,26.11,17.61,12.07,NASA POWER
63,2018-02-01,138.4,4.89,25.35,15.12,15.32,NASA POWER
63,2018-03-01,80.5,7.89,24.48,16.18,11.98,NASA POWER
63,2018-04-01,152.8,4.51,24.36,14.43,15.74,NASA POWER
63,2018-05-01,216.5,6.97,25.22,16.09,17.27,NASA POWER
63,2018-06-01,687.5,6.82,25.69,16.26,9.06,NASA POWER
63,2018-07-01,724.9,9.94,31.02,20.48,12.78,NASA POWER
63,2018-08-01,514.9,9.96,26.47,18.21,19.42,NASA POWER
63,2018-09-01,579.5,10.9,28.49,19.7,16.93,NASA POWER
63,2018-10-01,208.9,0.92,17.67,9.3,14.67,NASA POWER
63,2018-11-01,120.5,0.05,21.87,10.96,9.17,NASA POWER
63,2018-12-01,158.6,-0.87,17.08,8.1,12.04,NASA POWER
63,2019-01-01,83.1,6.78,25.13,15.96,17.82,NASA POWER
63,2019-02-01,100.0,5.38,25.83,15.6,11.57,NASA POWER
63,2019-03-01,144.0,4.51,23.06,13.79,16.28,NASA POWER
63,2019-04-01,185.6,9.31,28.28,18.8,15.59,NASA POWER
63,2019-05-01,114.4,5.39,22.96,14.18,15.63,NASA POWER
63,2019-06-01,625.3,11.32,31.14,21.23,11.68,NASA POWER
63,2019-07-01,753.9,9.67,26.56,18.11,18.46,NASA POWER
63,2019-08-01,545.0,9.75,28.48,19.12,11.69,NASA POWER
63,2019-09-01,568.7,7.24,24.78,16.01,12.9,NASA POWER
63,2019-10-01,139.7,2.97,22.93,12.95,12.17,NASA POWER
63,2019-11-01,144.2,-2.48,18.03,7.78,16.45,NASA POWER
63,2019-12-01,80.5,-0.18,21.41,10.62,13.66,NASA POWER
63,2020-01-01,194.1,8.71,26.1,17.41,15.49,NASA POWER
63,2020-02-01,118.7,6.77,25.84,16.3,11.01,NASA POWER
63,2020-03-01,147.3,9.41,27.66,18.54,12.14,NASA POWER
63,2020-04-01,187.8,6.41,27.9,17.16,13.97,NASA POWER
63,2020-05-01,169.8,5.31,25.61,15.46,19.51,NASA POWER
63,2020-06-01,760.2,9.08,28.21,18.64,14.5,NASA POWER
63,2020-07-01,706.6,7.49,27.16,17.32,16.67,NASA POWER
63,2020-08-01,534.1,8.81,29.58,19.2,18.86,NASA POWER
63,2020-09-01,763.5,12.2,29.22,20.71,15.23,NASA POWER
63,2020-10-01,83.9,1.45,22.19,11.82,16.97,NASA POWER
63,2020-11-01,232.8,-1.31,18.71,8.7,14.8,NASA POWER
63,2020-12-01,145.4,-2.61,15.43,6.41,13.81,NASA POWER
63,2021-01-01,127.6,8.69,28.3,18.5,14.07,NASA POWER
63,2021-02-01,89.9,8.65,27.78,18.21,10.02,NASA POWER
63,2021-03-01,156.9,4.9,22.64,13.77,14.63,NASA POWER
63,2021-04-01,205.9,7.91,27.14,17.52,10.55,NASA POWER
63,2021-05-01,117.9,2.07,20.92,11.5,12.22,NASA POWER
63,2021-06-01,563.9,10.24,28.14,19.19,15.55,NASA POWER
63,2021-07-01,731.6,7.88,27.06,17.47,15.15,NASA POWER
63,2021-08-01,712.5,10.32,31.25,20.79,18.07,NASA POWER
63,2021-09-01,734.9,10.47,30.06,20.27,12.23,NASA POWER
63,2021-10-01,191.8,1.38,19.76,10.57,12.35,NASA POWER
63,2021-11-01,147.4,2.29,19.16,10.72,16.97,NASA POWER
63,2021-12-01,152.8,-0.78,19.26,9.24,11.6,NASA POWER
63,2022-01-01,216.7,6.89,27.19,17.04,10.35,NASA POWER
63,2022-02-01,197.7,5.84,25.67,15.76,10.76,NASA POWER
63,2022-03-01,128.8,5.53,24.61,15.07,9.36,NASA POWER
63,2022-04-01,109.0,4.73,24.2,14.46,15.64,NASA POWER
63,2022-05-01,216.7,3.45,22.59,13.02,11.93,NASA POWER
63,2022-06-01,698.5,7.65,26.99,17.32,15.15,NASA POWER
63,2022-07-01,551.4,8.56,29.23,18.89,13.49,NASA POWER
63,2022-08-01,762.2,11.7,30.86,21.28,11.26,NASA POWER
63,2022-09-01,639.9,11.07,27.91,19.49,14.27,NASA POWER
63,2022-10-01,112.2,-1.56,17.81,8.12,17.12,NASA POWER
63,2022-11-01,97.0,0.15,19.06,9.6,19.51,NASA POWER
63,2022-12-01,224.2,-1.99,16.14,7.08,9.22,NASA POWER
63,2023-01-01,108.1,9.92,26.82,18.37,18.93,NASA POWER
63,2023-02-01,230.9,10.27,27.1,18.69,12.99,NASA POWER
63,2023-03-01,112.0,7.89,24.76,16.32,14.45,NASA POWER
63,2023-04-01,170.8,5.97,25.08,15.52,14.44,NASA POWER
63,2023-05-01,107.2,7.82,26.2,17.01,10.95,NASA POWER
63,2023-06-01,759.2,10.43,30.83,20.63,14.17,NASA POWER
63,2023-07-01,530.9,11.31,30.89,21.1,17.13,NASA POWER
63,2023-08-01,667.8,10.36,28.37,19.37,18.37,NASA POWER
63,2023-09-01,731.0,8.97,27.87,18.42,16.25,NASA POWER
63,2023-10-01,168.7,1.51,22.04,11.78,10.53,NASA POWER
63,2023-11-01,201.0,-2.23,17.04,7.4,17.95,NASA POWER
63,2023-12-01,178.9,-1.04,17.11,8.04,18.74,NASA POWER
63,2024-01-01,179.4,6.09,23.82,14.96,9.23,NASA POWER
63,2024-02-01,178.5,7.1,26.99,17.04,17.54,NASA POWER
63,2024-03-01,209.2,5.71,24.19,14.95,15.99,NASA POWER
63,2024-04-01,200.2,8.3,27.0,17.65,13.95,NASA POWER
63,2024-05-01,197.9,6.09,25.79,15.94,16.36,NASA POWER
63,2024-06-01,725.5,6.65,27.56,17.11,15.97,NASA POWER
63,2024-07-01,760.9,7.85,26.57,17.21,14.46,NASA POWER
63,2024-08-01,674.7,9.8,28.39,19.09,18.81,NASA POWER
63,2024-09-01,675.8,10.19,30.34,20.27,18.8,NASA POWER
63,2024-10-01,82.3,4.34,22.34,13.34,16.05,NASA POWER
63,2024-11-01,165.9,-2.3,16.48,7.09,15.64,NASA POWER
63,2024-12-01,230.3,-3.6,15.06,5.73,12.87,NASA POWER
64,2014-01-01,220.8,5.85,26.03,15.94,16.67,NASA POWER
64,2014-02-01,212.5,8.41,29.08,18.74,17.79,NASA POWER
64,2014-03-01,229.5,8.91,28.37,18.64,10.6,NASA POWER
64,2014-04-01,175.0,6.45,23.51,14.98,15.33,NASA POWER
64,2014-05-01,227.8,5.69,25.23,15.46,13.51,NASA POWER
64,2014-06-01,527.0,9.67,29.92,19.8,18.01,NASA POWER
64,2014-07-01,751.9,5.94,26.85,16.39,16.46,NASA POWER
64,2014-08-01,671.7,10.25,28.9,19.57,11.87,NASA POWER
64,2014-09-01,699.0,8.63,26.91,17.77,18.94,NASA POWER
64,2014-10-01,162.0,1.77,21.67,11.72,13.43,NASA POWER
64,2014-11-01,99.1,1.63,18.99,10.31,10.53,NASA POWER
64,2014-12-01,220.4,0.62,17.95,9.29,11.24,NASA POWER
64,2015-01-01,203.2,6.7,25.99,16.34,17.96,NASA POWER
64,2015-02-01,100.6,8.2,27.27,17.73,15.53,NASA POWER
64,2015-03-01,113.2,7.96,26.08,17.02,16.79,NASA POWER
64,2015-04-01,123.8,3.21,23.94,13.58,9.24,NASA POWER
64,2015-05-01,201.7,6.67,25.13,15.9,10.61,NASA POWER
64,2015-06-01,599.3,9.03,25.93,17.48,17.44,NASA POWER
64,2015-07-01,575.1,7.06,24.61,15.83,17.73,NASA POWER
64,2015-08-01,684.0,8.91,25.81,17.36,18.05,NASA POWER
64,2015-09-01,749.0,9.54,28.7,19.12,10.23,NASA POWER
64,2015-10-01,185.4,1.17,21.79,11.48,12.84,NASA POWER
64,2015-11-01,140.4,-2.93,15.93,6.5,9.64,NASA POWER
64,2015-12-01,134.1,-0.64,16.11,7.73,9.88,NASA POWER
64,2016-01-01,217.1,8.47,28.04,18.25,11.73,NASA POWER
64,2016-02-01,225.0,4.88,24.12,14.5,14.44,NASA POWER
64,2016-03-01,213.5,6.0,24.13,15.06,19.76,NASA POWER
64,2016-04-01,223.5,6.31,23.89,15.1,15.35,NASA POWER
64,2016-05-01,131.2,6.76,26.43,16.59,19.22,NASA POWER
64,2016-06-01,668.7,10.42,27.51,18.96,12.19,NASA POWER
64,2016-07-01,578.5,9.29,28.99,19.14,11.51,NASA POWER
64,2016-08-01,698.7,6.26,26.99,16.62,11.61,NASA POWER
64,2016-09-01,762.5,9.75,29.59,19.67,12.68,NASA POWER
64,2016-10-01,117.4,2.99,22.91,12.95,16.45,NASA POWER
64,2016-11-01,217.9,3.05,21.45,12.25,15.89,NASA POWER
64,2016-12-01,169.7,-2.0,18.98,8.49,12.86,NASA POWER
64,2017-01-01,87.7,6.64,26.51,16.57,19.4,NASA POWER
64,2017-02-01,107.0,9.45,28.66,19.05,14.44,NASA POWER
64,2017-03-01,94.4,3.79,25.5,14.64,18.74,NASA POWER
64,2017-04-01,150.1,4.22,22.84,13.53,11.36,NASA POWER
64,2017-05-01,227.0,3.77,21.95,12.86,16.29,NASA POWER
64,2017-06-01,683.6,9.06,28.57,18.82,15.03,NASA POWER
64,2017-07-01,574.6,12.4,29.85,21.12,14.62,NASA POWER
64,2017-08-01,622.1,6.61,27.02,16.82,18.12,NASA POWER
64,2017-09-01,574.5,9.01,30.32,19.66,14.58,NASA POWER
64,2017-10-01,98.4,-0.19,18.92,9.37,17.99,NASA POWER
64,2017-11-01,152.2,1.87,19.43,10.65,19.16,NASA POWER
64,2017-12-01,98.8,-4.42,15.37,5.47,17.27,NASA POWER
64,2018-01-01,104.3,11.11,30.38,20.74,9.34,NASA POWER
64,2018-02-01,189.7,7.0,27.9,17.45,9.08,NASA POWER
64,2018-03-01,179.6,7.26,26.41,16.84,14.69,NASA POWER
64,2018-04-01,223.6,5.32,23.57,14.45,15.34,NASA POWER
64,2018-05-01,192.4,3.35,23.88,13.62,9.98,NASA POWER
64,2018-06-01,529.9,10.5,30.58,20.54,10.19,NASA POWER
64,2018-07-01,717.7,10.1,30.4,20.25,16.92,NASA POWER
64,2018-08-01,707.3,9.79,28.54,19.16,11.57,NASA POWER
64,2018-09-01,570.0,9.24,28.12,18.68,15.27,NASA POWER
64,2018-10-01,82.4,3.82,22.61,13.21,13.1,NASA POWER
64,2018-11-01,150.1,0.84,19.65,10.24,15.22,NASA POWER
64,2018-12-01,181.1,-0.05,16.16,8.05,17.66,NASA POWER
64,2019-01-01,196.6,5.37,26.23,15.8,10.4,NASA POWER
64,2019-02-01,239.9,4.81,24.61,14.71,17.65,NASA POWER
64,2019-03-01,128.7,4.17,24.1,14.14,18.61,NASA POWER
64,2019-04-01,89.6,6.84,25.9,16.37,19.42,NASA POWER
64,2019-05-01,110.1,4.58,24.75,14.66,14.71,NASA POWER
64,2019-06-01,653.6,8.71,25.97,17.34,17.41,NASA POWER
64,2019-07-01,616.9,9.66,27.86,18.76,13.87,NASA POWER
64,2019-08-01,755.7,8.15,25.65,16.9,13.47,NASA POWER
64,2019-09-01,522.9,8.23,26.97,17.6,11.41,NASA POWER
64,2019-10-01,80.6,1.87,19.47,10.67,18.34,NASA POWER
64,2019-11-01,100.2,0.26,19.58,9.92,9.94,NASA POWER
64,2019-12-01,178.7,-2.12,17.35,7.62,10.15,NASA POWER
64,2020-01-01,203.3,7.39,28.22,17.8,18.51,NASA POWER
64,2020-02-01,90.5,4.38,25.0,14.69,16.72,NASA POWER
64,2020-03-01,99.4,7.97,27.54,17.75,10.19,NASA POWER
64,2020-04-01,169.9,3.97,23.76,13.87,10.4,NASA POWER
64,2020-05-01,96.3,3.83,23.18,13.5,15.64,NASA POWER
64,2020-06-01,708.0,9.02,27.4,18.21,14.71,NASA POWER
64,2020-07-01,730.3,10.85,29.07,19.96,11.18,NASA POWER
64,2020-08-01,668.2,8.06,27.76,17.91,14.01,NASA POWER
64,2020-09-01,581.9,9.07,27.4,18.23,15.87,NASA POWER
64,2020-10-01,90.3,1.92,20.95,11.43,18.49,NASA POWER
64,2020-11-01,152.2,0.5,21.5,11.0,12.66,NASA POWER
64,2020-12-01,105.7,-0.58,20.82,10.12,13.1,NASA POWER
64,2021-01-01,84.2,6.94,26.12,16.53,11.41,NASA POWER
64,2021-02-01,176.2,8.34,27.26,17.8,9.47,NASA POWER
64,2021-03-01,227.9,5.04,24.22,14.63,13.13,NASA POWER
64,2021-04-01,148.9,3.87,22.17,13.02,15.14,NASA POWER
64,2021-05-01,194.3,5.16,25.71,15.44,16.95,NASA POWER
64,2021-06-01,739.6,7.89,28.08,17.98,12.76,NASA POWER
64,2021-07-01,746.4,10.95,30.78,20.87,16.66,NASA POWER
64,2021-08-01,735.2,12.66,31.56,22.11,14.44,NASA POWER
64,2021-09-01,661.8,11.82,29.58,20.7,15.29,NASA POWER
64,2021-10-01,92.3,0.19,17.51,8.85,13.74,NASA POWER
64,2021-11-01,154.1,-2.66,17.09,7.21,9.73,NASA POWER
64,2021-12-01,135.0,-4.19,15.86,5.83,17.28,NASA POWER
64,2022-01-01,121.8,4.88,24.3,14.59,10.01,NASA POWER
64,2022-02-01,178.6,5.49,23.44,14.46,9.67,NASA POWER
64,2022-03-01,138.8,5.27,23.03,14.15,13.03,NASA POWER
64,2022-04-01,177.7,4.55,22.08,13.31,13.4,NASA POWER
64,2022-05-01,105.0,4.79,20.98,12.88,14.12,NASA POWER
64,2022-06-01,739.1,8.38,28.89,18.64,9.24,NASA POWER
64,2022-07-01,555.2,10.17,28.8,19.48,19.19,NASA POWER
64,2022-08-01,586.8,5.83,26.39,16.11,9.97,NASA POWER
64,2022-09-01,610.1,8.59,25.71,17.15,18.44,NASA POWER
64,2022-10-01,94.1,1.9,21.91,11.9,18.22,NASA POWER
64,2022-11-01,167.7,-1.1,18.09,8.49,9.42,NASA POWER
64,2022-12-01,102.5,-2.27,14.69,6.21,17.33,NASA POWER
64,2023-01-01,123.7,7.87,25.51,16.69,10.07,NASA POWER
64,2023-02-01,147.2,7.12,28.86,17.99,11.61,NASA POWER
64,2023-03-01,200.7,4.19,24.72,14.46,12.84,NASA POWER
64,2023-04-01,91.2,6.63,24.69,15.66,9.08,NASA POWER
64,2023-05-01,188.2,2.06,21.32,11.69,13.03,NASA POWER
64,2023-06-01,648.4,6.8,28.27,17.54,19.64,NASA POWER
64,2023-07-01,667.1,9.95,29.96,19.95,17.93,NASA POWER
64,2023-08-01,642.6,6.35,26.95,16.65,18.47,NASA POWER
64,2023-09-01,738.7,11.38,31.2,21.29,12.89,NASA POWER
64,2023-10-01,120.6,1.6,19.98,10.79,10.24,NASA POWER
64,2023-11-01,113.7,0.92,20.62,10.77,19.23,NASA POWER
64,2023-12-01,88.9,0.26,17.87,9.07,17.11,NASA POWER
64,2024-01-01,143.3,6.46,25.23,15.85,19.48,NASA POWER
64,2024-02-01,82.8,3.76,24.05,13.91,12.84,NASA POWER
64,2024-03-01,88.4,4.21,22.66,13.44,14.71,NASA POWER
64,2024-04-01,183.2,4.66,22.71,13.69,18.92,NASA POWER
64,2024-05-01,157.4,5.81,27.02,16.41,14.11,NASA POWER
64,2024-06-01,707.3,7.98,24.15,16.06,15.11,NASA POWER
64,2024-07-01,678.5,10.31,28.47,19.39,18.33,NASA POWER
64,2024-08-01,606.1,8.27,28.08,18.17,18.5,NASA POWER
64,2024-09-01,519.4,8.55,28.18,18.37,17.17,NASA POWER
64,2024-10-01,146.1,2.91,19.54,11.22,18.38,NASA POWER
64,2024-11-01,155.1,-1.28,16.04,7.38,18.2,NASA POWER
64,2024-12-01,196.2,-0.17,19.34,9.58,17.95,NASA POWER
65,2014-01-01,104.9,9.32,27.88,18.6,15.35,NASA POWER
65,2014-02-01,184.1,8.12,25.26,16.69,13.32,NASA POWER
65,2014-03-01,95.8,6.09,25.48,15.79,18.34,NASA POWER
65,2014-04-01,143.8,5.99,24.95,15.47,14.91,NASA POWER
65,2014-05-01,80.5,7.11,27.21,17.16,13.9,NASA POWER
65,2014-06-01,707.4,9.72,28.27,19.0,18.12,NASA POWER
65,2014-07-01,523.8,8.9,28.21,18.55,11.29,NASA POWER
65,2014-08-01,675.8,9.63,29.12,19.38,19.05,NASA POWER
65,2014-09-01,531.4,10.88,28.37,19.62,17.49,NASA POWER
65,2014-10-01,115.1,-0.02,18.4,9.19,12.21,NASA POWER
65,2014-11-01,122.8,1.4,22.35,11.88,12.87,NASA POWER
65,2014-12-01,161.9,0.22,20.85,10.54,18.45,NASA POWER
65,2015-01-01,80.7,8.29,26.14,17.21,18.56,NASA POWER
65,2015-02-01,117.8,4.99,25.67,15.33,10.95,NASA POWER
65,2015-03-01,90.2,7.44,27.01,17.23,10.43,NASA POWER
65,2015-04-01,197.6,7.38,24.96,16.17,14.72,NASA POWER
65,2015-05-01,118.9,5.36,24.07,14.71,12.86,NASA POWER
65,2015-06-01,744.4,10.68,27.96,19.32,14.08,NASA POWER
65,2015-07-01,600.5,10.2,30.12,20.16,18.51,NASA POWER
65,2015-08-01,557.1,9.74,30.15,19.95,17.9,NASA POWER
65,2015-09-01,668.5,7.32,27.4,17.36,9.46,NASA POWER
65,2015-10-01,154.8,2.42,21.52,11.97,14.4,NASA POWER
65,2015-11-01,161.7,2.38,20.74,11.56,11.48,NASA POWER
65,2015-12-01,122.5,0.21,18.28,9.25,19.59,NASA POWER
65,2016-01-01,112.6,4.86,23.98,14.42,10.08,NASA POWER
65,2016-02-01,210.2,8.66,29.18,18.92,17.78,NASA POWER
65,2016-03-01,109.0,6.42,26.64,16.53,16.38,NASA POWER
65,2016-04-01,186.0,5.02,25.44,15.23,10.81,NASA POWER
65,2016-05-01,184.7,4.36,25.15,14.75,11.03,NASA POWER
65,2016-06-01,644.8,10.4,28.46,19.43,19.37,NASA POWER
65,2016-07-01,659.8,9.7,30.58,20.14,18.9,NASA POWER
65,2016-08-01,628.3,6.05,26.33,16.19,16.12,NASA POWER
65,2016-09-01,695.7,9.12,26.63,17.88,18.52,NASA POWER
65,2016-10-01,215.0,2.38,20.92,11.65,14.56,NASA POWER
65,2016-11-01,213.3,2.8,21.72,12.26,12.31,NASA POWER
65,2016-12-01,160.2,-0.45,18.07,8.81,10.34,NASA POWER
65,2017-01-01,142.7,10.1,30.54,20.32,9.11,NASA POWER
65,2017-02-01,237.5,6.79,24.54,15.66,12.05,NASA POWER
65,2017-03-01,212.0,6.18,23.93,15.05,9.78,NASA POWER
65,2017-04-01,83.2,7.77,27.89,17.83,14.25,NASA POWER
65,2017-05-01,191.9,7.63,26.21,16.92,15.19,NASA POWER
65,2017-06-01,563.0,12.32,31.26,21.79,11.29,NASA POWER
65,2017-07-01,530.0,6.4,26.92,16.66,14.74,NASA POWER
65,2017-08-01,572.9,8.4,25.07,16.73,15.69,NASA POWER
65,2017-09-01,593.4,6.89,26.76,16.82,11.73,NASA POWER
65,2017-10-01,113.0,-2.43,17.97,7.77,9.64,NASA POWER
65,2017-11-01,192.1,0.44,17.81,9.12,11.73,NASA POWER
65,2017-12-01,204.7,-1.74,17.51,7.89,14.92,NASA POWER
65,2018-01-01,217.6,4.94,23.89,14.42,15.43,NASA POWER
65,2018-02-01,220.8,9.71,29.68,19.7,14.1,NASA POWER
65,2018-03-01,183.1,4.88,22.37,13.62,10.61,NASA POWER
65,2018-04-01,179.3,5.04,23.54,14.29,11.75,NASA POWER
65,2018-05-01,98.1,3.41,23.5,13.46,11.3,NASA POWER
65,2018-06-01,694.5,8.59,25.73,17.16,16.56,NASA POWER
65,2018-07-01,718.4,9.12,26.66,17.89,15.64,NASA POWER
65,2018-08-01,686.6,9.16,28.34,18.75,18.39,NASA POWER
65,2018-09-01,660.0,9.08,27.75,18.41,15.78,NASA POWER
65,2018-10-01,120.5,-1.37,18.94,8.79,11.82,NASA POWER
65,2018-11-01,196.6,1.55,21.92,11.74,10.61,NASA POWER
65,2018-12-01,103.5,-2.28,17.68,7.7,13.42,NASA POWER
65,2019-01-01,129.7,8.01,25.38,16.7,13.24,NASA POWER
65,2019-02-01,105.4,8.08,26.92,17.5,13.32,NASA POWER
65,2019-03-01,229.3,9.36,25.78,17.57,12.97,NASA POWER
65,2019-04-01,228.0,4.25,21.6,12.93,12.65,NASA POWER
65,2019-05-01,222.1,3.58,20.75,12.16,19.08,NASA POWER
65,2019-06-01,649.9,12.01,30.29,21.15,14.95,NASA POWER
65,2019-07-01,556.0,8.8,27.01,17.91,12.46,NASA POWER
65,2019-08-01,659.9,9.9,28.3,19.1,13.5,NASA POWER
65,2019-09-01,588.6,10.53,31.11,20.82,17.72,NASA POWER
65,2019-10-01,216.0,-0.77,18.43,8.83,18.35,NASA POWER
65,2019-11-01,139.4,1.47,22.43,11.95,9.13,NASA POWER
65,2019-12-01,174.4,0.55,18.2,9.38,17.85,NASA POWER
65,2020-01-01,106.8,8.18,28.6,18.39,13.68,NASA POWER
65,2020-02-01,118.4,8.44,29.13,18.79,10.36,NASA POWER
65,2020-03-01,229.8,8.81,27.6,18.21,15.59,NASA POWER
65,2020-04-01,180.3,6.19,24.82,15.51,12.35,NASA POWER
65,2020-05-01,210.2,2.04,20.64,11.34,10.21,NASA POWER
65,2020-06-01,591.9,8.96,27.5,18.23,18.78,NASA POWER
65,2020-07-01,614.4,12.18,30.99,21.59,15.44,NASA POWER
65,2020-08-01,666.5,12.32,30.0,21.16,15.67,NASA POWER
65,2020-09-01,726.1,8.73,26.73,17.73,13.19,NASA POWER
65,2020-10-01,205.6,0.06,20.07,10.06,13.13,NASA POWER
65,2020-11-01,149.6,-2.57,18.19,7.81,17.23,NASA POWER
65,2020-12-01,227.6,-0.24,16.83,8.29,16.43,NASA POWER
65,2021-01-01,208.9,8.79,29.57,19.18,9.34,NASA POWER
65,2021-02-01,160.8,6.93,25.55,16.24,11.12,NASA POWER
65,2021-03-01,228.6,5.6,23.52,14.56,13.3,NASA POWER
65,2021-04-01,100.2,6.65,25.43,16.04,12.41,NASA POWER
65,2021-05-01,236.0,5.61,23.65,14.63,18.47,NASA POWER
65,2021-06-01,642.5,10.14,27.94,19.04,10.11,NASA POWER
65,2021-07-01,518.4,10.75,29.31,20.03,9.39,NASA POWER
65,2021-08-01,547.6,7.25,26.3,16.77,10.65,NASA POWER
65,2021-09-01,596.0,6.7,26.22,16.46,19.28,NASA POWER
65,2021-10-01,111.2,2.11,20.54,11.32,12.33,NASA POWER
65,2021-11-01,165.8,-0.96,17.53,8.29,13.21,NASA POWER
65,2021-12-01,100.8,0.99,19.76,10.38,11.48,NASA POWER
65,2022-01-01,225.3,9.84,29.98,19.91,13.0,NASA POWER
65,2022-02-01,234.2,6.23,24.57,15.4,14.8,NASA POWER
65,2022-03-01,168.8,5.98,23.96,14.97,18.12,NASA POWER
65,2022-04-01,224.9,4.61,23.04,13.82,9.37,NASA POWER
65,2022-05-01,164.8,7.52,27.3,17.41,12.56,NASA POWER
65,2022-06-01,644.4,9.36,27.67,18.52,18.57,NASA POWER
65,2022-07-01,756.7,5.56,24.8,15.18,14.07,NASA POWER
65,2022-08-01,696.5,10.85,31.4,21.12,17.84,NASA POWER
65,2022-09-01,597.4,6.16,26.91,16.54,15.64,NASA POWER
65,2022-10-01,217.2,-0.9,16.59,7.84,17.28,NASA POWER
65,2022-11-01,95.4,3.01,21.97,12.49,10.74,NASA POWER
65,2022-12-01,224.7,-1.45,18.23,8.39,15.11,NASA POWER
65,2023-01-01,136.8,11.16,29.24,20.2,9.44,NASA POWER
65,2023-02-01,174.4,8.53,27.3,17.91,13.63,NASA POWER
65,2023-03-01,205.9,8.04,26.12,17.08,9.56,NASA POWER
65,2023-04-01,184.2,5.85,24.94,15.39,11.74,NASA POWER
65,2023-05-01,138.7,5.98,26.68,16.33,14.04,NASA POWER
65,2023-06-01,613.5,7.57,26.63,17.1,11.18,NASA POWER
65,2023-07-01,543.0,9.8,30.28,20.04,14.6,NASA POWER
65,2023-08-01,732.6,11.97,31.58,21.77,15.93,NASA POWER
65,2023-09-01,605.8,10.58,29.43,20.0,14.53,NASA POWER
65,2023-10-01,128.0,1.92,18.69,10.3,9.26,NASA POWER
65,2023-11-01,112.6,-2.32,18.03,7.86,18.15,NASA POWER
65,2023-12-01,177.7,-1.38,17.26,7.94,14.81,NASA POWER
65,2024-01-01,85.8,8.33,26.33,17.33,15.91,NASA POWER
65,2024-02-01,213.4,7.6,25.57,16.59,17.86,NASA POWER
65,2024-03-01,239.9,6.69,24.47,15.58,18.37,NASA POWER
65,2024-04-01,120.8,4.54,23.86,14.2,14.68,NASA POWER
65,2024-05-01,149.8,5.72,24.75,15.23,18.98,NASA POWER
65,2024-06-01,533.0,9.08,28.86,18.97,17.86,NASA POWER
65,2024-07-01,694.5,8.47,28.73,18.6,16.59,NASA POWER
65,2024-08-01,560.9,7.14,25.99,16.56,9.01,NASA POWER
65,2024-09-01,583.2,7.95,27.53,17.74,9.1,NASA POWER
65,2024-10-01,181.3,0.46,16.97,8.71,18.32,NASA POWER
65,2024-11-01,231.5,0.68,19.97,10.32,9.95,NASA POWER
65,2024-12-01,159.1,-2.2,17.27,7.54,10.62,NASA POWER
66,2014-01-01,119.6,8.77,26.69,17.73,10.74,NASA POWER
66,2014-02-01,161.6,6.86,27.75,17.3,17.88,NASA POWER
66,2014-03-01,163.9,5.23,23.83,14.53,16.93,NASA POWER
66,2014-04-01,95.8,5.3,25.3,15.3,9.34,NASA POWER
66,2014-05-01,106.4,5.44,23.48,14.46,11.92,NASA POWER
66,2014-06-01,516.0,11.0,28.92,19.96,17.43,NASA POWER
66,2014-07-01,584.4,9.92,31.79,20.86,16.77,NASA POWER
66,2014-08-01,553.6,7.71,27.56,17.63,16.84,NASA POWER
66,2014-09-01,717.2,8.61,27.79,18.2,11.19,NASA POWER
66,2014-10-01,143.8,1.72,20.51,11.12,13.4,NASA POWER
66,2014-11-01,127.9,-1.21,16.72,7.75,16.61,NASA POWER
66,2014-12-01,82.8,-0.89,17.42,8.27,14.74,NASA POWER
66,2015-01-01,83.5,9.29,30.61,19.95,15.62,NASA POWER
66,2015-02-01,232.3,8.66,27.8,18.23,17.54,NASA POWER
66,2015-03-01,215.5,5.39,24.71,15.05,15.55,NASA POWER
66,2015-04-01,96.6,2.5,22.19,12.35,10.03,NASA POWER
66,2015-05-01,187.3,6.09,26.84,16.46,12.58,NASA POWER
66,2015-06-01,514.8,10.17,30.79,20.48,11.55,NASA POWER
66,2015-07-01,523.6,10.33,30.01,20.17,12.53,NASA POWER
66,2015-08-01,582.4,5.97,24.91,15.44,18.82,NASA POWER
66,2015-09-01,714.4,9.75,27.78,18.77,18.84,NASA POWER
66,2015-10-01,138.5,2.53,22.61,12.57,16.12,NASA POWER
66,2015-11-01,102.1,2.59,20.54,11.56,18.85,NASA POWER
66,2015-12-01,208.8,-3.32,15.66,6.17,17.92,NASA POWER
66,2016-01-01,106.5,5.25,24.57,14.91,18.91,NASA POWER
66,2016-02-01,154.9,9.54,27.69,18.62,13.11,NASA POWER
66,2016-03-01,165.9,5.59,23.55,14.57,19.27,NASA POWER
66,2016-04-01,142.7,6.15,25.28,15.71,18.36,NASA POWER
66,2016-05-01,199.7,5.44,26.1,15.77,13.43,NASA POWER
66,2016-06-01,685.4,10.65,28.37,19.51,15.61,NASA POWER
66,2016-07-01,670.8,9.35,28.28,18.82,13.43,NASA POWER
66,2016-08-01,650.4,9.06,28.97,19.02,13.95,NASA POWER
66,2016-09-01,620.4,10.19,29.07,19.63,13.32,NASA POWER
66,2016-10-01,82.3,0.04,17.72,8.88,13.12,NASA POWER
66,2016-11-01,119.9,-1.4,16.83,7.71,16.85,NASA POWER
66,2016-12-01,179.9,-1.04,18.86,8.91,16.49,NASA POWER
66,2017-01-01,93.4,8.75,27.88,18.31,15.58,NASA POWER
66,2017-02-01,103.2,5.04,26.0,15.52,16.75,NASA POWER
66,2017-03-01,170.8,6.23,24.87,15.55,14.3,NASA POWER
66,2017-04-01,110.9,3.75,24.7,14.22,18.11,NASA POWER
66,2017-05-01,108.0,7.18,26.57,16.88,19.3,NASA POWER
66,2017-06-01,703.1,5.48,24.21,14.85,14.02,NASA POWER
66,2017-07-01,615.5,10.68,30.14,20.41,15.39,NASA POWER
66,2017-08-01,574.5,10.03,29.73,19.88,12.09,NASA POWER
66,2017-09-01,699.0,8.83,29.71,19.27,15.64,NASA POWER
66,2017-10-01,172.9,-0.06,17.97,8.96,12.34,NASA POWER
66,2017-11-01,103.3,0.57,19.18,9.88,13.73,NASA POWER
66,2017-12-01,208.9,-2.64,18.03,7.7,15.16,NASA POWER
66,2018-01-01,222.4,11.6,28.49,20.04,14.4,NASA POWER
66,2018-02-01,121.1,5.86,25.46,15.66,14.76,NASA POWER
66,2018-03-01,219.6,5.11,24.16,14.63,13.5,NASA POWER
66,2018-04-01,146.4,3.84,22.71,13.28,13.58,NASA POWER
66,2018-05-01,113.7,2.79,22.94,12.87,12.76,NASA POWER
66,2018-06-01,601.6,8.28,27.4,17.84,18.21,NASA POWER
66,2018-07-01,559.6,9.43,26.71,18.07,13.48,NASA POWER
66,2018-08-01,698.0,8.73,29.43,19.08,18.52,NASA POWER
66,2018-09-01,513.4,11.29,31.42,21.36,17.86,NASA POWER
66,2018-10-01,110.4,-0.43,19.09,9.33,13.12,NASA POWER
66,2018-11-01,104.4,1.93,20.45,11.19,14.89,NASA POWER
66,2018-12-01,111.6,-1.13,17.97,8.42,14.72,NASA POWER
66,2019-01-01,233.6,4.88,24.56,14.72,17.52,NASA POWER
66,2019-02-01,200.8,10.23,28.55,19.39,13.72,NASA POWER
66,2019-03-01,124.0,6.83,28.31,17.57,18.9,NASA POWER
66,2019-04-01,238.7,6.61,24.69,15.65,17.34,NASA POWER
66,2019-05-01,182.9,2.96,23.05,13.01,10.05,NASA POWER
66,2019-06-01,655.3,11.36,29.97,20.66,10.44,NASA POWER
66,2019-07-01,648.4,7.1,24.59,15.84,11.43,NASA POWER
66,2019-08-01,656.6,8.77,26.93,17.85,18.64,NASA POWER
66,2019-09-01,751.1,8.54,27.35,17.95,18.47,NASA POWER
66,2019-10-01,186.2,1.29,17.93,9.61,18.02,NASA POWER
66,2019-11-01,114.2,2.41,20.91,11.66,16.73,NASA POWER
66,2019-12-01,107.7,-1.72,18.81,8.54,15.52,NASA POWER
66,2020-01-01,124.0,10.53,29.73,20.13,9.42,NASA POWER
66,2020-02-01,103.1,7.11,25.63,16.37,15.56,NASA POWER
66,2020-03-01,218.9,7.51,25.32,16.41,11.7,NASA POWER
66,2020-04-01,111.4,6.35,25.86,16.11,15.7,NASA POWER
66,2020-05-01,80.4,3.26,22.15,12.7,14.89,NASA POWER
66,2020-06-01,715.5,6.98,25.87,16.43,18.54,NASA POWER
66,2020-07-01,522.3,10.68,28.02,19.35,16.1,NASA POWER
66,2020-08-01,598.1,7.89,27.22,17.55,9.44,NASA POWER
66,2020-09-01,644.0,9.26,29.17,19.21,19.45,NASA POWER
66,2020-10-01,145.5,-0.02,20.25,10.12,16.38,NASA POWER
66,2020-11-01,90.2,-0.17,20.61,10.22,15.89,NASA POWER
66,2020-12-01,234.3,0.17,17.43,8.8,13.09,NASA POWER
66,2021-01-01,153.7,7.2,26.09,16.64,9.59,NASA POWER
66,2021-02-01,132.8,8.12,27.65,17.88,10.3,NASA POWER
66,2021-03-01,83.0,6.08,26.71,16.39,11.37,NASA POWER
66,2021-04-01,178.5,7.17,26.81,16.99,15.27,NASA POWER
66,2021-05-01,93.4,3.95,22.62,13.29,14.2,NASA POWER
66,2021-06-01,745.9,6.26,27.96,17.11,9.87,NASA POWER
66,2021-07-01,714.4,7.27,27.43,17.35,12.26,NASA POWER
66,2021-08-01,572.6,8.13,24.6,16.37,17.77,NASA POWER
66,2021-09-01,581.1,8.0,24.65,16.32,12.86,NASA POWER
66,2021-10-01,237.5,-0.1,16.88,8.39,13.22,NASA POWER
66,2021-11-01,212.1,1.41,19.47,10.44,18.4,NASA POWER
66,2021-12-01,111.5,-3.94,15.82,5.94,15.94,NASA POWER
66,2022-01-01,191.8,8.38,28.11,18.25,19.39,NASA POWER
66,2022-02-01,176.4,4.78,24.43,14.61,16.02,NASA POWER
66,2022-03-01,162.0,9.91,27.4,18.66,13.97,NASA POWER
66,2022-04-01,137.3,5.23,24.36,14.79,15.47,NASA POWER
66,2022-05-01,181.4,5.64,24.44,15.04,18.9,NASA POWER
66,2022-06-01,691.3,11.52,29.68,20.6,16.45,NASA POWER
66,2022-07-01,753.2,10.34,28.02,19.18,10.67,NASA POWER
66,2022-08-01,606.0,9.95,28.69,19.32,17.89,NASA POWER
66,2022-09-01,703.3,11.13,29.73,20.43,17.76,NASA POWER
66,2022-10-01,184.2,-0.56,18.26,8.85,13.18,NASA POWER
66,2022-11-01,189.8,0.26,21.69,10.98,12.18,NASA POWER
66,2022-12-01,122.6,0.07,19.09,9.58,19.57,NASA POWER
66,2023-01-01,210.3,8.6,25.29,16.95,14.07,NASA POWER
66,2023-02-01,162.2,5.54,27.22,16.38,14.62,NASA POWER
66,2023-03-01,101.3,4.87,25.05,14.96,19.39,NASA POWER
66,2023-04-01,174.7,3.33,20.91,12.12,11.19,NASA POWER
66,2023-05-01,230.5,3.74,23.96,13.85,11.73,NASA POWER
66,2023-06-01,759.3,10.41,29.54,19.98,12.59,NASA POWER
66,2023-07-01,542.7,7.75,28.03,17.89,12.59,NASA POWER
66,2023-08-01,607.6,5.26,26.73,16.0,16.83,NASA POWER
66,2023-09-01,513.6,10.55,29.16,19.86,12.25,NASA POWER
66,2023-10-01,181.4,2.68,19.16,10.92,10.17,NASA POWER
66,2023-11-01,234.8,0.82,19.78,10.3,12.92,NASA POWER
66,2023-12-01,182.8,-4.17,16.49,6.16,16.81,NASA POWER
66,2024-01-01,231.2,5.69,24.77,15.23,10.31,NASA POWER
66,2024-02-01,120.3,5.8,25.73,15.77,14.51,NASA POWER
66,2024-03-01,129.0,8.47,27.52,18.0,15.9,NASA POWER
66,2024-04-01,161.4,5.55,23.92,14.74,12.98,NASA POWER
66,2024-05-01,112.6,5.42,24.26,14.84,9.3,NASA POWER
66,2024-06-01,603.8,7.56,27.61,17.59,19.74,NASA POWER
66,2024-07-01,761.7,10.39,28.96,19.68,15.77,NASA POWER
66,2024-08-01,682.0,10.1,29.47,19.79,13.8,NASA POWER
66,2024-09-01,684.5,10.92,29.58,20.25,10.02,NASA POWER
66,2024-10-01,204.5,2.93,22.77,12.85,12.37,NASA POWER
66,2024-11-01,227.8,0.38,19.4,9.89,12.94,NASA POWER
66,2024-12-01,190.3,0.35,21.01,10.68,15.32,NASA POWER
67,2014-01-01,189.5,9.6,28.09,18.84,17.31,NASA POWER
67,2014-02-01,116.2,7.17,25.52,16.34,9.05,NASA POWER
67,2014-03-01,129.3,8.39,24.69,16.54,19.79,NASA POWER
67,2014-04-01,211.2,8.97,25.85,17.41,14.96,NASA POWER
67,2014-05-01,235.6,4.64,23.74,14.19,17.31,NASA POWER
67,2014-06-01,703.9,6.98,26.5,16.74,15.11,NASA POWER
67,2014-07-01,604.7,11.84,28.66,20.25,12.1,NASA POWER
67,2014-08-01,693.6,10.64,29.56,20.1,9.72,NASA POWER
67,2014-09-01,524.3,7.86,24.93,16.39,17.51,NASA POWER
67,2014-10-01,178.0,-0.5,19.94,9.72,14.77,NASA POWER
67,2014-11-01,87.9,-0.31,16.47,8.08,10.71,NASA POWER
67,2014-12-01,225.7,0.88,18.29,9.58,11.71,NASA POWER
67,2015-01-01,137.9,7.19,25.64,16.41,15.57,NASA POWER
67,2015-02-01,227.5,7.34,24.49,15.91,9.51,NASA POWER
67,2015-03-01,103.0,6.33,24.6,15.46,18.61,NASA POWER
67,2015-04-01,143.0,5.87,22.6,14.24,10.61,NASA POWER
67,2015-05-01,128.2,6.39,24.93,15.66,19.16,NASA POWER
67,2015-06-01,751.4,5.91,26.87,16.39,12.37,NASA POWER
67,2015-07-01,708.2,6.67,26.77,16.72,9.02,NASA POWER
67,2015-08-01,554.5,6.32,27.22,16.77,10.16,NASA POWER
67,2015-09-01,565.6,11.06,30.69,20.88,10.68,NASA POWER
67,2015-10-01,181.0,-0.72,18.2,8.74,13.88,NASA POWER
67,2015-11-01,110.5,1.78,19.26,10.52,16.78,NASA POWER
67,2015-12-01,127.1,-4.4,15.3,5.45,9.21,NASA POWER
67,2016-01-01,197.6,6.77,25.8,16.29,9.67,NASA POWER
67,2016-02-01,203.3,9.08,28.95,19.02,17.22,NASA POWER
67,2016-03-01,80.1,4.42,25.39,14.91,12.42,NASA POWER
67,2016-04-01,221.2,6.69,24.78,15.74,9.29,NASA POWER
67,2016-05-01,151.1,3.39,22.46,12.93,9.48,NASA POWER
67,2016-06-01,695.2,7.0,27.06,17.03,14.56,NASA POWER
67,2016-07-01,708.8,8.63,29.1,18.87,14.48,NASA POWER
67,2016-08-01,661.7,6.97,24.66,15.81,17.29,NASA POWER
67,2016-09-01,528.6,10.11,30.67,20.39,10.71,NASA POWER
67,2016-10-01,204.8,0.32,18.65,9.48,9.05,NASA POWER
67,2016-11-01,216.7,-0.71,19.4,9.34,17.03,NASA POWER
67,2016-12-01,187.5,2.42,19.48,10.95,15.79,NASA POWER
67,2017-01-01,196.1,6.76,23.37,15.07,9.84,NASA POWER
67,2017-02-01,114.5,7.0,25.53,16.27,9.38,NASA POWER
67,2017-03-01,103.8,8.59,26.1,17.34,14.78,NASA POWER
67,2017-04-01,227.3,5.42,22.05,13.73,16.78,NASA POWER
67,2017-05-01,178.8,3.19,23.42,13.31,18.15,NASA POWER
67,2017-06-01,643.3,11.04,29.08,20.06,19.58,NASA POWER
67,2017-07-01,637.8,11.1,28.67,19.89,17.33,NASA POWER
67,2017-08-01,514.6,6.92,26.92,16.92,18.3,NASA POWER
67,2017-09-01,742.1,9.61,28.56,19.09,12.33,NASA POWER
67,2017-10-01,147.1,1.5,20.7,11.1,18.78,NASA POWER
67,2017-11-01,126.3,-1.71,19.15,8.72,13.09,NASA POWER
67,2017-12-01,187.6,0.07,20.44,10.26,17.83,NASA POWER
67,2018-01-01,108.4,9.61,28.72,19.16,14.0,NASA POWER
67,2018-02-01,207.5,5.07,26.44,15.76,11.0,NASA POWER
67,2018-03-01,125.0,5.16,23.83,14.49,17.93,NASA POWER
67,2018-04-01,140.4,5.68,25.18,15.43,16.0,NASA POWER
67,2018-05-01,187.6,4.71,22.85,13.78,11.98,NASA POWER
67,2018-06-01,635.3,9.74,27.41,18.57,14.86,NASA POWER
67,2018-07-01,533.5,9.53,30.11,19.82,17.92,NASA POWER
67,2018-08-01,655.3,10.54,29.62,20.08,13.56,NASA POWER
67,2018-09-01,586.3,6.99,26.95,16.97,19.14,NASA POWER
67,2018-10-01,164.7,-0.59,20.68,10.04,19.67,NASA POWER
67,2018-11-01,218.6,2.79,22.28,12.54,18.27,NASA POWER
67,2018-12-01,119.7,-1.33,15.16,6.92,16.41,NASA POWER
67,2019-01-01,227.9,6.93,25.72,16.32,16.87,NASA POWER
67,2019-02-01,117.1,7.39,28.61,18.0,16.62,NASA POWER
67,2019-03-01,103.4,7.19,25.25,16.22,14.56,NASA POWER
67,2019-04-01,146.0,5.74,24.14,14.94,17.73,NASA POWER
67,2019-05-01,234.1,7.97,26.02,17.0,12.94,NASA POWER
67,2019-06-01,749.2,9.94,30.01,19.98,11.54,NASA POWER
67,2019-07-01,517.7,10.64,28.96,19.8,18.39,NASA POWER
67,2019-08-01,619.2,7.91,26.82,17.37,16.74,NASA POWER
67,2019-09-01,641.0,8.65,28.53,18.59,16.54,NASA POWER
67,2019-10-01,164.8,1.46,20.21,10.84,12.36,NASA POWER
67,2019-11-01,134.8,2.04,19.97,11.0,15.36,NASA POWER
67,2019-12-01,85.3,-2.37,16.73,7.18,17.57,NASA POWER
67,2020-01-01,217.7,5.67,25.02,15.34,13.2,NASA POWER
67,2020-02-01,90.5,8.09,27.39,17.74,15.99,NASA POWER
67,2020-03-01,181.1,5.88,23.27,14.57,14.76,NASA POWER
67,2020-04-01,180.1,5.96,24.38,15.17,13.78,NASA POWER
67,2020-05-01,238.5,4.58,22.83,13.7,19.41,NASA POWER
67,2020-06-01,716.9,7.59,25.73,16.66,11.64,NASA POWER
67,2020-07-01,654.2,6.51,26.02,16.27,13.03,NASA POWER
67,2020-08-01,599.7,9.24,29.46,19.35,11.24,NASA POWER
67,2020-09-01,765.6,8.54,26.57,17.55,17.3,NASA POWER
67,2020-10-01,133.6,2.38,19.92,11.15,18.41,NASA POWER
67,2020-11-01,127.7,2.43,20.13,11.28,11.87,NASA POWER
67,2020-12-01,114.6,1.18,18.93,10.05,13.38,NASA POWER
67,2021-01-01,199.7,9.58,29.31,19.45,13.01,NASA POWER
67,2021-02-01,92.6,8.06,26.98,17.52,11.76,NASA POWER
67,2021-03-01,106.1,3.87,25.33,14.6,17.77,NASA POWER
67,2021-04-01,110.5,7.2,26.39,16.8,13.48,NASA POWER
67,2021-05-01,179.0,5.15,23.72,14.43,14.99,NASA POWER
67,2021-06-01,643.5,6.68,25.22,15.95,17.81,NASA POWER
67,2021-07-01,663.1,9.58,29.24,19.41,16.56,NASA POWER
67,2021-08-01,524.5,10.05,31.24,20.64,13.22,NASA POWER
67,2021-09-01,755.3,9.4,29.5,19.45,19.6,NASA POWER
67,2021-10-01,96.4,0.46,17.84,9.15,17.72,NASA POWER
67,2021-11-01,176.9,-0.02,21.81,10.89,16.56,NASA POWER
67,2021-12-01,119.9,-0.26,20.0,9.87,12.74,NASA POWER
67,2022-01-01,139.8,11.51,29.82,20.66,15.71,NASA POWER
67,2022-02-01,214.1,6.31,24.85,15.58,15.34,NASA POWER
67,2022-03-01,233.0,6.9,24.05,15.48,14.38,NASA POWER
67,2022-04-01,180.3,4.61,25.75,15.18,17.47,NASA POWER
67,2022-05-01,106.4,4.84,22.43,13.63,15.95,NASA POWER
67,2022-06-01,749.5,11.4,29.38,20.39,17.61,NASA POWER
67,2022-07-01,561.6,6.82,26.98,16.9,18.99,NASA POWER
67,2022-08-01,595.4,8.96,28.89,18.93,13.15,NASA POWER
67,2022-09-01,663.0,10.63,28.39,19.51,12.11,NASA POWER
67,2022-10-01,132.6,-0.46,16.51,8.03,17.0,NASA POWER
67,2022-11-01,152.2,-3.46,15.49,6.02,15.63,NASA POWER
67,2022-12-01,214.4,-3.44,14.97,5.77,18.61,NASA POWER
67,2023-01-01,170.9,9.45,29.11,19.28,15.21,NASA POWER
67,2023-02-01,120.2,5.38,23.53,14.46,10.41,NASA POWER
67,2023-03-01,142.1,8.11,26.0,17.05,11.14,NASA POWER
67,2023-04-01,221.4,8.08,26.82,17.45,10.75,NASA POWER
67,2023-05-01,117.4,2.08,19.91,11.0,14.77,NASA POWER
67,2023-06-01,568.3,11.24,30.73,20.98,18.34,NASA POWER
67,2023-07-01,623.3,7.75,27.62,17.69,14.07,NASA POWER
67,2023-08-01,567.3,7.09,24.89,15.99,11.62,NASA POWER
67,2023-09-01,759.3,10.07,29.69,19.88,10.09,NASA POWER
67,2023-10-01,235.9,-1.49,20.13,9.32,13.36,NASA POWER
67,2023-11-01,144.5,0.6,19.6,10.1,19.56,NASA POWER
67,2023-12-01,99.7,-2.2,17.67,7.74,14.17,NASA POWER
67,2024-01-01,172.2,11.14,27.95,19.55,15.34,NASA POWER
67,2024-02-01,82.5,4.36,24.55,14.46,11.28,NASA POWER
67,2024-03-01,148.9,2.74,24.2,13.47,19.43,NASA POWER
67,2024-04-01,120.9,7.05,24.38,15.71,9.43,NASA POWER
67,2024-05-01,118.6,5.41,24.43,14.92,13.62,NASA POWER
67,2024-06-01,767.9,8.16,25.17,16.66,16.11,NASA POWER
67,2024-07-01,709.9,11.0,28.18,19.59,11.36,NASA POWER
67,2024-08-01,729.5,12.22,30.83,21.52,17.25,NASA POWER
67,2024-09-01,747.3,8.02,25.07,16.55,14.72,NASA POWER
67,2024-10-01,154.1,0.42,20.16,10.29,15.55,NASA POWER
67,2024-11-01,200.9,0.85,21.64,11.25,12.75,NASA POWER
67,2024-12-01,219.7,2.36,20.81,11.58,12.8,NASA POWER
68,2014-01-01,214.9,9.44,26.92,18.18,18.27,NASA POWER
68,2014-02-01,208.1,10.01,28.92,19.46,15.61,NASA POWER
68,2014-03-01,151.4,6.9,27.36,17.13,19.41,NASA POWER
68,2014-04-01,188.1,4.07,24.55,14.31,16.85,NASA POWER
68,2014-05-01,135.0,4.02,20.82,12.42,19.44,NASA POWER
68,2014-06-01,537.9,11.95,28.74,20.34,15.31,NASA POWER
68,2014-07-01,666.8,10.72,29.58,20.15,16.03,NASA POWER
68,2014-08-01,522.7,6.86,24.65,15.75,13.9,NASA POWER
68,2014-09-01,733.3,8.47,27.41,17.94,15.54,NASA POWER
68,2014-10-01,127.3,-1.41,18.17,8.38,18.14,NASA POWER
68,2014-11-01,96.4,1.87,21.17,11.52,15.04,NASA POWER
68,2014-12-01,158.5,-0.97,17.48,8.26,9.68,NASA POWER
68,2015-01-01,136.6,10.33,30.8,20.57,16.71,NASA POWER
68,2015-02-01,233.3,8.61,28.73,18.67,13.01,NASA POWER
68,2015-03-01,148.2,8.94,29.18,19.06,16.21,NASA POWER
68,2015-04-01,152.7,4.41,21.74,13.07,19.28,NASA POWER
68,2015-05-01,173.6,8.09,27.55,17.82,19.79,NASA POWER
68,2015-06-01,537.0,7.79,25.32,16.55,11.31,NASA POWER
68,2015-07-01,677.5,5.67,25.48,15.57,10.81,NASA POWER
68,2015-08-01,513.4,10.11,26.87,18.49,17.1,NASA POWER
68,2015-09-01,569.6,7.56,27.61,17.59,17.61,NASA POWER
68,2015-10-01,120.7,-0.47,18.87,9.2,16.11,NASA POWER
68,2015-11-01,157.4,0.34,20.87,10.61,17.51,NASA POWER
68,2015-12-01,187.0,-3.08,14.98,5.95,11.76,NASA POWER
68,2016-01-01,198.7,7.79,26.76,17.28,13.49,NASA POWER
68,2016-02-01,176.4,9.91,28.41,19.16,12.47,NASA POWER
68,2016-03-01,97.1,5.53,24.84,15.19,17.23,NASA POWER
68,2016-04-01,186.3,8.56,25.19,16.88,13.12,NASA POWER
68,2016-05-01,151.1,4.34,22.07,13.21,13.8,NASA POWER
68,2016-06-01,575.0,8.28,27.25,17.77,16.19,NASA POWER
68,2016-07-01,670.4,9.9,28.61,19.25,13.42,NASA POWER
68,2016-08-01,560.3,8.42,26.46,17.44,15.94,NASA POWER
68,2016-09-01,536.9,9.01,27.4,18.2,15.31,NASA POWER
68,2016-10-01,123.8,-2.18,19.48,8.65,13.23,NASA POWER
68,2016-11-01,186.7,3.09,19.83,11.46,10.15,NASA POWER
68,2016-12-01,89.4,-0.87,18.13,8.63,11.19,NASA POWER
68,2017-01-01,132.4,9.8,29.17,19.48,12.78,NASA POWER
68,2017-02-01,141.4,5.55,24.15,14.85,10.55,NASA POWER
68,2017-03-01,214.7,9.2,26.24,17.72,14.8,NASA POWER
68,2017-04-01,139.8,3.49,22.44,12.96,9.03,NASA POWER
68,2017-05-01,127.3,4.43,24.53,14.48,15.68,NASA POWER
68,2017-06-01,700.5,6.59,26.98,16.79,14.7,NASA POWER
68,2017-07-01,567.7,7.95,24.59,16.27,10.29,NASA POWER
68,2017-08-01,580.4,10.99,27.75,19.37,11.39,NASA POWER
68,2017-09-01,742.1,11.47,29.33,20.4,18.36,NASA POWER
68,2017-10-01,137.7,2.56,21.73,12.14,9.66,NASA POWER
68,2017-11-01,213.7,-1.73,17.29,7.78,15.04,NASA POWER
68,2017-12-01,120.6,-0.86,16.53,7.84,17.14,NASA POWER
68,2018-01-01,120.9,9.65,28.82,19.23,14.99,NASA POWER
68,2018-02-01,157.1,8.78,28.27,18.52,11.43,NASA POWER
68,2018-03-01,160.1,6.85,23.68,15.27,18.47,NASA POWER
68,2018-04-01,216.3,6.45,24.06,15.25,11.96,NASA POWER
68,2018-05-01,133.2,3.71,22.75,13.23,16.94,NASA POWER
68,2018-06-01,763.0,7.46,27.51,17.48,11.72,NASA POWER
68,2018-07-01,626.7,10.13,29.64,19.89,16.0,NASA POWER
68,2018-08-01,542.6,9.73,28.27,19.0,12.17,NASA POWER
68,2018-09-01,538.6,5.65,25.58,15.61,16.57,NASA POWER
68,2018-10-01,168.8,-2.02,17.34,7.66,17.32,NASA POWER
68,2018-11-01,224.7,2.15,20.23,11.19,11.29,NASA POWER
68,2018-12-01,188.2,1.91,19.97,10.94,13.21,NASA POWER
68,2019-01-01,167.1,10.38,29.1,19.74,10.49,NASA POWER
68,2019-02-01,205.7,6.39,27.23,16.81,15.72,NASA POWER
68,2019-03-01,129.9,4.3,23.38,13.84,14.41,NASA POWER
68,2019-04-01,98.9,5.12,25.97,15.54,16.65,NASA POWER
68,2019-05-01,210.6,4.56,21.68,13.12,19.41,NASA POWER
68,2019-06-01,766.9,7.14,28.84,17.99,12.06,NASA POWER
68,2019-07-01,589.8,11.64,30.58,21.11,9.57,NASA POWER
68,2019-08-01,591.9,5.37,26.47,15.92,17.87,NASA POWER
68,2019-09-01,515.4,7.61,26.89,17.25,12.13,NASA POWER
68,2019-10-01,122.9,-0.44,17.08,8.32,9.94,NASA POWER
68,2019-11-01,141.4,-1.36,15.72,7.18,12.99,NASA POWER
68,2019-12-01,110.3,2.31,21.15,11.73,17.86,NASA POWER
68,2020-01-01,190.3,8.66,26.55,17.61,11.73,NASA POWER
68,2020-02-01,125.0,9.81,29.39,19.6,12.06,NASA POWER
68,2020-03-01,164.9,4.62,22.96,13.79,14.01,NASA POWER
68,2020-04-01,192.6,6.68,25.75,16.21,14.07,NASA POWER
68,2020-05-01,145.4,2.62,23.17,12.9,16.91,NASA POWER
68,2020-06-01,719.3,10.75,28.79,19.77,10.55,NASA POWER
68,2020-07-01,520.5,9.03,29.7,19.36,16.5,NASA POWER
68,2020-08-01,594.1,9.54,28.47,19.0,17.71,NASA POWER
68,2020-09-01,581.1,9.76,30.06,19.91,14.41,NASA POWER
68,2020-10-01,130.4,-0.19,16.17,7.99,15.61,NASA POWER
68,2020-11-01,156.7,-2.24,18.35,8.05,18.31,NASA POWER
68,2020-12-01,199.0,-2.2,17.79,7.79,19.3,NASA POWER
68,2021-01-01,131.9,6.44,25.37,15.91,15.74,NASA POWER
68,2021-02-01,101.6,8.86,27.93,18.39,18.85,NASA POWER
68,2021-03-01,132.4,5.57,24.41,14.99,19.26,NASA POWER
68,2021-04-01,225.4,3.51,21.53,12.52,18.96,NASA POWER
68,2021-05-01,235.6,3.72,21.6,12.66,14.73,NASA POWER
68,2021-06-01,646.8,10.06,27.29,18.68,18.97,NASA POWER
68,2021-07-01,647.2,9.96,31.07,20.52,16.36,NASA POWER
68,2021-08-01,680.5,8.43,25.8,17.12,17.88,NASA POWER
68,2021-09-01,629.9,7.25,26.6,16.93,16.16,NASA POWER
68,2021-10-01,142.4,-1.06,17.01,7.98,11.11,NASA POWER
68,2021-11-01,161.8,-1.26,18.08,8.41,18.18,NASA POWER
68,2021-12-01,190.8,-0.19,21.06,10.43,17.63,NASA POWER
68,2022-01-01,225.7,8.85,26.61,17.73,16.05,NASA POWER
68,2022-02-01,177.6,4.38,23.67,14.03,19.55,NASA POWER
68,2022-03-01,161.6,4.07,22.1,13.09,11.0,NASA POWER
68,2022-04-01,227.2,4.16,24.82,14.49,18.59,NASA POWER
68,2022-05-01,224.3,5.65,23.75,14.7,18.17,NASA POWER
68,2022-06-01,646.5,8.0,27.16,17.58,14.77,NASA POWER
68,2022-07-01,676.1,6.36,26.85,16.61,11.66,NASA POWER
68,2022-08-01,516.9,10.32,28.69,19.51,12.82,NASA POWER
68,2022-09-01,571.6,10.28,28.98,19.63,18.02,NASA POWER
68,2022-10-01,95.4,-1.11,19.45,9.17,16.26,NASA POWER
68,2022-11-01,232.0,1.11,19.57,10.34,13.37,NASA POWER
68,2022-12-01,158.6,-3.98,15.73,5.88,10.6,NASA POWER
68,2023-01-01,95.6,11.17,29.34,20.25,10.84,NASA POWER
68,2023-02-01,81.8,7.34,25.62,16.48,13.99,NASA POWER
68,2023-03-01,155.5,5.26,23.39,14.32,12.02,NASA POWER
68,2023-04-01,119.2,8.97,28.31,18.64,18.52,NASA POWER
68,2023-05-01,207.7,4.39,24.23,14.31,11.65,NASA POWER
68,2023-06-01,610.1,9.02,28.97,18.99,10.67,NASA POWER
68,2023-07-01,529.9,7.99,24.93,16.46,15.23,NASA POWER
68,2023-08-01,738.2,11.01,31.0,21.0,16.09,NASA POWER
68,2023-09-01,549.6,7.15,28.16,17.66,15.5,NASA POWER
68,2023-10-01,197.0,0.9,17.63,9.26,11.71,NASA POWER
68,2023-11-01,178.9,1.26,18.38,9.82,17.7,NASA POWER
68,2023-12-01,211.4,1.87,19.83,10.85,11.51,NASA POWER
68,2024-01-01,154.6,11.11,27.6,19.36,9.66,NASA POWER
68,2024-02-01,129.8,9.77,28.72,19.24,10.32,NASA POWER
68,2024-03-01,215.8,6.87,25.42,16.14,14.01,NASA POWER
68,2024-04-01,202.7,4.85,24.97,14.91,13.06,NASA POWER
68,2024-05-01,214.9,4.63,22.72,13.67,9.61,NASA POWER
68,2024-06-01,665.5,8.45,25.78,17.12,12.7,NASA POWER
68,2024-07-01,567.2,7.44,25.5,16.47,11.39,NASA POWER
68,2024-08-01,716.4,8.65,26.1,17.38,13.06,NASA POWER
68,2024-09-01,625.8,10.34,30.43,20.38,15.06,NASA POWER
68,2024-10-01,176.0,1.73,20.74,11.23,9.3,NASA POWER
68,2024-11-01,118.4,2.7,19.71,11.21,14.96,NASA POWER
68,2024-12-01,143.3,-2.53,16.22,6.84,13.54,NASA POWER
69,2014-01-01,210.0,10.66,29.66,20.16,12.72,NASA POWER
69,2014-02-01,199.1,6.22,25.47,15.84,14.75,NASA POWER
69,2014-03-01,187.4,7.2,27.29,17.25,19.03,NASA POWER
69,2014-04-01,116.0,6.94,27.33,17.13,12.76,NASA POWER
69,2014-05-01,122.0,7.47,24.34,15.9,13.71,NASA POWER
69,2014-06-01,525.9,11.17,29.98,20.57,13.89,NASA POWER
69,2014-07-01,578.6,10.55,29.54,20.05,15.29,NASA POWER
69,2014-08-01,590.9,8.21,27.6,17.91,12.53,NASA POWER
69,2014-09-01,677.6,11.85,30.03,20.94,10.12,NASA POWER
69,2014-10-01,209.2,3.01,22.23,12.62,17.1,NASA POWER
69,2014-11-01,149.3,1.51,18.24,9.88,18.92,NASA POWER
69,2014-12-01,237.1,-0.52,18.18,8.83,18.57,NASA POWER
69,2015-01-01,123.0,5.52,25.8,15.66,16.38,NASA POWER
69,2015-02-01,176.2,8.77,27.68,18.23,19.11,NASA POWER
69,2015-03-01,199.0,5.71,25.99,15.85,16.51,NASA POWER
69,2015-04-01,217.9,4.77,25.55,15.16,9.68,NASA POWER
69,2015-05-01,127.0,4.67,21.78,13.23,10.77,NASA POWER
69,2015-06-01,723.1,8.43,27.9,18.16,19.38,NASA POWER
69,2015-07-01,519.8,6.21,26.44,16.32,9.38,NASA POWER
69,2015-08-01,745.9,8.97,29.75,19.36,12.0,NASA POWER
69,2015-09-01,525.1,8.91,28.08,18.49,15.72,NASA POWER
69,2015-10-01,108.8,-1.66,16.86,7.6,19.14,NASA POWER
69,2015-11-01,104.8,-0.42,17.7,8.64,18.08,NASA POWER
69,2015-12-01,202.8,1.6,20.33,10.96,9.02,NASA POWER
69,2016-01-01,164.4,8.63,28.26,18.45,18.76,NASA POWER
69,2016-02-01,194.0,4.59,24.76,14.68,19.53,NASA POWER
69,2016-03-01,160.7,5.55,23.67,14.61,12.01,NASA POWER
69,2016-04-01,83.4,6.83,27.01,16.92,15.65,NASA POWER
69,2016-05-01,85.5,6.6,25.79,16.2,14.51,NASA POWER
69,2016-06-01,625.2,10.64,30.01,20.33,15.44,NASA POWER
69,2016-07-01,656.2,7.9,27.49,17.7,9.81,NASA POWER
69,2016-08-01,588.6,8.02,26.31,17.16,18.87,NASA POWER
69,2016-09-01,581.8,11.02,31.22,21.12,15.26,NASA POWER
69,2016-10-01,165.3,1.29,20.06,10.67,18.98,NASA POWER
69,2016-11-01,194.2,2.15,19.48,10.81,19.27,NASA POWER
69,2016-12-01,218.0,0.93,19.43,10.18,18.85,NASA POWER
69,2017-01-01,219.1,9.78,27.52,18.65,18.41,NASA POWER
69,2017-02-01,144.0,5.51,25.05,15.28,17.83,NASA POWER
69,2017-03-01,82.6,7.55,26.04,16.79,13.83,NASA POWER
69,2017-04-01,142.6,5.48,25.81,15.64,10.1,NASA POWER
69,2017-05-01,187.5,2.85,22.09,12.47,19.51,NASA POWER
69,2017-06-01,618.2,10.84,30.49,20.66,17.81,NASA POWER
69,2017-07-01,656.4,6.31,26.26,16.29,9.52,NASA POWER
69,2017-08-01,752.6,7.83,27.09,17.46,12.98,NASA POWER
69,2017-09-01,727.7,10.06,31.33,20.7,14.06,NASA POWER
69,2017-10-01,193.2,2.63,20.98,11.8,18.57,NASA POWER
69,2017-11-01,138.4,-2.13,16.58,7.22,9.91,NASA POWER
69,2017-12-01,197.3,1.55,18.71,10.13,18.22,NASA POWER
69,2018-01-01,91.2,8.63,29.97,19.3,15.89,NASA POWER
69,2018-02-01,152.5,6.04,25.16,15.6,18.42,NASA POWER
69,2018-03-01,163.3,7.68,26.44,17.06,10.36,NASA POWER
69,2018-04-01,225.0,6.43,26.38,16.41,10.27,NASA POWER
69,2018-05-01,208.3,5.89,25.81,15.85,9.42,NASA POWER
69,2018-06-01,701.7,8.13,27.88,18.0,18.98,NASA POWER
69,2018-07-01,662.5,7.99,24.88,16.43,10.87,NASA POWER
69,2018-08-01,540.0,8.71,27.8,18.26,10.24,NASA POWER
69,2018-09-01,718.3,11.21,31.7,21.45,19.59,NASA POWER
69,2018-10-01,239.3,0.96,20.65,10.8,14.5,NASA POWER
69,2018-11-01,199.9,-1.3,17.83,8.26,17.8,NASA POWER
69,2018-12-01,136.3,1.03,20.56,10.79,12.49,NASA POWER
69,2019-01-01,230.4,6.19,26.52,16.36,15.29,NASA POWER
69,2019-02-01,232.4,3.96,22.99,13.47,10.33,NASA POWER
69,2019-03-01,131.9,3.99,23.44,13.71,12.81,NASA POWER
69,2019-04-01,185.5,4.98,23.54,14.26,17.44,NASA POWER
69,2019-05-01,97.0,5.28,23.75,14.52,15.71,NASA POWER
69,2019-06-01,751.0,7.47,28.53,18.0,18.59,NASA POWER
69,2019-07-01,689.2,6.95,25.45,16.2,18.09,NASA POWER
69,2019-08-01,700.4,11.3,28.65,19.98,9.99,NASA POWER
69,2019-09-01,671.8,10.71,31.53,21.12,13.38,NASA POWER
69,2019-10-01,161.2,1.09,20.36,10.72,11.0,NASA POWER
69,2019-11-01,213.8,-2.44,19.09,8.32,15.52,NASA POWER
69,2019-12-01,123.6,1.78,19.04,10.41,9.91,NASA POWER
69,2020-01-01,85.9,8.07,29.09,18.58,13.81,NASA POWER
69,2020-02-01,228.8,7.3,27.23,17.27,13.05,NASA POWER
69,2020-03-01,108.1,4.94,25.44,15.19,12.65,NASA POWER
69,2020-04-01,108.4,2.54,22.82,12.68,19.46,NASA POWER
69,2020-05-01,128.7,7.21,24.83,16.02,14.51,NASA POWER
69,2020-06-01,558.3,7.85,27.16,17.5,15.42,NASA POWER
69,2020-07-01,620.2,7.69,26.91,17.3,11.9,NASA POWER
69,2020-08-01,759.9,7.36,27.45,17.41,13.06,NASA POWER
69,2020-09-01,648.2,10.99,29.14,20.07,14.58,NASA POWER
69,2020-10-01,152.7,-1.41,17.66,8.12,10.8,NASA POWER
69,2020-11-01,199.1,1.23,21.94,11.59,11.65,NASA POWER
69,2020-12-01,196.0,-4.3,16.0,5.85,11.49,NASA POWER
69,2021-01-01,185.9,9.43,28.47,18.95,18.8,NASA POWER
69,2021-02-01,215.5,10.12,27.37,18.75,12.52,NASA POWER
69,2021-03-01,166.8,5.6,24.54,15.07,16.85,NASA POWER
69,2021-04-01,203.1,7.39,27.62,17.5,14.87,NASA POWER
69,2021-05-01,92.3,7.63,27.26,17.45,18.0,NASA POWER
69,2021-06-01,701.5,9.48,26.11,17.8,11.41,NASA POWER
69,2021-07-01,728.7,8.71,29.25,18.98,16.21,NASA POWER
69,2021-08-01,515.5,8.27,27.34,17.8,13.94,NASA POWER
69,2021-09-01,555.3,11.68,30.74,21.21,13.69,NASA POWER
69,2021-10-01,80.7,1.34,20.16,10.75,12.58,NASA POWER
69,2021-11-01,116.2,1.07,20.55,10.81,10.46,NASA POWER
69,2021-12-01,172.1,0.24,16.8,8.52,14.79,NASA POWER
69,2022-01-01,165.2,9.59,28.57,19.08,13.57,NASA POWER
69,2022-02-01,206.9,5.38,26.11,15.74,16.64,NASA POWER
69,2022-03-01,233.2,9.25,28.12,18.69,18.49,NASA POWER
69,2022-04-01,231.4,3.88,21.98,12.93,12.34,NASA POWER
69,2022-05-01,220.4,1.26,22.32,11.79,11.5,NASA POWER
69,2022-06-01,734.1,6.28,24.93,15.61,9.77,NASA POWER
69,2022-07-01,645.4,8.74,30.21,19.48,9.06,NASA POWER
69,2022-08-01,514.2,8.46,26.48,17.47,19.39,NASA POWER
69,2022-09-01,545.1,8.0,27.88,17.94,16.87,NASA POWER
69,2022-10-01,144.3,-1.16,18.48,8.66,13.97,NASA POWER
69,2022-11-01,136.4,1.55,17.57,9.56,14.94,NASA POWER
69,2022-12-01,137.3,-0.36,18.81,9.22,16.15,NASA POWER
69,2023-01-01,97.7,4.56,24.79,14.67,15.1,NASA POWER
69,2023-02-01,229.1,6.17,23.65,14.91,14.55,NASA POWER
69,2023-03-01,95.7,6.57,27.93,17.25,18.47,NASA POWER
69,2023-04-01,202.3,2.71,22.73,12.72,19.56,NASA POWER
69,2023-05-01,186.5,4.98,24.91,14.95,11.4,NASA POWER
69,2023-06-01,662.7,10.51,27.85,19.18,9.55,NASA POWER
69,2023-07-01,756.3,7.12,25.2,16.16,18.23,NASA POWER
69,2023-08-01,735.1,9.49,26.7,18.09,13.52,NASA POWER
69,2023-09-01,690.0,7.47,26.42,16.95,15.86,NASA POWER
69,2023-10-01,117.9,-1.42,18.49,8.54,12.49,NASA POWER
69,2023-11-01,229.4,-0.25,17.77,8.76,14.81,NASA POWER
69,2023-12-01,222.7,-3.03,14.35,5.66,18.44,NASA POWER
69,2024-01-01,232.8,7.5,25.4,16.45,11.19,NASA POWER
69,2024-02-01,87.7,8.3,26.76,17.53,18.57,NASA POWER
69,2024-03-01,227.5,3.47,24.0,13.73,15.23,NASA POWER
69,2024-04-01,228.0,6.26,23.9,15.08,14.14,NASA POWER
69,2024-05-01,130.2,6.3,22.93,14.62,18.66,NASA POWER
69,2024-06-01,754.5,11.29,29.0,20.14,11.97,NASA POWER
69,2024-07-01,733.6,10.15,27.13,18.64,9.56,NASA POWER
69,2024-08-01,537.6,9.77,29.04,19.41,10.63,NASA POWER
69,2024-09-01,761.9,9.27,28.08,18.67,13.15,NASA POWER
69,2024-10-01,105.4,0.39,21.1,10.75,19.09,NASA POWER
69,2024-11-01,189.7,-1.49,17.39,7.95,9.69,NASA POWER
69,2024-12-01,90.7,-1.4,19.82,9.21,13.2,NASA POWER
70,2014-01-01,199.5,6.17,24.5,15.34,17.79,NASA POWER
70,2014-02-01,213.0,7.42,28.83,18.12,16.11,NASA POWER
70,2014-03-01,177.1,6.73,26.42,16.58,16.01,NASA POWER
70,2014-04-01,138.2,4.8,25.26,15.03,15.11,NASA POWER
70,2014-05-01,179.2,3.15,24.26,13.71,16.65,NASA POWER
70,2014-06-01,689.1,9.35,27.08,18.21,12.6,NASA POWER
70,2014-07-01,519.9,12.35,29.65,21.0,9.42,NASA POWER
70,2014-08-01,639.2,8.12,27.46,17.79,18.25,NASA POWER
70,2014-09-01,744.3,10.25,29.96,20.11,11.85,NASA POWER
70,2014-10-01,112.0,1.75,20.66,11.21,14.82,NASA POWER
70,2014-11-01,214.8,-1.81,17.64,7.92,11.18,NASA POWER
70,2014-12-01,112.0,-3.71,17.07,6.68,12.24,NASA POWER
70,2015-01-01,232.9,9.79,27.86,18.82,11.05,NASA POWER
70,2015-02-01,90.8,8.84,27.94,18.39,15.73,NASA POWER
70,2015-03-01,83.3,7.98,27.92,17.95,14.27,NASA POWER
70,2015-04-01,177.2,3.86,23.55,13.71,9.8,NASA POWER
70,2015-05-01,98.9,5.33,22.86,14.09,16.74,NASA POWER
70,2015-06-01,537.7,10.6,29.71,20.16,14.91,NASA POWER
70,2015-07-01,654.8,8.15,25.05,16.6,11.04,NASA POWER
70,2015-08-01,546.7,8.96,27.16,18.06,16.09,NASA POWER
70,2015-09-01,590.5,9.52,28.46,18.99,17.96,NASA POWER
70,2015-10-01,189.0,1.28,20.91,11.1,9.38,NASA POWER
70,2015-11-01,183.4,-1.12,16.32,7.6,11.12,NASA POWER
70,2015-12-01,235.2,2.4,20.26,11.33,14.31,NASA POWER
70,2016-01-01,229.9,5.28,26.6,15.94,11.61,NASA POWER
70,2016-02-01,163.1,7.41,24.54,15.97,16.24,NASA POWER
70,2016-03-01,191.4,8.51,25.35,16.93,16.41,NASA POWER
70,2016-04-01,182.2,5.14,26.12,15.63,16.75,NASA POWER
70,2016-05-01,224.7,3.42,22.09,12.75,12.66,NASA POWER
70,2016-06-01,565.3,9.41,27.28,18.34,16.29,NASA POWER
70,2016-07-01,513.7,7.99,26.94,17.46,14.46,NASA POWER
70,2016-08-01,666.6,7.95,28.55,18.25,14.64,NASA POWER
70,2016-09-01,655.5,7.05,25.7,16.38,17.93,NASA POWER
70,2016-10-01,112.6,3.38,21.87,12.62,19.33,NASA POWER
70,2016-11-01,161.9,3.35,22.1,12.73,18.03,NASA POWER
70,2016-12-01,195.4,-0.52,18.98,9.23,13.87,NASA POWER
70,2017-01-01,156.9,10.74,30.39,20.57,19.74,NASA POWER
70,2017-02-01,230.0,4.07,24.25,14.16,17.89,NASA POWER
70,2017-03-01,148.0,8.29,28.58,18.43,11.85,NASA POWER
70,2017-04-01,199.1,5.87,22.69,14.28,11.49,NASA POWER
70,2017-05-01,167.7,4.92,25.68,15.3,18.92,NASA POWER
70,2017-06-01,696.5,9.83,29.47,19.65,17.38,NASA POWER
70,2017-07-01,748.4,8.8,28.96,18.88,17.92,NASA POWER
70,2017-08-01,733.3,7.45,24.89,16.17,17.4,NASA POWER
70,2017-09-01,683.8,9.64,27.85,18.75,17.11,NASA POWER
70,2017-10-01,150.0,1.17,21.61,11.39,10.37,NASA POWER
70,2017-11-01,92.9,3.3,21.76,12.53,13.43,NASA POWER
70,2017-12-01,116.3,1.1,20.23,10.67,9.23,NASA POWER
70,2018-01-01,233.0,7.0,25.52,16.26,11.57,NASA POWER
70,2018-02-01,214.9,7.45,26.74,17.09,12.0,NASA POWER
70,2018-03-01,85.4,6.25,23.33,14.79,18.67,NASA POWER
70,2018-04-01,112.2,7.69,26.9,17.29,13.86,NASA POWER
70,2018-05-01,194.4,2.69,21.5,12.1,16.26,NASA POWER
70,2018-06-01,678.3,10.75,31.39,21.07,19.13,NASA POWER
70,2018-07-01,735.3,11.76,29.15,20.45,11.92,NASA POWER
70,2018-08-01,628.9,6.55,28.45,17.5,13.67,NASA POWER
70,2018-09-01,530.0,8.45,27.4,17.92,10.36,NASA POWER
70,2018-10-01,83.5,2.43,19.98,11.21,12.72,NASA POWER
70,2018-11-01,93.0,1.54,20.97,11.25,12.73,NASA POWER
70,2018-12-01,185.0,-2.29,14.91,6.31,18.59,NASA POWER
70,2019-01-01,119.1,11.21,27.89,19.55,16.23,NASA POWER
70,2019-02-01,168.8,6.59,25.44,16.02,11.27,NASA POWER
70,2019-03-01,132.0,6.54,26.12,16.33,13.1,NASA POWER
70,2019-04-01,95.5,6.06,24.92,15.49,9.95,NASA POWER
70,2019-05-01,85.0,1.33,20.8,11.07,16.71,NASA POWER
70,2019-06-01,570.9,11.21,29.01,20.11,15.63,NASA POWER
70,2019-07-01,682.1,9.44,27.7,18.57,19.75,NASA POWER
70,2019-08-01,666.7,9.46,26.88,18.17,19.06,NASA POWER
70,2019-09-01,517.1,10.79,28.98,19.88,19.43,NASA POWER
70,2019-10-01,163.9,0.2,19.51,9.86,14.03,NASA POWER
70,2019-11-01,155.1,0.65,18.83,9.74,14.22,NASA POWER
70,2019-12-01,171.8,-1.26,17.47,8.1,9.02,NASA POWER
70,2020-01-01,81.1,7.74,29.31,18.52,12.63,NASA POWER
70,2020-02-01,110.9,8.25,28.16,18.2,13.12,NASA POWER
70,2020-03-01,217.4,7.8,27.5,17.65,19.03,NASA POWER
70,2020-04-01,239.7,5.61,22.62,14.12,15.63,NASA POWER
70,2020-05-01,137.1,5.26,24.59,14.93,10.7,NASA POWER
70,2020-06-01,590.2,10.25,27.69,18.97,9.37,NASA POWER
70,2020-07-01,531.3,9.48,30.37,19.93,17.6,NASA POWER
70,2020-08-01,679.8,8.66,28.94,18.8,19.15,NASA POWER
70,2020-09-01,599.3,9.38,29.02,19.2,16.3,NASA POWER
70,2020-10-01,144.7,-0.66,17.38,8.36,17.5,NASA POWER
70,2020-11-01,173.6,0.67,19.53,10.1,16.86,NASA POWER
70,2020-12-01,120.6,0.6,20.13,10.37,17.4,NASA POWER
70,2021-01-01,238.0,8.58,27.75,18.16,13.91,NASA POWER
70,2021-02-01,125.0,6.83,26.55,16.69,13.01,NASA POWER
70,2021-03-01,173.2,8.87,26.65,17.76,12.27,NASA POWER
70,2021-04-01,168.7,7.71,25.75,16.73,15.0,NASA POWER
70,2021-05-01,93.3,3.38,23.37,13.38,14.66,NASA POWER
70,2021-06-01,652.8,6.53,24.71,15.62,17.1,NASA POWER
70,2021-07-01,685.5,9.95,27.97,18.96,16.79,NASA POWER
70,2021-08-01,671.6,7.61,28.49,18.05,10.09,NASA POWER
70,2021-09-01,655.9,10.99,31.25,21.12,16.62,NASA POWER
70,2021-10-01,233.6,1.71,21.24,11.47,10.84,NASA POWER
70,2021-11-01,230.5,0.14,17.56,8.85,9.35,NASA POWER
70,2021-12-01,147.2,0.72,20.59,10.65,13.24,NASA POWER
70,2022-01-01,137.0,7.44,24.3,15.87,10.93,NASA POWER
70,2022-02-01,167.9,8.21,27.01,17.61,19.06,NASA POWER
70,2022-03-01,217.0,8.19,27.35,17.77,15.25,NASA POWER
70,2022-04-01,232.3,5.53,25.02,15.28,11.75,NASA POWER
70,2022-05-01,127.8,3.41,21.07,12.24,10.02,NASA POWER
70,2022-06-01,513.0,10.83,28.37,19.6,19.1,NASA POWER
70,2022-07-01,666.7,7.58,26.2,16.89,19.01,NASA POWER
70,2022-08-01,737.2,7.21,25.63,16.42,17.68,NASA POWER
70,2022-09-01,735.0,8.27,28.03,18.15,13.34,NASA POWER
70,2022-10-01,208.4,2.66,21.69,12.18,19.44,NASA POWER
70,2022-11-01,89.9,-1.56,17.47,7.95,9.23,NASA POWER
70,2022-12-01,174.9,-1.6,18.14,8.27,13.73,NASA POWER
70,2023-01-01,113.4,7.4,26.22,16.81,12.71,NASA POWER
70,2023-02-01,141.1,6.56,25.14,15.85,18.58,NASA POWER
70,2023-03-01,188.7,7.9,24.86,16.38,13.19,NASA POWER
70,2023-04-01,226.3,5.18,24.92,15.05,9.53,NASA POWER
70,2023-05-01,100.9,8.14,26.4,17.27,10.91,NASA POWER
70,2023-06-01,766.5,8.91,26.93,17.92,17.29,NASA POWER
70,2023-07-01,516.3,7.9,26.55,17.23,14.17,NASA POWER
70,2023-08-01,619.2,6.28,27.44,16.86,11.45,NASA POWER
70,2023-09-01,765.4,8.26,25.16,16.71,17.52,NASA POWER
70,2023-10-01,95.7,0.93,18.74,9.83,15.59,NASA POWER
70,2023-11-01,111.8,-0.18,19.28,9.55,10.8,NASA POWER
70,2023-12-01,91.8,-1.95,18.62,8.34,19.53,NASA POWER
70,2024-01-01,114.2,8.6,29.25,18.93,18.41,NASA POWER
70,2024-02-01,222.9,7.23,26.19,16.71,13.88,NASA POWER
70,2024-03-01,201.8,5.69,25.61,15.65,9.27,NASA POWER
70,2024-04-01,170.5,7.79,26.12,16.96,15.42,NASA POWER
70,2024-05-01,81.8,4.17,23.07,13.62,15.14,NASA POWER
70,2024-06-01,694.2,5.33,24.54,14.93,14.24,NASA POWER
70,2024-07-01,521.3,11.06,28.37,19.71,14.93,NASA POWER
70,2024-08-01,600.0,9.42,29.4,19.41,12.12,NASA POWER
70,2024-09-01,554.7,8.71,27.96,18.34,17.05,NASA POWER
70,2024-10-01,98.9,-2.35,18.55,8.1,11.92,NASA POWER
70,2024-11-01,211.6,1.73,18.6,10.17,15.11,NASA POWER
70,2024-12-01,164.5,-2.18,15.67,6.75,17.25,NASA POWER
71,2014-01-01,161.6,10.83,30.94,20.89,15.75,NASA POWER
71,2014-02-01,146.0,10.89,30.31,20.6,20.75,NASA POWER
71,2014-03-01,95.3,10.8,30.25,20.52,13.84,NASA POWER
71,2014-04-01,184.3,7.76,26.77,17.27,21.27,NASA POWER
71,2014-05-01,112.8,7.46,26.94,17.2,16.6,NASA POWER
71,2014-06-01,457.4,15.48,34.07,24.77,11.56,NASA POWER
71,2014-07-01,634.0,11.44,31.99,21.71,22.79,NASA POWER
71,2014-08-01,616.3,9.82,30.01,19.91,21.53,NASA POWER
71,2014-09-01,513.0,12.95,30.47,21.71,11.73,NASA POWER
71,2014-10-01,121.0,2.75,22.66,12.71,17.6,NASA POWER
71,2014-11-01,97.0,3.36,20.92,12.14,14.39,NASA POWER
71,2014-12-01,144.0,2.23,19.36,10.79,14.68,NASA POWER
71,2015-01-01,106.1,14.79,33.74,24.27,22.33,NASA POWER
71,2015-02-01,99.0,13.03,30.58,21.8,17.96,NASA POWER
71,2015-03-01,197.4,9.67,30.06,19.86,23.07,NASA POWER
71,2015-04-01,71.2,8.82,28.3,18.56,16.71,NASA POWER
71,2015-05-01,141.7,8.03,27.31,17.67,11.32,NASA POWER
71,2015-06-01,525.4,14.56,33.07,23.82,11.15,NASA POWER
71,2015-07-01,585.3,15.41,32.49,23.95,15.92,NASA POWER
71,2015-08-01,498.5,12.63,31.84,22.23,16.36,NASA POWER
71,2015-09-01,618.8,12.59,33.73,23.16,11.79,NASA POWER
71,2015-10-01,127.8,3.56,22.25,12.9,19.91,NASA POWER
71,2015-11-01,142.8,4.29,23.74,14.01,23.79,NASA POWER
71,2015-12-01,103.7,2.16,20.33,11.24,19.1,NASA POWER
71,2016-01-01,96.8,11.13,32.39,21.76,13.74,NASA POWER
71,2016-02-01,77.6,9.34,29.94,19.64,14.26,NASA POWER
71,2016-03-01,105.8,9.73,28.81,19.27,17.01,NASA POWER
71,2016-04-01,114.0,9.96,28.95,19.45,19.25,NASA POWER
71,2016-05-01,106.4,9.22,29.41,19.32,17.47,NASA POWER
71,2016-06-01,612.9,11.23,29.38,20.3,21.68,NASA POWER
71,2016-07-01,487.1,16.2,33.28,24.74,15.3,NASA POWER
71,2016-08-01,477.1,14.24,32.79,23.52,14.51,NASA POWER
71,2016-09-01,473.2,9.36,29.1,19.23,13.08,NASA POWER
71,2016-10-01,169.4,2.67,22.08,12.38,23.55,NASA POWER
71,2016-11-01,111.2,3.53,20.76,12.15,18.4,NASA POWER
71,2016-12-01,92.9,1.83,20.87,11.35,17.14,NASA POWER
71,2017-01-01,167.2,12.41,32.03,22.22,15.49,NASA POWER
71,2017-02-01,192.7,10.37,31.42,20.89,19.54,NASA POWER
71,2017-03-01,98.4,9.85,31.11,20.48,15.24,NASA POWER
71,2017-04-01,111.2,7.68,27.96,17.82,19.82,NASA POWER
71,2017-05-01,136.1,8.75,27.47,18.11,13.03,NASA POWER
71,2017-06-01,616.7,11.9,30.78,21.34,11.17,NASA POWER
71,2017-07-01,595.8,13.15,31.8,22.48,16.6,NASA POWER
71,2017-08-01,598.5,14.92,33.1,24.01,24.16,NASA POWER
71,2017-09-01,562.3,14.87,33.7,24.29,17.5,NASA POWER
71,2017-10-01,148.4,4.72,23.0,13.86,21.0,NASA POWER
71,2017-11-01,100.0,6.31,25.88,16.09,21.64,NASA POWER
71,2017-12-01,120.7,2.28,21.71,12.0,13.31,NASA POWER
71,2018-01-01,157.7,9.32,29.93,19.62,20.51,NASA POWER
71,2018-02-01,117.2,12.72,32.22,22.47,14.69,NASA POWER
71,2018-03-01,84.4,10.41,27.82,19.12,21.97,NASA POWER
71,2018-04-01,108.9,10.64,29.17,19.91,21.12,NASA POWER
71,2018-05-01,156.7,8.87,29.22,19.04,14.2,NASA POWER
71,2018-06-01,518.3,13.4,33.72,23.56,13.24,NASA POWER
71,2018-07-01,633.7,11.29,28.82,20.05,23.6,NASA POWER
71,2018-08-01,508.5,13.98,33.49,23.73,17.85,NASA POWER
71,2018-09-01,574.6,10.9,30.42,20.66,23.39,NASA POWER
71,2018-10-01,148.6,3.3,23.36,13.33,11.08,NASA POWER
71,2018-11-01,110.9,2.51,20.74,11.62,19.57,NASA POWER
71,2018-12-01,116.1,4.25,23.46,13.86,20.99,NASA POWER
71,2019-01-01,172.1,11.67,31.43,21.55,18.73,NASA POWER
71,2019-02-01,144.4,11.81,31.46,21.64,12.7,NASA POWER
71,2019-03-01,153.4,12.63,31.89,22.26,14.57,NASA POWER
71,2019-04-01,76.0,9.08,27.15,18.11,17.46,NASA POWER
71,2019-05-01,94.4,9.81,30.28,20.05,19.9,NASA POWER
71,2019-06-01,540.3,9.96,28.62,19.29,22.19,NASA POWER
71,2019-07-01,588.1,14.96,35.32,25.14,13.15,NASA POWER
71,2019-08-01,477.0,16.17,35.44,25.8,16.71,NASA POWER
71,2019-09-01,568.5,12.44,33.65,23.04,21.48,NASA POWER
71,2019-10-01,151.7,4.46,23.76,14.11,13.13,NASA POWER
71,2019-11-01,95.8,3.87,19.91,11.89,19.97,NASA POWER
71,2019-12-01,102.0,2.0,21.84,11.92,14.45,NASA POWER
71,2020-01-01,168.5,12.17,30.1,21.14,17.65,NASA POWER
71,2020-02-01,176.8,9.83,29.49,19.66,11.05,NASA POWER
71,2020-03-01,174.0,13.0,32.18,22.59,22.71,NASA POWER
71,2020-04-01,135.8,7.97,29.3,18.64,17.06,NASA POWER
71,2020-05-01,132.4,8.1,25.73,16.91,19.14,NASA POWER
71,2020-06-01,538.7,13.49,31.83,22.66,23.4,NASA POWER
71,2020-07-01,458.1,11.36,30.56,20.96,13.7,NASA POWER
71,2020-08-01,574.7,12.29,31.43,21.86,13.52,NASA POWER
71,2020-09-01,609.1,10.43,30.97,20.7,15.43,NASA POWER
71,2020-10-01,172.7,3.2,23.23,13.21,14.77,NASA POWER
71,2020-11-01,154.0,2.18,21.31,11.74,21.37,NASA POWER
71,2020-12-01,110.4,2.62,21.51,12.07,23.04,NASA POWER
71,2021-01-01,206.1,10.92,29.38,20.15,19.92,NASA POWER
71,2021-02-01,86.8,11.19,30.98,21.09,16.73,NASA POWER
71,2021-03-01,193.1,8.36,28.03,18.2,16.85,NASA POWER
71,2021-04-01,89.4,7.96,27.06,17.51,23.91,NASA POWER
71,2021-05-01,166.9,7.33,25.92,16.62,12.87,NASA POWER
71,2021-06-01,643.0,11.99,30.69,21.34,11.09,NASA POWER
71,2021-07-01,644.4,13.98,34.21,24.09,15.37,NASA POWER
71,2021-08-01,504.8,11.35,32.34,21.85,13.08,NASA POWER
71,2021-09-01,646.9,15.86,35.78,25.82,21.68,NASA POWER
71,2021-10-01,179.7,5.89,25.1,15.5,24.13,NASA POWER
71,2021-11-01,173.2,5.72,23.75,14.73,12.42,NASA POWER
71,2021-12-01,176.0,0.41,21.27,10.84,11.45,NASA POWER
71,2022-01-01,130.1,9.75,29.55,19.65,22.32,NASA POWER
71,2022-02-01,146.3,11.89,30.63,21.26,11.43,NASA POWER
71,2022-03-01,154.5,10.63,28.75,19.69,15.53,NASA POWER
71,2022-04-01,206.3,6.97,27.77,17.37,17.08,NASA POWER
71,2022-05-01,174.1,9.49,29.63,19.56,12.02,NASA POWER
71,2022-06-01,572.5,9.99,30.15,20.07,22.12,NASA POWER
71,2022-07-01,463.2,12.09,32.23,22.16,20.58,NASA POWER
71,2022-08-01,594.2,15.01,32.98,23.99,22.52,NASA POWER
71,2022-09-01,622.6,11.17,28.58,19.88,13.46,NASA POWER
71,2022-10-01,121.6,5.57,25.29,15.43,12.24,NASA POWER
71,2022-11-01,97.8,3.16,23.05,13.11,18.22,NASA POWER
71,2022-12-01,135.2,0.72,20.28,10.5,22.1,NASA POWER
71,2023-01-01,149.2,12.42,33.29,22.86,16.53,NASA POWER
71,2023-02-01,143.3,10.37,30.75,20.56,16.37,NASA POWER
71,2023-03-01,95.2,13.01,31.68,22.34,23.33,NASA POWER
71,2023-04-01,131.6,11.03,28.73,19.88,22.8,NASA POWER
71,2023-05-01,133.9,7.02,27.72,17.37,13.75,NASA POWER
71,2023-06-01,624.2,12.11,30.74,21.42,13.36,NASA POWER
71,2023-07-01,586.9,13.69,34.34,24.02,14.5,NASA POWER
71,2023-08-01,596.9,13.33,33.39,23.36,15.5,NASA POWER
71,2023-09-01,644.5,11.76,30.96,21.36,14.03,NASA POWER
71,2023-10-01,74.6,4.07,22.41,13.24,22.64,NASA POWER
71,2023-11-01,84.9,4.66,25.82,15.24,11.37,NASA POWER
71,2023-12-01,191.7,4.3,22.96,13.63,21.69,NASA POWER
71,2024-01-01,97.3,11.35,27.65,19.5,11.45,NASA POWER
71,2024-02-01,156.4,11.98,30.95,21.46,19.26,NASA POWER
71,2024-03-01,95.6,8.72,26.39,17.55,13.38,NASA POWER
71,2024-04-01,72.0,10.66,31.68,21.17,15.3,NASA POWER
71,2024-05-01,105.1,8.01,28.42,18.21,18.26,NASA POWER
71,2024-06-01,452.7,15.24,34.42,24.83,18.66,NASA POWER
71,2024-07-01,469.7,14.61,33.92,24.27,12.88,NASA POWER
71,2024-08-01,522.1,14.32,33.27,23.8,20.58,NASA POWER
71,2024-09-01,458.2,14.84,33.64,24.24,11.43,NASA POWER
71,2024-10-01,192.1,3.71,23.98,13.85,18.84,NASA POWER
71,2024-11-01,184.2,3.47,23.61,13.54,15.4,NASA POWER
71,2024-12-01,178.8,3.01,22.75,12.88,21.8,NASA POWER
72,2014-01-01,187.1,8.38,27.73,18.05,17.63,NASA POWER
72,2014-02-01,188.8,13.56,32.84,23.2,12.81,NASA POWER
72,2014-03-01,119.3,8.89,29.15,19.02,17.32,NASA POWER
72,2014-04-01,165.3,11.29,28.63,19.96,16.52,NASA POWER
72,2014-05-01,170.7,11.17,29.48,20.32,13.8,NASA POWER
72,2014-06-01,622.4,12.82,31.65,22.23,16.35,NASA POWER
72,2014-07-01,649.4,11.08,29.25,20.16,22.24,NASA POWER
72,2014-08-01,551.6,13.57,31.52,22.55,16.93,NASA POWER
72,2014-09-01,479.0,12.69,31.24,21.96,16.14,NASA POWER
72,2014-10-01,115.0,4.61,21.19,12.9,14.34,NASA POWER
72,2014-11-01,76.4,5.67,23.74,14.7,24.13,NASA POWER
72,2014-12-01,130.3,1.94,19.33,10.63,22.31,NASA POWER
72,2015-01-01,198.4,12.95,31.68,22.31,21.88,NASA POWER
72,2015-02-01,99.2,9.33,26.96,18.14,15.2,NASA POWER
72,2015-03-01,185.0,11.47,31.59,21.53,20.74,NASA POWER
72,2015-04-01,147.8,9.67,28.37,19.02,20.02,NASA POWER
72,2015-05-01,147.1,9.14,25.78,17.46,23.83,NASA POWER
72,2015-06-01,465.0,15.1,31.51,23.3,18.02,NASA POWER
72,2015-07-01,640.6,12.21,29.54,20.88,14.42,NASA POWER
72,2015-08-01,518.4,11.83,29.34,20.59,14.74,NASA POWER
72,2015-09-01,650.8,12.7,33.77,23.23,11.92,NASA POWER
72,2015-10-01,170.4,7.93,25.97,16.95,23.81,NASA POWER
72,2015-11-01,187.0,2.36,22.36,12.36,15.57,NASA POWER
72,2015-12-01,134.8,2.9,23.48,13.19,13.35,NASA POWER
72,2016-01-01,127.1,12.3,32.91,22.6,11.69,NASA POWER
72,2016-02-01,152.0,8.59,27.69,18.14,11.77,NASA POWER
72,2016-03-01,98.6,11.76,31.79,21.77,14.36,NASA POWER
72,2016-04-01,139.1,10.64,29.04,19.84,14.17,NASA POWER
72,2016-05-01,164.3,5.43,26.31,15.87,12.45,NASA POWER
72,2016-06-01,635.0,13.12,32.08,22.6,19.78,NASA POWER
72,2016-07-01,453.2,13.17,29.91,21.54,20.72,NASA POWER
72,2016-08-01,630.1,11.64,31.06,21.35,18.37,NASA POWER
72,2016-09-01,609.1,12.8,33.88,23.34,19.12,NASA POWER
72,2016-10-01,189.1,3.31,23.52,13.41,23.17,NASA POWER
72,2016-11-01,108.1,3.59,22.98,13.29,21.94,NASA POWER
72,2016-12-01,97.5,1.77,22.53,12.15,16.99,NASA POWER
72,2017-01-01,148.0,9.27,29.87,19.57,17.46,NASA POWER
72,2017-02-01,183.4,12.52,30.4,21.46,21.43,NASA POWER
72,2017-03-01,162.0,9.63,28.7,19.16,18.33,NASA POWER
72,2017-04-01,140.2,10.78,29.98,20.38,17.39,NASA POWER
72,2017-05-01,148.1,6.49,26.12,16.3,11.46,NASA POWER
72,2017-06-01,544.5,11.85,32.55,22.2,19.22,NASA POWER
72,2017-07-01,642.0,11.99,32.72,22.36,18.27,NASA POWER
72,2017-08-01,619.2,14.65,34.41,24.53,17.11,NASA POWER
72,2017-09-01,580.5,13.58,32.56,23.07,21.95,NASA POWER
72,2017-10-01,102.7,2.67,22.92,12.8,13.66,NASA POWER
72,2017-11-01,197.9,3.74,21.58,12.66,21.73,NASA POWER
72,2017-12-01,175.8,4.13,21.7,12.91,17.53,NASA POWER
72,2018-01-01,122.3,12.61,32.06,22.34,20.69,NASA POWER
72,2018-02-01,83.3,10.68,29.04,19.86,14.11,NASA POWER
72,2018-03-01,159.3,11.53,30.37,20.95,19.91,NASA POWER
72,2018-04-01,88.9,8.73,28.59,18.66,15.3,NASA POWER
72,2018-05-01,208.2,9.43,27.12,18.27,15.91,NASA POWER
72,2018-06-01,574.3,11.33,33.04,22.18,13.29,NASA POWER
72,2018-07-01,583.5,15.23,35.18,25.2,21.11,NASA POWER
72,2018-08-01,643.2,15.08,34.58,24.83,17.81,NASA POWER
72,2018-09-01,456.6,11.76,31.2,21.48,19.74,NASA POWER
72,2018-10-01,110.9,6.01,24.88,15.45,22.48,NASA POWER
72,2018-11-01,188.8,5.99,25.35,15.67,12.71,NASA POWER
72,2018-12-01,206.3,2.94,19.98,11.46,23.42,NASA POWER
72,2019-01-01,174.4,13.49,31.28,22.39,19.52,NASA POWER
72,2019-02-01,145.6,13.89,31.81,22.85,13.58,NASA POWER
72,2019-03-01,129.4,12.85,30.88,21.86,19.65,NASA POWER
72,2019-04-01,131.1,7.6,26.31,16.95,22.7,NASA POWER
72,2019-05-01,131.6,7.9,26.36,17.13,23.16,NASA POWER
72,2019-06-01,515.2,13.15,33.32,23.23,15.21,NASA POWER
72,2019-07-01,625.1,11.36,32.64,22.0,22.66,NASA POWER
72,2019-08-01,543.0,13.24,34.66,23.95,19.42,NASA POWER
72,2019-09-01,459.7,13.07,30.99,22.03,19.52,NASA POWER
72,2019-10-01,122.7,2.95,24.02,13.48,21.9,NASA POWER
72,2019-11-01,150.4,3.36,21.22,12.29,16.91,NASA POWER
72,2019-12-01,151.1,2.62,21.89,12.26,13.94,NASA POWER
72,2020-01-01,119.5,12.19,30.17,21.18,22.13,NASA POWER
72,2020-02-01,72.6,13.97,32.54,23.25,14.9,NASA POWER
72,2020-03-01,179.7,10.34,30.69,20.52,20.96,NASA POWER
72,2020-04-01,76.9,11.74,30.49,21.11,15.71,NASA POWER
72,2020-05-01,100.5,8.41,25.84,17.12,17.65,NASA POWER
72,2020-06-01,486.4,10.87,30.51,20.69,16.73,NASA POWER
72,2020-07-01,576.9,11.68,30.31,20.99,15.55,NASA POWER
72,2020-08-01,572.1,13.31,32.48,22.89,21.33,NASA POWER
72,2020-09-01,547.6,14.52,34.45,24.48,18.32,NASA POWER
72,2020-10-01,209.0,5.86,26.59,16.23,22.38,NASA POWER
72,2020-11-01,151.2,5.31,23.81,14.56,23.98,NASA POWER
72,2020-12-01,128.9,6.01,23.4,14.7,22.88,NASA POWER
72,2021-01-01,143.0,13.39,32.39,22.89,16.29,NASA POWER
72,2021-02-01,183.8,11.67,32.55,22.11,14.26,NASA POWER
72,2021-03-01,180.5,7.44,27.07,17.25,23.56,NASA POWER
72,2021-04-01,195.3,11.24,28.45,19.84,17.46,NASA POWER
72,2021-05-01,71.9,7.26,27.79,17.52,18.76,NASA POWER
72,2021-06-01,621.0,15.43,33.15,24.29,22.5,NASA POWER
72,2021-07-01,448.7,11.62,31.13,21.38,22.69,NASA POWER
72,2021-08-01,451.0,13.18,32.87,23.02,19.4,NASA POWER
72,2021-09-01,641.8,9.72,28.97,19.34,15.25,NASA POWER
72,2021-10-01,142.8,4.59,23.52,14.05,23.74,NASA POWER
72,2021-11-01,96.0,4.87,22.52,13.7,23.01,NASA POWER
72,2021-12-01,121.2,1.7,20.85,11.28,19.2,NASA POWER
72,2022-01-01,170.8,13.14,33.92,23.53,21.76,NASA POWER
72,2022-02-01,141.5,11.45,31.37,21.41,21.41,NASA POWER
72,2022-03-01,134.2,10.67,31.65,21.16,18.63,NASA POWER
72,2022-04-01,115.7,8.83,28.75,18.79,15.45,NASA POWER
72,2022-05-01,135.3,7.42,27.74,17.58,22.35,NASA POWER
72,2022-06-01,533.1,10.35,30.19,20.27,14.3,NASA POWER
72,2022-07-01,522.4,11.23,29.85,20.54,16.34,NASA POWER
72,2022-08-01,581.2,9.7,30.53,20.12,21.16,NASA POWER
72,2022-09-01,647.0,10.52,30.26,20.39,23.45,NASA POWER
72,2022-10-01,126.5,7.93,26.78,17.36,16.85,NASA POWER
72,2022-11-01,155.7,5.99,23.36,14.68,21.97,NASA POWER
72,2022-12-01,154.7,1.47,21.73,11.6,17.84,NASA POWER
72,2023-01-01,120.4,15.47,33.54,24.5,14.7,NASA POWER
72,2023-02-01,183.4,13.7,29.81,21.75,23.17,NASA POWER
72,2023-03-01,188.6,10.26,29.02,19.64,14.23,NASA POWER
72,2023-04-01,171.5,7.77,26.55,17.16,14.0,NASA POWER
72,2023-05-01,145.0,6.06,25.58,15.82,13.73,NASA POWER
72,2023-06-01,626.2,15.65,33.3,24.47,13.4,NASA POWER
72,2023-07-01,579.8,9.93,31.69,20.81,12.27,NASA POWER
72,2023-08-01,490.5,11.57,29.66,20.62,14.01,NASA POWER
72,2023-09-01,476.8,13.41,33.02,23.22,11.45,NASA POWER
72,2023-10-01,156.2,5.91,24.38,15.14,23.07,NASA POWER
72,2023-11-01,106.4,0.29,19.63,9.96,14.39,NASA POWER
72,2023-12-01,103.5,3.93,22.15,13.04,18.47,NASA POWER
72,2024-01-01,151.3,11.87,30.07,20.97,16.56,NASA POWER
72,2024-02-01,79.3,14.49,33.25,23.87,20.84,NASA POWER
72,2024-03-01,189.7,9.54,27.29,18.41,11.59,NASA POWER
72,2024-04-01,76.8,12.47,30.45,21.46,17.12,NASA POWER
72,2024-05-01,163.3,8.48,27.86,18.17,17.67,NASA POWER
72,2024-06-01,495.6,13.71,32.65,23.18,15.32,NASA POWER
72,2024-07-01,456.5,10.93,30.4,20.66,21.38,NASA POWER
72,2024-08-01,569.0,15.03,32.64,23.84,17.0,NASA POWER
72,2024-09-01,609.4,10.92,30.05,20.48,11.22,NASA POWER
72,2024-10-01,126.7,7.68,24.11,15.89,20.23,NASA POWER
72,2024-11-01,177.0,5.33,24.47,14.9,14.07,NASA POWER
72,2024-12-01,75.0,-0.08,19.1,9.51,21.37,NASA POWER
73,2014-01-01,154.1,14.19,31.33,22.76,21.25,NASA POWER
73,2014-02-01,117.9,9.67,27.68,18.68,22.37,NASA POWER
73,2014-03-01,91.6,11.08,30.26,20.67,18.38,NASA POWER
73,2014-04-01,70.8,7.01,25.63,16.32,23.83,NASA POWER
73,2014-05-01,160.0,7.16,27.53,17.34,17.08,NASA POWER
73,2014-06-01,462.4,13.59,31.68,22.63,16.1,NASA POWER
73,2014-07-01,569.4,15.72,34.71,25.21,18.76,NASA POWER
73,2014-08-01,627.3,11.1,31.47,21.29,18.82,NASA POWER
73,2014-09-01,659.2,11.0,31.36,21.18,21.82,NASA POWER
73,2014-10-01,130.2,7.73,26.68,17.2,11.55,NASA POWER
73,2014-11-01,153.4,4.51,22.04,13.27,22.53,NASA POWER
73,2014-12-01,128.0,6.3,22.82,14.56,15.19,NASA POWER
73,2015-01-01,194.6,12.44,33.28,22.86,14.28,NASA POWER
73,2015-02-01,117.0,11.6,32.97,22.29,11.06,NASA POWER
73,2015-03-01,82.2,13.56,30.97,22.27,13.07,NASA POWER
73,2015-04-01,185.3,10.19,27.47,18.83,17.59,NASA POWER
73,2015-05-01,91.9,6.85,25.18,16.02,23.68,NASA POWER
73,2015-06-01,485.3,11.46,31.91,21.69,20.03,NASA POWER
73,2015-07-01,625.5,16.61,32.77,24.69,18.93,NASA POWER
73,2015-08-01,578.9,11.08,30.68,20.88,20.11,NASA POWER
73,2015-09-01,593.2,14.11,32.7,23.41,22.97,NASA POWER
73,2015-10-01,202.9,5.32,24.39,14.86,13.09,NASA POWER
73,2015-11-01,97.2,4.76,24.59,14.68,18.32,NASA POWER
73,2015-12-01,185.9,4.89,22.59,13.74,19.56,NASA POWER
73,2016-01-01,89.4,10.77,28.31,19.54,14.36,NASA POWER
73,2016-02-01,103.8,10.36,28.64,19.5,20.8,NASA POWER
73,2016-03-01,162.4,9.91,29.25,19.58,16.48,NASA POWER
73,2016-04-01,201.6,9.51,26.59,18.05,16.51,NASA POWER
73,2016-05-01,126.9,9.58,27.93,18.75,21.0,NASA POWER
73,2016-06-01,649.5,14.06,33.96,24.01,22.94,NASA POWER
73,2016-07-01,537.9,15.32,33.76,24.54,12.32,NASA POWER
73,2016-08-01,539.7,13.62,34.41,24.01,22.02,NASA POWER
73,2016-09-01,636.7,15.09,32.81,23.95,22.62,NASA POWER
73,2016-10-01,86.4,7.91,26.36,17.13,16.33,NASA POWER
73,2016-11-01,200.9,2.43,20.74,11.58,13.14,NASA POWER
73,2016-12-01,189.5,1.99,23.39,12.69,23.23,NASA POWER
73,2017-01-01,93.8,13.19,30.89,22.04,22.78,NASA POWER
73,2017-02-01,111.7,13.8,31.37,22.59,12.23,NASA POWER
73,2017-03-01,186.7,9.75,27.86,18.8,13.08,NASA POWER
73,2017-04-01,135.3,11.22,28.74,19.98,21.76,NASA POWER
73,2017-05-01,88.8,9.7,27.04,18.37,23.45,NASA POWER
73,2017-06-01,611.0,12.33,29.99,21.16,18.13,NASA POWER
73,2017-07-01,479.6,10.57,29.37,19.97,14.92,NASA POWER
73,2017-08-01,470.3,14.2,32.03,23.12,20.0,NASA POWER
73,2017-09-01,539.3,11.01,30.96,20.98,17.25,NASA POWER
73,2017-10-01,92.6,4.06,24.75,14.4,18.27,NASA POWER
73,2017-11-01,192.9,0.73,21.29,11.01,16.62,NASA POWER
73,2017-12-01,174.8,5.96,22.55,14.26,20.54,NASA POWER
73,2018-01-01,154.3,13.06,34.41,23.73,16.5,NASA POWER
73,2018-02-01,86.5,11.25,29.73,20.49,14.73,NASA POWER
73,2018-03-01,110.2,8.96,26.58,17.77,15.14,NASA POWER
73,2018-04-01,106.4,8.84,27.24,18.04,22.34,NASA POWER
73,2018-05-01,165.3,5.95,25.78,15.87,20.63,NASA POWER
73,2018-06-01,597.4,11.56,31.3,21.43,16.81,NASA POWER
73,2018-07-01,611.3,10.65,29.62,20.14,19.52,NASA POWER
73,2018-08-01,517.9,12.9,33.43,23.16,21.55,NASA POWER
73,2018-09-01,611.0,11.8,31.46,21.63,23.63,NASA POWER
73,2018-10-01,74.6,4.29,22.67,13.48,20.49,NASA POWER
73,2018-11-01,97.5,2.28,22.24,12.26,14.14,NASA POWER
73,2018-12-01,128.4,0.45,20.63,10.54,12.17,NASA POWER
73,2019-01-01,118.1,11.35,32.83,22.09,24.01,NASA POWER
73,2019-02-01,84.5,11.63,28.88,20.25,16.7,NASA POWER
73,2019-03-01,201.5,9.16,28.07,18.62,12.78,NASA POWER
73,2019-04-01,197.6,7.86,26.96,17.41,24.08,NASA POWER
73,2019-05-01,191.4,8.98,26.14,17.56,19.57,NASA POWER
73,2019-06-01,536.2,12.21,29.95,21.08,15.26,NASA POWER
73,2019-07-01,590.6,14.85,32.45,23.65,20.56,NASA POWER
73,2019-08-01,533.8,14.77,34.8,24.78,14.36,NASA POWER
73,2019-09-01,627.4,15.07,34.36,24.71,16.84,NASA POWER
73,2019-10-01,91.2,5.7,25.34,15.52,11.71,NASA POWER
73,2019-11-01,195.7,3.07,20.16,11.62,22.88,NASA POWER
73,2019-12-01,74.9,6.77,25.45,16.11,11.19,NASA POWER
73,2020-01-01,163.2,11.51,31.25,21.38,13.8,NASA POWER
73,2020-02-01,83.3,14.13,32.88,23.51,16.62,NASA POWER
73,2020-03-01,100.3,12.76,31.82,22.29,12.78,NASA POWER
73,2020-04-01,154.5,10.67,28.86,19.77,18.69,NASA POWER
73,2020-05-01,153.4,7.71,28.7,18.2,20.4,NASA POWER
73,2020-06-01,585.0,12.85,33.31,23.08,23.88,NASA POWER
73,2020-07-01,652.5,14.71,33.26,23.98,19.7,NASA POWER
73,2020-08-01,498.4,15.34,33.95,24.65,17.32,NASA POWER
73,2020-09-01,598.3,13.06,31.43,22.25,15.53,NASA POWER
73,2020-10-01,157.8,2.59,21.51,12.05,15.09,NASA POWER
73,2020-11-01,163.7,5.17,24.64,14.91,16.33,NASA POWER
73,2020-12-01,168.8,1.38,19.98,10.68,17.24,NASA POWER
73,2021-01-01,203.6,11.95,31.94,21.95,22.36,NASA POWER
73,2021-02-01,141.9,13.4,33.81,23.61,22.87,NASA POWER
73,2021-03-01,140.0,9.3,28.94,19.12,19.83,NASA POWER
73,2021-04-01,80.5,6.09,27.22,16.66,15.24,NASA POWER
73,2021-05-01,77.4,9.04,28.26,18.65,14.57,NASA POWER
73,2021-06-01,462.6,15.6,35.1,25.35,22.56,NASA POWER
73,2021-07-01,468.9,14.46,31.52,22.99,11.09,NASA POWER
73,2021-08-01,477.7,14.67,33.5,24.09,14.48,NASA POWER
73,2021-09-01,636.4,13.44,30.69,22.07,21.48,NASA POWER
73,2021-10-01,95.8,6.16,26.83,16.49,13.66,NASA POWER
73,2021-11-01,170.0,3.48,22.54,13.01,13.71,NASA POWER
73,2021-12-01,141.5,3.64,22.04,12.84,16.84,NASA POWER
73,2022-01-01,135.9,14.25,31.99,23.12,13.02,NASA POWER
73,2022-02-01,146.1,11.05,29.97,20.51,23.52,NASA POWER
73,2022-03-01,174.2,8.53,27.08,17.8,20.49,NASA POWER
73,2022-04-01,137.2,7.6,26.05,16.82,19.38,NASA POWER
73,2022-05-01,71.1,4.98,24.76,14.87,13.64,NASA POWER
73,2022-06-01,624.6,14.09,32.2,23.15,17.82,NASA POWER
73,2022-07-01,560.7,14.35,30.85,22.6,18.49,NASA POWER
73,2022-08-01,510.6,10.36,30.98,20.67,22.87,NASA POWER
73,2022-09-01,612.1,10.33,31.72,21.02,19.35,NASA POWER
73,2022-10-01,178.9,5.61,24.15,14.88,12.23,NASA POWER
73,2022-11-01,125.6,3.51,22.62,13.07,23.16,NASA POWER
73,2022-12-01,209.0,4.52,24.02,14.27,20.79,NASA POWER
73,2023-01-01,189.8,14.02,32.67,23.34,14.74,NASA POWER
73,2023-02-01,150.1,9.98,29.15,19.56,14.54,NASA POWER
73,2023-03-01,118.9,9.87,29.25,19.56,14.9,NASA POWER
73,2023-04-01,168.6,9.87,27.83,18.85,21.26,NASA POWER
73,2023-05-01,203.1,9.45,29.07,19.26,20.6,NASA POWER
73,2023-06-01,478.8,13.66,34.06,23.86,12.58,NASA POWER
73,2023-07-01,542.3,11.1,31.94,21.52,13.82,NASA POWER
73,2023-08-01,459.0,13.36,32.02,22.69,22.26,NASA POWER
73,2023-09-01,567.5,13.26,34.17,23.71,20.09,NASA POWER
73,2023-10-01,87.2,6.78,26.01,16.39,13.61,NASA POWER
73,2023-11-01,117.7,4.55,22.51,13.53,11.8,NASA POWER
73,2023-12-01,149.0,4.61,25.48,15.04,19.48,NASA POWER
73,2024-01-01,82.6,9.74,29.42,19.58,14.21,NASA POWER
73,2024-02-01,173.2,8.51,28.7,18.61,16.14,NASA POWER
73,2024-03-01,149.0,11.15,28.83,19.99,11.42,NASA POWER
73,2024-04-01,115.7,12.4,28.83,20.61,11.12,NASA POWER
73,2024-05-01,79.9,7.25,26.95,17.1,16.77,NASA POWER
73,2024-06-01,571.8,10.09,30.53,20.31,22.16,NASA POWER
73,2024-07-01,588.1,11.96,31.25,21.61,18.77,NASA POWER
73,2024-08-01,553.8,15.86,34.72,25.29,20.23,NASA POWER
73,2024-09-01,592.9,14.94,31.53,23.23,18.8,NASA POWER
73,2024-10-01,89.3,7.45,24.77,16.11,17.54,NASA POWER
73,2024-11-01,142.5,5.5,24.59,15.04,13.8,NASA POWER
73,2024-12-01,85.3,3.12,20.15,11.63,11.38,NASA POWER
74,2014-01-01,168.2,14.59,31.92,23.26,11.88,NASA POWER
74,2014-02-01,113.9,12.37,31.74,22.05,13.12,NASA POWER
74,2014-03-01,158.2,10.97,31.04,21.0,24.1,NASA POWER
74,2014-04-01,151.2,9.96,28.85,19.41,18.78,NASA POWER
74,2014-05-01,186.6,8.04,26.45,17.24,24.01,NASA POWER
74,2014-06-01,671.5,9.78,30.33,20.05,17.18,NASA POWER
74,2014-07-01,594.6,14.94,32.91,23.92,13.78,NASA POWER
74,2014-08-01,650.5,15.13,33.42,24.28,17.38,NASA POWER
74,2014-09-01,484.2,15.39,32.79,24.09,16.58,NASA POWER
74,2014-10-01,164.2,1.3,20.18,10.74,16.35,NASA POWER
74,2014-11-01,94.8,1.37,20.7,11.04,17.31,NASA POWER
74,2014-12-01,97.9,2.76,22.01,12.39,15.6,NASA POWER
74,2015-01-01,105.1,12.51,30.77,21.64,14.59,NASA POWER
74,2015-02-01,189.7,7.79,27.8,17.8,17.81,NASA POWER
74,2015-03-01,187.7,9.64,27.82,18.73,11.56,NASA POWER
74,2015-04-01,130.5,10.42,28.18,19.3,13.76,NASA POWER
74,2015-05-01,135.8,7.0,24.64,15.82,23.32,NASA POWER
74,2015-06-01,531.9,14.89,32.72,23.8,15.48,NASA POWER
74,2015-07-01,613.4,12.85,31.97,22.41,17.24,NASA POWER
74,2015-08-01,598.2,12.58,33.76,23.17,22.76,NASA POWER
74,2015-09-01,607.8,13.44,34.02,23.73,12.72,NASA POWER
74,2015-10-01,89.3,4.73,23.81,14.27,19.73,NASA POWER
74,2015-11-01,113.7,5.01,24.5,14.75,11.21,NASA POWER
74,2015-12-01,128.7,1.35,18.96,10.16,16.48,NASA POWER
74,2016-01-01,134.9,12.76,32.69,22.72,19.01,NASA POWER
74,2016-02-01,144.2,12.71,29.58,21.14,20.44,NASA POWER
74,2016-03-01,155.5,8.61,29.17,18.89,21.1,NASA POWER
74,2016-04-01,163.3,8.68,25.44,17.06,18.37,NASA POWER
74,2016-05-01,202.2,7.3,27.83,17.56,12.78,NASA POWER
74,2016-06-01,525.9,12.16,29.66,20.91,23.22,NASA POWER
74,2016-07-01,504.7,10.53,29.52,20.02,12.09,NASA POWER
74,2016-08-01,522.8,11.17,30.86,21.02,11.22,NASA POWER
74,2016-09-01,619.2,10.96,30.46,20.71,18.43,NASA POWER
74,2016-10-01,124.5,2.77,23.93,13.35,21.5,NASA POWER
74,2016-11-01,89.9,4.77,23.42,14.1,23.03,NASA POWER
74,2016-12-01,77.4,5.86,25.12,15.49,13.16,NASA POWER
74,2017-01-01,196.7,8.9,28.13,18.52,20.35,NASA POWER
74,2017-02-01,104.8,10.28,29.99,20.13,22.13,NASA POWER
74,2017-03-01,162.2,11.32,31.2,21.26,20.68,NASA POWER
74,2017-04-01,99.4,11.97,32.13,22.05,14.11,NASA POWER
74,2017-05-01,202.6,7.1,26.06,16.58,14.74,NASA POWER
74,2017-06-01,584.6,15.73,34.84,25.29,22.81,NASA POWER
74,2017-07-01,531.3,14.99,32.07,23.53,18.97,NASA POWER
74,2017-08-01,546.3,11.61,31.61,21.61,20.17,NASA POWER
74,2017-09-01,631.9,12.65,33.53,23.09,23.59,NASA POWER
74,2017-10-01,76.7,5.27,26.55,15.91,12.03,NASA POWER
74,2017-11-01,128.8,3.27,22.24,12.75,12.22,NASA POWER
74,2017-12-01,159.7,4.13,22.2,13.16,20.83,NASA POWER
74,2018-01-01,175.0,9.52,29.7,19.61,21.58,NASA POWER
74,2018-02-01,186.9,9.63,29.21,19.42,20.5,NASA POWER
74,2018-03-01,85.9,13.93,32.41,23.17,17.45,NASA POWER
74,2018-04-01,100.4,8.65,28.66,18.66,14.94,NASA POWER
74,2018-05-01,195.9,9.51,28.66,19.09,11.13,NASA POWER
74,2018-06-01,455.3,12.35,32.61,22.48,19.61,NASA POWER
74,2018-07-01,471.4,15.11,31.69,23.4,12.51,NASA POWER
74,2018-08-01,533.0,12.68,30.36,21.52,23.51,NASA POWER
74,2018-09-01,575.4,13.22,32.43,22.82,16.33,NASA POWER
74,2018-10-01,162.6,2.58,21.77,12.18,20.98,NASA POWER
74,2018-11-01,72.7,5.06,22.51,13.79,17.49,NASA POWER
74,2018-12-01,207.6,5.04,22.5,13.77,19.32,NASA POWER
74,2019-01-01,189.1,14.26,32.03,23.14,20.59,NASA POWER
74,2019-02-01,183.8,13.43,33.46,23.45,12.79,NASA POWER
74,2019-03-01,130.2,11.12,32.11,21.61,19.62,NASA POWER
74,2019-04-01,200.3,7.67,28.3,17.98,17.0,NASA POWER
74,2019-05-01,145.1,5.28,27.22,16.25,18.52,NASA POWER
74,2019-06-01,509.5,16.09,35.04,25.56,19.4,NASA POWER
74,2019-07-01,548.3,13.79,34.54,24.16,24.15,NASA POWER
74,2019-08-01,636.2,13.07,31.3,22.19,23.65,NASA POWER
74,2019-09-01,579.7,14.91,33.12,24.02,16.93,NASA POWER
74,2019-10-01,116.4,4.34,22.38,13.36,21.64,NASA POWER
74,2019-11-01,154.7,3.51,23.11,13.31,11.98,NASA POWER
74,2019-12-01,129.2,1.6,21.29,11.45,19.31,NASA POWER
74,2020-01-01,139.1,10.83,29.98,20.41,22.13,NASA POWER
74,2020-02-01,71.8,14.1,32.76,23.43,22.73,NASA POWER
74,2020-03-01,114.1,10.17,28.44,19.3,11.3,NASA POWER
74,2020-04-01,135.6,10.28,29.04,19.66,12.25,NASA POWER
74,2020-05-01,146.3,9.04,29.57,19.3,22.49,NASA POWER
74,2020-06-01,621.2,13.44,30.59,22.02,17.94,NASA POWER
74,2020-07-01,666.0,13.79,30.97,22.38,23.3,NASA POWER
74,2020-08-01,572.0,15.54,34.3,24.92,19.37,NASA POWER
74,2020-09-01,459.5,13.32,33.23,23.27,21.63,NASA POWER
74,2020-10-01,181.0,6.91,27.28,17.09,13.09,NASA POWER
74,2020-11-01,193.2,6.04,24.27,15.15,23.03,NASA POWER
74,2020-12-01,209.2,6.33,24.86,15.59,17.85,NASA POWER
74,2021-01-01,101.7,12.72,31.97,22.34,19.69,NASA POWER
74,2021-02-01,87.4,11.93,31.44,21.69,19.06,NASA POWER
74,2021-03-01,187.4,10.25,28.56,19.41,11.44,NASA POWER
74,2021-04-01,167.8,10.86,30.86,20.86,14.49,NASA POWER
74,2021-05-01,167.9,7.34,27.17,17.26,11.1,NASA POWER
74,2021-06-01,661.4,10.02,30.7,20.36,23.08,NASA POWER
74,2021-07-01,540.9,9.54,31.19,20.37,21.54,NASA POWER
74,2021-08-01,498.4,13.26,30.8,22.03,23.07,NASA POWER
74,2021-09-01,480.4,13.44,32.13,22.79,11.93,NASA POWER
74,2021-10-01,109.4,4.04,22.5,13.27,11.14,NASA POWER
74,2021-11-01,111.0,2.39,19.98,11.19,16.43,NASA POWER
74,2021-12-01,99.1,0.03,20.6,10.32,16.05,NASA POWER
74,2022-01-01,154.2,14.8,31.82,23.31,18.19,NASA POWER
74,2022-02-01,195.3,9.93,28.76,19.34,18.79,NASA POWER
74,2022-03-01,198.9,8.06,28.45,18.25,15.43,NASA POWER
74,2022-04-01,112.7,9.17,27.68,18.43,16.43,NASA POWER
74,2022-05-01,187.7,11.29,29.25,20.27,22.31,NASA POWER
74,2022-06-01,560.8,14.77,35.91,25.34,17.46,NASA POWER
74,2022-07-01,451.3,11.82,30.07,20.95,11.54,NASA POWER
74,2022-08-01,624.0,10.64,30.52,20.58,18.3,NASA POWER
74,2022-09-01,610.1,15.69,33.11,24.4,16.97,NASA POWER
74,2022-10-01,191.2,4.27,22.13,13.2,20.57,NASA POWER
74,2022-11-01,158.8,1.94,21.38,11.66,13.71,NASA POWER
74,2022-12-01,164.3,-0.2,19.63,9.71,18.47,NASA POWER
74,2023-01-01,71.4,12.81,33.48,23.14,23.92,NASA POWER
74,2023-02-01,181.0,7.56,27.92,17.74,16.71,NASA POWER
74,2023-03-01,195.8,8.94,28.86,18.9,13.78,NASA POWER
74,2023-04-01,157.8,8.1,26.25,17.18,18.46,NASA POWER
74,2023-05-01,126.3,5.95,26.08,16.02,16.94,NASA POWER
74,2023-06-01,491.5,13.58,33.49,23.54,13.58,NASA POWER
74,2023-07-01,464.8,14.34,35.87,25.1,23.62,NASA POWER
74,2023-08-01,593.9,15.18,32.5,23.84,21.8,NASA POWER
74,2023-09-01,574.6,12.12,31.55,21.84,17.05,NASA POWER
74,2023-10-01,82.5,8.18,27.43,17.8,17.86,NASA POWER
74,2023-11-01,143.7,6.71,24.69,15.7,20.94,NASA POWER
74,2023-12-01,108.3,4.99,23.27,14.13,16.04,NASA POWER
74,2024-01-01,154.2,13.06,31.1,22.08,23.16,NASA POWER
74,2024-02-01,71.3,10.03,27.22,18.62,16.31,NASA POWER
74,2024-03-01,70.2,10.13,29.73,19.93,16.2,NASA POWER
74,2024-04-01,90.7,7.77,27.72,17.74,11.13,NASA POWER
74,2024-05-01,87.3,7.0,26.56,16.78,23.24,NASA POWER
74,2024-06-01,483.2,15.74,34.53,25.14,24.11,NASA POWER
74,2024-07-01,617.9,12.87,34.05,23.46,16.2,NASA POWER
74,2024-08-01,478.5,13.27,32.4,22.84,11.17,NASA POWER
74,2024-09-01,628.3,12.11,30.1,21.11,23.93,NASA POWER
74,2024-10-01,92.9,7.86,25.15,16.5,13.49,NASA POWER
74,2024-11-01,161.0,4.12,22.79,13.46,17.45,NASA POWER
74,2024-12-01,171.1,0.84,20.78,10.81,11.98,NASA POWER
75,2014-01-01,193.3,12.51,30.42,21.46,17.43,NASA POWER
75,2014-02-01,141.4,12.52,32.62,22.57,24.06,NASA POWER
75,2014-03-01,170.1,8.01,29.23,18.62,21.17,NASA POWER
75,2014-04-01,100.9,10.6,29.63,20.11,22.09,NASA POWER
75,2014-05-01,203.9,11.89,30.18,21.04,20.35,NASA POWER
75,2014-06-01,531.1,15.98,32.17,24.08,20.91,NASA POWER
75,2014-07-01,579.4,13.46,32.39,22.93,14.58,NASA POWER
75,2014-08-01,661.5,11.15,32.46,21.8,20.9,NASA POWER
75,2014-09-01,465.7,11.55,30.83,21.19,14.53,NASA POWER
75,2014-10-01,104.6,6.09,23.86,14.97,14.21,NASA POWER
75,2014-11-01,203.5,6.43,25.23,15.83,22.72,NASA POWER
75,2014-12-01,128.5,3.66,22.9,13.28,11.74,NASA POWER
75,2015-01-01,181.9,11.89,29.83,20.86,21.92,NASA POWER
75,2015-02-01,140.5,8.8,27.08,17.94,15.02,NASA POWER
75,2015-03-01,201.9,12.14,30.28,21.21,12.37,NASA POWER
75,2015-04-01,156.4,10.8,31.14,20.97,17.64,NASA POWER
75,2015-05-01,184.5,8.86,26.32,17.59,19.56,NASA POWER
75,2015-06-01,647.2,11.91,29.81,20.86,11.17,NASA POWER
75,2015-07-01,488.0,12.48,32.22,22.35,20.71,NASA POWER
75,2015-08-01,471.8,11.29,30.42,20.86,18.34,NASA POWER
75,2015-09-01,452.2,12.95,33.35,23.15,21.47,NASA POWER
75,2015-10-01,130.5,4.16,24.75,14.46,17.13,NASA POWER
75,2015-11-01,95.4,2.0,22.79,12.39,16.86,NASA POWER
75,2015-12-01,139.1,2.73,22.18,12.46,21.89,NASA POWER
75,2016-01-01,95.5,13.86,33.97,23.91,20.14,NASA POWER
75,2016-02-01,164.7,10.34,29.93,20.13,20.77,NASA POWER
75,2016-03-01,178.9,8.31,28.84,18.57,23.52,NASA POWER
75,2016-04-01,110.0,10.56,28.89,19.73,23.19,NASA POWER
75,2016-05-01,95.9,9.46,27.65,18.55,16.19,NASA POWER
75,2016-06-01,571.0,13.53,33.71,23.62,21.51,NASA POWER
75,2016-07-01,621.8,14.14,35.24,24.69,20.8,NASA POWER
75,2016-08-01,607.0,15.12,33.11,24.11,22.08,NASA POWER
75,2016-09-01,594.3,15.44,35.34,25.39,14.56,NASA POWER
75,2016-10-01,142.9,3.48,23.79,13.63,21.95,NASA POWER
75,2016-11-01,76.0,2.62,20.6,11.61,13.84,NASA POWER
75,2016-12-01,112.0,3.56,24.58,14.07,23.56,NASA POWER
75,2017-01-01,104.0,13.4,34.02,23.71,23.04,NASA POWER
75,2017-02-01,150.6,11.71,31.76,21.73,20.27,NASA POWER
75,2017-03-01,139.7,10.28,28.28,19.28,20.62,NASA POWER
75,2017-04-01,108.0,8.74,28.15,18.45,22.08,NASA POWER
75,2017-05-01,147.0,6.48,26.57,16.52,21.48,NASA POWER
75,2017-06-01,503.4,11.17,32.37,21.77,14.39,NASA POWER
75,2017-07-01,594.4,12.47,31.05,21.76,21.56,NASA POWER
75,2017-08-01,647.5,11.77,29.7,20.73,19.81,NASA POWER
75,2017-09-01,640.3,13.12,30.83,21.97,11.74,NASA POWER
75,2017-10-01,123.9,5.17,25.1,15.14,23.43,NASA POWER
75,2017-11-01,103.9,3.89,21.38,12.63,18.11,NASA POWER
75,2017-12-01,80.5,2.33,21.26,11.8,11.56,NASA POWER
75,2018-01-01,174.0,13.54,34.72,24.13,18.31,NASA POWER
75,2018-02-01,170.1,8.88,28.78,18.83,20.76,NASA POWER
75,2018-03-01,187.7,8.69,28.19,18.44,14.43,NASA POWER
75,2018-04-01,130.6,11.61,31.98,21.8,13.47,NASA POWER
75,2018-05-01,160.9,7.85,26.42,17.14,19.92,NASA POWER
75,2018-06-01,480.2,10.53,30.17,20.35,21.84,NASA POWER
75,2018-07-01,458.8,13.99,31.2,22.59,11.04,NASA POWER
75,2018-08-01,669.5,12.39,32.29,22.34,17.6,NASA POWER
75,2018-09-01,615.2,11.33,31.98,21.66,12.86,NASA POWER
75,2018-10-01,188.3,5.06,26.36,15.71,11.65,NASA POWER
75,2018-11-01,98.4,4.32,24.1,14.21,11.2,NASA POWER
75,2018-12-01,187.4,0.27,19.5,9.88,14.55,NASA POWER
75,2019-01-01,191.6,11.61,31.4,21.5,13.65,NASA POWER
75,2019-02-01,85.9,12.76,31.12,21.94,17.54,NASA POWER
75,2019-03-01,146.1,9.29,30.25,19.77,11.31,NASA POWER
75,2019-04-01,80.7,7.46,25.93,16.7,20.26,NASA POWER
75,2019-05-01,133.5,11.92,31.24,21.58,19.26,NASA POWER
75,2019-06-01,588.1,10.18,28.48,19.33,17.53,NASA POWER
75,2019-07-01,651.7,13.89,33.24,23.57,22.1,NASA POWER
75,2019-08-01,458.7,15.08,33.59,24.34,12.05,NASA POWER
75,2019-09-01,655.1,11.35,30.26,20.8,12.59,NASA POWER
75,2019-10-01,111.8,4.2,23.02,13.61,19.82,NASA POWER
75,2019-11-01,90.3,2.54,20.46,11.5,14.84,NASA POWER
75,2019-12-01,99.7,2.43,21.19,11.81,13.42,NASA POWER
75,2020-01-01,201.0,14.03,32.89,23.46,20.76,NASA POWER
75,2020-02-01,161.7,11.13,29.76,20.45,16.89,NASA POWER
75,2020-03-01,150.9,11.43,32.05,21.74,17.99,NASA POWER
75,2020-04-01,115.1,7.78,27.08,17.43,12.99,NASA POWER
75,2020-05-01,91.5,9.08,27.71,18.39,13.42,NASA POWER
75,2020-06-01,491.0,10.66,29.68,20.17,13.29,NASA POWER
75,2020-07-01,625.7,12.47,28.99,20.73,22.78,NASA POWER
75,2020-08-01,456.8,13.38,31.83,22.61,17.84,NASA POWER
75,2020-09-01,620.3,15.18,34.53,24.86,21.23,NASA POWER
75,2020-10-01,129.9,4.22,23.47,13.84,14.52,NASA POWER
75,2020-11-01,120.5,5.09,24.44,14.77,17.42,NASA POWER
75,2020-12-01,105.9,1.51,22.25,11.88,19.2,NASA POWER
75,2021-01-01,176.6,11.32,31.06,21.19,12.43,NASA POWER
75,2021-02-01,103.8,12.52,29.26,20.89,22.14,NASA POWER
75,2021-03-01,202.2,12.04,32.16,22.1,12.5,NASA POWER
75,2021-04-01,165.7,10.65,32.01,21.33,20.94,NASA POWER
75,2021-05-01,77.1,12.08,31.42,21.75,22.26,NASA POWER
75,2021-06-01,451.5,15.97,33.41,24.69,19.19,NASA POWER
75,2021-07-01,524.6,12.78,31.76,22.27,20.32,NASA POWER
75,2021-08-01,608.6,13.58,31.88,22.73,12.74,NASA POWER
75,2021-09-01,512.2,14.58,33.54,24.06,15.07,NASA POWER
75,2021-10-01,151.8,5.7,24.8,15.25,19.79,NASA POWER
75,2021-11-01,175.9,4.59,24.65,14.62,23.78,NASA POWER
75,2021-12-01,202.2,4.67,24.16,14.41,24.14,NASA POWER
75,2022-01-01,161.5,10.31,30.73,20.52,17.9,NASA POWER
75,2022-02-01,139.4,10.16,30.59,20.38,12.45,NASA POWER
75,2022-03-01,72.7,8.33,26.3,17.32,22.96,NASA POWER
75,2022-04-01,156.2,8.89,28.91,18.9,14.98,NASA POWER
75,2022-05-01,170.6,8.73,28.08,18.41,14.38,NASA POWER
75,2022-06-01,580.7,11.61,30.21,20.91,12.24,NASA POWER
75,2022-07-01,606.9,15.18,32.96,24.07,13.2,NASA POWER
75,2022-08-01,455.4,10.23,29.31,19.77,13.04,NASA POWER
75,2022-09-01,581.7,13.61,31.43,22.52,17.93,NASA POWER
75,2022-10-01,171.9,6.61,26.26,16.44,15.53,NASA POWER
75,2022-11-01,199.6,5.11,23.41,14.26,19.96,NASA POWER
75,2022-12-01,146.7,6.06,24.68,15.37,16.39,NASA POWER
75,2023-01-01,147.7,9.65,28.63,19.14,12.66,NASA POWER
75,2023-02-01,193.5,10.04,29.32,19.68,14.7,NASA POWER
75,2023-03-01,133.6,12.35,30.67,21.51,12.14,NASA POWER
75,2023-04-01,187.4,10.07,27.12,18.59,19.93,NASA POWER
75,2023-05-01,78.3,8.93,29.01,18.97,23.86,NASA POWER
75,2023-06-01,537.9,16.74,35.66,26.2,23.84,NASA POWER
75,2023-07-01,604.8,12.23,31.74,21.98,23.38,NASA POWER
75,2023-08-01,637.3,12.25,30.25,21.25,13.08,NASA POWER
75,2023-09-01,638.3,12.85,31.5,22.18,16.6,NASA POWER
75,2023-10-01,125.4,3.37,22.78,13.08,17.23,NASA POWER
75,2023-11-01,130.9,1.0,20.72,10.86,21.61,NASA POWER
75,2023-12-01,175.9,3.73,24.16,13.95,21.48,NASA POWER
75,2024-01-01,208.9,13.67,32.77,23.22,16.11,NASA POWER
75,2024-02-01,81.7,9.05,28.34,18.7,13.53,NASA POWER
75,2024-03-01,207.8,8.24,26.42,17.33,15.62,NASA POWER
75,2024-04-01,209.9,8.79,28.19,18.49,20.29,NASA POWER
75,2024-05-01,82.1,5.73,27.14,16.44,21.12,NASA POWER
75,2024-06-01,648.5,15.52,33.97,24.74,11.24,NASA POWER
75,2024-07-01,604.9,12.51,31.91,22.21,16.86,NASA POWER
75,2024-08-01,592.1,10.91,30.22,20.56,13.23,NASA POWER
75,2024-09-01,519.6,12.37,32.52,22.45,18.43,NASA POWER
75,2024-10-01,162.4,8.15,26.1,17.12,15.95,NASA POWER
75,2024-11-01,176.5,5.57,24.22,14.89,16.14,NASA POWER
75,2024-12-01,194.0,2.35,21.96,12.16,15.3,NASA POWER
76,2014-01-01,141.8,10.99,29.12,20.05,12.48,NASA POWER
76,2014-02-01,175.5,9.6,27.08,18.34,11.09,NASA POWER
76,2014-03-01,173.1,4.83,24.73,14.78,12.7,NASA POWER
76,2014-04-01,239.3,4.67,22.12,13.39,11.4,NASA POWER
76,2014-05-01,147.3,5.34,24.09,14.71,9.73,NASA POWER
76,2014-06-01,530.8,11.12,28.76,19.94,16.81,NASA POWER
76,2014-07-01,544.7,12.65,29.18,20.91,10.78,NASA POWER
76,2014-08-01,728.3,8.23,29.39,18.81,12.23,NASA POWER
76,2014-09-01,595.6,9.6,29.65,19.62,15.66,NASA POWER
76,2014-10-01,86.8,1.45,19.73,10.59,12.56,NASA POWER
76,2014-11-01,107.4,1.03,17.7,9.37,17.59,NASA POWER
76,2014-12-01,238.0,-1.74,17.48,7.87,11.14,NASA POWER
76,2015-01-01,185.4,5.79,26.82,16.3,13.32,NASA POWER
76,2015-02-01,144.8,9.78,27.98,18.88,16.9,NASA POWER
76,2015-03-01,232.2,5.52,25.65,15.58,13.64,NASA POWER
76,2015-04-01,181.0,5.87,25.6,15.74,12.98,NASA POWER
76,2015-05-01,216.0,6.14,23.97,15.05,10.24,NASA POWER
76,2015-06-01,664.9,10.37,29.46,19.91,11.31,NASA POWER
76,2015-07-01,714.5,11.09,28.52,19.8,17.27,NASA POWER
76,2015-08-01,765.6,8.44,25.58,17.01,19.72,NASA POWER
76,2015-09-01,609.0,12.39,30.68,21.54,17.37,NASA POWER
76,2015-10-01,92.5,-2.9,18.77,7.93,19.23,NASA POWER
76,2015-11-01,191.9,3.02,22.75,12.88,13.78,NASA POWER
76,2015-12-01,234.4,-0.61,17.22,8.3,14.63,NASA POWER
76,2016-01-01,160.2,5.76,24.38,15.07,10.1,NASA POWER
76,2016-02-01,133.4,9.0,28.37,18.69,9.01,NASA POWER
76,2016-03-01,93.8,7.32,26.17,16.75,13.4,NASA POWER
76,2016-04-01,87.9,4.43,24.03,14.23,16.72,NASA POWER
76,2016-05-01,217.9,6.98,23.67,15.33,13.39,NASA POWER
76,2016-06-01,608.1,11.84,30.18,21.01,16.29,NASA POWER
76,2016-07-01,597.6,9.59,30.05,19.82,10.4,NASA POWER
76,2016-08-01,706.6,12.18,31.0,21.59,17.8,NASA POWER
76,2016-09-01,716.2,11.76,30.38,21.07,10.51,NASA POWER
76,2016-10-01,91.7,-1.02,18.11,8.54,18.67,NASA POWER
76,2016-11-01,114.3,3.59,20.03,11.81,15.6,NASA POWER
76,2016-12-01,81.0,-1.78,17.44,7.83,12.11,NASA POWER
76,2017-01-01,221.6,8.37,28.05,18.21,15.7,NASA POWER
76,2017-02-01,171.2,6.46,23.62,15.04,14.11,NASA POWER
76,2017-03-01,181.5,4.06,22.32,13.19,13.74,NASA POWER
76,2017-04-01,190.6,5.76,23.77,14.77,14.68,NASA POWER
76,2017-05-01,136.3,2.48,21.28,11.88,17.4,NASA POWER
76,2017-06-01,530.4,8.45,26.25,17.35,14.57,NASA POWER
76,2017-07-01,623.9,6.19,26.47,16.33,17.67,NASA POWER
76,2017-08-01,594.2,10.94,28.46,19.7,10.76,NASA POWER
76,2017-09-01,761.5,10.38,27.94,19.16,13.51,NASA POWER
76,2017-10-01,196.5,-1.12,18.42,8.65,9.26,NASA POWER
76,2017-11-01,102.2,-0.02,17.58,8.78,16.44,NASA POWER
76,2017-12-01,171.1,-1.19,18.64,8.72,11.78,NASA POWER
76,2018-01-01,107.2,7.77,26.18,16.98,9.69,NASA POWER
76,2018-02-01,220.4,5.46,24.11,14.79,9.63,NASA POWER
76,2018-03-01,103.3,5.41,25.02,15.21,11.74,NASA POWER
76,2018-04-01,207.4,6.65,25.93,16.29,15.58,NASA POWER
76,2018-05-01,218.6,4.38,24.59,14.48,11.55,NASA POWER
76,2018-06-01,736.1,10.81,30.07,20.44,14.01,NASA POWER
76,2018-07-01,519.1,9.71,28.5,19.11,17.41,NASA POWER
76,2018-08-01,528.5,6.54,28.18,17.36,12.42,NASA POWER
76,2018-09-01,664.2,9.28,27.41,18.34,15.26,NASA POWER
76,2018-10-01,105.6,0.71,20.93,10.82,15.23,NASA POWER
76,2018-11-01,130.0,1.46,22.05,11.76,16.7,NASA POWER
76,2018-12-01,136.1,0.21,16.69,8.45,18.13,NASA POWER
76,2019-01-01,80.5,8.96,28.15,18.55,18.53,NASA POWER
76,2019-02-01,150.0,6.93,25.26,16.09,12.0,NASA POWER
76,2019-03-01,171.8,4.39,24.64,14.52,18.37,NASA POWER
76,2019-04-01,106.7,4.33,25.62,14.98,9.13,NASA POWER
76,2019-05-01,167.8,2.94,23.22,13.08,16.12,NASA POWER
76,2019-06-01,752.3,9.14,27.78,18.46,16.79,NASA POWER
76,2019-07-01,623.6,8.12,27.62,17.87,12.49,NASA POWER
76,2019-08-01,667.9,7.51,27.76,17.64,11.36,NASA POWER
76,2019-09-01,696.3,10.53,27.6,19.07,19.79,NASA POWER
76,2019-10-01,238.5,1.33,20.41,10.87,15.66,NASA POWER
76,2019-11-01,186.6,1.01,21.2,11.11,19.3,NASA POWER
76,2019-12-01,165.4,-2.79,16.37,6.79,12.81,NASA POWER
76,2020-01-01,157.3,8.61,28.1,18.36,11.06,NASA POWER
76,2020-02-01,206.4,7.91,26.28,17.09,11.22,NASA POWER
76,2020-03-01,169.1,3.67,23.56,13.61,18.01,NASA POWER
76,2020-04-01,111.6,5.72,23.29,14.5,18.84,NASA POWER
76,2020-05-01,130.7,5.5,23.78,14.64,17.97,NASA POWER
76,2020-06-01,538.2,8.49,26.76,17.62,15.72,NASA POWER
76,2020-07-01,604.7,7.26,27.12,17.19,15.75,NASA POWER
76,2020-08-01,653.5,9.79,28.55,19.17,9.85,NASA POWER
76,2020-09-01,638.1,9.87,29.5,19.68,9.31,NASA POWER
76,2020-10-01,188.9,-1.69,19.29,8.8,10.94,NASA POWER
76,2020-11-01,195.9,-1.16,16.64,7.74,11.84,NASA POWER
76,2020-12-01,110.7,-0.59,20.34,9.88,11.92,NASA POWER
76,2021-01-01,230.0,7.82,25.27,16.55,19.4,NASA POWER
76,2021-02-01,172.8,9.7,27.34,18.52,16.78,NASA POWER
76,2021-03-01,114.7,8.35,26.77,17.56,17.13,NASA POWER
76,2021-04-01,129.6,5.62,24.72,15.17,9.5,NASA POWER
76,2021-05-01,229.3,4.93,25.86,15.39,11.44,NASA POWER
76,2021-06-01,634.8,10.15,26.44,18.3,15.62,NASA POWER
76,2021-07-01,536.7,8.3,28.57,18.44,15.1,NASA POWER
76,2021-08-01,695.5,12.06,29.44,20.75,17.53,NASA POWER
76,2021-09-01,529.4,9.03,26.46,17.75,13.75,NASA POWER
76,2021-10-01,100.0,1.93,20.55,11.24,15.61,NASA POWER
76,2021-11-01,88.8,1.13,20.9,11.01,15.78,NASA POWER
76,2021-12-01,205.5,0.54,18.84,9.69,17.45,NASA POWER
76,2022-01-01,174.9,9.45,27.09,18.27,15.89,NASA POWER
76,2022-02-01,224.2,5.44,22.49,13.96,17.92,NASA POWER
76,2022-03-01,231.6,7.24,26.81,17.02,17.85,NASA POWER
76,2022-04-01,97.6,8.28,24.6,16.44,19.23,NASA POWER
76,2022-05-01,231.9,5.04,23.94,14.49,17.06,NASA POWER
76,2022-06-01,743.6,6.71,26.95,16.83,13.29,NASA POWER
76,2022-07-01,664.6,7.76,28.11,17.93,17.75,NASA POWER
76,2022-08-01,734.6,6.72,25.9,16.31,19.23,NASA POWER
76,2022-09-01,663.9,7.74,27.85,17.8,10.04,NASA POWER
76,2022-10-01,180.1,1.14,19.72,10.43,19.28,NASA POWER
76,2022-11-01,112.8,3.03,20.98,12.01,9.99,NASA POWER
76,2022-12-01,110.0,-4.4,16.67,6.14,15.84,NASA POWER
76,2023-01-01,226.0,10.44,28.23,19.34,18.44,NASA POWER
76,2023-02-01,115.4,4.65,24.12,14.39,18.2,NASA POWER
76,2023-03-01,80.9,8.11,24.79,16.45,16.57,NASA POWER
76,2023-04-01,171.1,6.54,26.09,16.32,13.34,NASA POWER
76,2023-05-01,130.6,4.57,22.3,13.44,18.86,NASA POWER
76,2023-06-01,664.1,6.42,26.84,16.63,13.21,NASA POWER
76,2023-07-01,757.9,7.56,27.25,17.41,12.28,NASA POWER
76,2023-08-01,534.1,9.41,28.27,18.84,18.09,NASA POWER
76,2023-09-01,535.2,8.19,26.63,17.41,15.6,NASA POWER
76,2023-10-01,114.9,-1.98,18.11,8.06,16.55,NASA POWER
76,2023-11-01,130.6,1.86,20.74,11.3,11.23,NASA POWER
76,2023-12-01,171.1,0.46,16.98,8.72,9.14,NASA POWER
76,2024-01-01,182.4,8.31,29.16,18.73,18.01,NASA POWER
76,2024-02-01,206.9,6.96,25.74,16.35,17.86,NASA POWER
76,2024-03-01,105.4,5.03,22.72,13.88,10.56,NASA POWER
76,2024-04-01,85.1,6.7,24.9,15.8,9.06,NASA POWER
76,2024-05-01,216.4,1.77,20.13,10.95,14.14,NASA POWER
76,2024-06-01,648.8,7.59,27.36,17.48,14.32,NASA POWER
76,2024-07-01,541.2,7.43,26.02,16.73,14.08,NASA POWER
76,2024-08-01,678.5,8.23,27.44,17.84,10.38,NASA POWER
76,2024-09-01,701.9,9.68,27.31,18.49,11.39,NASA POWER
76,2024-10-01,193.9,0.99,20.33,10.66,15.58,NASA POWER
76,2024-11-01,239.0,-1.71,16.92,7.61,16.47,NASA POWER
76,2024-12-01,183.3,-0.83,19.78,9.48,14.34,NASA POWER
77,2014-01-01,231.2,9.56,27.08,18.32,16.67,NASA POWER
77,2014-02-01,125.3,9.09,28.64,18.87,19.7,NASA POWER
77,2014-03-01,204.6,2.72,22.88,12.8,13.29,NASA POWER
77,2014-04-01,186.4,4.62,23.44,14.03,15.64,NASA POWER
77,2014-05-01,205.8,5.56,22.79,14.17,19.66,NASA POWER
77,2014-06-01,606.2,8.03,27.4,17.71,16.22,NASA POWER
77,2014-07-01,658.2,7.87,28.12,18.0,9.45,NASA POWER
77,2014-08-01,709.5,10.46,29.86,20.16,10.22,NASA POWER
77,2014-09-01,670.0,11.73,31.56,21.64,14.1,NASA POWER
77,2014-10-01,153.4,2.88,22.93,12.9,19.35,NASA POWER
77,2014-11-01,133.0,2.25,21.69,11.97,10.41,NASA POWER
77,2014-12-01,169.1,1.26,17.54,9.4,10.44,NASA POWER
77,2015-01-01,238.8,4.73,26.52,15.62,17.76,NASA POWER
77,2015-02-01,163.9,8.45,26.56,17.5,14.68,NASA POWER
77,2015-03-01,217.5,5.57,25.09,15.33,10.77,NASA POWER
77,2015-04-01,119.8,6.77,27.64,17.2,18.69,NASA POWER
77,2015-05-01,124.7,5.92,23.67,14.8,13.53,NASA POWER
77,2015-06-01,711.4,11.33,29.2,20.27,18.8,NASA POWER
77,2015-07-01,601.4,7.6,24.94,16.27,10.83,NASA POWER
77,2015-08-01,642.4,8.45,29.83,19.14,14.03,NASA POWER
77,2015-09-01,634.7,5.79,24.56,15.17,18.38,NASA POWER
77,2015-10-01,150.3,1.13,20.0,10.56,15.0,NASA POWER
77,2015-11-01,127.6,-1.15,18.02,8.44,12.76,NASA POWER
77,2015-12-01,227.9,-0.66,19.22,9.28,11.8,NASA POWER
77,2016-01-01,172.1,8.03,25.51,16.77,13.63,NASA POWER
77,2016-02-01,214.5,8.81,28.11,18.46,15.07,NASA POWER
77,2016-03-01,119.4,4.97,23.14,14.05,19.1,NASA POWER
77,2016-04-01,183.5,7.27,26.07,16.67,15.2,NASA POWER
77,2016-05-01,217.2,5.82,23.83,14.82,14.66,NASA POWER
77,2016-06-01,756.8,7.59,27.98,17.79,12.02,NASA POWER
77,2016-07-01,527.1,11.53,31.76,21.64,10.71,NASA POWER
77,2016-08-01,678.9,5.52,26.23,15.88,18.44,NASA POWER
77,2016-09-01,513.3,10.85,27.93,19.39,14.18,NASA POWER
77,2016-10-01,123.1,-2.26,18.11,7.92,14.29,NASA POWER
77,2016-11-01,91.9,2.61,19.63,11.12,12.67,NASA POWER
77,2016-12-01,155.8,1.15,19.56,10.35,13.89,NASA POWER
77,2017-01-01,215.2,4.67,25.52,15.09,11.77,NASA POWER
77,2017-02-01,106.3,7.37,25.2,16.29,14.14,NASA POWER
77,2017-03-01,158.6,5.18,24.62,14.9,11.5,NASA POWER
77,2017-04-01,133.2,4.5,22.54,13.52,14.41,NASA POWER
77,2017-05-01,93.2,7.49,24.33,15.91,15.43,NASA POWER
77,2017-06-01,647.5,11.6,28.48,20.04,9.72,NASA POWER
77,2017-07-01,570.8,9.39,29.67,19.53,19.48,NASA POWER
77,2017-08-01,724.1,8.89,30.5,19.7,16.23,NASA POWER
77,2017-09-01,669.7,10.2,29.38,19.79,12.28,NASA POWER
77,2017-10-01,214.4,1.54,20.55,11.04,9.13,NASA POWER
77,2017-11-01,94.7,1.92,21.63,11.77,15.86,NASA POWER
77,2017-12-01,166.0,0.67,21.21,10.94,19.61,NASA POWER
77,2018-01-01,189.6,8.48,28.12,18.3,9.88,NASA POWER
77,2018-02-01,155.5,10.09,26.22,18.16,18.75,NASA POWER
77,2018-03-01,219.6,5.02,24.2,14.61,10.74,NASA POWER
77,2018-04-01,153.7,8.72,25.11,16.91,19.79,NASA POWER
77,2018-05-01,232.1,3.92,22.25,13.09,10.61,NASA POWER
77,2018-06-01,535.1,9.28,28.86,19.07,10.04,NASA POWER
77,2018-07-01,619.9,9.48,29.73,19.61,13.51,NASA POWER
77,2018-08-01,615.1,9.89,28.26,19.08,9.23,NASA POWER
77,2018-09-01,548.3,10.74,28.57,19.66,10.22,NASA POWER
77,2018-10-01,176.0,2.3,20.62,11.46,14.71,NASA POWER
77,2018-11-01,109.9,-0.87,15.96,7.55,19.47,NASA POWER
77,2018-12-01,118.9,-0.42,16.62,8.1,18.37,NASA POWER
77,2019-01-01,106.2,8.45,27.36,17.91,11.02,NASA POWER
77,2019-02-01,87.8,6.86,23.79,15.32,16.62,NASA POWER
77,2019-03-01,229.0,7.89,26.89,17.39,19.76,NASA POWER
77,2019-04-01,202.9,5.6,23.53,14.57,16.91,NASA POWER
77,2019-05-01,120.6,4.21,25.08,14.64,17.18,NASA POWER
77,2019-06-01,757.0,11.41,29.21,20.31,17.36,NASA POWER
77,2019-07-01,757.4,9.24,27.4,18.32,15.93,NASA POWER
77,2019-08-01,727.8,9.03,26.25,17.64,10.27,NASA POWER
77,2019-09-01,592.7,11.06,29.48,20.27,17.12,NASA POWER
77,2019-10-01,146.1,-0.39,20.25,9.93,16.18,NASA POWER
77,2019-11-01,193.2,0.21,18.92,9.57,10.57,NASA POWER
77,2019-12-01,231.8,-0.5,19.29,9.39,11.4,NASA POWER
77,2020-01-01,178.6,8.1,27.45,17.77,15.71,NASA POWER
77,2020-02-01,84.6,8.36,27.86,18.11,11.68,NASA POWER
77,2020-03-01,238.8,8.42,26.49,17.45,9.49,NASA POWER
77,2020-04-01,138.5,3.55,22.01,12.78,15.61,NASA POWER
77,2020-05-01,225.1,5.96,26.48,16.22,13.24,NASA POWER
77,2020-06-01,521.8,11.09,30.77,20.93,12.01,NASA POWER
77,2020-07-01,562.0,9.04,26.91,17.98,10.34,NASA POWER
77,2020-08-01,729.9,11.17,28.96,20.07,14.83,NASA POWER
77,2020-09-01,730.7,11.72,29.18,20.45,14.05,NASA POWER
77,2020-10-01,197.2,0.86,20.74,10.8,16.85,NASA POWER
77,2020-11-01,136.5,1.2,19.18,10.19,14.87,NASA POWER
77,2020-12-01,237.0,-0.65,17.4,8.38,10.06,NASA POWER
77,2021-01-01,89.9,7.68,27.57,17.62,17.31,NASA POWER
77,2021-02-01,110.4,8.42,26.62,17.52,9.0,NASA POWER
77,2021-03-01,80.9,9.78,28.89,19.34,11.6,NASA POWER
77,2021-04-01,228.3,8.89,25.72,17.3,11.44,NASA POWER
77,2021-05-01,144.1,5.47,25.41,15.44,13.8,NASA POWER
77,2021-06-01,671.6,8.93,26.6,17.77,18.75,NASA POWER
77,2021-07-01,615.4,11.91,30.96,21.44,16.89,NASA POWER
77,2021-08-01,615.5,10.42,27.97,19.2,10.15,NASA POWER
77,2021-09-01,645.5,7.33,27.54,17.43,11.2,NASA POWER
77,2021-10-01,87.6,0.81,19.81,10.31,9.18,NASA POWER
77,2021-11-01,115.7,-0.55,18.02,8.73,11.92,NASA POWER
77,2021-12-01,229.9,-1.88,18.36,8.24,10.65,NASA POWER
77,2022-01-01,170.6,11.05,27.77,19.41,16.25,NASA POWER
77,2022-02-01,120.5,6.46,25.67,16.07,14.95,NASA POWER
77,2022-03-01,170.6,5.64,22.26,13.95,13.65,NASA POWER
77,2022-04-01,223.6,5.89,25.59,15.74,19.44,NASA POWER
77,2022-05-01,185.4,7.3,25.92,16.61,10.95,NASA POWER
77,2022-06-01,725.9,11.06,27.87,19.46,10.73,NASA POWER
77,2022-07-01,649.7,10.28,29.75,20.02,19.41,NASA POWER
77,2022-08-01,526.4,10.7,31.04,20.87,10.52,NASA POWER
77,2022-09-01,670.4,12.48,30.18,21.33,12.87,NASA POWER
77,2022-10-01,236.9,-1.69,19.32,8.81,12.19,NASA POWER
77,2022-11-01,228.0,-0.72,19.78,9.53,18.16,NASA POWER
77,2022-12-01,160.8,-1.55,15.86,7.15,12.71,NASA POWER
77,2023-01-01,151.7,10.36,27.61,18.98,13.55,NASA POWER
77,2023-02-01,115.1,9.25,26.08,17.66,14.11,NASA POWER
77,2023-03-01,168.0,7.09,26.81,16.95,16.1,NASA POWER
77,2023-04-01,230.4,4.17,23.76,13.96,18.4,NASA POWER
77,2023-05-01,109.3,7.76,25.04,16.4,17.24,NASA POWER
77,2023-06-01,729.9,8.61,27.9,18.25,16.28,NASA POWER
77,2023-07-01,693.1,10.9,30.14,20.52,16.37,NASA POWER
77,2023-08-01,753.8,10.59,29.97,20.28,14.85,NASA POWER
77,2023-09-01,596.6,7.27,28.65,17.96,11.52,NASA POWER
77,2023-10-01,128.0,-0.43,17.65,8.61,11.07,NASA POWER
77,2023-11-01,236.2,0.8,19.19,10.0,13.29,NASA POWER
77,2023-12-01,237.2,-1.46,18.28,8.41,11.98,NASA POWER
77,2024-01-01,164.7,8.82,29.05,18.94,16.91,NASA POWER
77,2024-02-01,207.7,6.79,25.41,16.1,15.67,NASA POWER
77,2024-03-01,88.7,8.56,28.16,18.36,10.72,NASA POWER
77,2024-04-01,154.3,7.79,26.63,17.21,13.57,NASA POWER
77,2024-05-01,103.4,2.29,22.46,12.38,10.53,NASA POWER
77,2024-06-01,694.1,12.24,31.32,21.78,19.69,NASA POWER
77,2024-07-01,617.7,9.69,29.69,19.69,14.08,NASA POWER
77,2024-08-01,541.4,8.02,27.8,17.91,19.68,NASA POWER
77,2024-09-01,703.3,9.62,29.86,19.74,14.39,NASA POWER
77,2024-10-01,165.2,0.48,19.15,9.81,11.06,NASA POWER
77,2024-11-01,127.6,1.5,21.75,11.62,16.7,NASA POWER
77,2024-12-01,93.4,-0.6,18.86,9.13,11.05,NASA POWER
