district_id,crop_id,forecast_month,forecast_yield_kg_ha,lower_ci_95,upper_ci_95,forecast_model,rmse_kg_ha,mae_kg_ha,mape_pct,forecast_date
1,1,2025-01-01,2816.95,2521.82,3112.08,ExponentialSmoothing,281.08,218.33,8.31,2024-08-01T00:00:00+00:00
1,1,2025-02-01,2819.97,2510.78,3129.16,ExponentialSmoothing,281.08,218.33,8.31,2024-08-01T00:00:00+00:00
1,1,2025-03-01,2822.99,2499.75,3146.23,ExponentialSmoothing,281.08,218.33,8.31,2024-08-01T00:00:00+00:00
1,1,2025-04-01,2826.02,2488.72,3163.32,ExponentialSmoothing,281.08,218.33,8.31,2024-08-01T00:00:00+00:00
1,1,2025-05-01,2829.04,2477.69,3180.39,ExponentialSmoothing,281.08,218.33,8.31,2024-08-01T00:00:00+00:00
1,1,2025-06-01,2832.06,2466.66,3197.46,ExponentialSmoothing,281.08,218.33,8.31,2024-08-01T00:00:00+00:00
1,1,2025-07-01,2835.09,2455.63,3214.55,ExponentialSmoothing,281.08,218.33,8.31,2024-08-01T00:00:00+00:00
1,1,2025-08-01,2838.11,2444.6,3231.62,ExponentialSmoothing,281.08,218.33,8.31,2024-08-01T00:00:00+00:00
1,1,2025-09-01,2841.13,2433.56,3248.7,ExponentialSmoothing,281.08,218.33,8.31,2024-08-01T00:00:00+00:00
1,1,2025-10-01,2844.15,2422.53,3265.77,ExponentialSmoothing,281.08,218.33,8.31,2024-08-01T00:00:00+00:00
1,1,2025-11-01,2847.18,2411.51,3282.85,ExponentialSmoothing,281.08,218.33,8.31,2024-08-01T00:00:00+00:00
1,1,2025-12-01,2850.2,2400.47,3299.93,ExponentialSmoothing,281.08,218.33,8.31,2024-08-01T00:00:00+00:00
2,1,2025-01-01,2911.28,2517.96,3304.6,ExponentialSmoothing,374.59,303.42,10.33,2024-08-01T00:00:00+00:00
2,1,2025-02-01,2914.75,2502.7,3326.8,ExponentialSmoothing,374.59,303.42,10.33,2024-08-01T00:00:00+00:00
2,1,2025-03-01,2918.22,2487.44,3349.0,ExponentialSmoothing,374.59,303.42,10.33,2024-08-01T00:00:00+00:00
2,1,2025-04-01,2921.69,2472.18,3371.2,ExponentialSmoothing,374.59,303.42,10.33,2024-08-01T00:00:00+00:00
2,1,2025-05-01,2925.16,2456.92,3393.4,ExponentialSmoothing,374.59,303.42,10.33,2024-08-01T00:00:00+00:00
2,1,2025-06-01,2928.63,2441.66,3415.6,ExponentialSmoothing,374.59,303.42,10.33,2024-08-01T00:00:00+00:00
2,1,2025-07-01,2932.11,2426.41,3437.81,ExponentialSmoothing,374.59,303.42,10.33,2024-08-01T00:00:00+00:00
2,1,2025-08-01,2935.58,2411.15,3460.01,ExponentialSmoothing,374.59,303.42,10.33,2024-08-01T00:00:00+00:00
2,1,2025-09-01,2939.05,2395.89,3482.21,ExponentialSmoothing,374.59,303.42,10.33,2024-08-01T00:00:00+00:00
2,1,2025-10-01,2942.52,2380.63,3504.41,ExponentialSmoothing,374.59,303.42,10.33,2024-08-01T00:00:00+00:00
2,1,2025-11-01,2945.99,2365.37,3526.61,ExponentialSmoothing,374.59,303.42,10.33,2024-08-01T00:00:00+00:00
2,1,2025-12-01,2949.46,2350.11,3548.81,ExponentialSmoothing,374.59,303.42,10.33,2024-08-01T00:00:00+00:00
3,1,2025-01-01,2912.46,2494.51,3330.41,ExponentialSmoothing,398.05,337.27,11.85,2024-08-01T00:00:00+00:00
3,1,2025-02-01,2912.7,2474.85,3350.55,ExponentialSmoothing,398.05,337.27,11.85,2024-08-01T00:00:00+00:00
3,1,2025-03-01,2912.94,2455.19,3370.69,ExponentialSmoothing,398.05,337.27,11.85,2024-08-01T00:00:00+00:00
3,1,2025-04-01,2913.18,2435.53,3390.83,ExponentialSmoothing,398.05,337.27,11.85,2024-08-01T00:00:00+00:00
3,1,2025-05-01,2913.42,2415.86,3410.98,ExponentialSmoothing,398.05,337.27,11.85,2024-08-01T00:00:00+00:00
3,1,2025-06-01,2913.65,2396.19,3431.11,ExponentialSmoothing,398.05,337.27,11.85,2024-08-01T00:00:00+00:00
3,1,2025-07-01,2913.89,2376.53,3451.25,ExponentialSmoothing,398.05,337.27,11.85,2024-08-01T00:00:00+00:00
3,1,2025-08-01,2914.13,2356.87,3471.39,ExponentialSmoothing,398.05,337.27,11.85,2024-08-01T00:00:00+00:00
3,1,2025-09-01,2914.37,2337.2,3491.54,ExponentialSmoothing,398.05,337.27,11.85,2024-08-01T00:00:00+00:00
3,1,2025-10-01,2914.61,2317.54,3511.68,ExponentialSmoothing,398.05,337.27,11.85,2024-08-01T00:00:00+00:00
3,1,2025-11-01,2914.85,2297.88,3531.82,ExponentialSmoothing,398.05,337.27,11.85,2024-08-01T00:00:00+00:00
3,1,2025-12-01,2915.09,2278.22,3551.96,ExponentialSmoothing,398.05,337.27,11.85,2024-08-01T00:00:00+00:00
4,1,2025-01-01,2689.51,2373.27,3005.75,ARIMA,301.18,219.7,8.51,2024-08-01T00:00:00+00:00
4,1,2025-02-01,2695.89,2364.59,3027.19,ARIMA,301.18,219.7,8.51,2024-08-01T00:00:00+00:00
4,1,2025-03-01,2702.28,2355.92,3048.64,ARIMA,301.18,219.7,8.51,2024-08-01T00:00:00+00:00
4,1,2025-04-01,2708.66,2347.24,3070.08,ARIMA,301.18,219.7,8.51,2024-08-01T00:00:00+00:00
4,1,2025-05-01,2715.04,2338.56,3091.52,ARIMA,301.18,219.7,8.51,2024-08-01T00:00:00+00:00
4,1,2025-06-01,2721.42,2329.88,3112.96,ARIMA,301.18,219.7,8.51,2024-08-01T00:00:00+00:00
4,1,2025-07-01,2727.81,2321.21,3134.41,ARIMA,301.18,219.7,8.51,2024-08-01T00:00:00+00:00
4,1,2025-08-01,2734.19,2312.53,3155.85,ARIMA,301.18,219.7,8.51,2024-08-01T00:00:00+00:00
4,1,2025-09-01,2740.57,2303.85,3177.29,ARIMA,301.18,219.7,8.51,2024-08-01T00:00:00+00:00
4,1,2025-10-01,2746.95,2295.17,3198.73,ARIMA,301.18,219.7,8.51,2024-08-01T00:00:00+00:00
4,1,2025-11-01,2753.34,2286.51,3220.17,ARIMA,301.18,219.7,8.51,2024-08-01T00:00:00+00:00
4,1,2025-12-01,2759.72,2277.83,3241.61,ARIMA,301.18,219.7,8.51,2024-08-01T00:00:00+00:00
5,1,2025-01-01,2734.84,2573.55,2896.13,ARIMA,153.61,132.18,4.89,2024-08-01T00:00:00+00:00
5,1,2025-02-01,2743.84,2574.87,2912.81,ARIMA,153.61,132.18,4.89,2024-08-01T00:00:00+00:00
5,1,2025-03-01,2752.84,2576.19,2929.49,ARIMA,153.61,132.18,4.89,2024-08-01T00:00:00+00:00
5,1,2025-04-01,2761.84,2577.51,2946.17,ARIMA,153.61,132.18,4.89,2024-08-01T00:00:00+00:00
5,1,2025-05-01,2770.83,2578.82,2962.84,ARIMA,153.61,132.18,4.89,2024-08-01T00:00:00+00:00
5,1,2025-06-01,2779.83,2580.14,2979.52,ARIMA,153.61,132.18,4.89,2024-08-01T00:00:00+00:00
5,1,2025-07-01,2788.83,2581.46,2996.2,ARIMA,153.61,132.18,4.89,2024-08-01T00:00:00+00:00
5,1,2025-08-01,2797.83,2582.78,3012.88,ARIMA,153.61,132.18,4.89,2024-08-01T00:00:00+00:00
5,1,2025-09-01,2806.82,2584.09,3029.55,ARIMA,153.61,132.18,4.89,2024-08-01T00:00:00+00:00
5,1,2025-10-01,2815.82,2585.41,3046.23,ARIMA,153.61,132.18,4.89,2024-08-01T00:00:00+00:00
5,1,2025-11-01,2824.82,2586.73,3062.91,ARIMA,153.61,132.18,4.89,2024-08-01T00:00:00+00:00
5,1,2025-12-01,2833.82,2588.05,3079.59,ARIMA,153.61,132.18,4.89,2024-08-01T00:00:00+00:00
6,1,2025-01-01,2944.32,2642.49,3246.15,ARIMA,287.46,246.96,8.57,2024-08-01T00:00:00+00:00
6,1,2025-02-01,2937.13,2620.92,3253.34,ARIMA,287.46,246.96,8.57,2024-08-01T00:00:00+00:00
6,1,2025-03-01,2929.94,2599.36,3260.52,ARIMA,287.46,246.96,8.57,2024-08-01T00:00:00+00:00
6,1,2025-04-01,2922.75,2577.8,3267.7,ARIMA,287.46,246.96,8.57,2024-08-01T00:00:00+00:00
6,1,2025-05-01,2915.56,2556.24,3274.88,ARIMA,287.46,246.96,8.57,2024-08-01T00:00:00+00:00
6,1,2025-06-01,2908.37,2534.67,3282.07,ARIMA,287.46,246.96,8.57,2024-08-01T00:00:00+00:00
6,1,2025-07-01,2901.18,2513.11,3289.25,ARIMA,287.46,246.96,8.57,2024-08-01T00:00:00+00:00
6,1,2025-08-01,2893.99,2491.55,3296.43,ARIMA,287.46,246.96,8.57,2024-08-01T00:00:00+00:00
6,1,2025-09-01,2886.79,2469.97,3303.61,ARIMA,287.46,246.96,8.57,2024-08-01T00:00:00+00:00
6,1,2025-10-01,2879.6,2448.41,3310.79,ARIMA,287.46,246.96,8.57,2024-08-01T00:00:00+00:00
6,1,2025-11-01,2872.41,2426.85,3317.97,ARIMA,287.46,246.96,8.57,2024-08-01T00:00:00+00:00
6,1,2025-12-01,2865.22,2405.28,3325.16,ARIMA,287.46,246.96,8.57,2024-08-01T00:00:00+00:00
7,1,2025-01-01,2893.27,2648.1,3138.44,ExponentialSmoothing,233.5,195.48,6.97,2024-08-01T00:00:00+00:00
7,1,2025-02-01,2894.12,2637.27,3150.97,ExponentialSmoothing,233.5,195.48,6.97,2024-08-01T00:00:00+00:00
7,1,2025-03-01,2894.98,2626.46,3163.5,ExponentialSmoothing,233.5,195.48,6.97,2024-08-01T00:00:00+00:00
7,1,2025-04-01,2895.84,2615.64,3176.04,ExponentialSmoothing,233.5,195.48,6.97,2024-08-01T00:00:00+00:00
7,1,2025-05-01,2896.7,2604.83,3188.57,ExponentialSmoothing,233.5,195.48,6.97,2024-08-01T00:00:00+00:00
7,1,2025-06-01,2897.56,2594.01,3201.11,ExponentialSmoothing,233.5,195.48,6.97,2024-08-01T00:00:00+00:00
7,1,2025-07-01,2898.42,2583.2,3213.64,ExponentialSmoothing,233.5,195.48,6.97,2024-08-01T00:00:00+00:00
7,1,2025-08-01,2899.28,2572.38,3226.18,ExponentialSmoothing,233.5,195.48,6.97,2024-08-01T00:00:00+00:00
7,1,2025-09-01,2900.13,2561.56,3238.7,ExponentialSmoothing,233.5,195.48,6.97,2024-08-01T00:00:00+00:00
7,1,2025-10-01,2900.99,2550.74,3251.24,ExponentialSmoothing,233.5,195.48,6.97,2024-08-01T00:00:00+00:00
7,1,2025-11-01,2901.85,2539.93,3263.77,ExponentialSmoothing,233.5,195.48,6.97,2024-08-01T00:00:00+00:00
7,1,2025-12-01,2902.71,2529.11,3276.31,ExponentialSmoothing,233.5,195.48,6.97,2024-08-01T00:00:00+00:00
8,1,2025-01-01,2823.8,2450.53,3197.07,ARIMA,355.49,301.31,11.72,2024-08-01T00:00:00+00:00
8,1,2025-02-01,2831.67,2440.63,3222.71,ARIMA,355.49,301.31,11.72,2024-08-01T00:00:00+00:00
8,1,2025-03-01,2839.55,2430.73,3248.37,ARIMA,355.49,301.31,11.72,2024-08-01T00:00:00+00:00
8,1,2025-04-01,2847.43,2420.84,3274.02,ARIMA,355.49,301.31,11.72,2024-08-01T00:00:00+00:00
8,1,2025-05-01,2855.3,2410.93,3299.67,ARIMA,355.49,301.31,11.72,2024-08-01T00:00:00+00:00
8,1,2025-06-01,2863.18,2401.04,3325.32,ARIMA,355.49,301.31,11.72,2024-08-01T00:00:00+00:00
8,1,2025-07-01,2871.06,2391.14,3350.98,ARIMA,355.49,301.31,11.72,2024-08-01T00:00:00+00:00
8,1,2025-08-01,2878.94,2381.25,3376.63,ARIMA,355.49,301.31,11.72,2024-08-01T00:00:00+00:00
8,1,2025-09-01,2886.81,2371.35,3402.27,ARIMA,355.49,301.31,11.72,2024-08-01T00:00:00+00:00
8,1,2025-10-01,2894.69,2361.45,3427.93,ARIMA,355.49,301.31,11.72,2024-08-01T00:00:00+00:00
8,1,2025-11-01,2902.57,2351.56,3453.58,ARIMA,355.49,301.31,11.72,2024-08-01T00:00:00+00:00
8,1,2025-12-01,2910.45,2341.66,3479.24,ARIMA,355.49,301.31,11.72,2024-08-01T00:00:00+00:00
9,1,2025-01-01,2751.39,2399.75,3103.03,ExponentialSmoothing,334.89,256.38,9.64,2024-08-01T00:00:00+00:00
9,1,2025-02-01,2749.74,2381.36,3118.12,ExponentialSmoothing,334.89,256.38,9.64,2024-08-01T00:00:00+00:00
9,1,2025-03-01,2748.09,2362.96,3133.22,ExponentialSmoothing,334.89,256.38,9.64,2024-08-01T00:00:00+00:00
9,1,2025-04-01,2746.43,2344.56,3148.3,ExponentialSmoothing,334.89,256.38,9.64,2024-08-01T00:00:00+00:00
9,1,2025-05-01,2744.78,2326.16,3163.4,ExponentialSmoothing,334.89,256.38,9.64,2024-08-01T00:00:00+00:00
9,1,2025-06-01,2743.13,2307.77,3178.49,ExponentialSmoothing,334.89,256.38,9.64,2024-08-01T00:00:00+00:00
9,1,2025-07-01,2741.48,2289.37,3193.59,ExponentialSmoothing,334.89,256.38,9.64,2024-08-01T00:00:00+00:00
9,1,2025-08-01,2739.82,2270.97,3208.67,ExponentialSmoothing,334.89,256.38,9.64,2024-08-01T00:00:00+00:00
9,1,2025-09-01,2738.17,2252.57,3223.77,ExponentialSmoothing,334.89,256.38,9.64,2024-08-01T00:00:00+00:00
9,1,2025-10-01,2736.52,2234.18,3238.86,ExponentialSmoothing,334.89,256.38,9.64,2024-08-01T00:00:00+00:00
9,1,2025-11-01,2734.87,2215.78,3253.96,ExponentialSmoothing,334.89,256.38,9.64,2024-08-01T00:00:00+00:00
9,1,2025-12-01,2733.21,2197.38,3269.04,ExponentialSmoothing,334.89,256.38,9.64,2024-08-01T00:00:00+00:00
10,1,2025-01-01,2727.43,2417.91,3036.95,ExponentialSmoothing,294.78,199.27,8.46,2024-08-01T00:00:00+00:00
10,1,2025-02-01,2726.26,2402.0,3050.52,ExponentialSmoothing,294.78,199.27,8.46,2024-08-01T00:00:00+00:00
10,1,2025-03-01,2725.09,2386.09,3064.09,ExponentialSmoothing,294.78,199.27,8.46,2024-08-01T00:00:00+00:00
10,1,2025-04-01,2723.91,2370.17,3077.65,ExponentialSmoothing,294.78,199.27,8.46,2024-08-01T00:00:00+00:00
10,1,2025-05-01,2722.74,2354.26,3091.22,ExponentialSmoothing,294.78,199.27,8.46,2024-08-01T00:00:00+00:00
10,1,2025-06-01,2721.56,2338.34,3104.78,ExponentialSmoothing,294.78,199.27,8.46,2024-08-01T00:00:00+00:00
10,1,2025-07-01,2720.39,2322.43,3118.35,ExponentialSmoothing,294.78,199.27,8.46,2024-08-01T00:00:00+00:00
10,1,2025-08-01,2719.22,2306.52,3131.92,ExponentialSmoothing,294.78,199.27,8.46,2024-08-01T00:00:00+00:00
10,1,2025-09-01,2718.04,2290.6,3145.48,ExponentialSmoothing,294.78,199.27,8.46,2024-08-01T00:00:00+00:00
10,1,2025-10-01,2716.87,2274.7,3159.04,ExponentialSmoothing,294.78,199.27,8.46,2024-08-01T00:00:00+00:00
10,1,2025-11-01,2715.69,2258.78,3172.6,ExponentialSmoothing,294.78,199.27,8.46,2024-08-01T00:00:00+00:00
10,1,2025-12-01,2714.52,2242.87,3186.17,ExponentialSmoothing,294.78,199.27,8.46,2024-08-01T00:00:00+00:00
11,1,2025-01-01,2580.14,2350.18,2810.1,ARIMA,219.01,189.2,7.88,2024-08-01T00:00:00+00:00
11,1,2025-02-01,2598.48,2357.57,2839.39,ARIMA,219.01,189.2,7.88,2024-08-01T00:00:00+00:00
11,1,2025-03-01,2616.81,2364.95,2868.67,ARIMA,219.01,189.2,7.88,2024-08-01T00:00:00+00:00
11,1,2025-04-01,2635.15,2372.34,2897.96,ARIMA,219.01,189.2,7.88,2024-08-01T00:00:00+00:00
11,1,2025-05-01,2653.49,2379.73,2927.25,ARIMA,219.01,189.2,7.88,2024-08-01T00:00:00+00:00
11,1,2025-06-01,2671.82,2387.11,2956.53,ARIMA,219.01,189.2,7.88,2024-08-01T00:00:00+00:00
11,1,2025-07-01,2690.16,2394.5,2985.82,ARIMA,219.01,189.2,7.88,2024-08-01T00:00:00+00:00
11,1,2025-08-01,2708.5,2401.89,3015.11,ARIMA,219.01,189.2,7.88,2024-08-01T00:00:00+00:00
11,1,2025-09-01,2726.84,2409.28,3044.4,ARIMA,219.01,189.2,7.88,2024-08-01T00:00:00+00:00
11,1,2025-10-01,2745.17,2416.66,3073.68,ARIMA,219.01,189.2,7.88,2024-08-01T00:00:00+00:00
11,1,2025-11-01,2763.51,2424.05,3102.97,ARIMA,219.01,189.2,7.88,2024-08-01T00:00:00+00:00
11,1,2025-12-01,2781.85,2431.44,3132.26,ARIMA,219.01,189.2,7.88,2024-08-01T00:00:00+00:00
12,1,2025-01-01,2928.75,2630.27,3227.23,ExponentialSmoothing,284.27,197.83,6.65,2024-08-01T00:00:00+00:00
12,1,2025-02-01,2927.25,2614.56,3239.94,ExponentialSmoothing,284.27,197.83,6.65,2024-08-01T00:00:00+00:00
12,1,2025-03-01,2925.76,2598.85,3252.67,ExponentialSmoothing,284.27,197.83,6.65,2024-08-01T00:00:00+00:00
12,1,2025-04-01,2924.26,2583.14,3265.38,ExponentialSmoothing,284.27,197.83,6.65,2024-08-01T00:00:00+00:00
12,1,2025-05-01,2922.77,2567.44,3278.1,ExponentialSmoothing,284.27,197.83,6.65,2024-08-01T00:00:00+00:00
12,1,2025-06-01,2921.27,2551.72,3290.82,ExponentialSmoothing,284.27,197.83,6.65,2024-08-01T00:00:00+00:00
12,1,2025-07-01,2919.78,2536.02,3303.54,ExponentialSmoothing,284.27,197.83,6.65,2024-08-01T00:00:00+00:00
12,1,2025-08-01,2918.28,2520.31,3316.25,ExponentialSmoothing,284.27,197.83,6.65,2024-08-01T00:00:00+00:00
12,1,2025-09-01,2916.79,2504.6,3328.98,ExponentialSmoothing,284.27,197.83,6.65,2024-08-01T00:00:00+00:00
12,1,2025-10-01,2915.29,2488.89,3341.69,ExponentialSmoothing,284.27,197.83,6.65,2024-08-01T00:00:00+00:00
12,1,2025-11-01,2913.79,2473.18,3354.4,ExponentialSmoothing,284.27,197.83,6.65,2024-08-01T00:00:00+00:00
12,1,2025-12-01,2912.3,2457.47,3367.13,ExponentialSmoothing,284.27,197.83,6.65,2024-08-01T00:00:00+00:00
13,1,2025-01-01,2843.64,2600.46,3086.82,ExponentialSmoothing,231.6,206.71,7.28,2024-08-01T00:00:00+00:00
13,1,2025-02-01,2843.57,2588.81,3098.33,ExponentialSmoothing,231.6,206.71,7.28,2024-08-01T00:00:00+00:00
13,1,2025-03-01,2843.51,2577.17,3109.85,ExponentialSmoothing,231.6,206.71,7.28,2024-08-01T00:00:00+00:00
13,1,2025-04-01,2843.45,2565.52,3121.38,ExponentialSmoothing,231.6,206.71,7.28,2024-08-01T00:00:00+00:00
13,1,2025-05-01,2843.39,2553.88,3132.9,ExponentialSmoothing,231.6,206.71,7.28,2024-08-01T00:00:00+00:00
13,1,2025-06-01,2843.32,2542.23,3144.41,ExponentialSmoothing,231.6,206.71,7.28,2024-08-01T00:00:00+00:00
13,1,2025-07-01,2843.26,2530.59,3155.93,ExponentialSmoothing,231.6,206.71,7.28,2024-08-01T00:00:00+00:00
13,1,2025-08-01,2843.2,2518.95,3167.45,ExponentialSmoothing,231.6,206.71,7.28,2024-08-01T00:00:00+00:00
13,1,2025-09-01,2843.14,2507.31,3178.97,ExponentialSmoothing,231.6,206.71,7.28,2024-08-01T00:00:00+00:00
13,1,2025-10-01,2843.07,2495.66,3190.48,ExponentialSmoothing,231.6,206.71,7.28,2024-08-01T00:00:00+00:00
13,1,2025-11-01,2843.01,2484.02,3202.0,ExponentialSmoothing,231.6,206.71,7.28,2024-08-01T00:00:00+00:00
13,1,2025-12-01,2842.95,2472.38,3213.52,ExponentialSmoothing,231.6,206.71,7.28,2024-08-01T00:00:00+00:00
14,1,2025-01-01,2843.11,2416.71,3269.51,ARIMA,406.1,334.08,13.1,2024-08-01T00:00:00+00:00
14,1,2025-02-01,2856.59,2409.88,3303.3,ARIMA,406.1,334.08,13.1,2024-08-01T00:00:00+00:00
14,1,2025-03-01,2870.07,2403.06,3337.08,ARIMA,406.1,334.08,13.1,2024-08-01T00:00:00+00:00
14,1,2025-04-01,2883.56,2396.24,3370.88,ARIMA,406.1,334.08,13.1,2024-08-01T00:00:00+00:00
14,1,2025-05-01,2897.04,2389.42,3404.66,ARIMA,406.1,334.08,13.1,2024-08-01T00:00:00+00:00
14,1,2025-06-01,2910.52,2382.6,3438.44,ARIMA,406.1,334.08,13.1,2024-08-01T00:00:00+00:00
14,1,2025-07-01,2924.0,2375.77,3472.23,ARIMA,406.1,334.08,13.1,2024-08-01T00:00:00+00:00
14,1,2025-08-01,2937.49,2368.96,3506.02,ARIMA,406.1,334.08,13.1,2024-08-01T00:00:00+00:00
14,1,2025-09-01,2950.97,2362.13,3539.81,ARIMA,406.1,334.08,13.1,2024-08-01T00:00:00+00:00
14,1,2025-10-01,2964.45,2355.31,3573.59,ARIMA,406.1,334.08,13.1,2024-08-01T00:00:00+00:00
14,1,2025-11-01,2977.93,2348.48,3607.38,ARIMA,406.1,334.08,13.1,2024-08-01T00:00:00+00:00
14,1,2025-12-01,2991.42,2341.67,3641.17,ARIMA,406.1,334.08,13.1,2024-08-01T00:00:00+00:00
15,1,2025-01-01,2491.52,2205.71,2777.33,ARIMA,272.2,222.0,8.77,2024-08-01T00:00:00+00:00
15,1,2025-02-01,2478.32,2178.9,2777.74,ARIMA,272.2,222.0,8.77,2024-08-01T00:00:00+00:00
15,1,2025-03-01,2465.12,2152.09,2778.15,ARIMA,272.2,222.0,8.77,2024-08-01T00:00:00+00:00
15,1,2025-04-01,2451.91,2125.27,2778.55,ARIMA,272.2,222.0,8.77,2024-08-01T00:00:00+00:00
15,1,2025-05-01,2438.71,2098.46,2778.96,ARIMA,272.2,222.0,8.77,2024-08-01T00:00:00+00:00
15,1,2025-06-01,2425.5,2071.64,2779.36,ARIMA,272.2,222.0,8.77,2024-08-01T00:00:00+00:00
15,1,2025-07-01,2412.3,2044.83,2779.77,ARIMA,272.2,222.0,8.77,2024-08-01T00:00:00+00:00
15,1,2025-08-01,2399.1,2018.02,2780.18,ARIMA,272.2,222.0,8.77,2024-08-01T00:00:00+00:00
15,1,2025-09-01,2385.89,1991.2,2780.58,ARIMA,272.2,222.0,8.77,2024-08-01T00:00:00+00:00
15,1,2025-10-01,2372.69,1964.39,2780.99,ARIMA,272.2,222.0,8.77,2024-08-01T00:00:00+00:00
15,1,2025-11-01,2359.49,1937.58,2781.4,ARIMA,272.2,222.0,8.77,2024-08-01T00:00:00+00:00
15,1,2025-12-01,2346.28,1910.76,2781.8,ARIMA,272.2,222.0,8.77,2024-08-01T00:00:00+00:00
16,1,2025-01-01,2735.62,2435.35,3035.89,ARIMA,285.97,206.25,8.41,2024-08-01T00:00:00+00:00
16,1,2025-02-01,2744.2,2429.63,3058.77,ARIMA,285.97,206.25,8.41,2024-08-01T00:00:00+00:00
16,1,2025-03-01,2752.79,2423.92,3081.66,ARIMA,285.97,206.25,8.41,2024-08-01T00:00:00+00:00
16,1,2025-04-01,2761.38,2418.21,3104.55,ARIMA,285.97,206.25,8.41,2024-08-01T00:00:00+00:00
16,1,2025-05-01,2769.96,2412.49,3127.43,ARIMA,285.97,206.25,8.41,2024-08-01T00:00:00+00:00
16,1,2025-06-01,2778.55,2406.78,3150.32,ARIMA,285.97,206.25,8.41,2024-08-01T00:00:00+00:00
16,1,2025-07-01,2787.14,2401.08,3173.2,ARIMA,285.97,206.25,8.41,2024-08-01T00:00:00+00:00
16,1,2025-08-01,2795.72,2395.36,3196.08,ARIMA,285.97,206.25,8.41,2024-08-01T00:00:00+00:00
16,1,2025-09-01,2804.31,2389.65,3218.97,ARIMA,285.97,206.25,8.41,2024-08-01T00:00:00+00:00
16,1,2025-10-01,2812.9,2383.94,3241.86,ARIMA,285.97,206.25,8.41,2024-08-01T00:00:00+00:00
16,1,2025-11-01,2821.48,2378.22,3264.74,ARIMA,285.97,206.25,8.41,2024-08-01T00:00:00+00:00
16,1,2025-12-01,2830.07,2372.51,3287.63,ARIMA,285.97,206.25,8.41,2024-08-01T00:00:00+00:00
17,1,2025-01-01,2756.5,2394.05,3118.95,ARIMA,345.19,275.78,9.84,2024-08-01T00:00:00+00:00
17,1,2025-02-01,2763.38,2383.67,3143.09,ARIMA,345.19,275.78,9.84,2024-08-01T00:00:00+00:00
17,1,2025-03-01,2770.26,2373.29,3167.23,ARIMA,345.19,275.78,9.84,2024-08-01T00:00:00+00:00
17,1,2025-04-01,2777.14,2362.92,3191.36,ARIMA,345.19,275.78,9.84,2024-08-01T00:00:00+00:00
17,1,2025-05-01,2784.02,2352.54,3215.5,ARIMA,345.19,275.78,9.84,2024-08-01T00:00:00+00:00
17,1,2025-06-01,2790.9,2342.16,3239.64,ARIMA,345.19,275.78,9.84,2024-08-01T00:00:00+00:00
17,1,2025-07-01,2797.78,2331.78,3263.78,ARIMA,345.19,275.78,9.84,2024-08-01T00:00:00+00:00
17,1,2025-08-01,2804.66,2321.4,3287.92,ARIMA,345.19,275.78,9.84,2024-08-01T00:00:00+00:00
17,1,2025-09-01,2811.54,2311.02,3312.06,ARIMA,345.19,275.78,9.84,2024-08-01T00:00:00+00:00
17,1,2025-10-01,2818.42,2300.64,3336.2,ARIMA,345.19,275.78,9.84,2024-08-01T00:00:00+00:00
17,1,2025-11-01,2825.3,2290.26,3360.34,ARIMA,345.19,275.78,9.84,2024-08-01T00:00:00+00:00
17,1,2025-12-01,2832.18,2279.88,3384.48,ARIMA,345.19,275.78,9.84,2024-08-01T00:00:00+00:00
18,1,2025-01-01,2912.34,2513.33,3311.35,ARIMA,380.01,303.1,10.75,2024-08-01T00:00:00+00:00
18,1,2025-02-01,2928.36,2510.35,3346.37,ARIMA,380.01,303.1,10.75,2024-08-01T00:00:00+00:00
18,1,2025-03-01,2944.37,2507.36,3381.38,ARIMA,380.01,303.1,10.75,2024-08-01T00:00:00+00:00
18,1,2025-04-01,2960.39,2504.38,3416.4,ARIMA,380.01,303.1,10.75,2024-08-01T00:00:00+00:00
18,1,2025-05-01,2976.4,2501.39,3451.41,ARIMA,380.01,303.1,10.75,2024-08-01T00:00:00+00:00
18,1,2025-06-01,2992.42,2498.41,3486.43,ARIMA,380.01,303.1,10.75,2024-08-01T00:00:00+00:00
18,1,2025-07-01,3008.43,2495.42,3521.44,ARIMA,380.01,303.1,10.75,2024-08-01T00:00:00+00:00
18,1,2025-08-01,3024.45,2492.44,3556.46,ARIMA,380.01,303.1,10.75,2024-08-01T00:00:00+00:00
18,1,2025-09-01,3040.46,2489.45,3591.47,ARIMA,380.01,303.1,10.75,2024-08-01T00:00:00+00:00
18,1,2025-10-01,3056.48,2486.47,3626.49,ARIMA,380.01,303.1,10.75,2024-08-01T00:00:00+00:00
18,1,2025-11-01,3072.49,2483.48,3661.5,ARIMA,380.01,303.1,10.75,2024-08-01T00:00:00+00:00
18,1,2025-12-01,3088.51,2480.5,3696.52,ARIMA,380.01,303.1,10.75,2024-08-01T00:00:00+00:00
19,1,2025-01-01,2593.38,2178.61,3008.15,ARIMA,395.02,308.94,13.06,2024-08-01T00:00:00+00:00
19,1,2025-02-01,2608.67,2174.15,3043.19,ARIMA,395.02,308.94,13.06,2024-08-01T00:00:00+00:00
19,1,2025-03-01,2623.96,2169.69,3078.23,ARIMA,395.02,308.94,13.06,2024-08-01T00:00:00+00:00
19,1,2025-04-01,2639.25,2165.23,3113.27,ARIMA,395.02,308.94,13.06,2024-08-01T00:00:00+00:00
19,1,2025-05-01,2654.54,2160.77,3148.31,ARIMA,395.02,308.94,13.06,2024-08-01T00:00:00+00:00
19,1,2025-06-01,2669.83,2156.31,3183.35,ARIMA,395.02,308.94,13.06,2024-08-01T00:00:00+00:00
19,1,2025-07-01,2685.12,2151.84,3218.4,ARIMA,395.02,308.94,13.06,2024-08-01T00:00:00+00:00
19,1,2025-08-01,2700.41,2147.38,3253.44,ARIMA,395.02,308.94,13.06,2024-08-01T00:00:00+00:00
19,1,2025-09-01,2715.7,2142.92,3288.48,ARIMA,395.02,308.94,13.06,2024-08-01T00:00:00+00:00
19,1,2025-10-01,2730.99,2138.46,3323.52,ARIMA,395.02,308.94,13.06,2024-08-01T00:00:00+00:00
19,1,2025-11-01,2746.28,2134.0,3358.56,ARIMA,395.02,308.94,13.06,2024-08-01T00:00:00+00:00
19,1,2025-12-01,2761.57,2129.54,3393.6,ARIMA,395.02,308.94,13.06,2024-08-01T00:00:00+00:00
20,1,2025-01-01,2896.78,2462.37,3331.19,ARIMA,413.72,353.25,12.24,2024-08-01T00:00:00+00:00
20,1,2025-02-01,2901.51,2446.41,3356.61,ARIMA,413.72,353.25,12.24,2024-08-01T00:00:00+00:00
20,1,2025-03-01,2906.25,2430.47,3382.03,ARIMA,413.72,353.25,12.24,2024-08-01T00:00:00+00:00
20,1,2025-04-01,2910.98,2414.51,3407.45,ARIMA,413.72,353.25,12.24,2024-08-01T00:00:00+00:00
20,1,2025-05-01,2915.72,2398.57,3432.87,ARIMA,413.72,353.25,12.24,2024-08-01T00:00:00+00:00
20,1,2025-06-01,2920.45,2382.61,3458.29,ARIMA,413.72,353.25,12.24,2024-08-01T00:00:00+00:00
20,1,2025-07-01,2925.19,2366.66,3483.72,ARIMA,413.72,353.25,12.24,2024-08-01T00:00:00+00:00
20,1,2025-08-01,2929.93,2350.72,3509.14,ARIMA,413.72,353.25,12.24,2024-08-01T00:00:00+00:00
20,1,2025-09-01,2934.66,2334.76,3534.56,ARIMA,413.72,353.25,12.24,2024-08-01T00:00:00+00:00
20,1,2025-10-01,2939.4,2318.81,3559.99,ARIMA,413.72,353.25,12.24,2024-08-01T00:00:00+00:00
20,1,2025-11-01,2944.13,2302.86,3585.4,ARIMA,413.72,353.25,12.24,2024-08-01T00:00:00+00:00
20,1,2025-12-01,2948.87,2286.91,3610.83,ARIMA,413.72,353.25,12.24,2024-08-01T00:00:00+00:00
21,1,2025-01-01,2742.53,2359.79,3125.27,ARIMA,364.52,291.64,10.55,2024-08-01T00:00:00+00:00
21,1,2025-02-01,2749.41,2348.44,3150.38,ARIMA,364.52,291.64,10.55,2024-08-01T00:00:00+00:00
21,1,2025-03-01,2756.3,2337.1,3175.5,ARIMA,364.52,291.64,10.55,2024-08-01T00:00:00+00:00
21,1,2025-04-01,2763.19,2325.77,3200.61,ARIMA,364.52,291.64,10.55,2024-08-01T00:00:00+00:00
21,1,2025-05-01,2770.07,2314.42,3225.72,ARIMA,364.52,291.64,10.55,2024-08-01T00:00:00+00:00
21,1,2025-06-01,2776.96,2303.09,3250.83,ARIMA,364.52,291.64,10.55,2024-08-01T00:00:00+00:00
21,1,2025-07-01,2783.84,2291.74,3275.94,ARIMA,364.52,291.64,10.55,2024-08-01T00:00:00+00:00
21,1,2025-08-01,2790.73,2280.4,3301.06,ARIMA,364.52,291.64,10.55,2024-08-01T00:00:00+00:00
21,1,2025-09-01,2797.61,2269.06,3326.16,ARIMA,364.52,291.64,10.55,2024-08-01T00:00:00+00:00
21,1,2025-10-01,2804.5,2257.72,3351.28,ARIMA,364.52,291.64,10.55,2024-08-01T00:00:00+00:00
21,1,2025-11-01,2811.39,2246.39,3376.39,ARIMA,364.52,291.64,10.55,2024-08-01T00:00:00+00:00
21,1,2025-12-01,2818.27,2235.04,3401.5,ARIMA,364.52,291.64,10.55,2024-08-01T00:00:00+00:00
22,1,2025-01-01,2791.7,2519.03,3064.37,ExponentialSmoothing,259.68,205.94,7.32,2024-08-01T00:00:00+00:00
22,1,2025-02-01,2790.97,2505.32,3076.62,ExponentialSmoothing,259.68,205.94,7.32,2024-08-01T00:00:00+00:00
22,1,2025-03-01,2790.23,2491.59,3088.87,ExponentialSmoothing,259.68,205.94,7.32,2024-08-01T00:00:00+00:00
22,1,2025-04-01,2789.5,2477.88,3101.12,ExponentialSmoothing,259.68,205.94,7.32,2024-08-01T00:00:00+00:00
22,1,2025-05-01,2788.77,2464.16,3113.38,ExponentialSmoothing,259.68,205.94,7.32,2024-08-01T00:00:00+00:00
22,1,2025-06-01,2788.04,2450.45,3125.63,ExponentialSmoothing,259.68,205.94,7.32,2024-08-01T00:00:00+00:00
22,1,2025-07-01,2787.31,2436.74,3137.88,ExponentialSmoothing,259.68,205.94,7.32,2024-08-01T00:00:00+00:00
22,1,2025-08-01,2786.58,2423.02,3150.14,ExponentialSmoothing,259.68,205.94,7.32,2024-08-01T00:00:00+00:00
22,1,2025-09-01,2785.85,2409.31,3162.39,ExponentialSmoothing,259.68,205.94,7.32,2024-08-01T00:00:00+00:00
22,1,2025-10-01,2785.12,2395.59,3174.65,ExponentialSmoothing,259.68,205.94,7.32,2024-08-01T00:00:00+00:00
22,1,2025-11-01,2784.39,2381.88,3186.9,ExponentialSmoothing,259.68,205.94,7.32,2024-08-01T00:00:00+00:00
22,1,2025-12-01,2783.65,2368.16,3199.14,ExponentialSmoothing,259.68,205.94,7.32,2024-08-01T00:00:00+00:00
23,1,2025-01-01,2940.52,2681.64,3199.4,ARIMA,246.55,202.83,6.99,2024-08-01T00:00:00+00:00
23,1,2025-02-01,2947.96,2676.75,3219.17,ARIMA,246.55,202.83,6.99,2024-08-01T00:00:00+00:00
23,1,2025-03-01,2955.39,2671.86,3238.92,ARIMA,246.55,202.83,6.99,2024-08-01T00:00:00+00:00
23,1,2025-04-01,2962.82,2666.96,3258.68,ARIMA,246.55,202.83,6.99,2024-08-01T00:00:00+00:00
23,1,2025-05-01,2970.25,2662.06,3278.44,ARIMA,246.55,202.83,6.99,2024-08-01T00:00:00+00:00
23,1,2025-06-01,2977.69,2657.17,3298.21,ARIMA,246.55,202.83,6.99,2024-08-01T00:00:00+00:00
23,1,2025-07-01,2985.12,2652.28,3317.96,ARIMA,246.55,202.83,6.99,2024-08-01T00:00:00+00:00
23,1,2025-08-01,2992.55,2647.38,3337.72,ARIMA,246.55,202.83,6.99,2024-08-01T00:00:00+00:00
23,1,2025-09-01,2999.99,2642.49,3357.49,ARIMA,246.55,202.83,6.99,2024-08-01T00:00:00+00:00
23,1,2025-10-01,3007.42,2637.59,3377.25,ARIMA,246.55,202.83,6.99,2024-08-01T00:00:00+00:00
23,1,2025-11-01,3014.85,2632.7,3397.0,ARIMA,246.55,202.83,6.99,2024-08-01T00:00:00+00:00
23,1,2025-12-01,3022.28,2627.8,3416.76,ARIMA,246.55,202.83,6.99,2024-08-01T00:00:00+00:00
24,1,2025-01-01,2748.93,2309.09,3188.77,ARIMA,418.9,360.05,13.35,2024-08-01T00:00:00+00:00
24,1,2025-02-01,2755.4,2294.61,3216.19,ARIMA,418.9,360.05,13.35,2024-08-01T00:00:00+00:00
24,1,2025-03-01,2761.86,2280.13,3243.59,ARIMA,418.9,360.05,13.35,2024-08-01T00:00:00+00:00
24,1,2025-04-01,2768.32,2265.65,3270.99,ARIMA,418.9,360.05,13.35,2024-08-01T00:00:00+00:00
24,1,2025-05-01,2774.78,2251.16,3298.4,ARIMA,418.9,360.05,13.35,2024-08-01T00:00:00+00:00
24,1,2025-06-01,2781.24,2236.68,3325.8,ARIMA,418.9,360.05,13.35,2024-08-01T00:00:00+00:00
24,1,2025-07-01,2787.7,2222.19,3353.21,ARIMA,418.9,360.05,13.35,2024-08-01T00:00:00+00:00
24,1,2025-08-01,2794.16,2207.71,3380.61,ARIMA,418.9,360.05,13.35,2024-08-01T00:00:00+00:00
24,1,2025-09-01,2800.63,2193.23,3408.03,ARIMA,418.9,360.05,13.35,2024-08-01T00:00:00+00:00
24,1,2025-10-01,2807.09,2178.75,3435.43,ARIMA,418.9,360.05,13.35,2024-08-01T00:00:00+00:00
24,1,2025-11-01,2813.55,2164.26,3462.84,ARIMA,418.9,360.05,13.35,2024-08-01T00:00:00+00:00
24,1,2025-12-01,2820.01,2149.78,3490.24,ARIMA,418.9,360.05,13.35,2024-08-01T00:00:00+00:00
25,1,2025-01-01,2637.85,2222.31,3053.39,ARIMA,395.75,336.76,13.14,2024-08-01T00:00:00+00:00
25,1,2025-02-01,2626.55,2191.22,3061.88,ARIMA,395.75,336.76,13.14,2024-08-01T00:00:00+00:00
25,1,2025-03-01,2615.24,2160.13,3070.35,ARIMA,395.75,336.76,13.14,2024-08-01T00:00:00+00:00
25,1,2025-04-01,2603.93,2129.03,3078.83,ARIMA,395.75,336.76,13.14,2024-08-01T00:00:00+00:00
25,1,2025-05-01,2592.63,2097.94,3087.32,ARIMA,395.75,336.76,13.14,2024-08-01T00:00:00+00:00
25,1,2025-06-01,2581.32,2066.84,3095.8,ARIMA,395.75,336.76,13.14,2024-08-01T00:00:00+00:00
25,1,2025-07-01,2570.02,2035.76,3104.28,ARIMA,395.75,336.76,13.14,2024-08-01T00:00:00+00:00
25,1,2025-08-01,2558.71,2004.66,3112.76,ARIMA,395.75,336.76,13.14,2024-08-01T00:00:00+00:00
25,1,2025-09-01,2547.41,1973.57,3121.25,ARIMA,395.75,336.76,13.14,2024-08-01T00:00:00+00:00
25,1,2025-10-01,2536.1,1942.47,3129.73,ARIMA,395.75,336.76,13.14,2024-08-01T00:00:00+00:00
25,1,2025-11-01,2524.8,1911.39,3138.21,ARIMA,395.75,336.76,13.14,2024-08-01T00:00:00+00:00
25,1,2025-12-01,2513.49,1880.29,3146.69,ARIMA,395.75,336.76,13.14,2024-08-01T00:00:00+00:00
26,1,2025-01-01,2619.65,2338.99,2900.31,ExponentialSmoothing,267.29,205.56,7.83,2024-08-01T00:00:00+00:00
26,1,2025-02-01,2623.34,2329.32,2917.36,ExponentialSmoothing,267.29,205.56,7.83,2024-08-01T00:00:00+00:00
26,1,2025-03-01,2627.02,2319.64,2934.4,ExponentialSmoothing,267.29,205.56,7.83,2024-08-01T00:00:00+00:00
26,1,2025-04-01,2630.71,2309.96,2951.46,ExponentialSmoothing,267.29,205.56,7.83,2024-08-01T00:00:00+00:00
26,1,2025-05-01,2634.4,2300.29,2968.51,ExponentialSmoothing,267.29,205.56,7.83,2024-08-01T00:00:00+00:00
26,1,2025-06-01,2638.09,2290.61,2985.57,ExponentialSmoothing,267.29,205.56,7.83,2024-08-01T00:00:00+00:00
26,1,2025-07-01,2641.78,2280.94,3002.62,ExponentialSmoothing,267.29,205.56,7.83,2024-08-01T00:00:00+00:00
26,1,2025-08-01,2645.46,2271.25,3019.67,ExponentialSmoothing,267.29,205.56,7.83,2024-08-01T00:00:00+00:00
26,1,2025-09-01,2649.15,2261.58,3036.72,ExponentialSmoothing,267.29,205.56,7.83,2024-08-01T00:00:00+00:00
26,1,2025-10-01,2652.84,2251.9,3053.78,ExponentialSmoothing,267.29,205.56,7.83,2024-08-01T00:00:00+00:00
26,1,2025-11-01,2656.53,2242.23,3070.83,ExponentialSmoothing,267.29,205.56,7.83,2024-08-01T00:00:00+00:00
26,1,2025-12-01,2660.21,2232.54,3087.88,ExponentialSmoothing,267.29,205.56,7.83,2024-08-01T00:00:00+00:00
27,1,2025-01-01,2643.93,2393.19,2894.67,ARIMA,238.8,205.23,7.66,2024-08-01T00:00:00+00:00
27,1,2025-02-01,2637.91,2375.23,2900.59,ARIMA,238.8,205.23,7.66,2024-08-01T00:00:00+00:00
27,1,2025-03-01,2631.9,2357.28,2906.52,ARIMA,238.8,205.23,7.66,2024-08-01T00:00:00+00:00
27,1,2025-04-01,2625.88,2339.32,2912.44,ARIMA,238.8,205.23,7.66,2024-08-01T00:00:00+00:00
27,1,2025-05-01,2619.87,2321.37,2918.37,ARIMA,238.8,205.23,7.66,2024-08-01T00:00:00+00:00
27,1,2025-06-01,2613.85,2303.41,2924.29,ARIMA,238.8,205.23,7.66,2024-08-01T00:00:00+00:00
27,1,2025-07-01,2607.84,2285.46,2930.22,ARIMA,238.8,205.23,7.66,2024-08-01T00:00:00+00:00
27,1,2025-08-01,2601.82,2267.5,2936.14,ARIMA,238.8,205.23,7.66,2024-08-01T00:00:00+00:00
27,1,2025-09-01,2595.81,2249.55,2942.07,ARIMA,238.8,205.23,7.66,2024-08-01T00:00:00+00:00
27,1,2025-10-01,2589.79,2231.59,2947.99,ARIMA,238.8,205.23,7.66,2024-08-01T00:00:00+00:00
27,1,2025-11-01,2583.78,2213.64,2953.92,ARIMA,238.8,205.23,7.66,2024-08-01T00:00:00+00:00
27,1,2025-12-01,2577.76,2195.68,2959.84,ARIMA,238.8,205.23,7.66,2024-08-01T00:00:00+00:00
28,1,2025-01-01,2882.89,2577.1,3188.68,ARIMA,291.23,251.71,9.62,2024-08-01T00:00:00+00:00
28,1,2025-02-01,2909.72,2589.37,3230.07,ARIMA,291.23,251.71,9.62,2024-08-01T00:00:00+00:00
28,1,2025-03-01,2936.55,2601.63,3271.47,ARIMA,291.23,251.71,9.62,2024-08-01T00:00:00+00:00
28,1,2025-04-01,2963.38,2613.9,3312.86,ARIMA,291.23,251.71,9.62,2024-08-01T00:00:00+00:00
28,1,2025-05-01,2990.21,2626.17,3354.25,ARIMA,291.23,251.71,9.62,2024-08-01T00:00:00+00:00
28,1,2025-06-01,3017.04,2638.44,3395.64,ARIMA,291.23,251.71,9.62,2024-08-01T00:00:00+00:00
28,1,2025-07-01,3043.87,2650.71,3437.03,ARIMA,291.23,251.71,9.62,2024-08-01T00:00:00+00:00
28,1,2025-08-01,3070.7,2662.98,3478.42,ARIMA,291.23,251.71,9.62,2024-08-01T00:00:00+00:00
28,1,2025-09-01,3097.53,2675.24,3519.82,ARIMA,291.23,251.71,9.62,2024-08-01T00:00:00+00:00
28,1,2025-10-01,3124.36,2687.51,3561.21,ARIMA,291.23,251.71,9.62,2024-08-01T00:00:00+00:00
28,1,2025-11-01,3151.19,2699.78,3602.6,ARIMA,291.23,251.71,9.62,2024-08-01T00:00:00+00:00
28,1,2025-12-01,3178.02,2712.05,3643.99,ARIMA,291.23,251.71,9.62,2024-08-01T00:00:00+00:00
29,1,2025-01-01,2774.74,2569.69,2979.79,ARIMA,195.28,158.11,5.69,2024-08-01T00:00:00+00:00
29,1,2025-02-01,2764.13,2549.32,2978.94,ARIMA,195.28,158.11,5.69,2024-08-01T00:00:00+00:00
29,1,2025-03-01,2753.52,2528.94,2978.1,ARIMA,195.28,158.11,5.69,2024-08-01T00:00:00+00:00
29,1,2025-04-01,2742.91,2508.57,2977.25,ARIMA,195.28,158.11,5.69,2024-08-01T00:00:00+00:00
29,1,2025-05-01,2732.3,2488.2,2976.4,ARIMA,195.28,158.11,5.69,2024-08-01T00:00:00+00:00
29,1,2025-06-01,2721.69,2467.82,2975.56,ARIMA,195.28,158.11,5.69,2024-08-01T00:00:00+00:00
29,1,2025-07-01,2711.08,2447.45,2974.71,ARIMA,195.28,158.11,5.69,2024-08-01T00:00:00+00:00
29,1,2025-08-01,2700.47,2427.07,2973.87,ARIMA,195.28,158.11,5.69,2024-08-01T00:00:00+00:00
29,1,2025-09-01,2689.86,2406.7,2973.02,ARIMA,195.28,158.11,5.69,2024-08-01T00:00:00+00:00
29,1,2025-10-01,2679.25,2386.33,2972.17,ARIMA,195.28,158.11,5.69,2024-08-01T00:00:00+00:00
29,1,2025-11-01,2668.64,2365.95,2971.33,ARIMA,195.28,158.11,5.69,2024-08-01T00:00:00+00:00
29,1,2025-12-01,2658.03,2345.58,2970.48,ARIMA,195.28,158.11,5.69,2024-08-01T00:00:00+00:00
30,1,2025-01-01,2932.64,2576.82,3288.46,ExponentialSmoothing,338.87,292.49,10.69,2024-08-01T00:00:00+00:00
30,1,2025-02-01,2936.43,2563.67,3309.19,ExponentialSmoothing,338.87,292.49,10.69,2024-08-01T00:00:00+00:00
30,1,2025-03-01,2940.22,2550.52,3329.92,ExponentialSmoothing,338.87,292.49,10.69,2024-08-01T00:00:00+00:00
30,1,2025-04-01,2944.01,2537.36,3350.66,ExponentialSmoothing,338.87,292.49,10.69,2024-08-01T00:00:00+00:00
30,1,2025-05-01,2947.81,2524.22,3371.4,ExponentialSmoothing,338.87,292.49,10.69,2024-08-01T00:00:00+00:00
30,1,2025-06-01,2951.6,2511.07,3392.13,ExponentialSmoothing,338.87,292.49,10.69,2024-08-01T00:00:00+00:00
30,1,2025-07-01,2955.39,2497.91,3412.87,ExponentialSmoothing,338.87,292.49,10.69,2024-08-01T00:00:00+00:00
30,1,2025-08-01,2959.18,2484.76,3433.6,ExponentialSmoothing,338.87,292.49,10.69,2024-08-01T00:00:00+00:00
30,1,2025-09-01,2962.97,2471.61,3454.33,ExponentialSmoothing,338.87,292.49,10.69,2024-08-01T00:00:00+00:00
30,1,2025-10-01,2966.76,2458.45,3475.07,ExponentialSmoothing,338.87,292.49,10.69,2024-08-01T00:00:00+00:00
30,1,2025-11-01,2970.56,2445.31,3495.81,ExponentialSmoothing,338.87,292.49,10.69,2024-08-01T00:00:00+00:00
30,1,2025-12-01,2974.35,2432.15,3516.55,ExponentialSmoothing,338.87,292.49,10.69,2024-08-01T00:00:00+00:00
31,1,2025-01-01,2692.55,2427.51,2957.59,ARIMA,252.42,213.25,8.19,2024-08-01T00:00:00+00:00
31,1,2025-02-01,2685.81,2408.15,2963.47,ARIMA,252.42,213.25,8.19,2024-08-01T00:00:00+00:00
31,1,2025-03-01,2679.06,2388.78,2969.34,ARIMA,252.42,213.25,8.19,2024-08-01T00:00:00+00:00
31,1,2025-04-01,2672.32,2369.42,2975.22,ARIMA,252.42,213.25,8.19,2024-08-01T00:00:00+00:00
31,1,2025-05-01,2665.58,2350.06,2981.1,ARIMA,252.42,213.25,8.19,2024-08-01T00:00:00+00:00
31,1,2025-06-01,2658.83,2330.69,2986.97,ARIMA,252.42,213.25,8.19,2024-08-01T00:00:00+00:00
31,1,2025-07-01,2652.09,2311.33,2992.85,ARIMA,252.42,213.25,8.19,2024-08-01T00:00:00+00:00
31,1,2025-08-01,2645.35,2291.97,2998.73,ARIMA,252.42,213.25,8.19,2024-08-01T00:00:00+00:00
31,1,2025-09-01,2638.6,2272.6,3004.6,ARIMA,252.42,213.25,8.19,2024-08-01T00:00:00+00:00
31,1,2025-10-01,2631.86,2253.24,3010.48,ARIMA,252.42,213.25,8.19,2024-08-01T00:00:00+00:00
31,1,2025-11-01,2625.12,2233.88,3016.36,ARIMA,252.42,213.25,8.19,2024-08-01T00:00:00+00:00
31,1,2025-12-01,2618.38,2214.51,3022.25,ARIMA,252.42,213.25,8.19,2024-08-01T00:00:00+00:00
32,1,2025-01-01,2645.05,2430.16,2859.94,ExponentialSmoothing,204.66,175.25,6.63,2024-08-01T00:00:00+00:00
32,1,2025-02-01,2642.93,2417.8,2868.06,ExponentialSmoothing,204.66,175.25,6.63,2024-08-01T00:00:00+00:00
32,1,2025-03-01,2640.81,2405.45,2876.17,ExponentialSmoothing,204.66,175.25,6.63,2024-08-01T00:00:00+00:00
32,1,2025-04-01,2638.69,2393.1,2884.28,ExponentialSmoothing,204.66,175.25,6.63,2024-08-01T00:00:00+00:00
32,1,2025-05-01,2636.57,2380.74,2892.4,ExponentialSmoothing,204.66,175.25,6.63,2024-08-01T00:00:00+00:00
32,1,2025-06-01,2634.45,2368.39,2900.51,ExponentialSmoothing,204.66,175.25,6.63,2024-08-01T00:00:00+00:00
32,1,2025-07-01,2632.33,2356.04,2908.62,ExponentialSmoothing,204.66,175.25,6.63,2024-08-01T00:00:00+00:00
32,1,2025-08-01,2630.21,2343.68,2916.74,ExponentialSmoothing,204.66,175.25,6.63,2024-08-01T00:00:00+00:00
32,1,2025-09-01,2628.1,2331.34,2924.86,ExponentialSmoothing,204.66,175.25,6.63,2024-08-01T00:00:00+00:00
32,1,2025-10-01,2625.98,2318.99,2932.97,ExponentialSmoothing,204.66,175.25,6.63,2024-08-01T00:00:00+00:00
32,1,2025-11-01,2623.86,2306.63,2941.09,ExponentialSmoothing,204.66,175.25,6.63,2024-08-01T00:00:00+00:00
32,1,2025-12-01,2621.74,2294.28,2949.2,ExponentialSmoothing,204.66,175.25,6.63,2024-08-01T00:00:00+00:00
33,1,2025-01-01,2724.39,2446.97,3001.81,ARIMA,264.21,231.85,8.6,2024-08-01T00:00:00+00:00
33,1,2025-02-01,2733.53,2442.9,3024.16,ARIMA,264.21,231.85,8.6,2024-08-01T00:00:00+00:00
33,1,2025-03-01,2742.67,2438.83,3046.51,ARIMA,264.21,231.85,8.6,2024-08-01T00:00:00+00:00
33,1,2025-04-01,2751.8,2434.74,3068.86,ARIMA,264.21,231.85,8.6,2024-08-01T00:00:00+00:00
33,1,2025-05-01,2760.94,2430.67,3091.21,ARIMA,264.21,231.85,8.6,2024-08-01T00:00:00+00:00
33,1,2025-06-01,2770.07,2426.59,3113.55,ARIMA,264.21,231.85,8.6,2024-08-01T00:00:00+00:00
33,1,2025-07-01,2779.21,2422.52,3135.9,ARIMA,264.21,231.85,8.6,2024-08-01T00:00:00+00:00
33,1,2025-08-01,2788.35,2418.45,3158.25,ARIMA,264.21,231.85,8.6,2024-08-01T00:00:00+00:00
33,1,2025-09-01,2797.48,2414.37,3180.59,ARIMA,264.21,231.85,8.6,2024-08-01T00:00:00+00:00
33,1,2025-10-01,2806.62,2410.3,3202.94,ARIMA,264.21,231.85,8.6,2024-08-01T00:00:00+00:00
33,1,2025-11-01,2815.76,2406.23,3225.29,ARIMA,264.21,231.85,8.6,2024-08-01T00:00:00+00:00
33,1,2025-12-01,2824.89,2402.15,3247.63,ARIMA,264.21,231.85,8.6,2024-08-01T00:00:00+00:00
34,1,2025-01-01,2609.46,2256.23,2962.69,ExponentialSmoothing,336.41,250.41,9.16,2024-08-01T00:00:00+00:00
34,1,2025-02-01,2610.06,2240.01,2980.11,ExponentialSmoothing,336.41,250.41,9.16,2024-08-01T00:00:00+00:00
34,1,2025-03-01,2610.65,2223.78,2997.52,ExponentialSmoothing,336.41,250.41,9.16,2024-08-01T00:00:00+00:00
34,1,2025-04-01,2611.25,2207.56,3014.94,ExponentialSmoothing,336.41,250.41,9.16,2024-08-01T00:00:00+00:00
34,1,2025-05-01,2611.84,2191.33,3032.35,ExponentialSmoothing,336.41,250.41,9.16,2024-08-01T00:00:00+00:00
34,1,2025-06-01,2612.44,2175.11,3049.77,ExponentialSmoothing,336.41,250.41,9.16,2024-08-01T00:00:00+00:00
34,1,2025-07-01,2613.04,2158.89,3067.19,ExponentialSmoothing,336.41,250.41,9.16,2024-08-01T00:00:00+00:00
34,1,2025-08-01,2613.63,2142.66,3084.6,ExponentialSmoothing,336.41,250.41,9.16,2024-08-01T00:00:00+00:00
34,1,2025-09-01,2614.23,2126.43,3102.03,ExponentialSmoothing,336.41,250.41,9.16,2024-08-01T00:00:00+00:00
34,1,2025-10-01,2614.82,2110.2,3119.44,ExponentialSmoothing,336.41,250.41,9.16,2024-08-01T00:00:00+00:00
34,1,2025-11-01,2615.42,2093.98,3136.86,ExponentialSmoothing,336.41,250.41,9.16,2024-08-01T00:00:00+00:00
34,1,2025-12-01,2616.01,2077.75,3154.27,ExponentialSmoothing,336.41,250.41,9.16,2024-08-01T00:00:00+00:00
35,1,2025-01-01,2921.6,2491.35,3351.85,ARIMA,409.76,296.17,12.22,2024-08-01T00:00:00+00:00
35,1,2025-02-01,2931.35,2480.61,3382.09,ARIMA,409.76,296.17,12.22,2024-08-01T00:00:00+00:00
35,1,2025-03-01,2941.1,2469.87,3412.33,ARIMA,409.76,296.17,12.22,2024-08-01T00:00:00+00:00
35,1,2025-04-01,2950.85,2459.14,3442.56,ARIMA,409.76,296.17,12.22,2024-08-01T00:00:00+00:00
35,1,2025-05-01,2960.6,2448.4,3472.8,ARIMA,409.76,296.17,12.22,2024-08-01T00:00:00+00:00
35,1,2025-06-01,2970.35,2437.66,3503.04,ARIMA,409.76,296.17,12.22,2024-08-01T00:00:00+00:00
35,1,2025-07-01,2980.1,2426.92,3533.28,ARIMA,409.76,296.17,12.22,2024-08-01T00:00:00+00:00
35,1,2025-08-01,2989.85,2416.18,3563.52,ARIMA,409.76,296.17,12.22,2024-08-01T00:00:00+00:00
35,1,2025-09-01,2999.6,2405.45,3593.75,ARIMA,409.76,296.17,12.22,2024-08-01T00:00:00+00:00
35,1,2025-10-01,3009.35,2394.71,3623.99,ARIMA,409.76,296.17,12.22,2024-08-01T00:00:00+00:00
35,1,2025-11-01,3019.1,2383.97,3654.23,ARIMA,409.76,296.17,12.22,2024-08-01T00:00:00+00:00
35,1,2025-12-01,3028.85,2373.23,3684.47,ARIMA,409.76,296.17,12.22,2024-08-01T00:00:00+00:00
36,1,2025-01-01,2807.41,2527.21,3087.61,ARIMA,266.86,198.34,7.01,2024-08-01T00:00:00+00:00
36,1,2025-02-01,2800.59,2507.04,3094.14,ARIMA,266.86,198.34,7.01,2024-08-01T00:00:00+00:00
36,1,2025-03-01,2793.76,2486.87,3100.65,ARIMA,266.86,198.34,7.01,2024-08-01T00:00:00+00:00
36,1,2025-04-01,2786.93,2466.7,3107.16,ARIMA,266.86,198.34,7.01,2024-08-01T00:00:00+00:00
36,1,2025-05-01,2780.1,2446.52,3113.68,ARIMA,266.86,198.34,7.01,2024-08-01T00:00:00+00:00
36,1,2025-06-01,2773.27,2426.35,3120.19,ARIMA,266.86,198.34,7.01,2024-08-01T00:00:00+00:00
36,1,2025-07-01,2766.45,2406.19,3126.71,ARIMA,266.86,198.34,7.01,2024-08-01T00:00:00+00:00
36,1,2025-08-01,2759.62,2386.01,3133.23,ARIMA,266.86,198.34,7.01,2024-08-01T00:00:00+00:00
36,1,2025-09-01,2752.79,2365.84,3139.74,ARIMA,266.86,198.34,7.01,2024-08-01T00:00:00+00:00
36,1,2025-10-01,2745.96,2345.67,3146.25,ARIMA,266.86,198.34,7.01,2024-08-01T00:00:00+00:00
36,1,2025-11-01,2739.13,2325.49,3152.77,ARIMA,266.86,198.34,7.01,2024-08-01T00:00:00+00:00
36,1,2025-12-01,2732.31,2305.33,3159.29,ARIMA,266.86,198.34,7.01,2024-08-01T00:00:00+00:00
37,1,2025-01-01,2681.39,2208.9,3153.88,ExponentialSmoothing,449.99,373.49,15.33,2024-08-01T00:00:00+00:00
37,1,2025-02-01,2684.13,2189.14,3179.12,ExponentialSmoothing,449.99,373.49,15.33,2024-08-01T00:00:00+00:00
37,1,2025-03-01,2686.86,2169.37,3204.35,ExponentialSmoothing,449.99,373.49,15.33,2024-08-01T00:00:00+00:00
37,1,2025-04-01,2689.6,2149.61,3229.59,ExponentialSmoothing,449.99,373.49,15.33,2024-08-01T00:00:00+00:00
37,1,2025-05-01,2692.34,2129.85,3254.83,ExponentialSmoothing,449.99,373.49,15.33,2024-08-01T00:00:00+00:00
37,1,2025-06-01,2695.08,2110.09,3280.07,ExponentialSmoothing,449.99,373.49,15.33,2024-08-01T00:00:00+00:00
37,1,2025-07-01,2697.81,2090.33,3305.29,ExponentialSmoothing,449.99,373.49,15.33,2024-08-01T00:00:00+00:00
37,1,2025-08-01,2700.55,2070.57,3330.53,ExponentialSmoothing,449.99,373.49,15.33,2024-08-01T00:00:00+00:00
37,1,2025-09-01,2703.29,2050.81,3355.77,ExponentialSmoothing,449.99,373.49,15.33,2024-08-01T00:00:00+00:00
37,1,2025-10-01,2706.03,2031.05,3381.01,ExponentialSmoothing,449.99,373.49,15.33,2024-08-01T00:00:00+00:00
37,1,2025-11-01,2708.77,2011.29,3406.25,ExponentialSmoothing,449.99,373.49,15.33,2024-08-01T00:00:00+00:00
37,1,2025-12-01,2711.5,1991.52,3431.48,ExponentialSmoothing,449.99,373.49,15.33,2024-08-01T00:00:00+00:00
38,1,2025-01-01,2822.82,2343.59,3302.05,ExponentialSmoothing,456.41,326.82,11.51,2024-08-01T00:00:00+00:00
38,1,2025-02-01,2820.41,2318.36,3322.46,ExponentialSmoothing,456.41,326.82,11.51,2024-08-01T00:00:00+00:00
38,1,2025-03-01,2818.0,2293.13,3342.87,ExponentialSmoothing,456.41,326.82,11.51,2024-08-01T00:00:00+00:00
38,1,2025-04-01,2815.59,2267.9,3363.28,ExponentialSmoothing,456.41,326.82,11.51,2024-08-01T00:00:00+00:00
38,1,2025-05-01,2813.18,2242.67,3383.69,ExponentialSmoothing,456.41,326.82,11.51,2024-08-01T00:00:00+00:00
38,1,2025-06-01,2810.77,2217.44,3404.1,ExponentialSmoothing,456.41,326.82,11.51,2024-08-01T00:00:00+00:00
38,1,2025-07-01,2808.36,2192.21,3424.51,ExponentialSmoothing,456.41,326.82,11.51,2024-08-01T00:00:00+00:00
38,1,2025-08-01,2805.96,2166.99,3444.93,ExponentialSmoothing,456.41,326.82,11.51,2024-08-01T00:00:00+00:00
38,1,2025-09-01,2803.55,2141.76,3465.34,ExponentialSmoothing,456.41,326.82,11.51,2024-08-01T00:00:00+00:00
38,1,2025-10-01,2801.14,2116.53,3485.75,ExponentialSmoothing,456.41,326.82,11.51,2024-08-01T00:00:00+00:00
38,1,2025-11-01,2798.73,2091.3,3506.16,ExponentialSmoothing,456.41,326.82,11.51,2024-08-01T00:00:00+00:00
38,1,2025-12-01,2796.32,2066.07,3526.57,ExponentialSmoothing,456.41,326.82,11.51,2024-08-01T00:00:00+00:00
39,1,2025-01-01,2848.24,2457.56,3238.92,ARIMA,372.08,317.78,10.93,2024-08-01T00:00:00+00:00
39,1,2025-02-01,2833.04,2423.75,3242.33,ARIMA,372.08,317.78,10.93,2024-08-01T00:00:00+00:00
39,1,2025-03-01,2817.84,2389.95,3245.73,ARIMA,372.08,317.78,10.93,2024-08-01T00:00:00+00:00
39,1,2025-04-01,2802.63,2356.13,3249.13,ARIMA,372.08,317.78,10.93,2024-08-01T00:00:00+00:00
39,1,2025-05-01,2787.43,2322.33,3252.53,ARIMA,372.08,317.78,10.93,2024-08-01T00:00:00+00:00
39,1,2025-06-01,2772.23,2288.53,3255.93,ARIMA,372.08,317.78,10.93,2024-08-01T00:00:00+00:00
39,1,2025-07-01,2757.03,2254.72,3259.34,ARIMA,372.08,317.78,10.93,2024-08-01T00:00:00+00:00
39,1,2025-08-01,2741.82,2220.91,3262.73,ARIMA,372.08,317.78,10.93,2024-08-01T00:00:00+00:00
39,1,2025-09-01,2726.62,2187.1,3266.14,ARIMA,372.08,317.78,10.93,2024-08-01T00:00:00+00:00
39,1,2025-10-01,2711.42,2153.3,3269.54,ARIMA,372.08,317.78,10.93,2024-08-01T00:00:00+00:00
39,1,2025-11-01,2696.22,2119.5,3272.94,ARIMA,372.08,317.78,10.93,2024-08-01T00:00:00+00:00
39,1,2025-12-01,2681.01,2085.68,3276.34,ARIMA,372.08,317.78,10.93,2024-08-01T00:00:00+00:00
40,1,2025-01-01,2646.26,2482.8,2809.72,ARIMA,155.68,130.77,5.03,2024-08-01T00:00:00+00:00
40,1,2025-02-01,2650.76,2479.52,2822.0,ARIMA,155.68,130.77,5.03,2024-08-01T00:00:00+00:00
40,1,2025-03-01,2655.25,2476.22,2834.28,ARIMA,155.68,130.77,5.03,2024-08-01T00:00:00+00:00
40,1,2025-04-01,2659.74,2472.93,2846.55,ARIMA,155.68,130.77,5.03,2024-08-01T00:00:00+00:00
40,1,2025-05-01,2664.24,2469.64,2858.84,ARIMA,155.68,130.77,5.03,2024-08-01T00:00:00+00:00
40,1,2025-06-01,2668.73,2466.35,2871.11,ARIMA,155.68,130.77,5.03,2024-08-01T00:00:00+00:00
40,1,2025-07-01,2673.22,2463.06,2883.38,ARIMA,155.68,130.77,5.03,2024-08-01T00:00:00+00:00
40,1,2025-08-01,2677.72,2459.77,2895.67,ARIMA,155.68,130.77,5.03,2024-08-01T00:00:00+00:00
40,1,2025-09-01,2682.21,2456.48,2907.94,ARIMA,155.68,130.77,5.03,2024-08-01T00:00:00+00:00
40,1,2025-10-01,2686.7,2453.19,2920.21,ARIMA,155.68,130.77,5.03,2024-08-01T00:00:00+00:00
40,1,2025-11-01,2691.2,2449.9,2932.5,ARIMA,155.68,130.77,5.03,2024-08-01T00:00:00+00:00
40,1,2025-12-01,2695.69,2446.61,2944.77,ARIMA,155.68,130.77,5.03,2024-08-01T00:00:00+00:00
41,1,2025-01-01,2927.76,2623.38,3232.14,ARIMA,289.89,251.03,8.93,2024-08-01T00:00:00+00:00
41,1,2025-02-01,2951.39,2632.51,3270.27,ARIMA,289.89,251.03,8.93,2024-08-01T00:00:00+00:00
41,1,2025-03-01,2975.01,2641.64,3308.38,ARIMA,289.89,251.03,8.93,2024-08-01T00:00:00+00:00
41,1,2025-04-01,2998.63,2650.77,3346.49,ARIMA,289.89,251.03,8.93,2024-08-01T00:00:00+00:00
41,1,2025-05-01,3022.26,2659.9,3384.62,ARIMA,289.89,251.03,8.93,2024-08-01T00:00:00+00:00
41,1,2025-06-01,3045.88,2669.03,3422.73,ARIMA,289.89,251.03,8.93,2024-08-01T00:00:00+00:00
41,1,2025-07-01,3069.51,2678.16,3460.86,ARIMA,289.89,251.03,8.93,2024-08-01T00:00:00+00:00
41,1,2025-08-01,3093.13,2687.29,3498.97,ARIMA,289.89,251.03,8.93,2024-08-01T00:00:00+00:00
41,1,2025-09-01,3116.75,2696.41,3537.09,ARIMA,289.89,251.03,8.93,2024-08-01T00:00:00+00:00
41,1,2025-10-01,3140.38,2705.55,3575.21,ARIMA,289.89,251.03,8.93,2024-08-01T00:00:00+00:00
41,1,2025-11-01,3164.0,2714.68,3613.32,ARIMA,289.89,251.03,8.93,2024-08-01T00:00:00+00:00
41,1,2025-12-01,3187.62,2723.8,3651.44,ARIMA,289.89,251.03,8.93,2024-08-01T00:00:00+00:00
42,1,2025-01-01,2731.04,2310.54,3151.54,ExponentialSmoothing,400.47,302.55,12.1,2024-08-01T00:00:00+00:00
42,1,2025-02-01,2729.81,2289.29,3170.33,ExponentialSmoothing,400.47,302.55,12.1,2024-08-01T00:00:00+00:00
42,1,2025-03-01,2728.59,2268.05,3189.13,ExponentialSmoothing,400.47,302.55,12.1,2024-08-01T00:00:00+00:00
42,1,2025-04-01,2727.36,2246.79,3207.93,ExponentialSmoothing,400.47,302.55,12.1,2024-08-01T00:00:00+00:00
42,1,2025-05-01,2726.13,2225.54,3226.72,ExponentialSmoothing,400.47,302.55,12.1,2024-08-01T00:00:00+00:00
42,1,2025-06-01,2724.91,2204.29,3245.53,ExponentialSmoothing,400.47,302.55,12.1,2024-08-01T00:00:00+00:00
42,1,2025-07-01,2723.68,2183.04,3264.32,ExponentialSmoothing,400.47,302.55,12.1,2024-08-01T00:00:00+00:00
42,1,2025-08-01,2722.45,2161.79,3283.11,ExponentialSmoothing,400.47,302.55,12.1,2024-08-01T00:00:00+00:00
42,1,2025-09-01,2721.23,2140.54,3301.92,ExponentialSmoothing,400.47,302.55,12.1,2024-08-01T00:00:00+00:00
42,1,2025-10-01,2720.0,2119.29,3320.71,ExponentialSmoothing,400.47,302.55,12.1,2024-08-01T00:00:00+00:00
42,1,2025-11-01,2718.78,2098.05,3339.51,ExponentialSmoothing,400.47,302.55,12.1,2024-08-01T00:00:00+00:00
42,1,2025-12-01,2717.55,2076.79,3358.31,ExponentialSmoothing,400.47,302.55,12.1,2024-08-01T00:00:00+00:00
43,1,2025-01-01,2909.03,2754.48,3063.58,ARIMA,147.19,127.89,4.39,2024-08-01T00:00:00+00:00
43,1,2025-02-01,2901.14,2739.23,3063.05,ARIMA,147.19,127.89,4.39,2024-08-01T00:00:00+00:00
43,1,2025-03-01,2893.25,2723.98,3062.52,ARIMA,147.19,127.89,4.39,2024-08-01T00:00:00+00:00
43,1,2025-04-01,2885.37,2708.74,3062.0,ARIMA,147.19,127.89,4.39,2024-08-01T00:00:00+00:00
43,1,2025-05-01,2877.48,2693.49,3061.47,ARIMA,147.19,127.89,4.39,2024-08-01T00:00:00+00:00
43,1,2025-06-01,2869.59,2678.24,3060.94,ARIMA,147.19,127.89,4.39,2024-08-01T00:00:00+00:00
43,1,2025-07-01,2861.71,2663.0,3060.42,ARIMA,147.19,127.89,4.39,2024-08-01T00:00:00+00:00
43,1,2025-08-01,2853.82,2647.75,3059.89,ARIMA,147.19,127.89,4.39,2024-08-01T00:00:00+00:00
43,1,2025-09-01,2845.93,2632.5,3059.36,ARIMA,147.19,127.89,4.39,2024-08-01T00:00:00+00:00
43,1,2025-10-01,2838.04,2617.25,3058.83,ARIMA,147.19,127.89,4.39,2024-08-01T00:00:00+00:00
43,1,2025-11-01,2830.16,2602.01,3058.31,ARIMA,147.19,127.89,4.39,2024-08-01T00:00:00+00:00
43,1,2025-12-01,2822.27,2586.76,3057.78,ARIMA,147.19,127.89,4.39,2024-08-01T00:00:00+00:00
44,1,2025-01-01,2794.17,2379.21,3209.13,ExponentialSmoothing,395.2,330.77,12.2,2024-08-01T00:00:00+00:00
44,1,2025-02-01,2792.23,2357.51,3226.95,ExponentialSmoothing,395.2,330.77,12.2,2024-08-01T00:00:00+00:00
44,1,2025-03-01,2790.3,2335.82,3244.78,ExponentialSmoothing,395.2,330.77,12.2,2024-08-01T00:00:00+00:00
44,1,2025-04-01,2788.36,2314.12,3262.6,ExponentialSmoothing,395.2,330.77,12.2,2024-08-01T00:00:00+00:00
44,1,2025-05-01,2786.42,2292.42,3280.42,ExponentialSmoothing,395.2,330.77,12.2,2024-08-01T00:00:00+00:00
44,1,2025-06-01,2784.49,2270.73,3298.25,ExponentialSmoothing,395.2,330.77,12.2,2024-08-01T00:00:00+00:00
44,1,2025-07-01,2782.55,2249.03,3316.07,ExponentialSmoothing,395.2,330.77,12.2,2024-08-01T00:00:00+00:00
44,1,2025-08-01,2780.61,2227.33,3333.89,ExponentialSmoothing,395.2,330.77,12.2,2024-08-01T00:00:00+00:00
44,1,2025-09-01,2778.68,2205.64,3351.72,ExponentialSmoothing,395.2,330.77,12.2,2024-08-01T00:00:00+00:00
44,1,2025-10-01,2776.74,2183.95,3369.53,ExponentialSmoothing,395.2,330.77,12.2,2024-08-01T00:00:00+00:00
44,1,2025-11-01,2774.8,2162.25,3387.35,ExponentialSmoothing,395.2,330.77,12.2,2024-08-01T00:00:00+00:00
44,1,2025-12-01,2772.87,2140.56,3405.18,ExponentialSmoothing,395.2,330.77,12.2,2024-08-01T00:00:00+00:00
45,1,2025-01-01,2702.66,2405.48,2999.84,ExponentialSmoothing,283.03,237.5,8.95,2024-08-01T00:00:00+00:00
45,1,2025-02-01,2705.15,2393.81,3016.49,ExponentialSmoothing,283.03,237.5,8.95,2024-08-01T00:00:00+00:00
45,1,2025-03-01,2707.63,2382.14,3033.12,ExponentialSmoothing,283.03,237.5,8.95,2024-08-01T00:00:00+00:00
45,1,2025-04-01,2710.12,2370.48,3049.76,ExponentialSmoothing,283.03,237.5,8.95,2024-08-01T00:00:00+00:00
45,1,2025-05-01,2712.61,2358.82,3066.4,ExponentialSmoothing,283.03,237.5,8.95,2024-08-01T00:00:00+00:00
45,1,2025-06-01,2715.1,2347.16,3083.04,ExponentialSmoothing,283.03,237.5,8.95,2024-08-01T00:00:00+00:00
45,1,2025-07-01,2717.58,2335.49,3099.67,ExponentialSmoothing,283.03,237.5,8.95,2024-08-01T00:00:00+00:00
45,1,2025-08-01,2720.07,2323.83,3116.31,ExponentialSmoothing,283.03,237.5,8.95,2024-08-01T00:00:00+00:00
45,1,2025-09-01,2722.56,2312.16,3132.96,ExponentialSmoothing,283.03,237.5,8.95,2024-08-01T00:00:00+00:00
45,1,2025-10-01,2725.05,2300.5,3149.6,ExponentialSmoothing,283.03,237.5,8.95,2024-08-01T00:00:00+00:00
45,1,2025-11-01,2727.53,2288.83,3166.23,ExponentialSmoothing,283.03,237.5,8.95,2024-08-01T00:00:00+00:00
45,1,2025-12-01,2730.02,2277.17,3182.87,ExponentialSmoothing,283.03,237.5,8.95,2024-08-01T00:00:00+00:00
46,1,2025-01-01,2916.9,2631.17,3202.63,ARIMA,272.12,225.37,7.82,2024-08-01T00:00:00+00:00
46,1,2025-02-01,2930.86,2631.52,3230.2,ARIMA,272.12,225.37,7.82,2024-08-01T00:00:00+00:00
46,1,2025-03-01,2944.83,2631.89,3257.77,ARIMA,272.12,225.37,7.82,2024-08-01T00:00:00+00:00
46,1,2025-04-01,2958.79,2632.24,3285.34,ARIMA,272.12,225.37,7.82,2024-08-01T00:00:00+00:00
46,1,2025-05-01,2972.75,2632.6,3312.9,ARIMA,272.12,225.37,7.82,2024-08-01T00:00:00+00:00
46,1,2025-06-01,2986.71,2632.95,3340.47,ARIMA,272.12,225.37,7.82,2024-08-01T00:00:00+00:00
46,1,2025-07-01,3000.68,2633.31,3368.05,ARIMA,272.12,225.37,7.82,2024-08-01T00:00:00+00:00
46,1,2025-08-01,3014.64,2633.67,3395.61,ARIMA,272.12,225.37,7.82,2024-08-01T00:00:00+00:00
46,1,2025-09-01,3028.6,2634.02,3423.18,ARIMA,272.12,225.37,7.82,2024-08-01T00:00:00+00:00
46,1,2025-10-01,3042.57,2634.39,3450.75,ARIMA,272.12,225.37,7.82,2024-08-01T00:00:00+00:00
46,1,2025-11-01,3056.53,2634.74,3478.32,ARIMA,272.12,225.37,7.82,2024-08-01T00:00:00+00:00
46,1,2025-12-01,3070.49,2635.09,3505.89,ARIMA,272.12,225.37,7.82,2024-08-01T00:00:00+00:00
47,1,2025-01-01,2838.97,2472.46,3205.48,ARIMA,349.06,270.45,9.52,2024-08-01T00:00:00+00:00
47,1,2025-02-01,2844.93,2460.97,3228.89,ARIMA,349.06,270.45,9.52,2024-08-01T00:00:00+00:00
47,1,2025-03-01,2850.89,2449.47,3252.31,ARIMA,349.06,270.45,9.52,2024-08-01T00:00:00+00:00
47,1,2025-04-01,2856.85,2437.98,3275.72,ARIMA,349.06,270.45,9.52,2024-08-01T00:00:00+00:00
47,1,2025-05-01,2862.81,2426.49,3299.13,ARIMA,349.06,270.45,9.52,2024-08-01T00:00:00+00:00
47,1,2025-06-01,2868.77,2414.99,3322.55,ARIMA,349.06,270.45,9.52,2024-08-01T00:00:00+00:00
47,1,2025-07-01,2874.73,2403.5,3345.96,ARIMA,349.06,270.45,9.52,2024-08-01T00:00:00+00:00
47,1,2025-08-01,2880.69,2392.01,3369.37,ARIMA,349.06,270.45,9.52,2024-08-01T00:00:00+00:00
47,1,2025-09-01,2886.65,2380.51,3392.79,ARIMA,349.06,270.45,9.52,2024-08-01T00:00:00+00:00
47,1,2025-10-01,2892.61,2369.02,3416.2,ARIMA,349.06,270.45,9.52,2024-08-01T00:00:00+00:00
47,1,2025-11-01,2898.57,2357.53,3439.61,ARIMA,349.06,270.45,9.52,2024-08-01T00:00:00+00:00
47,1,2025-12-01,2904.53,2346.04,3463.02,ARIMA,349.06,270.45,9.52,2024-08-01T00:00:00+00:00
48,1,2025-01-01,2789.73,2593.34,2986.12,ARIMA,187.04,162.59,5.85,2024-08-01T00:00:00+00:00
48,1,2025-02-01,2794.68,2588.94,3000.42,ARIMA,187.04,162.59,5.85,2024-08-01T00:00:00+00:00
48,1,2025-03-01,2799.63,2584.54,3014.72,ARIMA,187.04,162.59,5.85,2024-08-01T00:00:00+00:00
48,1,2025-04-01,2804.58,2580.14,3029.02,ARIMA,187.04,162.59,5.85,2024-08-01T00:00:00+00:00
48,1,2025-05-01,2809.53,2575.73,3043.33,ARIMA,187.04,162.59,5.85,2024-08-01T00:00:00+00:00
48,1,2025-06-01,2814.49,2571.34,3057.64,ARIMA,187.04,162.59,5.85,2024-08-01T00:00:00+00:00
48,1,2025-07-01,2819.44,2566.94,3071.94,ARIMA,187.04,162.59,5.85,2024-08-01T00:00:00+00:00
48,1,2025-08-01,2824.39,2562.54,3086.24,ARIMA,187.04,162.59,5.85,2024-08-01T00:00:00+00:00
48,1,2025-09-01,2829.34,2558.14,3100.54,ARIMA,187.04,162.59,5.85,2024-08-01T00:00:00+00:00
48,1,2025-10-01,2834.3,2553.74,3114.86,ARIMA,187.04,162.59,5.85,2024-08-01T00:00:00+00:00
48,1,2025-11-01,2839.25,2549.34,3129.16,ARIMA,187.04,162.59,5.85,2024-08-01T00:00:00+00:00
48,1,2025-12-01,2844.2,2544.94,3143.46,ARIMA,187.04,162.59,5.85,2024-08-01T00:00:00+00:00
49,1,2025-01-01,2935.8,2550.6,3321.0,ARIMA,366.86,314.72,11.18,2024-08-01T00:00:00+00:00
49,1,2025-02-01,2943.13,2539.59,3346.67,ARIMA,366.86,314.72,11.18,2024-08-01T00:00:00+00:00
49,1,2025-03-01,2950.46,2528.57,3372.35,ARIMA,366.86,314.72,11.18,2024-08-01T00:00:00+00:00
49,1,2025-04-01,2957.79,2517.56,3398.02,ARIMA,366.86,314.72,11.18,2024-08-01T00:00:00+00:00
49,1,2025-05-01,2965.11,2506.54,3423.68,ARIMA,366.86,314.72,11.18,2024-08-01T00:00:00+00:00
49,1,2025-06-01,2972.44,2495.53,3449.35,ARIMA,366.86,314.72,11.18,2024-08-01T00:00:00+00:00
49,1,2025-07-01,2979.77,2484.51,3475.03,ARIMA,366.86,314.72,11.18,2024-08-01T00:00:00+00:00
49,1,2025-08-01,2987.09,2473.49,3500.69,ARIMA,366.86,314.72,11.18,2024-08-01T00:00:00+00:00
49,1,2025-09-01,2994.42,2462.48,3526.36,ARIMA,366.86,314.72,11.18,2024-08-01T00:00:00+00:00
49,1,2025-10-01,3001.75,2451.46,3552.04,ARIMA,366.86,314.72,11.18,2024-08-01T00:00:00+00:00
49,1,2025-11-01,3009.08,2440.45,3577.71,ARIMA,366.86,314.72,11.18,2024-08-01T00:00:00+00:00
49,1,2025-12-01,3016.4,2429.43,3603.37,ARIMA,366.86,314.72,11.18,2024-08-01T00:00:00+00:00
50,1,2025-01-01,2636.54,2139.71,3133.37,ExponentialSmoothing,473.17,409.7,15.88,2024-08-01T00:00:00+00:00
50,1,2025-02-01,2635.09,2114.6,3155.58,ExponentialSmoothing,473.17,409.7,15.88,2024-08-01T00:00:00+00:00
50,1,2025-03-01,2633.64,2089.49,3177.79,ExponentialSmoothing,473.17,409.7,15.88,2024-08-01T00:00:00+00:00
50,1,2025-04-01,2632.19,2064.38,3200.0,ExponentialSmoothing,473.17,409.7,15.88,2024-08-01T00:00:00+00:00
50,1,2025-05-01,2630.75,2039.28,3222.22,ExponentialSmoothing,473.17,409.7,15.88,2024-08-01T00:00:00+00:00
50,1,2025-06-01,2629.3,2014.17,3244.43,ExponentialSmoothing,473.17,409.7,15.88,2024-08-01T00:00:00+00:00
50,1,2025-07-01,2627.85,1989.07,3266.63,ExponentialSmoothing,473.17,409.7,15.88,2024-08-01T00:00:00+00:00
50,1,2025-08-01,2626.4,1963.96,3288.84,ExponentialSmoothing,473.17,409.7,15.88,2024-08-01T00:00:00+00:00
50,1,2025-09-01,2624.95,1938.85,3311.05,ExponentialSmoothing,473.17,409.7,15.88,2024-08-01T00:00:00+00:00
50,1,2025-10-01,2623.5,1913.74,3333.26,ExponentialSmoothing,473.17,409.7,15.88,2024-08-01T00:00:00+00:00
50,1,2025-11-01,2622.05,1888.63,3355.47,ExponentialSmoothing,473.17,409.7,15.88,2024-08-01T00:00:00+00:00
50,1,2025-12-01,2620.6,1863.52,3377.68,ExponentialSmoothing,473.17,409.7,15.88,2024-08-01T00:00:00+00:00
51,1,2025-01-01,2903.65,2411.66,3395.64,ARIMA,468.56,380.55,13.97,2024-08-01T00:00:00+00:00
51,1,2025-02-01,2908.92,2393.5,3424.34,ARIMA,468.56,380.55,13.97,2024-08-01T00:00:00+00:00
51,1,2025-03-01,2914.2,2375.35,3453.05,ARIMA,468.56,380.55,13.97,2024-08-01T00:00:00+00:00
51,1,2025-04-01,2919.47,2357.2,3481.74,ARIMA,468.56,380.55,13.97,2024-08-01T00:00:00+00:00
51,1,2025-05-01,2924.75,2339.05,3510.45,ARIMA,468.56,380.55,13.97,2024-08-01T00:00:00+00:00
51,1,2025-06-01,2930.02,2320.89,3539.15,ARIMA,468.56,380.55,13.97,2024-08-01T00:00:00+00:00
51,1,2025-07-01,2935.3,2302.74,3567.86,ARIMA,468.56,380.55,13.97,2024-08-01T00:00:00+00:00
51,1,2025-08-01,2940.57,2284.58,3596.56,ARIMA,468.56,380.55,13.97,2024-08-01T00:00:00+00:00
51,1,2025-09-01,2945.85,2266.44,3625.26,ARIMA,468.56,380.55,13.97,2024-08-01T00:00:00+00:00
51,1,2025-10-01,2951.12,2248.28,3653.96,ARIMA,468.56,380.55,13.97,2024-08-01T00:00:00+00:00
51,1,2025-11-01,2956.4,2230.13,3682.67,ARIMA,468.56,380.55,13.97,2024-08-01T00:00:00+00:00
51,1,2025-12-01,2961.67,2211.97,3711.37,ARIMA,468.56,380.55,13.97,2024-08-01T00:00:00+00:00
52,1,2025-01-01,2975.14,2581.95,3368.33,ARIMA,374.47,347.55,11.92,2024-08-01T00:00:00+00:00
52,1,2025-02-01,2980.31,2568.4,3392.22,ARIMA,374.47,347.55,11.92,2024-08-01T00:00:00+00:00
52,1,2025-03-01,2985.48,2554.84,3416.12,ARIMA,374.47,347.55,11.92,2024-08-01T00:00:00+00:00
52,1,2025-04-01,2990.65,2541.29,3440.01,ARIMA,374.47,347.55,11.92,2024-08-01T00:00:00+00:00
52,1,2025-05-01,2995.82,2527.74,3463.9,ARIMA,374.47,347.55,11.92,2024-08-01T00:00:00+00:00
52,1,2025-06-01,3000.98,2514.17,3487.79,ARIMA,374.47,347.55,11.92,2024-08-01T00:00:00+00:00
52,1,2025-07-01,3006.15,2500.62,3511.68,ARIMA,374.47,347.55,11.92,2024-08-01T00:00:00+00:00
52,1,2025-08-01,3011.32,2487.07,3535.57,ARIMA,374.47,347.55,11.92,2024-08-01T00:00:00+00:00
52,1,2025-09-01,3016.49,2473.52,3559.46,ARIMA,374.47,347.55,11.92,2024-08-01T00:00:00+00:00
52,1,2025-10-01,3021.66,2459.96,3583.36,ARIMA,374.47,347.55,11.92,2024-08-01T00:00:00+00:00
52,1,2025-11-01,3026.83,2446.41,3607.25,ARIMA,374.47,347.55,11.92,2024-08-01T00:00:00+00:00
52,1,2025-12-01,3032.0,2432.86,3631.14,ARIMA,374.47,347.55,11.92,2024-08-01T00:00:00+00:00
53,1,2025-01-01,2982.46,2521.99,3442.93,ARIMA,438.54,336.23,13.23,2024-08-01T00:00:00+00:00
53,1,2025-02-01,3011.11,2528.72,3493.5,ARIMA,438.54,336.23,13.23,2024-08-01T00:00:00+00:00
53,1,2025-03-01,3039.75,2535.43,3544.07,ARIMA,438.54,336.23,13.23,2024-08-01T00:00:00+00:00
53,1,2025-04-01,3068.4,2542.15,3594.65,ARIMA,438.54,336.23,13.23,2024-08-01T00:00:00+00:00
53,1,2025-05-01,3097.04,2548.87,3645.21,ARIMA,438.54,336.23,13.23,2024-08-01T00:00:00+00:00
53,1,2025-06-01,3125.69,2555.59,3695.79,ARIMA,438.54,336.23,13.23,2024-08-01T00:00:00+00:00
53,1,2025-07-01,3154.34,2562.31,3746.37,ARIMA,438.54,336.23,13.23,2024-08-01T00:00:00+00:00
53,1,2025-08-01,3182.98,2569.03,3796.93,ARIMA,438.54,336.23,13.23,2024-08-01T00:00:00+00:00
53,1,2025-09-01,3211.63,2575.75,3847.51,ARIMA,438.54,336.23,13.23,2024-08-01T00:00:00+00:00
53,1,2025-10-01,3240.27,2582.46,3898.08,ARIMA,438.54,336.23,13.23,2024-08-01T00:00:00+00:00
53,1,2025-11-01,3268.92,2589.19,3948.65,ARIMA,438.54,336.23,13.23,2024-08-01T00:00:00+00:00
53,1,2025-12-01,3297.57,2595.91,3999.23,ARIMA,438.54,336.23,13.23,2024-08-01T00:00:00+00:00
54,1,2025-01-01,2636.81,2358.1,2915.52,ARIMA,265.44,208.42,8.12,2024-08-01T00:00:00+00:00
54,1,2025-02-01,2643.39,2351.41,2935.37,ARIMA,265.44,208.42,8.12,2024-08-01T00:00:00+00:00
54,1,2025-03-01,2649.97,2344.72,2955.22,ARIMA,265.44,208.42,8.12,2024-08-01T00:00:00+00:00
54,1,2025-04-01,2656.55,2338.03,2975.07,ARIMA,265.44,208.42,8.12,2024-08-01T00:00:00+00:00
54,1,2025-05-01,2663.13,2331.33,2994.93,ARIMA,265.44,208.42,8.12,2024-08-01T00:00:00+00:00
54,1,2025-06-01,2669.72,2324.65,3014.79,ARIMA,265.44,208.42,8.12,2024-08-01T00:00:00+00:00
54,1,2025-07-01,2676.3,2317.96,3034.64,ARIMA,265.44,208.42,8.12,2024-08-01T00:00:00+00:00
54,1,2025-08-01,2682.88,2311.27,3054.49,ARIMA,265.44,208.42,8.12,2024-08-01T00:00:00+00:00
54,1,2025-09-01,2689.46,2304.58,3074.34,ARIMA,265.44,208.42,8.12,2024-08-01T00:00:00+00:00
54,1,2025-10-01,2696.04,2297.88,3094.2,ARIMA,265.44,208.42,8.12,2024-08-01T00:00:00+00:00
54,1,2025-11-01,2702.63,2291.2,3114.06,ARIMA,265.44,208.42,8.12,2024-08-01T00:00:00+00:00
54,1,2025-12-01,2709.21,2284.51,3133.91,ARIMA,265.44,208.42,8.12,2024-08-01T00:00:00+00:00
55,1,2025-01-01,2568.6,2227.57,2909.63,ARIMA,324.79,274.21,11.11,2024-08-01T00:00:00+00:00
55,1,2025-02-01,2552.83,2195.56,2910.1,ARIMA,324.79,274.21,11.11,2024-08-01T00:00:00+00:00
55,1,2025-03-01,2537.06,2163.55,2910.57,ARIMA,324.79,274.21,11.11,2024-08-01T00:00:00+00:00
55,1,2025-04-01,2521.28,2131.53,2911.03,ARIMA,324.79,274.21,11.11,2024-08-01T00:00:00+00:00
55,1,2025-05-01,2505.51,2099.52,2911.5,ARIMA,324.79,274.21,11.11,2024-08-01T00:00:00+00:00
55,1,2025-06-01,2489.74,2067.51,2911.97,ARIMA,324.79,274.21,11.11,2024-08-01T00:00:00+00:00
55,1,2025-07-01,2473.96,2035.49,2912.43,ARIMA,324.79,274.21,11.11,2024-08-01T00:00:00+00:00
55,1,2025-08-01,2458.19,2003.48,2912.9,ARIMA,324.79,274.21,11.11,2024-08-01T00:00:00+00:00
55,1,2025-09-01,2442.42,1971.47,2913.37,ARIMA,324.79,274.21,11.11,2024-08-01T00:00:00+00:00
55,1,2025-10-01,2426.64,1939.45,2913.83,ARIMA,324.79,274.21,11.11,2024-08-01T00:00:00+00:00
55,1,2025-11-01,2410.87,1907.44,2914.3,ARIMA,324.79,274.21,11.11,2024-08-01T00:00:00+00:00
55,1,2025-12-01,2395.1,1875.43,2914.77,ARIMA,324.79,274.21,11.11,2024-08-01T00:00:00+00:00
56,1,2025-01-01,3024.01,2561.21,3486.81,ARIMA,440.76,359.4,12.89,2024-08-01T00:00:00+00:00
56,1,2025-02-01,3032.99,2548.16,3517.82,ARIMA,440.76,359.4,12.89,2024-08-01T00:00:00+00:00
56,1,2025-03-01,3041.97,2535.1,3548.84,ARIMA,440.76,359.4,12.89,2024-08-01T00:00:00+00:00
56,1,2025-04-01,3050.94,2522.03,3579.85,ARIMA,440.76,359.4,12.89,2024-08-01T00:00:00+00:00
56,1,2025-05-01,3059.92,2508.97,3610.87,ARIMA,440.76,359.4,12.89,2024-08-01T00:00:00+00:00
56,1,2025-06-01,3068.9,2495.91,3641.89,ARIMA,440.76,359.4,12.89,2024-08-01T00:00:00+00:00
56,1,2025-07-01,3077.88,2482.86,3672.9,ARIMA,440.76,359.4,12.89,2024-08-01T00:00:00+00:00
56,1,2025-08-01,3086.86,2469.8,3703.92,ARIMA,440.76,359.4,12.89,2024-08-01T00:00:00+00:00
56,1,2025-09-01,3095.84,2456.74,3734.94,ARIMA,440.76,359.4,12.89,2024-08-01T00:00:00+00:00
56,1,2025-10-01,3104.82,2443.68,3765.96,ARIMA,440.76,359.4,12.89,2024-08-01T00:00:00+00:00
56,1,2025-11-01,3113.8,2430.62,3796.98,ARIMA,440.76,359.4,12.89,2024-08-01T00:00:00+00:00
56,1,2025-12-01,3122.78,2417.57,3827.99,ARIMA,440.76,359.4,12.89,2024-08-01T00:00:00+00:00
57,1,2025-01-01,2873.72,2592.43,3155.01,ARIMA,267.89,229.82,8.46,2024-08-01T00:00:00+00:00
57,1,2025-02-01,2884.19,2589.51,3178.87,ARIMA,267.89,229.82,8.46,2024-08-01T00:00:00+00:00
57,1,2025-03-01,2894.67,2586.59,3202.75,ARIMA,267.89,229.82,8.46,2024-08-01T00:00:00+00:00
57,1,2025-04-01,2905.14,2583.67,3226.61,ARIMA,267.89,229.82,8.46,2024-08-01T00:00:00+00:00
57,1,2025-05-01,2915.61,2580.74,3250.48,ARIMA,267.89,229.82,8.46,2024-08-01T00:00:00+00:00
57,1,2025-06-01,2926.09,2577.83,3274.35,ARIMA,267.89,229.82,8.46,2024-08-01T00:00:00+00:00
57,1,2025-07-01,2936.56,2574.9,3298.22,ARIMA,267.89,229.82,8.46,2024-08-01T00:00:00+00:00
57,1,2025-08-01,2947.04,2571.99,3322.09,ARIMA,267.89,229.82,8.46,2024-08-01T00:00:00+00:00
57,1,2025-09-01,2957.51,2569.06,3345.96,ARIMA,267.89,229.82,8.46,2024-08-01T00:00:00+00:00
57,1,2025-10-01,2967.99,2566.15,3369.83,ARIMA,267.89,229.82,8.46,2024-08-01T00:00:00+00:00
57,1,2025-11-01,2978.46,2563.22,3393.7,ARIMA,267.89,229.82,8.46,2024-08-01T00:00:00+00:00
57,1,2025-12-01,2988.93,2560.3,3417.56,ARIMA,267.89,229.82,8.46,2024-08-01T00:00:00+00:00
58,1,2025-01-01,2698.85,2315.91,3081.79,ExponentialSmoothing,364.7,327.54,12.68,2024-08-01T00:00:00+00:00
58,1,2025-02-01,2702.96,2301.79,3104.13,ExponentialSmoothing,364.7,327.54,12.68,2024-08-01T00:00:00+00:00
58,1,2025-03-01,2707.07,2287.66,3126.48,ExponentialSmoothing,364.7,327.54,12.68,2024-08-01T00:00:00+00:00
58,1,2025-04-01,2711.18,2273.54,3148.82,ExponentialSmoothing,364.7,327.54,12.68,2024-08-01T00:00:00+00:00
58,1,2025-05-01,2715.29,2259.41,3171.17,ExponentialSmoothing,364.7,327.54,12.68,2024-08-01T00:00:00+00:00
58,1,2025-06-01,2719.4,2245.28,3193.52,ExponentialSmoothing,364.7,327.54,12.68,2024-08-01T00:00:00+00:00
58,1,2025-07-01,2723.51,2231.16,3215.86,ExponentialSmoothing,364.7,327.54,12.68,2024-08-01T00:00:00+00:00
58,1,2025-08-01,2727.62,2217.03,3238.21,ExponentialSmoothing,364.7,327.54,12.68,2024-08-01T00:00:00+00:00
58,1,2025-09-01,2731.73,2202.91,3260.55,ExponentialSmoothing,364.7,327.54,12.68,2024-08-01T00:00:00+00:00
58,1,2025-10-01,2735.84,2188.78,3282.9,ExponentialSmoothing,364.7,327.54,12.68,2024-08-01T00:00:00+00:00
58,1,2025-11-01,2739.95,2174.66,3305.24,ExponentialSmoothing,364.7,327.54,12.68,2024-08-01T00:00:00+00:00
58,1,2025-12-01,2744.06,2160.53,3327.59,ExponentialSmoothing,364.7,327.54,12.68,2024-08-01T00:00:00+00:00
59,1,2025-01-01,2784.0,2564.23,3003.77,ARIMA,209.3,169.54,6.18,2024-08-01T00:00:00+00:00
59,1,2025-02-01,2798.11,2567.88,3028.34,ARIMA,209.3,169.54,6.18,2024-08-01T00:00:00+00:00
59,1,2025-03-01,2812.22,2571.52,3052.92,ARIMA,209.3,169.54,6.18,2024-08-01T00:00:00+00:00
59,1,2025-04-01,2826.33,2575.17,3077.49,ARIMA,209.3,169.54,6.18,2024-08-01T00:00:00+00:00
59,1,2025-05-01,2840.44,2578.81,3102.07,ARIMA,209.3,169.54,6.18,2024-08-01T00:00:00+00:00
59,1,2025-06-01,2854.55,2582.46,3126.64,ARIMA,209.3,169.54,6.18,2024-08-01T00:00:00+00:00
59,1,2025-07-01,2868.66,2586.1,3151.22,ARIMA,209.3,169.54,6.18,2024-08-01T00:00:00+00:00
59,1,2025-08-01,2882.77,2589.75,3175.79,ARIMA,209.3,169.54,6.18,2024-08-01T00:00:00+00:00
59,1,2025-09-01,2896.88,2593.39,3200.37,ARIMA,209.3,169.54,6.18,2024-08-01T00:00:00+00:00
59,1,2025-10-01,2910.99,2597.04,3224.94,ARIMA,209.3,169.54,6.18,2024-08-01T00:00:00+00:00
59,1,2025-11-01,2925.1,2600.68,3249.52,ARIMA,209.3,169.54,6.18,2024-08-01T00:00:00+00:00
59,1,2025-12-01,2939.21,2604.33,3274.09,ARIMA,209.3,169.54,6.18,2024-08-01T00:00:00+00:00
60,1,2025-01-01,2870.08,2540.57,3199.59,ARIMA,313.82,218.52,7.99,2024-08-01T00:00:00+00:00
60,1,2025-02-01,2861.36,2516.16,3206.56,ARIMA,313.82,218.52,7.99,2024-08-01T00:00:00+00:00
60,1,2025-03-01,2852.64,2491.75,3213.53,ARIMA,313.82,218.52,7.99,2024-08-01T00:00:00+00:00
60,1,2025-04-01,2843.91,2467.33,3220.49,ARIMA,313.82,218.52,7.99,2024-08-01T00:00:00+00:00
60,1,2025-05-01,2835.19,2442.92,3227.46,ARIMA,313.82,218.52,7.99,2024-08-01T00:00:00+00:00
60,1,2025-06-01,2826.47,2418.51,3234.43,ARIMA,313.82,218.52,7.99,2024-08-01T00:00:00+00:00
60,1,2025-07-01,2817.74,2394.09,3241.39,ARIMA,313.82,218.52,7.99,2024-08-01T00:00:00+00:00
60,1,2025-08-01,2809.02,2369.68,3248.36,ARIMA,313.82,218.52,7.99,2024-08-01T00:00:00+00:00
60,1,2025-09-01,2800.3,2345.27,3255.33,ARIMA,313.82,218.52,7.99,2024-08-01T00:00:00+00:00
60,1,2025-10-01,2791.58,2320.86,3262.3,ARIMA,313.82,218.52,7.99,2024-08-01T00:00:00+00:00
60,1,2025-11-01,2782.85,2296.44,3269.26,ARIMA,313.82,218.52,7.99,2024-08-01T00:00:00+00:00
60,1,2025-12-01,2774.13,2272.03,3276.23,ARIMA,313.82,218.52,7.99,2024-08-01T00:00:00+00:00
61,1,2025-01-01,2797.39,2638.59,2956.19,ExponentialSmoothing,151.24,119.81,4.28,2024-08-01T00:00:00+00:00
61,1,2025-02-01,2795.57,2629.21,2961.93,ExponentialSmoothing,151.24,119.81,4.28,2024-08-01T00:00:00+00:00
61,1,2025-03-01,2793.75,2619.83,2967.67,ExponentialSmoothing,151.24,119.81,4.28,2024-08-01T00:00:00+00:00
61,1,2025-04-01,2791.93,2610.44,2973.42,ExponentialSmoothing,151.24,119.81,4.28,2024-08-01T00:00:00+00:00
61,1,2025-05-01,2790.11,2601.06,2979.16,ExponentialSmoothing,151.24,119.81,4.28,2024-08-01T00:00:00+00:00
61,1,2025-06-01,2788.28,2591.67,2984.89,ExponentialSmoothing,151.24,119.81,4.28,2024-08-01T00:00:00+00:00
61,1,2025-07-01,2786.46,2582.29,2990.63,ExponentialSmoothing,151.24,119.81,4.28,2024-08-01T00:00:00+00:00
61,1,2025-08-01,2784.64,2572.91,2996.37,ExponentialSmoothing,151.24,119.81,4.28,2024-08-01T00:00:00+00:00
61,1,2025-09-01,2782.82,2563.52,3002.12,ExponentialSmoothing,151.24,119.81,4.28,2024-08-01T00:00:00+00:00
61,1,2025-10-01,2781.0,2554.14,3007.86,ExponentialSmoothing,151.24,119.81,4.28,2024-08-01T00:00:00+00:00
61,1,2025-11-01,2779.18,2544.76,3013.6,ExponentialSmoothing,151.24,119.81,4.28,2024-08-01T00:00:00+00:00
61,1,2025-12-01,2777.36,2535.38,3019.34,ExponentialSmoothing,151.24,119.81,4.28,2024-08-01T00:00:00+00:00
62,1,2025-01-01,2837.13,2489.55,3184.71,ARIMA,331.03,277.18,9.23,2024-08-01T00:00:00+00:00
62,1,2025-02-01,2817.14,2453.01,3181.27,ARIMA,331.03,277.18,9.23,2024-08-01T00:00:00+00:00
62,1,2025-03-01,2797.16,2416.47,3177.85,ARIMA,331.03,277.18,9.23,2024-08-01T00:00:00+00:00
62,1,2025-04-01,2777.17,2379.93,3174.41,ARIMA,331.03,277.18,9.23,2024-08-01T00:00:00+00:00
62,1,2025-05-01,2757.19,2343.4,3170.98,ARIMA,331.03,277.18,9.23,2024-08-01T00:00:00+00:00
62,1,2025-06-01,2737.2,2306.86,3167.54,ARIMA,331.03,277.18,9.23,2024-08-01T00:00:00+00:00
62,1,2025-07-01,2717.21,2270.32,3164.1,ARIMA,331.03,277.18,9.23,2024-08-01T00:00:00+00:00
62,1,2025-08-01,2697.23,2233.79,3160.67,ARIMA,331.03,277.18,9.23,2024-08-01T00:00:00+00:00
62,1,2025-09-01,2677.24,2197.24,3157.24,ARIMA,331.03,277.18,9.23,2024-08-01T00:00:00+00:00
62,1,2025-10-01,2657.26,2160.71,3153.81,ARIMA,331.03,277.18,9.23,2024-08-01T00:00:00+00:00
62,1,2025-11-01,2637.27,2124.17,3150.37,ARIMA,331.03,277.18,9.23,2024-08-01T00:00:00+00:00
62,1,2025-12-01,2617.29,2087.64,3146.94,ARIMA,331.03,277.18,9.23,2024-08-01T00:00:00+00:00
63,1,2025-01-01,3040.95,2720.67,3361.23,ARIMA,305.03,267.14,8.84,2024-08-01T00:00:00+00:00
63,1,2025-02-01,3035.5,2699.96,3371.04,ARIMA,305.03,267.14,8.84,2024-08-01T00:00:00+00:00
63,1,2025-03-01,3030.04,2679.25,3380.83,ARIMA,305.03,267.14,8.84,2024-08-01T00:00:00+00:00
63,1,2025-04-01,3024.58,2658.54,3390.62,ARIMA,305.03,267.14,8.84,2024-08-01T00:00:00+00:00
63,1,2025-05-01,3019.13,2637.84,3400.42,ARIMA,305.03,267.14,8.84,2024-08-01T00:00:00+00:00
63,1,2025-06-01,3013.67,2617.13,3410.21,ARIMA,305.03,267.14,8.84,2024-08-01T00:00:00+00:00
63,1,2025-07-01,3008.21,2596.42,3420.0,ARIMA,305.03,267.14,8.84,2024-08-01T00:00:00+00:00
63,1,2025-08-01,3002.76,2575.71,3429.81,ARIMA,305.03,267.14,8.84,2024-08-01T00:00:00+00:00
63,1,2025-09-01,2997.3,2555.0,3439.6,ARIMA,305.03,267.14,8.84,2024-08-01T00:00:00+00:00
63,1,2025-10-01,2991.84,2534.29,3449.39,ARIMA,305.03,267.14,8.84,2024-08-01T00:00:00+00:00
63,1,2025-11-01,2986.39,2513.59,3459.19,ARIMA,305.03,267.14,8.84,2024-08-01T00:00:00+00:00
63,1,2025-12-01,2980.93,2492.88,3468.98,ARIMA,305.03,267.14,8.84,2024-08-01T00:00:00+00:00
64,1,2025-01-01,2687.72,2323.42,3052.02,ARIMA,346.95,269.91,10.18,2024-08-01T00:00:00+00:00
64,1,2025-02-01,2680.36,2298.71,3062.01,ARIMA,346.95,269.91,10.18,2024-08-01T00:00:00+00:00
64,1,2025-03-01,2672.99,2274.0,3071.98,ARIMA,346.95,269.91,10.18,2024-08-01T00:00:00+00:00
64,1,2025-04-01,2665.62,2249.28,3081.96,ARIMA,346.95,269.91,10.18,2024-08-01T00:00:00+00:00
64,1,2025-05-01,2658.26,2224.57,3091.95,ARIMA,346.95,269.91,10.18,2024-08-01T00:00:00+00:00
64,1,2025-06-01,2650.89,2199.85,3101.93,ARIMA,346.95,269.91,10.18,2024-08-01T00:00:00+00:00
64,1,2025-07-01,2643.52,2175.14,3111.9,ARIMA,346.95,269.91,10.18,2024-08-01T00:00:00+00:00
64,1,2025-08-01,2636.16,2150.43,3121.89,ARIMA,346.95,269.91,10.18,2024-08-01T00:00:00+00:00
64,1,2025-09-01,2628.79,2125.71,3131.87,ARIMA,346.95,269.91,10.18,2024-08-01T00:00:00+00:00
64,1,2025-10-01,2621.42,2100.99,3141.85,ARIMA,346.95,269.91,10.18,2024-08-01T00:00:00+00:00
64,1,2025-11-01,2614.05,2076.28,3151.82,ARIMA,346.95,269.91,10.18,2024-08-01T00:00:00+00:00
64,1,2025-12-01,2606.69,2051.57,3161.81,ARIMA,346.95,269.91,10.18,2024-08-01T00:00:00+00:00
65,1,2025-01-01,2785.62,2444.63,3126.61,ARIMA,324.76,272.97,9.85,2024-08-01T00:00:00+00:00
65,1,2025-02-01,2780.36,2423.13,3137.59,ARIMA,324.76,272.97,9.85,2024-08-01T00:00:00+00:00
65,1,2025-03-01,2775.11,2401.64,3148.58,ARIMA,324.76,272.97,9.85,2024-08-01T00:00:00+00:00
65,1,2025-04-01,2769.86,2380.15,3159.57,ARIMA,324.76,272.97,9.85,2024-08-01T00:00:00+00:00
65,1,2025-05-01,2764.61,2358.66,3170.56,ARIMA,324.76,272.97,9.85,2024-08-01T00:00:00+00:00
65,1,2025-06-01,2759.36,2337.18,3181.54,ARIMA,324.76,272.97,9.85,2024-08-01T00:00:00+00:00
65,1,2025-07-01,2754.11,2315.69,3192.53,ARIMA,324.76,272.97,9.85,2024-08-01T00:00:00+00:00
65,1,2025-08-01,2748.86,2294.2,3203.52,ARIMA,324.76,272.97,9.85,2024-08-01T00:00:00+00:00
65,1,2025-09-01,2743.61,2272.71,3214.51,ARIMA,324.76,272.97,9.85,2024-08-01T00:00:00+00:00
65,1,2025-10-01,2738.36,2251.23,3225.49,ARIMA,324.76,272.97,9.85,2024-08-01T00:00:00+00:00
65,1,2025-11-01,2733.11,2229.74,3236.48,ARIMA,324.76,272.97,9.85,2024-08-01T00:00:00+00:00
65,1,2025-12-01,2727.86,2208.25,3247.47,ARIMA,324.76,272.97,9.85,2024-08-01T00:00:00+00:00
66,1,2025-01-01,2596.37,2374.53,2818.21,ARIMA,211.27,159.56,6.4,2024-08-01T00:00:00+00:00
66,1,2025-02-01,2574.52,2342.12,2806.92,ARIMA,211.27,159.56,6.4,2024-08-01T00:00:00+00:00
66,1,2025-03-01,2552.68,2309.72,2795.64,ARIMA,211.27,159.56,6.4,2024-08-01T00:00:00+00:00
66,1,2025-04-01,2530.83,2277.3,2784.36,ARIMA,211.27,159.56,6.4,2024-08-01T00:00:00+00:00
66,1,2025-05-01,2508.99,2244.9,2773.08,ARIMA,211.27,159.56,6.4,2024-08-01T00:00:00+00:00
66,1,2025-06-01,2487.14,2212.49,2761.79,ARIMA,211.27,159.56,6.4,2024-08-01T00:00:00+00:00
66,1,2025-07-01,2465.3,2180.08,2750.52,ARIMA,211.27,159.56,6.4,2024-08-01T00:00:00+00:00
66,1,2025-08-01,2443.45,2147.67,2739.23,ARIMA,211.27,159.56,6.4,2024-08-01T00:00:00+00:00
66,1,2025-09-01,2421.61,2115.27,2727.95,ARIMA,211.27,159.56,6.4,2024-08-01T00:00:00+00:00
66,1,2025-10-01,2399.76,2082.85,2716.67,ARIMA,211.27,159.56,6.4,2024-08-01T00:00:00+00:00
66,1,2025-11-01,2377.92,2050.45,2705.39,ARIMA,211.27,159.56,6.4,2024-08-01T00:00:00+00:00
66,1,2025-12-01,2356.07,2018.03,2694.11,ARIMA,211.27,159.56,6.4,2024-08-01T00:00:00+00:00
67,1,2025-01-01,2719.16,2403.14,3035.18,ARIMA,300.97,240.09,8.95,2024-08-01T00:00:00+00:00
67,1,2025-02-01,2713.74,2382.67,3044.81,ARIMA,300.97,240.09,8.95,2024-08-01T00:00:00+00:00
67,1,2025-03-01,2708.32,2362.2,3054.44,ARIMA,300.97,240.09,8.95,2024-08-01T00:00:00+00:00
67,1,2025-04-01,2702.9,2341.73,3064.07,ARIMA,300.97,240.09,8.95,2024-08-01T00:00:00+00:00
67,1,2025-05-01,2697.48,2321.26,3073.7,ARIMA,300.97,240.09,8.95,2024-08-01T00:00:00+00:00
67,1,2025-06-01,2692.06,2300.8,3083.32,ARIMA,300.97,240.09,8.95,2024-08-01T00:00:00+00:00
67,1,2025-07-01,2686.65,2280.34,3092.96,ARIMA,300.97,240.09,8.95,2024-08-01T00:00:00+00:00
67,1,2025-08-01,2681.23,2259.87,3102.59,ARIMA,300.97,240.09,8.95,2024-08-01T00:00:00+00:00
67,1,2025-09-01,2675.81,2239.4,3112.22,ARIMA,300.97,240.09,8.95,2024-08-01T00:00:00+00:00
67,1,2025-10-01,2670.39,2218.93,3121.85,ARIMA,300.97,240.09,8.95,2024-08-01T00:00:00+00:00
67,1,2025-11-01,2664.97,2198.46,3131.48,ARIMA,300.97,240.09,8.95,2024-08-01T00:00:00+00:00
67,1,2025-12-01,2659.55,2177.99,3141.11,ARIMA,300.97,240.09,8.95,2024-08-01T00:00:00+00:00
68,1,2025-01-01,2815.25,2509.36,3121.14,ARIMA,291.33,248.74,9.3,2024-08-01T00:00:00+00:00
68,1,2025-02-01,2824.08,2503.62,3144.54,ARIMA,291.33,248.74,9.3,2024-08-01T00:00:00+00:00
68,1,2025-03-01,2832.92,2497.89,3167.95,ARIMA,291.33,248.74,9.3,2024-08-01T00:00:00+00:00
68,1,2025-04-01,2841.76,2492.17,3191.35,ARIMA,291.33,248.74,9.3,2024-08-01T00:00:00+00:00
68,1,2025-05-01,2850.59,2486.43,3214.75,ARIMA,291.33,248.74,9.3,2024-08-01T00:00:00+00:00
68,1,2025-06-01,2859.43,2480.71,3238.15,ARIMA,291.33,248.74,9.3,2024-08-01T00:00:00+00:00
68,1,2025-07-01,2868.27,2474.98,3261.56,ARIMA,291.33,248.74,9.3,2024-08-01T00:00:00+00:00
68,1,2025-08-01,2877.1,2469.24,3284.96,ARIMA,291.33,248.74,9.3,2024-08-01T00:00:00+00:00
68,1,2025-09-01,2885.94,2463.52,3308.36,ARIMA,291.33,248.74,9.3,2024-08-01T00:00:00+00:00
68,1,2025-10-01,2894.78,2457.79,3331.77,ARIMA,291.33,248.74,9.3,2024-08-01T00:00:00+00:00
68,1,2025-11-01,2903.61,2452.05,3355.17,ARIMA,291.33,248.74,9.3,2024-08-01T00:00:00+00:00
68,1,2025-12-01,2912.45,2446.33,3378.57,ARIMA,291.33,248.74,9.3,2024-08-01T00:00:00+00:00
69,1,2025-01-01,2899.89,2375.25,3424.53,ARIMA,499.66,372.34,15.55,2024-08-01T00:00:00+00:00
69,1,2025-02-01,2906.37,2356.75,3455.99,ARIMA,499.66,372.34,15.55,2024-08-01T00:00:00+00:00
69,1,2025-03-01,2912.86,2338.26,3487.46,ARIMA,499.66,372.34,15.55,2024-08-01T00:00:00+00:00
69,1,2025-04-01,2919.34,2319.75,3518.93,ARIMA,499.66,372.34,15.55,2024-08-01T00:00:00+00:00
69,1,2025-05-01,2925.83,2301.26,3550.4,ARIMA,499.66,372.34,15.55,2024-08-01T00:00:00+00:00
69,1,2025-06-01,2932.31,2282.76,3581.86,ARIMA,499.66,372.34,15.55,2024-08-01T00:00:00+00:00
69,1,2025-07-01,2938.8,2264.26,3613.34,ARIMA,499.66,372.34,15.55,2024-08-01T00:00:00+00:00
69,1,2025-08-01,2945.28,2245.76,3644.8,ARIMA,499.66,372.34,15.55,2024-08-01T00:00:00+00:00
69,1,2025-09-01,2951.77,2227.27,3676.27,ARIMA,499.66,372.34,15.55,2024-08-01T00:00:00+00:00
69,1,2025-10-01,2958.26,2208.78,3707.74,ARIMA,499.66,372.34,15.55,2024-08-01T00:00:00+00:00
69,1,2025-11-01,2964.74,2190.27,3739.21,ARIMA,499.66,372.34,15.55,2024-08-01T00:00:00+00:00
69,1,2025-12-01,2971.23,2171.78,3770.68,ARIMA,499.66,372.34,15.55,2024-08-01T00:00:00+00:00
70,1,2025-01-01,3034.65,2750.2,3319.1,ARIMA,270.9,217.42,7.45,2024-08-01T00:00:00+00:00
70,1,2025-02-01,3041.0,2743.01,3338.99,ARIMA,270.9,217.42,7.45,2024-08-01T00:00:00+00:00
70,1,2025-03-01,3047.34,2735.8,3358.88,ARIMA,270.9,217.42,7.45,2024-08-01T00:00:00+00:00
70,1,2025-04-01,3053.68,2728.6,3378.76,ARIMA,270.9,217.42,7.45,2024-08-01T00:00:00+00:00
70,1,2025-05-01,3060.03,2721.4,3398.66,ARIMA,270.9,217.42,7.45,2024-08-01T00:00:00+00:00
70,1,2025-06-01,3066.37,2714.19,3418.55,ARIMA,270.9,217.42,7.45,2024-08-01T00:00:00+00:00
70,1,2025-07-01,3072.71,2706.99,3438.43,ARIMA,270.9,217.42,7.45,2024-08-01T00:00:00+00:00
70,1,2025-08-01,3079.06,2699.79,3458.33,ARIMA,270.9,217.42,7.45,2024-08-01T00:00:00+00:00
70,1,2025-09-01,3085.4,2692.59,3478.21,ARIMA,270.9,217.42,7.45,2024-08-01T00:00:00+00:00
70,1,2025-10-01,3091.75,2685.39,3498.11,ARIMA,270.9,217.42,7.45,2024-08-01T00:00:00+00:00
70,1,2025-11-01,3098.09,2678.19,3517.99,ARIMA,270.9,217.42,7.45,2024-08-01T00:00:00+00:00
70,1,2025-12-01,3104.43,2670.98,3537.88,ARIMA,270.9,217.42,7.45,2024-08-01T00:00:00+00:00
71,1,2025-01-01,2728.68,2438.15,3019.21,ARIMA,276.69,238.62,9.09,2024-08-01T00:00:00+00:00
71,1,2025-02-01,2722.89,2418.53,3027.25,ARIMA,276.69,238.62,9.09,2024-08-01T00:00:00+00:00
71,1,2025-03-01,2717.09,2398.89,3035.29,ARIMA,276.69,238.62,9.09,2024-08-01T00:00:00+00:00
71,1,2025-04-01,2711.29,2379.26,3043.32,ARIMA,276.69,238.62,9.09,2024-08-01T00:00:00+00:00
71,1,2025-05-01,2705.49,2359.63,3051.35,ARIMA,276.69,238.62,9.09,2024-08-01T00:00:00+00:00
71,1,2025-06-01,2699.7,2340.0,3059.4,ARIMA,276.69,238.62,9.09,2024-08-01T00:00:00+00:00
71,1,2025-07-01,2693.9,2320.37,3067.43,ARIMA,276.69,238.62,9.09,2024-08-01T00:00:00+00:00
71,1,2025-08-01,2688.1,2300.73,3075.47,ARIMA,276.69,238.62,9.09,2024-08-01T00:00:00+00:00
71,1,2025-09-01,2682.3,2281.1,3083.5,ARIMA,276.69,238.62,9.09,2024-08-01T00:00:00+00:00
71,1,2025-10-01,2676.51,2261.47,3091.55,ARIMA,276.69,238.62,9.09,2024-08-01T00:00:00+00:00
71,1,2025-11-01,2670.71,2241.84,3099.58,ARIMA,276.69,238.62,9.09,2024-08-01T00:00:00+00:00
71,1,2025-12-01,2664.91,2222.2,3107.62,ARIMA,276.69,238.62,9.09,2024-08-01T00:00:00+00:00
72,1,2025-01-01,2877.77,2483.3,3272.24,ARIMA,375.69,361.14,12.79,2024-08-01T00:00:00+00:00
72,1,2025-02-01,2853.29,2440.03,3266.55,ARIMA,375.69,361.14,12.79,2024-08-01T00:00:00+00:00
72,1,2025-03-01,2828.82,2396.78,3260.86,ARIMA,375.69,361.14,12.79,2024-08-01T00:00:00+00:00
72,1,2025-04-01,2804.35,2353.52,3255.18,ARIMA,375.69,361.14,12.79,2024-08-01T00:00:00+00:00
72,1,2025-05-01,2779.87,2310.26,3249.48,ARIMA,375.69,361.14,12.79,2024-08-01T00:00:00+00:00
72,1,2025-06-01,2755.4,2267.0,3243.8,ARIMA,375.69,361.14,12.79,2024-08-01T00:00:00+00:00
72,1,2025-07-01,2730.92,2223.74,3238.1,ARIMA,375.69,361.14,12.79,2024-08-01T00:00:00+00:00
72,1,2025-08-01,2706.45,2180.49,3232.41,ARIMA,375.69,361.14,12.79,2024-08-01T00:00:00+00:00
72,1,2025-09-01,2681.98,2137.23,3226.73,ARIMA,375.69,361.14,12.79,2024-08-01T00:00:00+00:00
72,1,2025-10-01,2657.5,2093.97,3221.03,ARIMA,375.69,361.14,12.79,2024-08-01T00:00:00+00:00
72,1,2025-11-01,2633.03,2050.71,3215.35,ARIMA,375.69,361.14,12.79,2024-08-01T00:00:00+00:00
72,1,2025-12-01,2608.56,2007.46,3209.66,ARIMA,375.69,361.14,12.79,2024-08-01T00:00:00+00:00
73,1,2025-01-01,2717.52,2430.75,3004.29,ARIMA,273.12,229.35,8.48,2024-08-01T00:00:00+00:00
73,1,2025-02-01,2726.9,2426.47,3027.33,ARIMA,273.12,229.35,8.48,2024-08-01T00:00:00+00:00
73,1,2025-03-01,2736.28,2422.19,3050.37,ARIMA,273.12,229.35,8.48,2024-08-01T00:00:00+00:00
73,1,2025-04-01,2745.66,2417.92,3073.4,ARIMA,273.12,229.35,8.48,2024-08-01T00:00:00+00:00
73,1,2025-05-01,2755.05,2413.65,3096.45,ARIMA,273.12,229.35,8.48,2024-08-01T00:00:00+00:00
73,1,2025-06-01,2764.43,2409.38,3119.48,ARIMA,273.12,229.35,8.48,2024-08-01T00:00:00+00:00
73,1,2025-07-01,2773.81,2405.1,3142.52,ARIMA,273.12,229.35,8.48,2024-08-01T00:00:00+00:00
73,1,2025-08-01,2783.19,2400.83,3165.55,ARIMA,273.12,229.35,8.48,2024-08-01T00:00:00+00:00
73,1,2025-09-01,2792.58,2396.56,3188.6,ARIMA,273.12,229.35,8.48,2024-08-01T00:00:00+00:00
73,1,2025-10-01,2801.96,2392.28,3211.64,ARIMA,273.12,229.35,8.48,2024-08-01T00:00:00+00:00
73,1,2025-11-01,2811.34,2388.01,3234.67,ARIMA,273.12,229.35,8.48,2024-08-01T00:00:00+00:00
73,1,2025-12-01,2820.72,2383.73,3257.71,ARIMA,273.12,229.35,8.48,2024-08-01T00:00:00+00:00
74,1,2025-01-01,2671.06,2363.47,2978.65,ARIMA,292.95,232.1,8.63,2024-08-01T00:00:00+00:00
74,1,2025-02-01,2661.55,2339.31,2983.79,ARIMA,292.95,232.1,8.63,2024-08-01T00:00:00+00:00
74,1,2025-03-01,2652.04,2315.15,2988.93,ARIMA,292.95,232.1,8.63,2024-08-01T00:00:00+00:00
74,1,2025-04-01,2642.53,2290.99,2994.07,ARIMA,292.95,232.1,8.63,2024-08-01T00:00:00+00:00
74,1,2025-05-01,2633.02,2266.84,2999.2,ARIMA,292.95,232.1,8.63,2024-08-01T00:00:00+00:00
74,1,2025-06-01,2623.51,2242.68,3004.34,ARIMA,292.95,232.1,8.63,2024-08-01T00:00:00+00:00
74,1,2025-07-01,2614.0,2218.52,3009.48,ARIMA,292.95,232.1,8.63,2024-08-01T00:00:00+00:00
74,1,2025-08-01,2604.48,2194.35,3014.61,ARIMA,292.95,232.1,8.63,2024-08-01T00:00:00+00:00
74,1,2025-09-01,2594.97,2170.2,3019.74,ARIMA,292.95,232.1,8.63,2024-08-01T00:00:00+00:00
74,1,2025-10-01,2585.46,2146.04,3024.88,ARIMA,292.95,232.1,8.63,2024-08-01T00:00:00+00:00
74,1,2025-11-01,2575.95,2121.88,3030.02,ARIMA,292.95,232.1,8.63,2024-08-01T00:00:00+00:00
74,1,2025-12-01,2566.44,2097.73,3035.15,ARIMA,292.95,232.1,8.63,2024-08-01T00:00:00+00:00
75,1,2025-01-01,2759.44,2568.4,2950.48,ExponentialSmoothing,181.94,140.15,5.19,2024-08-01T00:00:00+00:00
75,1,2025-02-01,2755.65,2555.52,2955.78,ExponentialSmoothing,181.94,140.15,5.19,2024-08-01T00:00:00+00:00
75,1,2025-03-01,2751.86,2542.63,2961.09,ExponentialSmoothing,181.94,140.15,5.19,2024-08-01T00:00:00+00:00
75,1,2025-04-01,2748.08,2529.75,2966.41,ExponentialSmoothing,181.94,140.15,5.19,2024-08-01T00:00:00+00:00
75,1,2025-05-01,2744.29,2516.87,2971.71,ExponentialSmoothing,181.94,140.15,5.19,2024-08-01T00:00:00+00:00
75,1,2025-06-01,2740.5,2503.98,2977.02,ExponentialSmoothing,181.94,140.15,5.19,2024-08-01T00:00:00+00:00
75,1,2025-07-01,2736.72,2491.1,2982.34,ExponentialSmoothing,181.94,140.15,5.19,2024-08-01T00:00:00+00:00
75,1,2025-08-01,2732.93,2478.22,2987.64,ExponentialSmoothing,181.94,140.15,5.19,2024-08-01T00:00:00+00:00
75,1,2025-09-01,2729.14,2465.33,2992.95,ExponentialSmoothing,181.94,140.15,5.19,2024-08-01T00:00:00+00:00
75,1,2025-10-01,2725.36,2452.45,2998.27,ExponentialSmoothing,181.94,140.15,5.19,2024-08-01T00:00:00+00:00
75,1,2025-11-01,2721.57,2439.56,3003.58,ExponentialSmoothing,181.94,140.15,5.19,2024-08-01T00:00:00+00:00
75,1,2025-12-01,2717.78,2426.68,3008.88,ExponentialSmoothing,181.94,140.15,5.19,2024-08-01T00:00:00+00:00
76,1,2025-01-01,2894.75,2530.45,3259.05,ExponentialSmoothing,346.96,287.67,10.07,2024-08-01T00:00:00+00:00
76,1,2025-02-01,2893.45,2511.8,3275.1,ExponentialSmoothing,346.96,287.67,10.07,2024-08-01T00:00:00+00:00
76,1,2025-03-01,2892.16,2493.16,3291.16,ExponentialSmoothing,346.96,287.67,10.07,2024-08-01T00:00:00+00:00
76,1,2025-04-01,2890.86,2474.51,3307.21,ExponentialSmoothing,346.96,287.67,10.07,2024-08-01T00:00:00+00:00
76,1,2025-05-01,2889.57,2455.87,3323.27,ExponentialSmoothing,346.96,287.67,10.07,2024-08-01T00:00:00+00:00
76,1,2025-06-01,2888.27,2437.23,3339.31,ExponentialSmoothing,346.96,287.67,10.07,2024-08-01T00:00:00+00:00
76,1,2025-07-01,2886.98,2418.59,3355.37,ExponentialSmoothing,346.96,287.67,10.07,2024-08-01T00:00:00+00:00
76,1,2025-08-01,2885.68,2399.94,3371.42,ExponentialSmoothing,346.96,287.67,10.07,2024-08-01T00:00:00+00:00
76,1,2025-09-01,2884.39,2381.3,3387.48,ExponentialSmoothing,346.96,287.67,10.07,2024-08-01T00:00:00+00:00
76,1,2025-10-01,2883.09,2362.65,3403.53,ExponentialSmoothing,346.96,287.67,10.07,2024-08-01T00:00:00+00:00
76,1,2025-11-01,2881.8,2344.02,3419.58,ExponentialSmoothing,346.96,287.67,10.07,2024-08-01T00:00:00+00:00
76,1,2025-12-01,2880.5,2325.37,3435.63,ExponentialSmoothing,346.96,287.67,10.07,2024-08-01T00:00:00+00:00
77,1,2025-01-01,2707.67,2430.67,2984.67,ARIMA,263.81,185.99,7.04,2024-08-01T00:00:00+00:00
77,1,2025-02-01,2715.38,2425.19,3005.57,ARIMA,263.81,185.99,7.04,2024-08-01T00:00:00+00:00
77,1,2025-03-01,2723.08,2419.7,3026.46,ARIMA,263.81,185.99,7.04,2024-08-01T00:00:00+00:00
77,1,2025-04-01,2730.78,2414.21,3047.35,ARIMA,263.81,185.99,7.04,2024-08-01T00:00:00+00:00
77,1,2025-05-01,2738.49,2408.73,3068.25,ARIMA,263.81,185.99,7.04,2024-08-01T00:00:00+00:00
77,1,2025-06-01,2746.19,2403.24,3089.14,ARIMA,263.81,185.99,7.04,2024-08-01T00:00:00+00:00
77,1,2025-07-01,2753.89,2397.75,3110.03,ARIMA,263.81,185.99,7.04,2024-08-01T00:00:00+00:00
77,1,2025-08-01,2761.59,2392.26,3130.92,ARIMA,263.81,185.99,7.04,2024-08-01T00:00:00+00:00
77,1,2025-09-01,2769.3,2386.78,3151.82,ARIMA,263.81,185.99,7.04,2024-08-01T00:00:00+00:00
77,1,2025-10-01,2777.0,2381.29,3172.71,ARIMA,263.81,185.99,7.04,2024-08-01T00:00:00+00:00
77,1,2025-11-01,2784.7,2375.8,3193.6,ARIMA,263.81,185.99,7.04,2024-08-01T00:00:00+00:00
77,1,2025-12-01,2792.41,2370.32,3214.5,ARIMA,263.81,185.99,7.04,2024-08-01T00:00:00+00:00
1,2,2025-01-01,2830.1,2575.01,3085.19,ARIMA,242.95,217.03,7.74,2024-08-01T00:00:00+00:00
1,2,2025-02-01,2838.18,2570.94,3105.42,ARIMA,242.95,217.03,7.74,2024-08-01T00:00:00+00:00
1,2,2025-03-01,2846.26,2566.87,3125.65,ARIMA,242.95,217.03,7.74,2024-08-01T00:00:00+00:00
1,2,2025-04-01,2854.34,2562.81,3145.87,ARIMA,242.95,217.03,7.74,2024-08-01T00:00:00+00:00
1,2,2025-05-01,2862.41,2558.73,3166.09,ARIMA,242.95,217.03,7.74,2024-08-01T00:00:00+00:00
1,2,2025-06-01,2870.49,2554.66,3186.32,ARIMA,242.95,217.03,7.74,2024-08-01T00:00:00+00:00
1,2,2025-07-01,2878.57,2550.59,3206.55,ARIMA,242.95,217.03,7.74,2024-08-01T00:00:00+00:00
1,2,2025-08-01,2886.65,2546.53,3226.77,ARIMA,242.95,217.03,7.74,2024-08-01T00:00:00+00:00
1,2,2025-09-01,2894.72,2542.45,3246.99,ARIMA,242.95,217.03,7.74,2024-08-01T00:00:00+00:00
1,2,2025-10-01,2902.8,2538.38,3267.22,ARIMA,242.95,217.03,7.74,2024-08-01T00:00:00+00:00
1,2,2025-11-01,2910.88,2534.31,3287.45,ARIMA,242.95,217.03,7.74,2024-08-01T00:00:00+00:00
1,2,2025-12-01,2918.96,2530.25,3307.67,ARIMA,242.95,217.03,7.74,2024-08-01T00:00:00+00:00
2,2,2025-01-01,2874.41,2562.15,3186.67,ExponentialSmoothing,297.39,269.49,9.73,2024-08-01T00:00:00+00:00
2,2,2025-02-01,2875.67,2548.54,3202.8,ExponentialSmoothing,297.39,269.49,9.73,2024-08-01T00:00:00+00:00
2,2,2025-03-01,2876.93,2534.93,3218.93,ExponentialSmoothing,297.39,269.49,9.73,2024-08-01T00:00:00+00:00
2,2,2025-04-01,2878.19,2521.32,3235.06,ExponentialSmoothing,297.39,269.49,9.73,2024-08-01T00:00:00+00:00
2,2,2025-05-01,2879.45,2507.71,3251.19,ExponentialSmoothing,297.39,269.49,9.73,2024-08-01T00:00:00+00:00
2,2,2025-06-01,2880.71,2494.1,3267.32,ExponentialSmoothing,297.39,269.49,9.73,2024-08-01T00:00:00+00:00
2,2,2025-07-01,2881.97,2480.49,3283.45,ExponentialSmoothing,297.39,269.49,9.73,2024-08-01T00:00:00+00:00
2,2,2025-08-01,2883.23,2466.88,3299.58,ExponentialSmoothing,297.39,269.49,9.73,2024-08-01T00:00:00+00:00
2,2,2025-09-01,2884.49,2453.28,3315.7,ExponentialSmoothing,297.39,269.49,9.73,2024-08-01T00:00:00+00:00
2,2,2025-10-01,2885.76,2439.68,3331.84,ExponentialSmoothing,297.39,269.49,9.73,2024-08-01T00:00:00+00:00
2,2,2025-11-01,2887.02,2426.07,3347.97,ExponentialSmoothing,297.39,269.49,9.73,2024-08-01T00:00:00+00:00
2,2,2025-12-01,2888.28,2412.46,3364.1,ExponentialSmoothing,297.39,269.49,9.73,2024-08-01T00:00:00+00:00
3,2,2025-01-01,2814.61,2441.08,3188.14,ARIMA,355.75,266.51,9.98,2024-08-01T00:00:00+00:00
3,2,2025-02-01,2808.42,2417.1,3199.74,ARIMA,355.75,266.51,9.98,2024-08-01T00:00:00+00:00
3,2,2025-03-01,2802.24,2393.13,3211.35,ARIMA,355.75,266.51,9.98,2024-08-01T00:00:00+00:00
3,2,2025-04-01,2796.05,2369.16,3222.94,ARIMA,355.75,266.51,9.98,2024-08-01T00:00:00+00:00
3,2,2025-05-01,2789.86,2345.18,3234.54,ARIMA,355.75,266.51,9.98,2024-08-01T00:00:00+00:00
3,2,2025-06-01,2783.67,2321.2,3246.14,ARIMA,355.75,266.51,9.98,2024-08-01T00:00:00+00:00
3,2,2025-07-01,2777.49,2297.23,3257.75,ARIMA,355.75,266.51,9.98,2024-08-01T00:00:00+00:00
3,2,2025-08-01,2771.3,2273.26,3269.34,ARIMA,355.75,266.51,9.98,2024-08-01T00:00:00+00:00
3,2,2025-09-01,2765.11,2249.28,3280.94,ARIMA,355.75,266.51,9.98,2024-08-01T00:00:00+00:00
3,2,2025-10-01,2758.92,2225.3,3292.54,ARIMA,355.75,266.51,9.98,2024-08-01T00:00:00+00:00
3,2,2025-11-01,2752.73,2201.33,3304.13,ARIMA,355.75,266.51,9.98,2024-08-01T00:00:00+00:00
3,2,2025-12-01,2746.55,2177.36,3315.74,ARIMA,355.75,266.51,9.98,2024-08-01T00:00:00+00:00
4,2,2025-01-01,2942.33,2666.96,3217.7,ARIMA,262.25,211.24,7.55,2024-08-01T00:00:00+00:00
4,2,2025-02-01,2932.92,2644.44,3221.4,ARIMA,262.25,211.24,7.55,2024-08-01T00:00:00+00:00
4,2,2025-03-01,2923.5,2621.91,3225.09,ARIMA,262.25,211.24,7.55,2024-08-01T00:00:00+00:00
4,2,2025-04-01,2914.08,2599.38,3228.78,ARIMA,262.25,211.24,7.55,2024-08-01T00:00:00+00:00
4,2,2025-05-01,2904.67,2576.85,3232.49,ARIMA,262.25,211.24,7.55,2024-08-01T00:00:00+00:00
4,2,2025-06-01,2895.25,2554.32,3236.18,ARIMA,262.25,211.24,7.55,2024-08-01T00:00:00+00:00
4,2,2025-07-01,2885.84,2531.8,3239.88,ARIMA,262.25,211.24,7.55,2024-08-01T00:00:00+00:00
4,2,2025-08-01,2876.42,2509.27,3243.57,ARIMA,262.25,211.24,7.55,2024-08-01T00:00:00+00:00
4,2,2025-09-01,2867.0,2486.73,3247.27,ARIMA,262.25,211.24,7.55,2024-08-01T00:00:00+00:00
4,2,2025-10-01,2857.59,2464.21,3250.97,ARIMA,262.25,211.24,7.55,2024-08-01T00:00:00+00:00
4,2,2025-11-01,2848.17,2441.68,3254.66,ARIMA,262.25,211.24,7.55,2024-08-01T00:00:00+00:00
4,2,2025-12-01,2838.75,2419.15,3258.35,ARIMA,262.25,211.24,7.55,2024-08-01T00:00:00+00:00
5,2,2025-01-01,2801.67,2408.22,3195.12,ARIMA,374.71,336.5,12.04,2024-08-01T00:00:00+00:00
5,2,2025-02-01,2808.96,2396.77,3221.15,ARIMA,374.71,336.5,12.04,2024-08-01T00:00:00+00:00
5,2,2025-03-01,2816.25,2385.33,3247.17,ARIMA,374.71,336.5,12.04,2024-08-01T00:00:00+00:00
5,2,2025-04-01,2823.54,2373.88,3273.2,ARIMA,374.71,336.5,12.04,2024-08-01T00:00:00+00:00
5,2,2025-05-01,2830.83,2362.44,3299.22,ARIMA,374.71,336.5,12.04,2024-08-01T00:00:00+00:00
5,2,2025-06-01,2838.12,2350.99,3325.25,ARIMA,374.71,336.5,12.04,2024-08-01T00:00:00+00:00
5,2,2025-07-01,2845.42,2339.56,3351.28,ARIMA,374.71,336.5,12.04,2024-08-01T00:00:00+00:00
5,2,2025-08-01,2852.71,2328.11,3377.31,ARIMA,374.71,336.5,12.04,2024-08-01T00:00:00+00:00
5,2,2025-09-01,2860.0,2316.67,3403.33,ARIMA,374.71,336.5,12.04,2024-08-01T00:00:00+00:00
5,2,2025-10-01,2867.29,2305.22,3429.36,ARIMA,374.71,336.5,12.04,2024-08-01T00:00:00+00:00
5,2,2025-11-01,2874.58,2293.77,3455.39,ARIMA,374.71,336.5,12.04,2024-08-01T00:00:00+00:00
5,2,2025-12-01,2881.87,2282.33,3481.41,ARIMA,374.71,336.5,12.04,2024-08-01T00:00:00+00:00
6,2,2025-01-01,2846.79,2524.68,3168.9,ExponentialSmoothing,306.77,265.1,9.3,2024-08-01T00:00:00+00:00
6,2,2025-02-01,2845.71,2508.26,3183.16,ExponentialSmoothing,306.77,265.1,9.3,2024-08-01T00:00:00+00:00
6,2,2025-03-01,2844.63,2491.84,3197.42,ExponentialSmoothing,306.77,265.1,9.3,2024-08-01T00:00:00+00:00
6,2,2025-04-01,2843.55,2475.42,3211.68,ExponentialSmoothing,306.77,265.1,9.3,2024-08-01T00:00:00+00:00
6,2,2025-05-01,2842.46,2458.99,3225.93,ExponentialSmoothing,306.77,265.1,9.3,2024-08-01T00:00:00+00:00
6,2,2025-06-01,2841.38,2442.58,3240.18,ExponentialSmoothing,306.77,265.1,9.3,2024-08-01T00:00:00+00:00
6,2,2025-07-01,2840.3,2426.16,3254.44,ExponentialSmoothing,306.77,265.1,9.3,2024-08-01T00:00:00+00:00
6,2,2025-08-01,2839.22,2409.74,3268.7,ExponentialSmoothing,306.77,265.1,9.3,2024-08-01T00:00:00+00:00
6,2,2025-09-01,2838.14,2393.32,3282.96,ExponentialSmoothing,306.77,265.1,9.3,2024-08-01T00:00:00+00:00
6,2,2025-10-01,2837.06,2376.9,3297.22,ExponentialSmoothing,306.77,265.1,9.3,2024-08-01T00:00:00+00:00
6,2,2025-11-01,2835.98,2360.48,3311.48,ExponentialSmoothing,306.77,265.1,9.3,2024-08-01T00:00:00+00:00
6,2,2025-12-01,2834.9,2344.06,3325.74,ExponentialSmoothing,306.77,265.1,9.3,2024-08-01T00:00:00+00:00
7,2,2025-01-01,2775.71,2463.67,3087.75,ExponentialSmoothing,297.19,227.26,7.78,2024-08-01T00:00:00+00:00
7,2,2025-02-01,2774.09,2447.19,3100.99,ExponentialSmoothing,297.19,227.26,7.78,2024-08-01T00:00:00+00:00
7,2,2025-03-01,2772.46,2430.7,3114.22,ExponentialSmoothing,297.19,227.26,7.78,2024-08-01T00:00:00+00:00
7,2,2025-04-01,2770.83,2414.21,3127.45,ExponentialSmoothing,297.19,227.26,7.78,2024-08-01T00:00:00+00:00
7,2,2025-05-01,2769.2,2397.72,3140.68,ExponentialSmoothing,297.19,227.26,7.78,2024-08-01T00:00:00+00:00
7,2,2025-06-01,2767.58,2381.24,3153.92,ExponentialSmoothing,297.19,227.26,7.78,2024-08-01T00:00:00+00:00
7,2,2025-07-01,2765.95,2364.75,3167.15,ExponentialSmoothing,297.19,227.26,7.78,2024-08-01T00:00:00+00:00
7,2,2025-08-01,2764.32,2348.26,3180.38,ExponentialSmoothing,297.19,227.26,7.78,2024-08-01T00:00:00+00:00
7,2,2025-09-01,2762.69,2331.77,3193.61,ExponentialSmoothing,297.19,227.26,7.78,2024-08-01T00:00:00+00:00
7,2,2025-10-01,2761.07,2315.29,3206.85,ExponentialSmoothing,297.19,227.26,7.78,2024-08-01T00:00:00+00:00
7,2,2025-11-01,2759.44,2298.8,3220.08,ExponentialSmoothing,297.19,227.26,7.78,2024-08-01T00:00:00+00:00
7,2,2025-12-01,2757.81,2282.31,3233.31,ExponentialSmoothing,297.19,227.26,7.78,2024-08-01T00:00:00+00:00
8,2,2025-01-01,2632.8,2157.06,3108.54,ARIMA,453.08,370.17,14.4,2024-08-01T00:00:00+00:00
8,2,2025-02-01,2625.72,2127.33,3124.11,ARIMA,453.08,370.17,14.4,2024-08-01T00:00:00+00:00
8,2,2025-03-01,2618.65,2097.6,3139.7,ARIMA,453.08,370.17,14.4,2024-08-01T00:00:00+00:00
8,2,2025-04-01,2611.58,2067.88,3155.28,ARIMA,453.08,370.17,14.4,2024-08-01T00:00:00+00:00
8,2,2025-05-01,2604.5,2038.14,3170.86,ARIMA,453.08,370.17,14.4,2024-08-01T00:00:00+00:00
8,2,2025-06-01,2597.43,2008.42,3186.44,ARIMA,453.08,370.17,14.4,2024-08-01T00:00:00+00:00
8,2,2025-07-01,2590.36,1978.7,3202.02,ARIMA,453.08,370.17,14.4,2024-08-01T00:00:00+00:00
8,2,2025-08-01,2583.28,1948.96,3217.6,ARIMA,453.08,370.17,14.4,2024-08-01T00:00:00+00:00
8,2,2025-09-01,2576.21,1919.24,3233.18,ARIMA,453.08,370.17,14.4,2024-08-01T00:00:00+00:00
8,2,2025-10-01,2569.13,1889.5,3248.76,ARIMA,453.08,370.17,14.4,2024-08-01T00:00:00+00:00
8,2,2025-11-01,2562.06,1859.78,3264.34,ARIMA,453.08,370.17,14.4,2024-08-01T00:00:00+00:00
8,2,2025-12-01,2554.99,1830.05,3279.93,ARIMA,453.08,370.17,14.4,2024-08-01T00:00:00+00:00
9,2,2025-01-01,2874.58,2558.04,3191.12,ARIMA,301.47,254.38,8.94,2024-08-01T00:00:00+00:00
9,2,2025-02-01,2867.25,2535.63,3198.87,ARIMA,301.47,254.38,8.94,2024-08-01T00:00:00+00:00
9,2,2025-03-01,2859.91,2513.22,3206.6,ARIMA,301.47,254.38,8.94,2024-08-01T00:00:00+00:00
9,2,2025-04-01,2852.58,2490.82,3214.34,ARIMA,301.47,254.38,8.94,2024-08-01T00:00:00+00:00
9,2,2025-05-01,2845.24,2468.4,3222.08,ARIMA,301.47,254.38,8.94,2024-08-01T00:00:00+00:00
9,2,2025-06-01,2837.91,2446.0,3229.82,ARIMA,301.47,254.38,8.94,2024-08-01T00:00:00+00:00
9,2,2025-07-01,2830.57,2423.59,3237.55,ARIMA,301.47,254.38,8.94,2024-08-01T00:00:00+00:00
9,2,2025-08-01,2823.24,2401.18,3245.3,ARIMA,301.47,254.38,8.94,2024-08-01T00:00:00+00:00
9,2,2025-09-01,2815.9,2378.77,3253.03,ARIMA,301.47,254.38,8.94,2024-08-01T00:00:00+00:00
9,2,2025-10-01,2808.57,2356.37,3260.77,ARIMA,301.47,254.38,8.94,2024-08-01T00:00:00+00:00
9,2,2025-11-01,2801.24,2333.96,3268.52,ARIMA,301.47,254.38,8.94,2024-08-01T00:00:00+00:00
9,2,2025-12-01,2793.9,2311.55,3276.25,ARIMA,301.47,254.38,8.94,2024-08-01T00:00:00+00:00
10,2,2025-01-01,2872.48,2652.6,3092.36,ARIMA,209.41,158.59,5.36,2024-08-01T00:00:00+00:00
10,2,2025-02-01,2852.76,2622.41,3083.11,ARIMA,209.41,158.59,5.36,2024-08-01T00:00:00+00:00
10,2,2025-03-01,2833.05,2592.23,3073.87,ARIMA,209.41,158.59,5.36,2024-08-01T00:00:00+00:00
10,2,2025-04-01,2813.33,2562.04,3064.62,ARIMA,209.41,158.59,5.36,2024-08-01T00:00:00+00:00
10,2,2025-05-01,2793.62,2531.85,3055.39,ARIMA,209.41,158.59,5.36,2024-08-01T00:00:00+00:00
10,2,2025-06-01,2773.9,2501.66,3046.14,ARIMA,209.41,158.59,5.36,2024-08-01T00:00:00+00:00
10,2,2025-07-01,2754.19,2471.48,3036.9,ARIMA,209.41,158.59,5.36,2024-08-01T00:00:00+00:00
10,2,2025-08-01,2734.48,2441.3,3027.66,ARIMA,209.41,158.59,5.36,2024-08-01T00:00:00+00:00
10,2,2025-09-01,2714.76,2411.11,3018.41,ARIMA,209.41,158.59,5.36,2024-08-01T00:00:00+00:00
10,2,2025-10-01,2695.05,2380.93,3009.17,ARIMA,209.41,158.59,5.36,2024-08-01T00:00:00+00:00
10,2,2025-11-01,2675.33,2350.74,2999.92,ARIMA,209.41,158.59,5.36,2024-08-01T00:00:00+00:00
10,2,2025-12-01,2655.62,2320.56,2990.68,ARIMA,209.41,158.59,5.36,2024-08-01T00:00:00+00:00
11,2,2025-01-01,2756.44,2409.42,3103.46,ARIMA,330.5,294.4,11.21,2024-08-01T00:00:00+00:00
11,2,2025-02-01,2761.9,2398.35,3125.45,ARIMA,330.5,294.4,11.21,2024-08-01T00:00:00+00:00
11,2,2025-03-01,2767.36,2387.29,3147.43,ARIMA,330.5,294.4,11.21,2024-08-01T00:00:00+00:00
11,2,2025-04-01,2772.82,2376.22,3169.42,ARIMA,330.5,294.4,11.21,2024-08-01T00:00:00+00:00
11,2,2025-05-01,2778.28,2365.16,3191.4,ARIMA,330.5,294.4,11.21,2024-08-01T00:00:00+00:00
11,2,2025-06-01,2783.74,2354.09,3213.39,ARIMA,330.5,294.4,11.21,2024-08-01T00:00:00+00:00
11,2,2025-07-01,2789.2,2343.03,3235.37,ARIMA,330.5,294.4,11.21,2024-08-01T00:00:00+00:00
11,2,2025-08-01,2794.66,2331.96,3257.36,ARIMA,330.5,294.4,11.21,2024-08-01T00:00:00+00:00
11,2,2025-09-01,2800.12,2320.9,3279.34,ARIMA,330.5,294.4,11.21,2024-08-01T00:00:00+00:00
11,2,2025-10-01,2805.58,2309.83,3301.33,ARIMA,330.5,294.4,11.21,2024-08-01T00:00:00+00:00
11,2,2025-11-01,2811.04,2298.77,3323.31,ARIMA,330.5,294.4,11.21,2024-08-01T00:00:00+00:00
11,2,2025-12-01,2816.5,2287.7,3345.3,ARIMA,330.5,294.4,11.21,2024-08-01T00:00:00+00:00
12,2,2025-01-01,2754.91,2409.14,3100.68,ARIMA,329.3,233.16,9.16,2024-08-01T00:00:00+00:00
12,2,2025-02-01,2736.52,2374.29,3098.75,ARIMA,329.3,233.16,9.16,2024-08-01T00:00:00+00:00
12,2,2025-03-01,2718.14,2339.44,3096.84,ARIMA,329.3,233.16,9.16,2024-08-01T00:00:00+00:00
12,2,2025-04-01,2699.75,2304.59,3094.91,ARIMA,329.3,233.16,9.16,2024-08-01T00:00:00+00:00
12,2,2025-05-01,2681.37,2269.74,3093.0,ARIMA,329.3,233.16,9.16,2024-08-01T00:00:00+00:00
12,2,2025-06-01,2662.98,2234.89,3091.07,ARIMA,329.3,233.16,9.16,2024-08-01T00:00:00+00:00
12,2,2025-07-01,2644.6,2200.04,3089.16,ARIMA,329.3,233.16,9.16,2024-08-01T00:00:00+00:00
12,2,2025-08-01,2626.21,2165.19,3087.23,ARIMA,329.3,233.16,9.16,2024-08-01T00:00:00+00:00
12,2,2025-09-01,2607.82,2130.33,3085.31,ARIMA,329.3,233.16,9.16,2024-08-01T00:00:00+00:00
12,2,2025-10-01,2589.44,2095.49,3083.39,ARIMA,329.3,233.16,9.16,2024-08-01T00:00:00+00:00
12,2,2025-11-01,2571.05,2060.63,3081.47,ARIMA,329.3,233.16,9.16,2024-08-01T00:00:00+00:00
12,2,2025-12-01,2552.67,2025.79,3079.55,ARIMA,329.3,233.16,9.16,2024-08-01T00:00:00+00:00
13,2,2025-01-01,2839.51,2519.57,3159.45,ARIMA,304.71,272.2,10.02,2024-08-01T00:00:00+00:00
13,2,2025-02-01,2850.58,2515.4,3185.76,ARIMA,304.71,272.2,10.02,2024-08-01T00:00:00+00:00
13,2,2025-03-01,2861.66,2511.25,3212.07,ARIMA,304.71,272.2,10.02,2024-08-01T00:00:00+00:00
13,2,2025-04-01,2872.73,2507.08,3238.38,ARIMA,304.71,272.2,10.02,2024-08-01T00:00:00+00:00
13,2,2025-05-01,2883.8,2502.92,3264.68,ARIMA,304.71,272.2,10.02,2024-08-01T00:00:00+00:00
13,2,2025-06-01,2894.88,2498.76,3291.0,ARIMA,304.71,272.2,10.02,2024-08-01T00:00:00+00:00
13,2,2025-07-01,2905.95,2494.59,3317.31,ARIMA,304.71,272.2,10.02,2024-08-01T00:00:00+00:00
13,2,2025-08-01,2917.02,2490.43,3343.61,ARIMA,304.71,272.2,10.02,2024-08-01T00:00:00+00:00
13,2,2025-09-01,2928.1,2486.27,3369.93,ARIMA,304.71,272.2,10.02,2024-08-01T00:00:00+00:00
13,2,2025-10-01,2939.17,2482.11,3396.23,ARIMA,304.71,272.2,10.02,2024-08-01T00:00:00+00:00
13,2,2025-11-01,2950.24,2477.94,3422.54,ARIMA,304.71,272.2,10.02,2024-08-01T00:00:00+00:00
13,2,2025-12-01,2961.32,2473.79,3448.85,ARIMA,304.71,272.2,10.02,2024-08-01T00:00:00+00:00
14,2,2025-01-01,2701.69,2434.95,2968.43,ARIMA,254.04,209.08,7.62,2024-08-01T00:00:00+00:00
14,2,2025-02-01,2686.2,2406.76,2965.64,ARIMA,254.04,209.08,7.62,2024-08-01T00:00:00+00:00
14,2,2025-03-01,2670.71,2378.57,2962.85,ARIMA,254.04,209.08,7.62,2024-08-01T00:00:00+00:00
14,2,2025-04-01,2655.23,2350.38,2960.08,ARIMA,254.04,209.08,7.62,2024-08-01T00:00:00+00:00
14,2,2025-05-01,2639.74,2322.19,2957.29,ARIMA,254.04,209.08,7.62,2024-08-01T00:00:00+00:00
14,2,2025-06-01,2624.25,2294.0,2954.5,ARIMA,254.04,209.08,7.62,2024-08-01T00:00:00+00:00
14,2,2025-07-01,2608.77,2265.82,2951.72,ARIMA,254.04,209.08,7.62,2024-08-01T00:00:00+00:00
14,2,2025-08-01,2593.28,2237.63,2948.93,ARIMA,254.04,209.08,7.62,2024-08-01T00:00:00+00:00
14,2,2025-09-01,2577.79,2209.43,2946.15,ARIMA,254.04,209.08,7.62,2024-08-01T00:00:00+00:00
14,2,2025-10-01,2562.31,2181.25,2943.37,ARIMA,254.04,209.08,7.62,2024-08-01T00:00:00+00:00
14,2,2025-11-01,2546.82,2153.06,2940.58,ARIMA,254.04,209.08,7.62,2024-08-01T00:00:00+00:00
14,2,2025-12-01,2531.33,2124.87,2937.79,ARIMA,254.04,209.08,7.62,2024-08-01T00:00:00+00:00
15,2,2025-01-01,2721.26,2487.34,2955.18,ARIMA,222.78,201.77,7.47,2024-08-01T00:00:00+00:00
15,2,2025-02-01,2735.65,2490.6,2980.7,ARIMA,222.78,201.77,7.47,2024-08-01T00:00:00+00:00
15,2,2025-03-01,2750.03,2493.84,3006.22,ARIMA,222.78,201.77,7.47,2024-08-01T00:00:00+00:00
15,2,2025-04-01,2764.41,2497.08,3031.74,ARIMA,222.78,201.77,7.47,2024-08-01T00:00:00+00:00
15,2,2025-05-01,2778.79,2500.32,3057.26,ARIMA,222.78,201.77,7.47,2024-08-01T00:00:00+00:00
15,2,2025-06-01,2793.18,2503.57,3082.79,ARIMA,222.78,201.77,7.47,2024-08-01T00:00:00+00:00
15,2,2025-07-01,2807.56,2506.81,3108.31,ARIMA,222.78,201.77,7.47,2024-08-01T00:00:00+00:00
15,2,2025-08-01,2821.94,2510.05,3133.83,ARIMA,222.78,201.77,7.47,2024-08-01T00:00:00+00:00
15,2,2025-09-01,2836.32,2513.29,3159.35,ARIMA,222.78,201.77,7.47,2024-08-01T00:00:00+00:00
15,2,2025-10-01,2850.7,2516.54,3184.86,ARIMA,222.78,201.77,7.47,2024-08-01T00:00:00+00:00
15,2,2025-11-01,2865.09,2519.79,3210.39,ARIMA,222.78,201.77,7.47,2024-08-01T00:00:00+00:00
15,2,2025-12-01,2879.47,2523.03,3235.91,ARIMA,222.78,201.77,7.47,2024-08-01T00:00:00+00:00
16,2,2025-01-01,2637.43,2483.53,2791.33,ARIMA,146.57,113.77,4.3,2024-08-01T00:00:00+00:00
16,2,2025-02-01,2630.38,2469.15,2791.61,ARIMA,146.57,113.77,4.3,2024-08-01T00:00:00+00:00
16,2,2025-03-01,2623.34,2454.78,2791.9,ARIMA,146.57,113.77,4.3,2024-08-01T00:00:00+00:00
16,2,2025-04-01,2616.3,2440.41,2792.19,ARIMA,146.57,113.77,4.3,2024-08-01T00:00:00+00:00
16,2,2025-05-01,2609.26,2426.04,2792.48,ARIMA,146.57,113.77,4.3,2024-08-01T00:00:00+00:00
16,2,2025-06-01,2602.22,2411.68,2792.76,ARIMA,146.57,113.77,4.3,2024-08-01T00:00:00+00:00
16,2,2025-07-01,2595.17,2397.3,2793.04,ARIMA,146.57,113.77,4.3,2024-08-01T00:00:00+00:00
16,2,2025-08-01,2588.13,2382.93,2793.33,ARIMA,146.57,113.77,4.3,2024-08-01T00:00:00+00:00
16,2,2025-09-01,2581.09,2368.56,2793.62,ARIMA,146.57,113.77,4.3,2024-08-01T00:00:00+00:00
16,2,2025-10-01,2574.05,2354.19,2793.91,ARIMA,146.57,113.77,4.3,2024-08-01T00:00:00+00:00
16,2,2025-11-01,2567.0,2339.81,2794.19,ARIMA,146.57,113.77,4.3,2024-08-01T00:00:00+00:00
16,2,2025-12-01,2559.96,2325.44,2794.48,ARIMA,146.57,113.77,4.3,2024-08-01T00:00:00+00:00
17,2,2025-01-01,2929.75,2682.62,3176.88,ARIMA,235.36,195.61,6.81,2024-08-01T00:00:00+00:00
17,2,2025-02-01,2936.99,2678.09,3195.89,ARIMA,235.36,195.61,6.81,2024-08-01T00:00:00+00:00
17,2,2025-03-01,2944.23,2673.56,3214.9,ARIMA,235.36,195.61,6.81,2024-08-01T00:00:00+00:00
17,2,2025-04-01,2951.48,2669.04,3233.92,ARIMA,235.36,195.61,6.81,2024-08-01T00:00:00+00:00
17,2,2025-05-01,2958.72,2664.52,3252.92,ARIMA,235.36,195.61,6.81,2024-08-01T00:00:00+00:00
17,2,2025-06-01,2965.96,2659.99,3271.93,ARIMA,235.36,195.61,6.81,2024-08-01T00:00:00+00:00
17,2,2025-07-01,2973.2,2655.46,3290.94,ARIMA,235.36,195.61,6.81,2024-08-01T00:00:00+00:00
17,2,2025-08-01,2980.45,2650.94,3309.96,ARIMA,235.36,195.61,6.81,2024-08-01T00:00:00+00:00
17,2,2025-09-01,2987.69,2646.41,3328.97,ARIMA,235.36,195.61,6.81,2024-08-01T00:00:00+00:00
17,2,2025-10-01,2994.93,2641.88,3347.98,ARIMA,235.36,195.61,6.81,2024-08-01T00:00:00+00:00
17,2,2025-11-01,3002.17,2637.36,3366.98,ARIMA,235.36,195.61,6.81,2024-08-01T00:00:00+00:00
17,2,2025-12-01,3009.42,2632.84,3386.0,ARIMA,235.36,195.61,6.81,2024-08-01T00:00:00+00:00
18,2,2025-01-01,2757.41,2485.96,3028.86,ARIMA,258.52,221.45,8.29,2024-08-01T00:00:00+00:00
18,2,2025-02-01,2764.12,2479.75,3048.49,ARIMA,258.52,221.45,8.29,2024-08-01T00:00:00+00:00
18,2,2025-03-01,2770.82,2473.52,3068.12,ARIMA,258.52,221.45,8.29,2024-08-01T00:00:00+00:00
18,2,2025-04-01,2777.52,2467.3,3087.74,ARIMA,258.52,221.45,8.29,2024-08-01T00:00:00+00:00
18,2,2025-05-01,2784.23,2461.08,3107.38,ARIMA,258.52,221.45,8.29,2024-08-01T00:00:00+00:00
18,2,2025-06-01,2790.93,2454.85,3127.01,ARIMA,258.52,221.45,8.29,2024-08-01T00:00:00+00:00
18,2,2025-07-01,2797.63,2448.63,3146.63,ARIMA,258.52,221.45,8.29,2024-08-01T00:00:00+00:00
18,2,2025-08-01,2804.33,2442.4,3166.26,ARIMA,258.52,221.45,8.29,2024-08-01T00:00:00+00:00
18,2,2025-09-01,2811.04,2436.19,3185.89,ARIMA,258.52,221.45,8.29,2024-08-01T00:00:00+00:00
18,2,2025-10-01,2817.74,2429.96,3205.52,ARIMA,258.52,221.45,8.29,2024-08-01T00:00:00+00:00
18,2,2025-11-01,2824.44,2423.73,3225.15,ARIMA,258.52,221.45,8.29,2024-08-01T00:00:00+00:00
18,2,2025-12-01,2831.15,2417.52,3244.78,ARIMA,258.52,221.45,8.29,2024-08-01T00:00:00+00:00
19,2,2025-01-01,2824.71,2377.03,3272.39,ARIMA,426.36,384.3,14.83,2024-08-01T00:00:00+00:00
19,2,2025-02-01,2837.8,2368.8,3306.8,ARIMA,426.36,384.3,14.83,2024-08-01T00:00:00+00:00
19,2,2025-03-01,2850.88,2360.56,3341.2,ARIMA,426.36,384.3,14.83,2024-08-01T00:00:00+00:00
19,2,2025-04-01,2863.96,2352.32,3375.6,ARIMA,426.36,384.3,14.83,2024-08-01T00:00:00+00:00
19,2,2025-05-01,2877.04,2344.09,3409.99,ARIMA,426.36,384.3,14.83,2024-08-01T00:00:00+00:00
19,2,2025-06-01,2890.12,2335.85,3444.39,ARIMA,426.36,384.3,14.83,2024-08-01T00:00:00+00:00
19,2,2025-07-01,2903.21,2327.62,3478.8,ARIMA,426.36,384.3,14.83,2024-08-01T00:00:00+00:00
19,2,2025-08-01,2916.29,2319.38,3513.2,ARIMA,426.36,384.3,14.83,2024-08-01T00:00:00+00:00
19,2,2025-09-01,2929.37,2311.14,3547.6,ARIMA,426.36,384.3,14.83,2024-08-01T00:00:00+00:00
19,2,2025-10-01,2942.45,2302.91,3581.99,ARIMA,426.36,384.3,14.83,2024-08-01T00:00:00+00:00
19,2,2025-11-01,2955.53,2294.67,3616.39,ARIMA,426.36,384.3,14.83,2024-08-01T00:00:00+00:00
19,2,2025-12-01,2968.62,2286.44,3650.8,ARIMA,426.36,384.3,14.83,2024-08-01T00:00:00+00:00
20,2,2025-01-01,2549.56,2285.33,2813.79,ARIMA,251.65,196.01,8.1,2024-08-01T00:00:00+00:00
20,2,2025-02-01,2545.12,2268.31,2821.93,ARIMA,251.65,196.01,8.1,2024-08-01T00:00:00+00:00
20,2,2025-03-01,2540.68,2251.29,2830.07,ARIMA,251.65,196.01,8.1,2024-08-01T00:00:00+00:00
20,2,2025-04-01,2536.24,2234.26,2838.22,ARIMA,251.65,196.01,8.1,2024-08-01T00:00:00+00:00
20,2,2025-05-01,2531.8,2217.24,2846.36,ARIMA,251.65,196.01,8.1,2024-08-01T00:00:00+00:00
20,2,2025-06-01,2527.35,2200.21,2854.49,ARIMA,251.65,196.01,8.1,2024-08-01T00:00:00+00:00
20,2,2025-07-01,2522.91,2183.19,2862.63,ARIMA,251.65,196.01,8.1,2024-08-01T00:00:00+00:00
20,2,2025-08-01,2518.47,2166.16,2870.78,ARIMA,251.65,196.01,8.1,2024-08-01T00:00:00+00:00
20,2,2025-09-01,2514.03,2149.14,2878.92,ARIMA,251.65,196.01,8.1,2024-08-01T00:00:00+00:00
20,2,2025-10-01,2509.59,2132.12,2887.06,ARIMA,251.65,196.01,8.1,2024-08-01T00:00:00+00:00
20,2,2025-11-01,2505.15,2115.1,2895.2,ARIMA,251.65,196.01,8.1,2024-08-01T00:00:00+00:00
20,2,2025-12-01,2500.71,2098.07,2903.35,ARIMA,251.65,196.01,8.1,2024-08-01T00:00:00+00:00
21,2,2025-01-01,2672.25,2312.62,3031.88,ARIMA,342.5,309.39,11.86,2024-08-01T00:00:00+00:00
21,2,2025-02-01,2652.67,2275.92,3029.42,ARIMA,342.5,309.39,11.86,2024-08-01T00:00:00+00:00
21,2,2025-03-01,2633.1,2239.22,3026.98,ARIMA,342.5,309.39,11.86,2024-08-01T00:00:00+00:00
21,2,2025-04-01,2613.52,2202.51,3024.53,ARIMA,342.5,309.39,11.86,2024-08-01T00:00:00+00:00
21,2,2025-05-01,2593.94,2165.81,3022.07,ARIMA,342.5,309.39,11.86,2024-08-01T00:00:00+00:00
21,2,2025-06-01,2574.36,2129.1,3019.62,ARIMA,342.5,309.39,11.86,2024-08-01T00:00:00+00:00
21,2,2025-07-01,2554.78,2092.4,3017.16,ARIMA,342.5,309.39,11.86,2024-08-01T00:00:00+00:00
21,2,2025-08-01,2535.2,2055.69,3014.71,ARIMA,342.5,309.39,11.86,2024-08-01T00:00:00+00:00
21,2,2025-09-01,2515.63,2019.0,3012.26,ARIMA,342.5,309.39,11.86,2024-08-01T00:00:00+00:00
21,2,2025-10-01,2496.05,1982.29,3009.81,ARIMA,342.5,309.39,11.86,2024-08-01T00:00:00+00:00
21,2,2025-11-01,2476.47,1945.59,3007.35,ARIMA,342.5,309.39,11.86,2024-08-01T00:00:00+00:00
21,2,2025-12-01,2456.89,1908.88,3004.9,ARIMA,342.5,309.39,11.86,2024-08-01T00:00:00+00:00
22,2,2025-01-01,2683.5,2342.1,3024.9,ExponentialSmoothing,325.14,289.25,11.17,2024-08-01T00:00:00+00:00
22,2,2025-02-01,2683.05,2325.39,3040.71,ExponentialSmoothing,325.14,289.25,11.17,2024-08-01T00:00:00+00:00
22,2,2025-03-01,2682.59,2308.67,3056.51,ExponentialSmoothing,325.14,289.25,11.17,2024-08-01T00:00:00+00:00
22,2,2025-04-01,2682.13,2291.96,3072.3,ExponentialSmoothing,325.14,289.25,11.17,2024-08-01T00:00:00+00:00
22,2,2025-05-01,2681.68,2275.25,3088.11,ExponentialSmoothing,325.14,289.25,11.17,2024-08-01T00:00:00+00:00
22,2,2025-06-01,2681.22,2258.53,3103.91,ExponentialSmoothing,325.14,289.25,11.17,2024-08-01T00:00:00+00:00
22,2,2025-07-01,2680.76,2241.82,3119.7,ExponentialSmoothing,325.14,289.25,11.17,2024-08-01T00:00:00+00:00
22,2,2025-08-01,2680.31,2225.11,3135.51,ExponentialSmoothing,325.14,289.25,11.17,2024-08-01T00:00:00+00:00
22,2,2025-09-01,2679.85,2208.39,3151.31,ExponentialSmoothing,325.14,289.25,11.17,2024-08-01T00:00:00+00:00
22,2,2025-10-01,2679.39,2191.67,3167.11,ExponentialSmoothing,325.14,289.25,11.17,2024-08-01T00:00:00+00:00
22,2,2025-11-01,2678.94,2174.97,3182.91,ExponentialSmoothing,325.14,289.25,11.17,2024-08-01T00:00:00+00:00
22,2,2025-12-01,2678.48,2158.25,3198.71,ExponentialSmoothing,325.14,289.25,11.17,2024-08-01T00:00:00+00:00
23,2,2025-01-01,2658.04,2339.52,2976.56,ExponentialSmoothing,303.35,265.14,10.23,2024-08-01T00:00:00+00:00
23,2,2025-02-01,2661.39,2327.7,2995.08,ExponentialSmoothing,303.35,265.14,10.23,2024-08-01T00:00:00+00:00
23,2,2025-03-01,2664.74,2315.89,3013.59,ExponentialSmoothing,303.35,265.14,10.23,2024-08-01T00:00:00+00:00
23,2,2025-04-01,2668.08,2304.06,3032.1,ExponentialSmoothing,303.35,265.14,10.23,2024-08-01T00:00:00+00:00
23,2,2025-05-01,2671.43,2292.24,3050.62,ExponentialSmoothing,303.35,265.14,10.23,2024-08-01T00:00:00+00:00
23,2,2025-06-01,2674.78,2280.42,3069.14,ExponentialSmoothing,303.35,265.14,10.23,2024-08-01T00:00:00+00:00
23,2,2025-07-01,2678.12,2268.59,3087.65,ExponentialSmoothing,303.35,265.14,10.23,2024-08-01T00:00:00+00:00
23,2,2025-08-01,2681.47,2256.78,3106.16,ExponentialSmoothing,303.35,265.14,10.23,2024-08-01T00:00:00+00:00
23,2,2025-09-01,2684.82,2244.96,3124.68,ExponentialSmoothing,303.35,265.14,10.23,2024-08-01T00:00:00+00:00
23,2,2025-10-01,2688.17,2233.14,3143.2,ExponentialSmoothing,303.35,265.14,10.23,2024-08-01T00:00:00+00:00
23,2,2025-11-01,2691.51,2221.31,3161.71,ExponentialSmoothing,303.35,265.14,10.23,2024-08-01T00:00:00+00:00
23,2,2025-12-01,2694.86,2209.5,3180.22,ExponentialSmoothing,303.35,265.14,10.23,2024-08-01T00:00:00+00:00
24,2,2025-01-01,2760.3,2411.03,3109.57,ExponentialSmoothing,332.64,301.75,11.04,2024-08-01T00:00:00+00:00
24,2,2025-02-01,2758.59,2392.68,3124.5,ExponentialSmoothing,332.64,301.75,11.04,2024-08-01T00:00:00+00:00
24,2,2025-03-01,2756.88,2374.34,3139.42,ExponentialSmoothing,332.64,301.75,11.04,2024-08-01T00:00:00+00:00
24,2,2025-04-01,2755.18,2356.01,3154.35,ExponentialSmoothing,332.64,301.75,11.04,2024-08-01T00:00:00+00:00
24,2,2025-05-01,2753.47,2337.67,3169.27,ExponentialSmoothing,332.64,301.75,11.04,2024-08-01T00:00:00+00:00
24,2,2025-06-01,2751.76,2319.33,3184.19,ExponentialSmoothing,332.64,301.75,11.04,2024-08-01T00:00:00+00:00
24,2,2025-07-01,2750.05,2300.98,3199.12,ExponentialSmoothing,332.64,301.75,11.04,2024-08-01T00:00:00+00:00
24,2,2025-08-01,2748.34,2282.64,3214.04,ExponentialSmoothing,332.64,301.75,11.04,2024-08-01T00:00:00+00:00
24,2,2025-09-01,2746.63,2264.3,3228.96,ExponentialSmoothing,332.64,301.75,11.04,2024-08-01T00:00:00+00:00
24,2,2025-10-01,2744.93,2245.97,3243.89,ExponentialSmoothing,332.64,301.75,11.04,2024-08-01T00:00:00+00:00
24,2,2025-11-01,2743.22,2227.62,3258.82,ExponentialSmoothing,332.64,301.75,11.04,2024-08-01T00:00:00+00:00
24,2,2025-12-01,2741.51,2209.28,3273.74,ExponentialSmoothing,332.64,301.75,11.04,2024-08-01T00:00:00+00:00
25,2,2025-01-01,2653.01,2374.34,2931.68,ExponentialSmoothing,265.4,199.15,7.73,2024-08-01T00:00:00+00:00
25,2,2025-02-01,2656.01,2364.07,2947.95,ExponentialSmoothing,265.4,199.15,7.73,2024-08-01T00:00:00+00:00
25,2,2025-03-01,2659.01,2353.8,2964.22,ExponentialSmoothing,265.4,199.15,7.73,2024-08-01T00:00:00+00:00
25,2,2025-04-01,2662.01,2343.53,2980.49,ExponentialSmoothing,265.4,199.15,7.73,2024-08-01T00:00:00+00:00
25,2,2025-05-01,2665.01,2333.26,2996.76,ExponentialSmoothing,265.4,199.15,7.73,2024-08-01T00:00:00+00:00
25,2,2025-06-01,2668.01,2322.99,3013.03,ExponentialSmoothing,265.4,199.15,7.73,2024-08-01T00:00:00+00:00
25,2,2025-07-01,2671.01,2312.72,3029.3,ExponentialSmoothing,265.4,199.15,7.73,2024-08-01T00:00:00+00:00
25,2,2025-08-01,2674.01,2302.45,3045.57,ExponentialSmoothing,265.4,199.15,7.73,2024-08-01T00:00:00+00:00
25,2,2025-09-01,2677.01,2292.18,3061.84,ExponentialSmoothing,265.4,199.15,7.73,2024-08-01T00:00:00+00:00
25,2,2025-10-01,2680.01,2281.91,3078.11,ExponentialSmoothing,265.4,199.15,7.73,2024-08-01T00:00:00+00:00
25,2,2025-11-01,2683.01,2271.64,3094.38,ExponentialSmoothing,265.4,199.15,7.73,2024-08-01T00:00:00+00:00
25,2,2025-12-01,2686.01,2261.37,3110.65,ExponentialSmoothing,265.4,199.15,7.73,2024-08-01T00:00:00+00:00
26,2,2025-01-01,2711.43,2334.64,3088.22,ARIMA,358.85,301.98,12.35,2024-08-01T00:00:00+00:00
26,2,2025-02-01,2732.43,2337.7,3127.16,ARIMA,358.85,301.98,12.35,2024-08-01T00:00:00+00:00
26,2,2025-03-01,2753.42,2340.74,3166.1,ARIMA,358.85,301.98,12.35,2024-08-01T00:00:00+00:00
26,2,2025-04-01,2774.42,2343.8,3205.04,ARIMA,358.85,301.98,12.35,2024-08-01T00:00:00+00:00
26,2,2025-05-01,2795.42,2346.86,3243.98,ARIMA,358.85,301.98,12.35,2024-08-01T00:00:00+00:00
26,2,2025-06-01,2816.42,2349.92,3282.92,ARIMA,358.85,301.98,12.35,2024-08-01T00:00:00+00:00
26,2,2025-07-01,2837.41,2352.96,3321.86,ARIMA,358.85,301.98,12.35,2024-08-01T00:00:00+00:00
26,2,2025-08-01,2858.41,2356.02,3360.8,ARIMA,358.85,301.98,12.35,2024-08-01T00:00:00+00:00
26,2,2025-09-01,2879.41,2359.08,3399.74,ARIMA,358.85,301.98,12.35,2024-08-01T00:00:00+00:00
26,2,2025-10-01,2900.41,2362.14,3438.68,ARIMA,358.85,301.98,12.35,2024-08-01T00:00:00+00:00
26,2,2025-11-01,2921.4,2365.18,3477.62,ARIMA,358.85,301.98,12.35,2024-08-01T00:00:00+00:00
26,2,2025-12-01,2942.4,2368.24,3516.56,ARIMA,358.85,301.98,12.35,2024-08-01T00:00:00+00:00
27,2,2025-01-01,2738.77,2389.3,3088.24,ExponentialSmoothing,332.83,269.98,10.02,2024-08-01T00:00:00+00:00
27,2,2025-02-01,2741.05,2374.94,3107.16,ExponentialSmoothing,332.83,269.98,10.02,2024-08-01T00:00:00+00:00
27,2,2025-03-01,2743.32,2360.56,3126.08,ExponentialSmoothing,332.83,269.98,10.02,2024-08-01T00:00:00+00:00
27,2,2025-04-01,2745.6,2346.2,3145.0,ExponentialSmoothing,332.83,269.98,10.02,2024-08-01T00:00:00+00:00
27,2,2025-05-01,2747.88,2331.84,3163.92,ExponentialSmoothing,332.83,269.98,10.02,2024-08-01T00:00:00+00:00
27,2,2025-06-01,2750.16,2317.48,3182.84,ExponentialSmoothing,332.83,269.98,10.02,2024-08-01T00:00:00+00:00
27,2,2025-07-01,2752.43,2303.11,3201.75,ExponentialSmoothing,332.83,269.98,10.02,2024-08-01T00:00:00+00:00
27,2,2025-08-01,2754.71,2288.75,3220.67,ExponentialSmoothing,332.83,269.98,10.02,2024-08-01T00:00:00+00:00
27,2,2025-09-01,2756.99,2274.39,3239.59,ExponentialSmoothing,332.83,269.98,10.02,2024-08-01T00:00:00+00:00
27,2,2025-10-01,2759.26,2260.01,3258.51,ExponentialSmoothing,332.83,269.98,10.02,2024-08-01T00:00:00+00:00
27,2,2025-11-01,2761.54,2245.65,3277.43,ExponentialSmoothing,332.83,269.98,10.02,2024-08-01T00:00:00+00:00
27,2,2025-12-01,2763.82,2231.29,3296.35,ExponentialSmoothing,332.83,269.98,10.02,2024-08-01T00:00:00+00:00
28,2,2025-01-01,2737.33,2379.37,3095.29,ARIMA,340.91,292.7,10.9,2024-08-01T00:00:00+00:00
28,2,2025-02-01,2742.89,2367.89,3117.89,ARIMA,340.91,292.7,10.9,2024-08-01T00:00:00+00:00
28,2,2025-03-01,2748.44,2356.39,3140.49,ARIMA,340.91,292.7,10.9,2024-08-01T00:00:00+00:00
28,2,2025-04-01,2754.0,2344.91,3163.09,ARIMA,340.91,292.7,10.9,2024-08-01T00:00:00+00:00
28,2,2025-05-01,2759.56,2333.42,3185.7,ARIMA,340.91,292.7,10.9,2024-08-01T00:00:00+00:00
28,2,2025-06-01,2765.12,2321.93,3208.31,ARIMA,340.91,292.7,10.9,2024-08-01T00:00:00+00:00
28,2,2025-07-01,2770.68,2310.45,3230.91,ARIMA,340.91,292.7,10.9,2024-08-01T00:00:00+00:00
28,2,2025-08-01,2776.23,2298.95,3253.51,ARIMA,340.91,292.7,10.9,2024-08-01T00:00:00+00:00
28,2,2025-09-01,2781.79,2287.47,3276.11,ARIMA,340.91,292.7,10.9,2024-08-01T00:00:00+00:00
28,2,2025-10-01,2787.35,2275.98,3298.72,ARIMA,340.91,292.7,10.9,2024-08-01T00:00:00+00:00
28,2,2025-11-01,2792.91,2264.5,3321.32,ARIMA,340.91,292.7,10.9,2024-08-01T00:00:00+00:00
28,2,2025-12-01,2798.47,2253.01,3343.93,ARIMA,340.91,292.7,10.9,2024-08-01T00:00:00+00:00
29,2,2025-01-01,2946.52,2640.89,3252.15,ARIMA,291.07,253.77,8.78,2024-08-01T00:00:00+00:00
29,2,2025-02-01,2952.21,2632.03,3272.39,ARIMA,291.07,253.77,8.78,2024-08-01T00:00:00+00:00
29,2,2025-03-01,2957.9,2623.17,3292.63,ARIMA,291.07,253.77,8.78,2024-08-01T00:00:00+00:00
29,2,2025-04-01,2963.59,2614.3,3312.88,ARIMA,291.07,253.77,8.78,2024-08-01T00:00:00+00:00
29,2,2025-05-01,2969.28,2605.44,3333.12,ARIMA,291.07,253.77,8.78,2024-08-01T00:00:00+00:00
29,2,2025-06-01,2974.97,2596.58,3353.36,ARIMA,291.07,253.77,8.78,2024-08-01T00:00:00+00:00
29,2,2025-07-01,2980.66,2587.71,3373.61,ARIMA,291.07,253.77,8.78,2024-08-01T00:00:00+00:00
29,2,2025-08-01,2986.35,2578.85,3393.85,ARIMA,291.07,253.77,8.78,2024-08-01T00:00:00+00:00
29,2,2025-09-01,2992.04,2569.99,3414.09,ARIMA,291.07,253.77,8.78,2024-08-01T00:00:00+00:00
29,2,2025-10-01,2997.73,2561.12,3434.34,ARIMA,291.07,253.77,8.78,2024-08-01T00:00:00+00:00
29,2,2025-11-01,3003.42,2552.26,3454.58,ARIMA,291.07,253.77,8.78,2024-08-01T00:00:00+00:00
29,2,2025-12-01,3009.11,2543.4,3474.82,ARIMA,291.07,253.77,8.78,2024-08-01T00:00:00+00:00
30,2,2025-01-01,2800.3,2342.7,3257.9,ARIMA,435.81,382.0,14.12,2024-08-01T00:00:00+00:00
30,2,2025-02-01,2795.36,2315.97,3274.75,ARIMA,435.81,382.0,14.12,2024-08-01T00:00:00+00:00
30,2,2025-03-01,2790.41,2289.23,3291.59,ARIMA,435.81,382.0,14.12,2024-08-01T00:00:00+00:00
30,2,2025-04-01,2785.47,2262.5,3308.44,ARIMA,435.81,382.0,14.12,2024-08-01T00:00:00+00:00
30,2,2025-05-01,2780.52,2235.76,3325.28,ARIMA,435.81,382.0,14.12,2024-08-01T00:00:00+00:00
30,2,2025-06-01,2775.58,2209.03,3342.13,ARIMA,435.81,382.0,14.12,2024-08-01T00:00:00+00:00
30,2,2025-07-01,2770.63,2182.28,3358.98,ARIMA,435.81,382.0,14.12,2024-08-01T00:00:00+00:00
30,2,2025-08-01,2765.69,2155.55,3375.83,ARIMA,435.81,382.0,14.12,2024-08-01T00:00:00+00:00
30,2,2025-09-01,2760.74,2128.81,3392.67,ARIMA,435.81,382.0,14.12,2024-08-01T00:00:00+00:00
30,2,2025-10-01,2755.8,2102.08,3409.52,ARIMA,435.81,382.0,14.12,2024-08-01T00:00:00+00:00
30,2,2025-11-01,2750.85,2075.34,3426.36,ARIMA,435.81,382.0,14.12,2024-08-01T00:00:00+00:00
30,2,2025-12-01,2745.91,2048.61,3443.21,ARIMA,435.81,382.0,14.12,2024-08-01T00:00:00+00:00
31,2,2025-01-01,2463.33,2035.62,2891.04,ARIMA,407.34,316.58,15.18,2024-08-01T00:00:00+00:00
31,2,2025-02-01,2458.85,2010.77,2906.93,ARIMA,407.34,316.58,15.18,2024-08-01T00:00:00+00:00
31,2,2025-03-01,2454.37,1985.93,2922.81,ARIMA,407.34,316.58,15.18,2024-08-01T00:00:00+00:00
31,2,2025-04-01,2449.89,1961.08,2938.7,ARIMA,407.34,316.58,15.18,2024-08-01T00:00:00+00:00
31,2,2025-05-01,2445.41,1936.23,2954.59,ARIMA,407.34,316.58,15.18,2024-08-01T00:00:00+00:00
31,2,2025-06-01,2440.93,1911.39,2970.47,ARIMA,407.34,316.58,15.18,2024-08-01T00:00:00+00:00
31,2,2025-07-01,2436.45,1886.54,2986.36,ARIMA,407.34,316.58,15.18,2024-08-01T00:00:00+00:00
31,2,2025-08-01,2431.97,1861.69,3002.25,ARIMA,407.34,316.58,15.18,2024-08-01T00:00:00+00:00
31,2,2025-09-01,2427.49,1836.84,3018.14,ARIMA,407.34,316.58,15.18,2024-08-01T00:00:00+00:00
31,2,2025-10-01,2423.01,1812.0,3034.02,ARIMA,407.34,316.58,15.18,2024-08-01T00:00:00+00:00
31,2,2025-11-01,2418.53,1787.15,3049.91,ARIMA,407.34,316.58,15.18,2024-08-01T00:00:00+00:00
31,2,2025-12-01,2414.05,1762.3,3065.8,ARIMA,407.34,316.58,15.18,2024-08-01T00:00:00+00:00
32,2,2025-01-01,2686.71,2317.5,3055.92,ARIMA,351.63,282.96,10.78,2024-08-01T00:00:00+00:00
32,2,2025-02-01,2679.67,2292.88,3066.46,ARIMA,351.63,282.96,10.78,2024-08-01T00:00:00+00:00
32,2,2025-03-01,2672.63,2268.26,3077.0,ARIMA,351.63,282.96,10.78,2024-08-01T00:00:00+00:00
32,2,2025-04-01,2665.59,2243.63,3087.55,ARIMA,351.63,282.96,10.78,2024-08-01T00:00:00+00:00
32,2,2025-05-01,2658.55,2219.01,3098.09,ARIMA,351.63,282.96,10.78,2024-08-01T00:00:00+00:00
32,2,2025-06-01,2651.51,2194.39,3108.63,ARIMA,351.63,282.96,10.78,2024-08-01T00:00:00+00:00
32,2,2025-07-01,2644.47,2169.77,3119.17,ARIMA,351.63,282.96,10.78,2024-08-01T00:00:00+00:00
32,2,2025-08-01,2637.43,2145.15,3129.71,ARIMA,351.63,282.96,10.78,2024-08-01T00:00:00+00:00
32,2,2025-09-01,2630.39,2120.53,3140.25,ARIMA,351.63,282.96,10.78,2024-08-01T00:00:00+00:00
32,2,2025-10-01,2623.35,2095.91,3150.79,ARIMA,351.63,282.96,10.78,2024-08-01T00:00:00+00:00
32,2,2025-11-01,2616.31,2071.28,3161.34,ARIMA,351.63,282.96,10.78,2024-08-01T00:00:00+00:00
32,2,2025-12-01,2609.27,2046.66,3171.88,ARIMA,351.63,282.96,10.78,2024-08-01T00:00:00+00:00
33,2,2025-01-01,2837.75,2466.73,3208.77,ARIMA,353.35,312.86,10.92,2024-08-01T00:00:00+00:00
33,2,2025-02-01,2828.39,2439.7,3217.08,ARIMA,353.35,312.86,10.92,2024-08-01T00:00:00+00:00
33,2,2025-03-01,2819.03,2412.67,3225.39,ARIMA,353.35,312.86,10.92,2024-08-01T00:00:00+00:00
33,2,2025-04-01,2809.67,2385.65,3233.69,ARIMA,353.35,312.86,10.92,2024-08-01T00:00:00+00:00
33,2,2025-05-01,2800.31,2358.62,3242.0,ARIMA,353.35,312.86,10.92,2024-08-01T00:00:00+00:00
33,2,2025-06-01,2790.95,2331.59,3250.31,ARIMA,353.35,312.86,10.92,2024-08-01T00:00:00+00:00
33,2,2025-07-01,2781.59,2304.56,3258.62,ARIMA,353.35,312.86,10.92,2024-08-01T00:00:00+00:00
33,2,2025-08-01,2772.23,2277.54,3266.92,ARIMA,353.35,312.86,10.92,2024-08-01T00:00:00+00:00
33,2,2025-09-01,2762.87,2250.51,3275.23,ARIMA,353.35,312.86,10.92,2024-08-01T00:00:00+00:00
33,2,2025-10-01,2753.51,2223.48,3283.54,ARIMA,353.35,312.86,10.92,2024-08-01T00:00:00+00:00
33,2,2025-11-01,2744.15,2196.45,3291.85,ARIMA,353.35,312.86,10.92,2024-08-01T00:00:00+00:00
33,2,2025-12-01,2734.79,2169.43,3300.15,ARIMA,353.35,312.86,10.92,2024-08-01T00:00:00+00:00
34,2,2025-01-01,2838.25,2446.44,3230.06,ARIMA,373.15,314.49,11.74,2024-08-01T00:00:00+00:00
34,2,2025-02-01,2849.57,2439.11,3260.03,ARIMA,373.15,314.49,11.74,2024-08-01T00:00:00+00:00
34,2,2025-03-01,2860.88,2431.76,3290.0,ARIMA,373.15,314.49,11.74,2024-08-01T00:00:00+00:00
34,2,2025-04-01,2872.2,2424.42,3319.98,ARIMA,373.15,314.49,11.74,2024-08-01T00:00:00+00:00
34,2,2025-05-01,2883.51,2417.07,3349.95,ARIMA,373.15,314.49,11.74,2024-08-01T00:00:00+00:00
34,2,2025-06-01,2894.83,2409.74,3379.92,ARIMA,373.15,314.49,11.74,2024-08-01T00:00:00+00:00
34,2,2025-07-01,2906.14,2402.39,3409.89,ARIMA,373.15,314.49,11.74,2024-08-01T00:00:00+00:00
34,2,2025-08-01,2917.46,2395.05,3439.87,ARIMA,373.15,314.49,11.74,2024-08-01T00:00:00+00:00
34,2,2025-09-01,2928.78,2387.71,3469.85,ARIMA,373.15,314.49,11.74,2024-08-01T00:00:00+00:00
34,2,2025-10-01,2940.09,2380.37,3499.81,ARIMA,373.15,314.49,11.74,2024-08-01T00:00:00+00:00
34,2,2025-11-01,2951.41,2373.03,3529.79,ARIMA,373.15,314.49,11.74,2024-08-01T00:00:00+00:00
34,2,2025-12-01,2962.72,2365.68,3559.76,ARIMA,373.15,314.49,11.74,2024-08-01T00:00:00+00:00
35,2,2025-01-01,2638.98,2312.67,2965.29,ARIMA,310.77,259.3,9.59,2024-08-01T00:00:00+00:00
35,2,2025-02-01,2631.21,2289.37,2973.05,ARIMA,310.77,259.3,9.59,2024-08-01T00:00:00+00:00
35,2,2025-03-01,2623.43,2266.05,2980.81,ARIMA,310.77,259.3,9.59,2024-08-01T00:00:00+00:00
35,2,2025-04-01,2615.66,2242.74,2988.58,ARIMA,310.77,259.3,9.59,2024-08-01T00:00:00+00:00
35,2,2025-05-01,2607.88,2219.42,2996.34,ARIMA,310.77,259.3,9.59,2024-08-01T00:00:00+00:00
35,2,2025-06-01,2600.11,2196.11,3004.11,ARIMA,310.77,259.3,9.59,2024-08-01T00:00:00+00:00
35,2,2025-07-01,2592.33,2172.79,3011.87,ARIMA,310.77,259.3,9.59,2024-08-01T00:00:00+00:00
35,2,2025-08-01,2584.56,2149.49,3019.63,ARIMA,310.77,259.3,9.59,2024-08-01T00:00:00+00:00
35,2,2025-09-01,2576.78,2126.17,3027.39,ARIMA,310.77,259.3,9.59,2024-08-01T00:00:00+00:00
35,2,2025-10-01,2569.01,2102.86,3035.16,ARIMA,310.77,259.3,9.59,2024-08-01T00:00:00+00:00
35,2,2025-11-01,2561.23,2079.54,3042.92,ARIMA,310.77,259.3,9.59,2024-08-01T00:00:00+00:00
35,2,2025-12-01,2553.46,2056.23,3050.69,ARIMA,310.77,259.3,9.59,2024-08-01T00:00:00+00:00
36,2,2025-01-01,2915.63,2546.22,3285.04,ExponentialSmoothing,351.82,309.56,11.05,2024-08-01T00:00:00+00:00
36,2,2025-02-01,2916.58,2529.58,3303.58,ExponentialSmoothing,351.82,309.56,11.05,2024-08-01T00:00:00+00:00
36,2,2025-03-01,2917.52,2512.93,3322.11,ExponentialSmoothing,351.82,309.56,11.05,2024-08-01T00:00:00+00:00
36,2,2025-04-01,2918.47,2496.29,3340.65,ExponentialSmoothing,351.82,309.56,11.05,2024-08-01T00:00:00+00:00
36,2,2025-05-01,2919.42,2479.65,3359.19,ExponentialSmoothing,351.82,309.56,11.05,2024-08-01T00:00:00+00:00
36,2,2025-06-01,2920.36,2463.0,3377.72,ExponentialSmoothing,351.82,309.56,11.05,2024-08-01T00:00:00+00:00
36,2,2025-07-01,2921.31,2446.36,3396.26,ExponentialSmoothing,351.82,309.56,11.05,2024-08-01T00:00:00+00:00
36,2,2025-08-01,2922.26,2429.72,3414.8,ExponentialSmoothing,351.82,309.56,11.05,2024-08-01T00:00:00+00:00
36,2,2025-09-01,2923.21,2413.08,3433.34,ExponentialSmoothing,351.82,309.56,11.05,2024-08-01T00:00:00+00:00
36,2,2025-10-01,2924.15,2396.43,3451.87,ExponentialSmoothing,351.82,309.56,11.05,2024-08-01T00:00:00+00:00
36,2,2025-11-01,2925.1,2379.79,3470.41,ExponentialSmoothing,351.82,309.56,11.05,2024-08-01T00:00:00+00:00
36,2,2025-12-01,2926.05,2363.15,3488.95,ExponentialSmoothing,351.82,309.56,11.05,2024-08-01T00:00:00+00:00
37,2,2025-01-01,2607.21,2267.17,2947.25,ARIMA,323.85,257.76,10.14,2024-08-01T00:00:00+00:00
37,2,2025-02-01,2615.05,2258.81,2971.29,ARIMA,323.85,257.76,10.14,2024-08-01T00:00:00+00:00
37,2,2025-03-01,2622.88,2250.45,2995.31,ARIMA,323.85,257.76,10.14,2024-08-01T00:00:00+00:00
37,2,2025-04-01,2630.72,2242.1,3019.34,ARIMA,323.85,257.76,10.14,2024-08-01T00:00:00+00:00
37,2,2025-05-01,2638.56,2233.75,3043.37,ARIMA,323.85,257.76,10.14,2024-08-01T00:00:00+00:00
37,2,2025-06-01,2646.39,2225.38,3067.4,ARIMA,323.85,257.76,10.14,2024-08-01T00:00:00+00:00
37,2,2025-07-01,2654.23,2217.03,3091.43,ARIMA,323.85,257.76,10.14,2024-08-01T00:00:00+00:00
37,2,2025-08-01,2662.07,2208.68,3115.46,ARIMA,323.85,257.76,10.14,2024-08-01T00:00:00+00:00
37,2,2025-09-01,2669.9,2200.31,3139.49,ARIMA,323.85,257.76,10.14,2024-08-01T00:00:00+00:00
37,2,2025-10-01,2677.74,2191.96,3163.52,ARIMA,323.85,257.76,10.14,2024-08-01T00:00:00+00:00
37,2,2025-11-01,2685.58,2183.61,3187.55,ARIMA,323.85,257.76,10.14,2024-08-01T00:00:00+00:00
37,2,2025-12-01,2693.41,2175.25,3211.57,ARIMA,323.85,257.76,10.14,2024-08-01T00:00:00+00:00
38,2,2025-01-01,2813.96,2521.83,3106.09,ARIMA,278.22,237.51,8.29,2024-08-01T00:00:00+00:00
38,2,2025-02-01,2801.31,2495.26,3107.36,ARIMA,278.22,237.51,8.29,2024-08-01T00:00:00+00:00
38,2,2025-03-01,2788.66,2468.7,3108.62,ARIMA,278.22,237.51,8.29,2024-08-01T00:00:00+00:00
38,2,2025-04-01,2776.02,2442.15,3109.89,ARIMA,278.22,237.51,8.29,2024-08-01T00:00:00+00:00
38,2,2025-05-01,2763.37,2415.59,3111.15,ARIMA,278.22,237.51,8.29,2024-08-01T00:00:00+00:00
38,2,2025-06-01,2750.72,2389.03,3112.41,ARIMA,278.22,237.51,8.29,2024-08-01T00:00:00+00:00
38,2,2025-07-01,2738.07,2362.47,3113.67,ARIMA,278.22,237.51,8.29,2024-08-01T00:00:00+00:00
38,2,2025-08-01,2725.43,2335.92,3114.94,ARIMA,278.22,237.51,8.29,2024-08-01T00:00:00+00:00
38,2,2025-09-01,2712.78,2309.36,3116.2,ARIMA,278.22,237.51,8.29,2024-08-01T00:00:00+00:00
38,2,2025-10-01,2700.13,2282.79,3117.47,ARIMA,278.22,237.51,8.29,2024-08-01T00:00:00+00:00
38,2,2025-11-01,2687.48,2256.23,3118.73,ARIMA,278.22,237.51,8.29,2024-08-01T00:00:00+00:00
38,2,2025-12-01,2674.84,2229.68,3120.0,ARIMA,278.22,237.51,8.29,2024-08-01T00:00:00+00:00
39,2,2025-01-01,2570.85,2319.0,2822.7,ARIMA,239.86,176.8,7.37,2024-08-01T00:00:00+00:00
39,2,2025-02-01,2564.48,2300.64,2828.32,ARIMA,239.86,176.8,7.37,2024-08-01T00:00:00+00:00
39,2,2025-03-01,2558.11,2282.28,2833.94,ARIMA,239.86,176.8,7.37,2024-08-01T00:00:00+00:00
39,2,2025-04-01,2551.75,2263.92,2839.58,ARIMA,239.86,176.8,7.37,2024-08-01T00:00:00+00:00
39,2,2025-05-01,2545.38,2245.56,2845.2,ARIMA,239.86,176.8,7.37,2024-08-01T00:00:00+00:00
39,2,2025-06-01,2539.02,2227.21,2850.83,ARIMA,239.86,176.8,7.37,2024-08-01T00:00:00+00:00
39,2,2025-07-01,2532.65,2208.84,2856.46,ARIMA,239.86,176.8,7.37,2024-08-01T00:00:00+00:00
39,2,2025-08-01,2526.28,2190.48,2862.08,ARIMA,239.86,176.8,7.37,2024-08-01T00:00:00+00:00
39,2,2025-09-01,2519.92,2172.13,2867.71,ARIMA,239.86,176.8,7.37,2024-08-01T00:00:00+00:00
39,2,2025-10-01,2513.55,2153.77,2873.33,ARIMA,239.86,176.8,7.37,2024-08-01T00:00:00+00:00
39,2,2025-11-01,2507.19,2135.41,2878.97,ARIMA,239.86,176.8,7.37,2024-08-01T00:00:00+00:00
39,2,2025-12-01,2500.82,2117.05,2884.59,ARIMA,239.86,176.8,7.37,2024-08-01T00:00:00+00:00
40,2,2025-01-01,2830.09,2464.47,3195.71,ARIMA,348.21,294.3,10.95,2024-08-01T00:00:00+00:00
40,2,2025-02-01,2818.89,2435.86,3201.92,ARIMA,348.21,294.3,10.95,2024-08-01T00:00:00+00:00
40,2,2025-03-01,2807.68,2407.24,3208.12,ARIMA,348.21,294.3,10.95,2024-08-01T00:00:00+00:00
40,2,2025-04-01,2796.48,2378.63,3214.33,ARIMA,348.21,294.3,10.95,2024-08-01T00:00:00+00:00
40,2,2025-05-01,2785.28,2350.02,3220.54,ARIMA,348.21,294.3,10.95,2024-08-01T00:00:00+00:00
40,2,2025-06-01,2774.08,2321.41,3226.75,ARIMA,348.21,294.3,10.95,2024-08-01T00:00:00+00:00
40,2,2025-07-01,2762.87,2292.79,3232.95,ARIMA,348.21,294.3,10.95,2024-08-01T00:00:00+00:00
40,2,2025-08-01,2751.67,2264.18,3239.16,ARIMA,348.21,294.3,10.95,2024-08-01T00:00:00+00:00
40,2,2025-09-01,2740.47,2235.57,3245.37,ARIMA,348.21,294.3,10.95,2024-08-01T00:00:00+00:00
40,2,2025-10-01,2729.26,2206.95,3251.57,ARIMA,348.21,294.3,10.95,2024-08-01T00:00:00+00:00
40,2,2025-11-01,2718.06,2178.34,3257.78,ARIMA,348.21,294.3,10.95,2024-08-01T00:00:00+00:00
40,2,2025-12-01,2706.86,2149.73,3263.99,ARIMA,348.21,294.3,10.95,2024-08-01T00:00:00+00:00
41,2,2025-01-01,2804.36,2418.5,3190.22,ARIMA,367.48,308.05,11.19,2024-08-01T00:00:00+00:00
41,2,2025-02-01,2794.66,2390.43,3198.89,ARIMA,367.48,308.05,11.19,2024-08-01T00:00:00+00:00
41,2,2025-03-01,2784.97,2362.37,3207.57,ARIMA,367.48,308.05,11.19,2024-08-01T00:00:00+00:00
41,2,2025-04-01,2775.28,2334.3,3216.26,ARIMA,367.48,308.05,11.19,2024-08-01T00:00:00+00:00
41,2,2025-05-01,2765.59,2306.24,3224.94,ARIMA,367.48,308.05,11.19,2024-08-01T00:00:00+00:00
41,2,2025-06-01,2755.89,2278.16,3233.62,ARIMA,367.48,308.05,11.19,2024-08-01T00:00:00+00:00
41,2,2025-07-01,2746.2,2250.1,3242.3,ARIMA,367.48,308.05,11.19,2024-08-01T00:00:00+00:00
41,2,2025-08-01,2736.51,2222.04,3250.98,ARIMA,367.48,308.05,11.19,2024-08-01T00:00:00+00:00
41,2,2025-09-01,2726.82,2193.97,3259.67,ARIMA,367.48,308.05,11.19,2024-08-01T00:00:00+00:00
41,2,2025-10-01,2717.13,2165.91,3268.35,ARIMA,367.48,308.05,11.19,2024-08-01T00:00:00+00:00
41,2,2025-11-01,2707.43,2137.83,3277.03,ARIMA,367.48,308.05,11.19,2024-08-01T00:00:00+00:00
41,2,2025-12-01,2697.74,2109.77,3285.71,ARIMA,367.48,308.05,11.19,2024-08-01T00:00:00+00:00
42,2,2025-01-01,2698.63,2330.37,3066.89,ARIMA,350.72,301.48,11.56,2024-08-01T00:00:00+00:00
42,2,2025-02-01,2685.47,2299.68,3071.26,ARIMA,350.72,301.48,11.56,2024-08-01T00:00:00+00:00
42,2,2025-03-01,2672.31,2268.98,3075.64,ARIMA,350.72,301.48,11.56,2024-08-01T00:00:00+00:00
42,2,2025-04-01,2659.15,2238.28,3080.02,ARIMA,350.72,301.48,11.56,2024-08-01T00:00:00+00:00
42,2,2025-05-01,2645.98,2207.58,3084.38,ARIMA,350.72,301.48,11.56,2024-08-01T00:00:00+00:00
42,2,2025-06-01,2632.82,2176.88,3088.76,ARIMA,350.72,301.48,11.56,2024-08-01T00:00:00+00:00
42,2,2025-07-01,2619.66,2146.19,3093.13,ARIMA,350.72,301.48,11.56,2024-08-01T00:00:00+00:00
42,2,2025-08-01,2606.5,2115.49,3097.51,ARIMA,350.72,301.48,11.56,2024-08-01T00:00:00+00:00
42,2,2025-09-01,2593.34,2084.79,3101.89,ARIMA,350.72,301.48,11.56,2024-08-01T00:00:00+00:00
42,2,2025-10-01,2580.17,2054.09,3106.25,ARIMA,350.72,301.48,11.56,2024-08-01T00:00:00+00:00
42,2,2025-11-01,2567.01,2023.39,3110.63,ARIMA,350.72,301.48,11.56,2024-08-01T00:00:00+00:00
42,2,2025-12-01,2553.85,1992.69,3115.01,ARIMA,350.72,301.48,11.56,2024-08-01T00:00:00+00:00
43,2,2025-01-01,2763.93,2434.18,3093.68,ARIMA,314.05,258.58,9.31,2024-08-01T00:00:00+00:00
43,2,2025-02-01,2769.18,2423.73,3114.63,ARIMA,314.05,258.58,9.31,2024-08-01T00:00:00+00:00
43,2,2025-03-01,2774.44,2413.28,3135.6,ARIMA,314.05,258.58,9.31,2024-08-01T00:00:00+00:00
43,2,2025-04-01,2779.69,2402.83,3156.55,ARIMA,314.05,258.58,9.31,2024-08-01T00:00:00+00:00
43,2,2025-05-01,2784.94,2392.38,3177.5,ARIMA,314.05,258.58,9.31,2024-08-01T00:00:00+00:00
43,2,2025-06-01,2790.19,2381.93,3198.45,ARIMA,314.05,258.58,9.31,2024-08-01T00:00:00+00:00
43,2,2025-07-01,2795.45,2371.48,3219.42,ARIMA,314.05,258.58,9.31,2024-08-01T00:00:00+00:00
43,2,2025-08-01,2800.7,2361.03,3240.37,ARIMA,314.05,258.58,9.31,2024-08-01T00:00:00+00:00
43,2,2025-09-01,2805.95,2350.58,3261.32,ARIMA,314.05,258.58,9.31,2024-08-01T00:00:00+00:00
43,2,2025-10-01,2811.21,2340.14,3282.28,ARIMA,314.05,258.58,9.31,2024-08-01T00:00:00+00:00
43,2,2025-11-01,2816.46,2329.68,3303.24,ARIMA,314.05,258.58,9.31,2024-08-01T00:00:00+00:00
43,2,2025-12-01,2821.71,2319.23,3324.19,ARIMA,314.05,258.58,9.31,2024-08-01T00:00:00+00:00
44,2,2025-01-01,2722.63,2440.5,3004.76,ARIMA,268.69,205.44,7.58,2024-08-01T00:00:00+00:00
44,2,2025-02-01,2707.38,2411.82,3002.94,ARIMA,268.69,205.44,7.58,2024-08-01T00:00:00+00:00
44,2,2025-03-01,2692.12,2383.12,3001.12,ARIMA,268.69,205.44,7.58,2024-08-01T00:00:00+00:00
44,2,2025-04-01,2676.86,2354.43,2999.29,ARIMA,268.69,205.44,7.58,2024-08-01T00:00:00+00:00
44,2,2025-05-01,2661.61,2325.74,2997.48,ARIMA,268.69,205.44,7.58,2024-08-01T00:00:00+00:00
44,2,2025-06-01,2646.35,2297.05,2995.65,ARIMA,268.69,205.44,7.58,2024-08-01T00:00:00+00:00
44,2,2025-07-01,2631.1,2268.37,2993.83,ARIMA,268.69,205.44,7.58,2024-08-01T00:00:00+00:00
44,2,2025-08-01,2615.84,2239.67,2992.01,ARIMA,268.69,205.44,7.58,2024-08-01T00:00:00+00:00
44,2,2025-09-01,2600.58,2210.98,2990.18,ARIMA,268.69,205.44,7.58,2024-08-01T00:00:00+00:00
44,2,2025-10-01,2585.33,2182.29,2988.37,ARIMA,268.69,205.44,7.58,2024-08-01T00:00:00+00:00
44,2,2025-11-01,2570.07,2153.6,2986.54,ARIMA,268.69,205.44,7.58,2024-08-01T00:00:00+00:00
44,2,2025-12-01,2554.81,2124.9,2984.72,ARIMA,268.69,205.44,7.58,2024-08-01T00:00:00+00:00
45,2,2025-01-01,2730.16,2374.17,3086.15,ExponentialSmoothing,339.03,276.82,10.21,2024-08-01T00:00:00+00:00
45,2,2025-02-01,2730.33,2357.39,3103.27,ExponentialSmoothing,339.03,276.82,10.21,2024-08-01T00:00:00+00:00
45,2,2025-03-01,2730.5,2340.61,3120.39,ExponentialSmoothing,339.03,276.82,10.21,2024-08-01T00:00:00+00:00
45,2,2025-04-01,2730.67,2323.83,3137.51,ExponentialSmoothing,339.03,276.82,10.21,2024-08-01T00:00:00+00:00
45,2,2025-05-01,2730.84,2307.05,3154.63,ExponentialSmoothing,339.03,276.82,10.21,2024-08-01T00:00:00+00:00
45,2,2025-06-01,2731.01,2290.27,3171.75,ExponentialSmoothing,339.03,276.82,10.21,2024-08-01T00:00:00+00:00
45,2,2025-07-01,2731.18,2273.48,3188.88,ExponentialSmoothing,339.03,276.82,10.21,2024-08-01T00:00:00+00:00
45,2,2025-08-01,2731.35,2256.7,3206.0,ExponentialSmoothing,339.03,276.82,10.21,2024-08-01T00:00:00+00:00
45,2,2025-09-01,2731.52,2239.92,3223.12,ExponentialSmoothing,339.03,276.82,10.21,2024-08-01T00:00:00+00:00
45,2,2025-10-01,2731.69,2223.14,3240.24,ExponentialSmoothing,339.03,276.82,10.21,2024-08-01T00:00:00+00:00
45,2,2025-11-01,2731.86,2206.36,3257.36,ExponentialSmoothing,339.03,276.82,10.21,2024-08-01T00:00:00+00:00
45,2,2025-12-01,2732.03,2189.58,3274.48,ExponentialSmoothing,339.03,276.82,10.21,2024-08-01T00:00:00+00:00
46,2,2025-01-01,2571.59,2310.91,2832.27,ExponentialSmoothing,248.27,195.32,7.91,2024-08-01T00:00:00+00:00
46,2,2025-02-01,2568.75,2295.66,2841.84,ExponentialSmoothing,248.27,195.32,7.91,2024-08-01T00:00:00+00:00
46,2,2025-03-01,2565.91,2280.4,2851.42,ExponentialSmoothing,248.27,195.32,7.91,2024-08-01T00:00:00+00:00
46,2,2025-04-01,2563.07,2265.15,2860.99,ExponentialSmoothing,248.27,195.32,7.91,2024-08-01T00:00:00+00:00
46,2,2025-05-01,2560.22,2249.89,2870.55,ExponentialSmoothing,248.27,195.32,7.91,2024-08-01T00:00:00+00:00
46,2,2025-06-01,2557.38,2234.63,2880.13,ExponentialSmoothing,248.27,195.32,7.91,2024-08-01T00:00:00+00:00
46,2,2025-07-01,2554.54,2219.38,2889.7,ExponentialSmoothing,248.27,195.32,7.91,2024-08-01T00:00:00+00:00
46,2,2025-08-01,2551.7,2204.13,2899.27,ExponentialSmoothing,248.27,195.32,7.91,2024-08-01T00:00:00+00:00
46,2,2025-09-01,2548.86,2188.87,2908.85,ExponentialSmoothing,248.27,195.32,7.91,2024-08-01T00:00:00+00:00
46,2,2025-10-01,2546.02,2173.62,2918.42,ExponentialSmoothing,248.27,195.32,7.91,2024-08-01T00:00:00+00:00
46,2,2025-11-01,2543.18,2158.36,2928.0,ExponentialSmoothing,248.27,195.32,7.91,2024-08-01T00:00:00+00:00
46,2,2025-12-01,2540.33,2143.1,2937.56,ExponentialSmoothing,248.27,195.32,7.91,2024-08-01T00:00:00+00:00
47,2,2025-01-01,2778.19,2478.91,3077.47,ARIMA,285.03,250.27,9.45,2024-08-01T00:00:00+00:00
47,2,2025-02-01,2787.81,2474.28,3101.34,ARIMA,285.03,250.27,9.45,2024-08-01T00:00:00+00:00
47,2,2025-03-01,2797.42,2469.64,3125.2,ARIMA,285.03,250.27,9.45,2024-08-01T00:00:00+00:00
47,2,2025-04-01,2807.03,2465.0,3149.06,ARIMA,285.03,250.27,9.45,2024-08-01T00:00:00+00:00
47,2,2025-05-01,2816.64,2460.36,3172.92,ARIMA,285.03,250.27,9.45,2024-08-01T00:00:00+00:00
47,2,2025-06-01,2826.26,2455.73,3196.79,ARIMA,285.03,250.27,9.45,2024-08-01T00:00:00+00:00
47,2,2025-07-01,2835.87,2451.09,3220.65,ARIMA,285.03,250.27,9.45,2024-08-01T00:00:00+00:00
47,2,2025-08-01,2845.48,2446.44,3244.52,ARIMA,285.03,250.27,9.45,2024-08-01T00:00:00+00:00
47,2,2025-09-01,2855.1,2441.81,3268.39,ARIMA,285.03,250.27,9.45,2024-08-01T00:00:00+00:00
47,2,2025-10-01,2864.71,2437.17,3292.25,ARIMA,285.03,250.27,9.45,2024-08-01T00:00:00+00:00
47,2,2025-11-01,2874.32,2432.53,3316.11,ARIMA,285.03,250.27,9.45,2024-08-01T00:00:00+00:00
47,2,2025-12-01,2883.93,2427.89,3339.97,ARIMA,285.03,250.27,9.45,2024-08-01T00:00:00+00:00
48,2,2025-01-01,2840.48,2396.79,3284.17,ARIMA,422.56,339.64,12.64,2024-08-01T00:00:00+00:00
48,2,2025-02-01,2854.7,2389.88,3319.52,ARIMA,422.56,339.64,12.64,2024-08-01T00:00:00+00:00
48,2,2025-03-01,2868.93,2382.98,3354.88,ARIMA,422.56,339.64,12.64,2024-08-01T00:00:00+00:00
48,2,2025-04-01,2883.16,2376.08,3390.24,ARIMA,422.56,339.64,12.64,2024-08-01T00:00:00+00:00
48,2,2025-05-01,2897.38,2369.18,3425.58,ARIMA,422.56,339.64,12.64,2024-08-01T00:00:00+00:00
48,2,2025-06-01,2911.61,2362.28,3460.94,ARIMA,422.56,339.64,12.64,2024-08-01T00:00:00+00:00
48,2,2025-07-01,2925.84,2355.38,3496.3,ARIMA,422.56,339.64,12.64,2024-08-01T00:00:00+00:00
48,2,2025-08-01,2940.06,2348.47,3531.65,ARIMA,422.56,339.64,12.64,2024-08-01T00:00:00+00:00
48,2,2025-09-01,2954.29,2341.57,3567.01,ARIMA,422.56,339.64,12.64,2024-08-01T00:00:00+00:00
48,2,2025-10-01,2968.52,2334.67,3602.37,ARIMA,422.56,339.64,12.64,2024-08-01T00:00:00+00:00
48,2,2025-11-01,2982.74,2327.77,3637.71,ARIMA,422.56,339.64,12.64,2024-08-01T00:00:00+00:00
48,2,2025-12-01,2996.97,2320.87,3673.07,ARIMA,422.56,339.64,12.64,2024-08-01T00:00:00+00:00
49,2,2025-01-01,2726.54,2375.04,3078.04,ARIMA,334.76,255.79,9.82,2024-08-01T00:00:00+00:00
49,2,2025-02-01,2719.3,2351.07,3087.53,ARIMA,334.76,255.79,9.82,2024-08-01T00:00:00+00:00
49,2,2025-03-01,2712.05,2327.08,3097.02,ARIMA,334.76,255.79,9.82,2024-08-01T00:00:00+00:00
49,2,2025-04-01,2704.81,2303.1,3106.52,ARIMA,334.76,255.79,9.82,2024-08-01T00:00:00+00:00
49,2,2025-05-01,2697.57,2279.12,3116.02,ARIMA,334.76,255.79,9.82,2024-08-01T00:00:00+00:00
49,2,2025-06-01,2690.32,2255.13,3125.51,ARIMA,334.76,255.79,9.82,2024-08-01T00:00:00+00:00
49,2,2025-07-01,2683.08,2231.16,3135.0,ARIMA,334.76,255.79,9.82,2024-08-01T00:00:00+00:00
49,2,2025-08-01,2675.83,2207.17,3144.49,ARIMA,334.76,255.79,9.82,2024-08-01T00:00:00+00:00
49,2,2025-09-01,2668.59,2183.19,3153.99,ARIMA,334.76,255.79,9.82,2024-08-01T00:00:00+00:00
49,2,2025-10-01,2661.35,2159.21,3163.49,ARIMA,334.76,255.79,9.82,2024-08-01T00:00:00+00:00
49,2,2025-11-01,2654.1,2135.23,3172.97,ARIMA,334.76,255.79,9.82,2024-08-01T00:00:00+00:00
49,2,2025-12-01,2646.86,2111.25,3182.47,ARIMA,334.76,255.79,9.82,2024-08-01T00:00:00+00:00
50,2,2025-01-01,2648.7,2352.39,2945.01,ExponentialSmoothing,282.2,227.76,8.87,2024-08-01T00:00:00+00:00
50,2,2025-02-01,2646.82,2336.4,2957.24,ExponentialSmoothing,282.2,227.76,8.87,2024-08-01T00:00:00+00:00
50,2,2025-03-01,2644.95,2320.42,2969.48,ExponentialSmoothing,282.2,227.76,8.87,2024-08-01T00:00:00+00:00
50,2,2025-04-01,2643.08,2304.44,2981.72,ExponentialSmoothing,282.2,227.76,8.87,2024-08-01T00:00:00+00:00
50,2,2025-05-01,2641.21,2288.46,2993.96,ExponentialSmoothing,282.2,227.76,8.87,2024-08-01T00:00:00+00:00
50,2,2025-06-01,2639.34,2272.48,3006.2,ExponentialSmoothing,282.2,227.76,8.87,2024-08-01T00:00:00+00:00
50,2,2025-07-01,2637.47,2256.5,3018.44,ExponentialSmoothing,282.2,227.76,8.87,2024-08-01T00:00:00+00:00
50,2,2025-08-01,2635.59,2240.51,3030.67,ExponentialSmoothing,282.2,227.76,8.87,2024-08-01T00:00:00+00:00
50,2,2025-09-01,2633.72,2224.53,3042.91,ExponentialSmoothing,282.2,227.76,8.87,2024-08-01T00:00:00+00:00
50,2,2025-10-01,2631.85,2208.55,3055.15,ExponentialSmoothing,282.2,227.76,8.87,2024-08-01T00:00:00+00:00
50,2,2025-11-01,2629.98,2192.57,3067.39,ExponentialSmoothing,282.2,227.76,8.87,2024-08-01T00:00:00+00:00
50,2,2025-12-01,2628.11,2176.59,3079.63,ExponentialSmoothing,282.2,227.76,8.87,2024-08-01T00:00:00+00:00
51,2,2025-01-01,2768.22,2355.96,3180.48,ExponentialSmoothing,392.63,304.28,10.98,2024-08-01T00:00:00+00:00
51,2,2025-02-01,2765.48,2333.59,3197.37,ExponentialSmoothing,392.63,304.28,10.98,2024-08-01T00:00:00+00:00
51,2,2025-03-01,2762.74,2311.21,3214.27,ExponentialSmoothing,392.63,304.28,10.98,2024-08-01T00:00:00+00:00
51,2,2025-04-01,2760.0,2288.84,3231.16,ExponentialSmoothing,392.63,304.28,10.98,2024-08-01T00:00:00+00:00
51,2,2025-05-01,2757.26,2266.47,3248.05,ExponentialSmoothing,392.63,304.28,10.98,2024-08-01T00:00:00+00:00
51,2,2025-06-01,2754.52,2244.1,3264.94,ExponentialSmoothing,392.63,304.28,10.98,2024-08-01T00:00:00+00:00
51,2,2025-07-01,2751.78,2221.73,3281.83,ExponentialSmoothing,392.63,304.28,10.98,2024-08-01T00:00:00+00:00
51,2,2025-08-01,2749.05,2199.37,3298.73,ExponentialSmoothing,392.63,304.28,10.98,2024-08-01T00:00:00+00:00
51,2,2025-09-01,2746.31,2177.0,3315.62,ExponentialSmoothing,392.63,304.28,10.98,2024-08-01T00:00:00+00:00
51,2,2025-10-01,2743.57,2154.62,3332.52,ExponentialSmoothing,392.63,304.28,10.98,2024-08-01T00:00:00+00:00
51,2,2025-11-01,2740.83,2132.25,3349.41,ExponentialSmoothing,392.63,304.28,10.98,2024-08-01T00:00:00+00:00
51,2,2025-12-01,2738.09,2109.88,3366.3,ExponentialSmoothing,392.63,304.28,10.98,2024-08-01T00:00:00+00:00
52,2,2025-01-01,2766.2,2281.14,3251.26,ARIMA,461.97,287.39,12.09,2024-08-01T00:00:00+00:00
52,2,2025-02-01,2777.56,2269.4,3285.72,ARIMA,461.97,287.39,12.09,2024-08-01T00:00:00+00:00
52,2,2025-03-01,2788.93,2257.67,3320.19,ARIMA,461.97,287.39,12.09,2024-08-01T00:00:00+00:00
52,2,2025-04-01,2800.3,2245.94,3354.66,ARIMA,461.97,287.39,12.09,2024-08-01T00:00:00+00:00
52,2,2025-05-01,2811.67,2234.21,3389.13,ARIMA,461.97,287.39,12.09,2024-08-01T00:00:00+00:00
52,2,2025-06-01,2823.04,2222.48,3423.6,ARIMA,461.97,287.39,12.09,2024-08-01T00:00:00+00:00
52,2,2025-07-01,2834.41,2210.76,3458.06,ARIMA,461.97,287.39,12.09,2024-08-01T00:00:00+00:00
52,2,2025-08-01,2845.78,2199.03,3492.53,ARIMA,461.97,287.39,12.09,2024-08-01T00:00:00+00:00
52,2,2025-09-01,2857.15,2187.3,3527.0,ARIMA,461.97,287.39,12.09,2024-08-01T00:00:00+00:00
52,2,2025-10-01,2868.52,2175.57,3561.47,ARIMA,461.97,287.39,12.09,2024-08-01T00:00:00+00:00
52,2,2025-11-01,2879.89,2163.84,3595.94,ARIMA,461.97,287.39,12.09,2024-08-01T00:00:00+00:00
52,2,2025-12-01,2891.26,2152.11,3630.41,ARIMA,461.97,287.39,12.09,2024-08-01T00:00:00+00:00
53,2,2025-01-01,2652.87,2306.69,2999.05,ARIMA,329.7,292.47,11.87,2024-08-01T00:00:00+00:00
53,2,2025-02-01,2660.33,2297.66,3023.0,ARIMA,329.7,292.47,11.87,2024-08-01T00:00:00+00:00
53,2,2025-03-01,2667.78,2288.63,3046.93,ARIMA,329.7,292.47,11.87,2024-08-01T00:00:00+00:00
53,2,2025-04-01,2675.23,2279.59,3070.87,ARIMA,329.7,292.47,11.87,2024-08-01T00:00:00+00:00
53,2,2025-05-01,2682.69,2270.57,3094.81,ARIMA,329.7,292.47,11.87,2024-08-01T00:00:00+00:00
53,2,2025-06-01,2690.14,2261.53,3118.75,ARIMA,329.7,292.47,11.87,2024-08-01T00:00:00+00:00
53,2,2025-07-01,2697.59,2252.5,3142.68,ARIMA,329.7,292.47,11.87,2024-08-01T00:00:00+00:00
53,2,2025-08-01,2705.05,2243.47,3166.63,ARIMA,329.7,292.47,11.87,2024-08-01T00:00:00+00:00
53,2,2025-09-01,2712.5,2234.44,3190.56,ARIMA,329.7,292.47,11.87,2024-08-01T00:00:00+00:00
53,2,2025-10-01,2719.95,2225.4,3214.5,ARIMA,329.7,292.47,11.87,2024-08-01T00:00:00+00:00
53,2,2025-11-01,2727.41,2216.38,3238.44,ARIMA,329.7,292.47,11.87,2024-08-01T00:00:00+00:00
53,2,2025-12-01,2734.86,2207.35,3262.37,ARIMA,329.7,292.47,11.87,2024-08-01T00:00:00+00:00
54,2,2025-01-01,2799.9,2375.15,3224.65,ARIMA,404.53,336.65,12.69,2024-08-01T00:00:00+00:00
54,2,2025-02-01,2804.32,2359.34,3249.3,ARIMA,404.53,336.65,12.69,2024-08-01T00:00:00+00:00
54,2,2025-03-01,2808.73,2343.52,3273.94,ARIMA,404.53,336.65,12.69,2024-08-01T00:00:00+00:00
54,2,2025-04-01,2813.14,2327.71,3298.57,ARIMA,404.53,336.65,12.69,2024-08-01T00:00:00+00:00
54,2,2025-05-01,2817.55,2311.89,3323.21,ARIMA,404.53,336.65,12.69,2024-08-01T00:00:00+00:00
54,2,2025-06-01,2821.96,2296.07,3347.85,ARIMA,404.53,336.65,12.69,2024-08-01T00:00:00+00:00
54,2,2025-07-01,2826.37,2280.26,3372.48,ARIMA,404.53,336.65,12.69,2024-08-01T00:00:00+00:00
54,2,2025-08-01,2830.78,2264.44,3397.12,ARIMA,404.53,336.65,12.69,2024-08-01T00:00:00+00:00
54,2,2025-09-01,2835.2,2248.64,3421.76,ARIMA,404.53,336.65,12.69,2024-08-01T00:00:00+00:00
54,2,2025-10-01,2839.61,2232.82,3446.4,ARIMA,404.53,336.65,12.69,2024-08-01T00:00:00+00:00
54,2,2025-11-01,2844.02,2217.0,3471.04,ARIMA,404.53,336.65,12.69,2024-08-01T00:00:00+00:00
54,2,2025-12-01,2848.43,2201.19,3495.67,ARIMA,404.53,336.65,12.69,2024-08-01T00:00:00+00:00
55,2,2025-01-01,2758.76,2356.05,3161.47,ARIMA,383.53,321.74,11.83,2024-08-01T00:00:00+00:00
55,2,2025-02-01,2750.31,2328.43,3172.19,ARIMA,383.53,321.74,11.83,2024-08-01T00:00:00+00:00
55,2,2025-03-01,2741.86,2300.8,3182.92,ARIMA,383.53,321.74,11.83,2024-08-01T00:00:00+00:00
55,2,2025-04-01,2733.4,2273.16,3193.64,ARIMA,383.53,321.74,11.83,2024-08-01T00:00:00+00:00
55,2,2025-05-01,2724.95,2245.54,3204.36,ARIMA,383.53,321.74,11.83,2024-08-01T00:00:00+00:00
55,2,2025-06-01,2716.5,2217.91,3215.09,ARIMA,383.53,321.74,11.83,2024-08-01T00:00:00+00:00
55,2,2025-07-01,2708.04,2190.27,3225.81,ARIMA,383.53,321.74,11.83,2024-08-01T00:00:00+00:00
55,2,2025-08-01,2699.59,2162.65,3236.53,ARIMA,383.53,321.74,11.83,2024-08-01T00:00:00+00:00
55,2,2025-09-01,2691.14,2135.02,3247.26,ARIMA,383.53,321.74,11.83,2024-08-01T00:00:00+00:00
55,2,2025-10-01,2682.68,2107.38,3257.98,ARIMA,383.53,321.74,11.83,2024-08-01T00:00:00+00:00
55,2,2025-11-01,2674.23,2079.76,3268.7,ARIMA,383.53,321.74,11.83,2024-08-01T00:00:00+00:00
55,2,2025-12-01,2665.78,2052.13,3279.43,ARIMA,383.53,321.74,11.83,2024-08-01T00:00:00+00:00
56,2,2025-01-01,2904.44,2600.5,3208.38,ARIMA,289.47,246.27,8.55,2024-08-01T00:00:00+00:00
56,2,2025-02-01,2898.99,2580.58,3217.4,ARIMA,289.47,246.27,8.55,2024-08-01T00:00:00+00:00
56,2,2025-03-01,2893.54,2560.65,3226.43,ARIMA,289.47,246.27,8.55,2024-08-01T00:00:00+00:00
56,2,2025-04-01,2888.09,2540.73,3235.45,ARIMA,289.47,246.27,8.55,2024-08-01T00:00:00+00:00
56,2,2025-05-01,2882.64,2520.8,3244.48,ARIMA,289.47,246.27,8.55,2024-08-01T00:00:00+00:00
56,2,2025-06-01,2877.19,2500.88,3253.5,ARIMA,289.47,246.27,8.55,2024-08-01T00:00:00+00:00
56,2,2025-07-01,2871.74,2480.96,3262.52,ARIMA,289.47,246.27,8.55,2024-08-01T00:00:00+00:00
56,2,2025-08-01,2866.29,2461.03,3271.55,ARIMA,289.47,246.27,8.55,2024-08-01T00:00:00+00:00
56,2,2025-09-01,2860.84,2441.11,3280.57,ARIMA,289.47,246.27,8.55,2024-08-01T00:00:00+00:00
56,2,2025-10-01,2855.39,2421.19,3289.59,ARIMA,289.47,246.27,8.55,2024-08-01T00:00:00+00:00
56,2,2025-11-01,2849.94,2401.26,3298.62,ARIMA,289.47,246.27,8.55,2024-08-01T00:00:00+00:00
56,2,2025-12-01,2844.49,2381.34,3307.64,ARIMA,289.47,246.27,8.55,2024-08-01T00:00:00+00:00
57,2,2025-01-01,2776.98,2348.82,3205.14,ARIMA,407.77,375.54,13.4,2024-08-01T00:00:00+00:00
57,2,2025-02-01,2784.66,2336.11,3233.21,ARIMA,407.77,375.54,13.4,2024-08-01T00:00:00+00:00
57,2,2025-03-01,2792.33,2323.4,3261.26,ARIMA,407.77,375.54,13.4,2024-08-01T00:00:00+00:00
57,2,2025-04-01,2800.01,2310.69,3289.33,ARIMA,407.77,375.54,13.4,2024-08-01T00:00:00+00:00
57,2,2025-05-01,2807.68,2297.97,3317.39,ARIMA,407.77,375.54,13.4,2024-08-01T00:00:00+00:00
57,2,2025-06-01,2815.36,2285.26,3345.46,ARIMA,407.77,375.54,13.4,2024-08-01T00:00:00+00:00
57,2,2025-07-01,2823.03,2272.54,3373.52,ARIMA,407.77,375.54,13.4,2024-08-01T00:00:00+00:00
57,2,2025-08-01,2830.71,2259.83,3401.59,ARIMA,407.77,375.54,13.4,2024-08-01T00:00:00+00:00
57,2,2025-09-01,2838.38,2247.12,3429.64,ARIMA,407.77,375.54,13.4,2024-08-01T00:00:00+00:00
57,2,2025-10-01,2846.06,2234.41,3457.71,ARIMA,407.77,375.54,13.4,2024-08-01T00:00:00+00:00
57,2,2025-11-01,2853.73,2221.69,3485.77,ARIMA,407.77,375.54,13.4,2024-08-01T00:00:00+00:00
57,2,2025-12-01,2861.41,2208.98,3513.84,ARIMA,407.77,375.54,13.4,2024-08-01T00:00:00+00:00
58,2,2025-01-01,2648.54,2319.95,2977.13,ARIMA,312.94,246.9,9.29,2024-08-01T00:00:00+00:00
58,2,2025-02-01,2643.34,2299.1,2987.58,ARIMA,312.94,246.9,9.29,2024-08-01T00:00:00+00:00
58,2,2025-03-01,2638.14,2278.25,2998.03,ARIMA,312.94,246.9,9.29,2024-08-01T00:00:00+00:00
58,2,2025-04-01,2632.94,2257.41,3008.47,ARIMA,312.94,246.9,9.29,2024-08-01T00:00:00+00:00
58,2,2025-05-01,2627.74,2236.56,3018.92,ARIMA,312.94,246.9,9.29,2024-08-01T00:00:00+00:00
58,2,2025-06-01,2622.54,2215.71,3029.37,ARIMA,312.94,246.9,9.29,2024-08-01T00:00:00+00:00
58,2,2025-07-01,2617.34,2194.87,3039.81,ARIMA,312.94,246.9,9.29,2024-08-01T00:00:00+00:00
58,2,2025-08-01,2612.14,2174.02,3050.26,ARIMA,312.94,246.9,9.29,2024-08-01T00:00:00+00:00
58,2,2025-09-01,2606.94,2153.17,3060.71,ARIMA,312.94,246.9,9.29,2024-08-01T00:00:00+00:00
58,2,2025-10-01,2601.74,2132.32,3071.16,ARIMA,312.94,246.9,9.29,2024-08-01T00:00:00+00:00
58,2,2025-11-01,2596.54,2111.48,3081.6,ARIMA,312.94,246.9,9.29,2024-08-01T00:00:00+00:00
58,2,2025-12-01,2591.34,2090.63,3092.05,ARIMA,312.94,246.9,9.29,2024-08-01T00:00:00+00:00
59,2,2025-01-01,2819.15,2547.15,3091.15,ARIMA,259.04,195.99,7.08,2024-08-01T00:00:00+00:00
59,2,2025-02-01,2808.03,2523.08,3092.98,ARIMA,259.04,195.99,7.08,2024-08-01T00:00:00+00:00
59,2,2025-03-01,2796.92,2499.02,3094.82,ARIMA,259.04,195.99,7.08,2024-08-01T00:00:00+00:00
59,2,2025-04-01,2785.8,2474.95,3096.65,ARIMA,259.04,195.99,7.08,2024-08-01T00:00:00+00:00
59,2,2025-05-01,2774.68,2450.88,3098.48,ARIMA,259.04,195.99,7.08,2024-08-01T00:00:00+00:00
59,2,2025-06-01,2763.56,2426.8,3100.32,ARIMA,259.04,195.99,7.08,2024-08-01T00:00:00+00:00
59,2,2025-07-01,2752.45,2402.74,3102.16,ARIMA,259.04,195.99,7.08,2024-08-01T00:00:00+00:00
59,2,2025-08-01,2741.33,2378.67,3103.99,ARIMA,259.04,195.99,7.08,2024-08-01T00:00:00+00:00
59,2,2025-09-01,2730.21,2354.6,3105.82,ARIMA,259.04,195.99,7.08,2024-08-01T00:00:00+00:00
59,2,2025-10-01,2719.09,2330.52,3107.66,ARIMA,259.04,195.99,7.08,2024-08-01T00:00:00+00:00
59,2,2025-11-01,2707.98,2306.46,3109.5,ARIMA,259.04,195.99,7.08,2024-08-01T00:00:00+00:00
59,2,2025-12-01,2696.86,2282.39,3111.33,ARIMA,259.04,195.99,7.08,2024-08-01T00:00:00+00:00
60,2,2025-01-01,2687.73,2401.19,2974.27,ARIMA,272.89,241.38,9.31,2024-08-01T00:00:00+00:00
60,2,2025-02-01,2695.19,2395.01,2995.37,ARIMA,272.89,241.38,9.31,2024-08-01T00:00:00+00:00
60,2,2025-03-01,2702.65,2388.82,3016.48,ARIMA,272.89,241.38,9.31,2024-08-01T00:00:00+00:00
60,2,2025-04-01,2710.12,2382.65,3037.59,ARIMA,272.89,241.38,9.31,2024-08-01T00:00:00+00:00
60,2,2025-05-01,2717.58,2376.46,3058.7,ARIMA,272.89,241.38,9.31,2024-08-01T00:00:00+00:00
60,2,2025-06-01,2725.04,2370.28,3079.8,ARIMA,272.89,241.38,9.31,2024-08-01T00:00:00+00:00
60,2,2025-07-01,2732.51,2364.11,3100.91,ARIMA,272.89,241.38,9.31,2024-08-01T00:00:00+00:00
60,2,2025-08-01,2739.97,2357.92,3122.02,ARIMA,272.89,241.38,9.31,2024-08-01T00:00:00+00:00
60,2,2025-09-01,2747.43,2351.74,3143.12,ARIMA,272.89,241.38,9.31,2024-08-01T00:00:00+00:00
60,2,2025-10-01,2754.9,2345.56,3164.24,ARIMA,272.89,241.38,9.31,2024-08-01T00:00:00+00:00
60,2,2025-11-01,2762.36,2339.38,3185.34,ARIMA,272.89,241.38,9.31,2024-08-01T00:00:00+00:00
60,2,2025-12-01,2769.83,2333.2,3206.46,ARIMA,272.89,241.38,9.31,2024-08-01T00:00:00+00:00
61,2,2025-01-01,2724.18,2350.51,3097.85,ARIMA,355.87,305.83,11.62,2024-08-01T00:00:00+00:00
61,2,2025-02-01,2719.58,2328.12,3111.04,ARIMA,355.87,305.83,11.62,2024-08-01T00:00:00+00:00
61,2,2025-03-01,2714.98,2305.73,3124.23,ARIMA,355.87,305.83,11.62,2024-08-01T00:00:00+00:00
61,2,2025-04-01,2710.38,2283.33,3137.43,ARIMA,355.87,305.83,11.62,2024-08-01T00:00:00+00:00
61,2,2025-05-01,2705.78,2260.94,3150.62,ARIMA,355.87,305.83,11.62,2024-08-01T00:00:00+00:00
61,2,2025-06-01,2701.18,2238.55,3163.81,ARIMA,355.87,305.83,11.62,2024-08-01T00:00:00+00:00
61,2,2025-07-01,2696.58,2216.15,3177.01,ARIMA,355.87,305.83,11.62,2024-08-01T00:00:00+00:00
61,2,2025-08-01,2691.98,2193.76,3190.2,ARIMA,355.87,305.83,11.62,2024-08-01T00:00:00+00:00
61,2,2025-09-01,2687.38,2171.37,3203.39,ARIMA,355.87,305.83,11.62,2024-08-01T00:00:00+00:00
61,2,2025-10-01,2682.78,2148.97,3216.59,ARIMA,355.87,305.83,11.62,2024-08-01T00:00:00+00:00
61,2,2025-11-01,2678.18,2126.58,3229.78,ARIMA,355.87,305.83,11.62,2024-08-01T00:00:00+00:00
61,2,2025-12-01,2673.58,2104.18,3242.98,ARIMA,355.87,305.83,11.62,2024-08-01T00:00:00+00:00
62,2,2025-01-01,2763.47,2415.88,3111.06,ARIMA,331.04,265.46,10.41,2024-08-01T00:00:00+00:00
62,2,2025-02-01,2776.44,2412.29,3140.59,ARIMA,331.04,265.46,10.41,2024-08-01T00:00:00+00:00
62,2,2025-03-01,2789.4,2408.7,3170.1,ARIMA,331.04,265.46,10.41,2024-08-01T00:00:00+00:00
62,2,2025-04-01,2802.36,2405.11,3199.61,ARIMA,331.04,265.46,10.41,2024-08-01T00:00:00+00:00
62,2,2025-05-01,2815.33,2401.53,3229.13,ARIMA,331.04,265.46,10.41,2024-08-01T00:00:00+00:00
62,2,2025-06-01,2828.29,2397.93,3258.65,ARIMA,331.04,265.46,10.41,2024-08-01T00:00:00+00:00
62,2,2025-07-01,2841.26,2394.35,3288.17,ARIMA,331.04,265.46,10.41,2024-08-01T00:00:00+00:00
62,2,2025-08-01,2854.22,2390.76,3317.68,ARIMA,331.04,265.46,10.41,2024-08-01T00:00:00+00:00
62,2,2025-09-01,2867.18,2387.17,3347.19,ARIMA,331.04,265.46,10.41,2024-08-01T00:00:00+00:00
62,2,2025-10-01,2880.15,2383.59,3376.71,ARIMA,331.04,265.46,10.41,2024-08-01T00:00:00+00:00
62,2,2025-11-01,2893.11,2379.99,3406.23,ARIMA,331.04,265.46,10.41,2024-08-01T00:00:00+00:00
62,2,2025-12-01,2906.07,2376.4,3435.74,ARIMA,331.04,265.46,10.41,2024-08-01T00:00:00+00:00
63,2,2025-01-01,2715.15,2401.03,3029.27,ExponentialSmoothing,299.16,254.74,9.41,2024-08-01T00:00:00+00:00
63,2,2025-02-01,2716.6,2387.52,3045.68,ExponentialSmoothing,299.16,254.74,9.41,2024-08-01T00:00:00+00:00
63,2,2025-03-01,2718.06,2374.03,3062.09,ExponentialSmoothing,299.16,254.74,9.41,2024-08-01T00:00:00+00:00
63,2,2025-04-01,2719.52,2360.53,3078.51,ExponentialSmoothing,299.16,254.74,9.41,2024-08-01T00:00:00+00:00
63,2,2025-05-01,2720.98,2347.03,3094.93,ExponentialSmoothing,299.16,254.74,9.41,2024-08-01T00:00:00+00:00
63,2,2025-06-01,2722.44,2333.53,3111.35,ExponentialSmoothing,299.16,254.74,9.41,2024-08-01T00:00:00+00:00
63,2,2025-07-01,2723.89,2320.02,3127.76,ExponentialSmoothing,299.16,254.74,9.41,2024-08-01T00:00:00+00:00
63,2,2025-08-01,2725.35,2306.53,3144.17,ExponentialSmoothing,299.16,254.74,9.41,2024-08-01T00:00:00+00:00
63,2,2025-09-01,2726.81,2293.03,3160.59,ExponentialSmoothing,299.16,254.74,9.41,2024-08-01T00:00:00+00:00
63,2,2025-10-01,2728.27,2279.53,3177.01,ExponentialSmoothing,299.16,254.74,9.41,2024-08-01T00:00:00+00:00
63,2,2025-11-01,2729.73,2266.03,3193.43,ExponentialSmoothing,299.16,254.74,9.41,2024-08-01T00:00:00+00:00
63,2,2025-12-01,2731.19,2252.53,3209.85,ExponentialSmoothing,299.16,254.74,9.41,2024-08-01T00:00:00+00:00
64,2,2025-01-01,2635.21,2352.91,2917.51,ARIMA,268.86,232.81,8.96,2024-08-01T00:00:00+00:00
64,2,2025-02-01,2646.17,2350.43,2941.91,ARIMA,268.86,232.81,8.96,2024-08-01T00:00:00+00:00
64,2,2025-03-01,2657.13,2347.94,2966.32,ARIMA,268.86,232.81,8.96,2024-08-01T00:00:00+00:00
64,2,2025-04-01,2668.1,2345.47,2990.73,ARIMA,268.86,232.81,8.96,2024-08-01T00:00:00+00:00
64,2,2025-05-01,2679.06,2342.99,3015.13,ARIMA,268.86,232.81,8.96,2024-08-01T00:00:00+00:00
64,2,2025-06-01,2690.02,2340.51,3039.53,ARIMA,268.86,232.81,8.96,2024-08-01T00:00:00+00:00
64,2,2025-07-01,2700.98,2338.02,3063.94,ARIMA,268.86,232.81,8.96,2024-08-01T00:00:00+00:00
64,2,2025-08-01,2711.94,2335.54,3088.34,ARIMA,268.86,232.81,8.96,2024-08-01T00:00:00+00:00
64,2,2025-09-01,2722.9,2333.06,3112.74,ARIMA,268.86,232.81,8.96,2024-08-01T00:00:00+00:00
64,2,2025-10-01,2733.86,2330.57,3137.15,ARIMA,268.86,232.81,8.96,2024-08-01T00:00:00+00:00
64,2,2025-11-01,2744.82,2328.09,3161.55,ARIMA,268.86,232.81,8.96,2024-08-01T00:00:00+00:00
64,2,2025-12-01,2755.78,2325.61,3185.95,ARIMA,268.86,232.81,8.96,2024-08-01T00:00:00+00:00
65,2,2025-01-01,2504.74,2163.49,2845.99,ARIMA,325.0,246.53,9.82,2024-08-01T00:00:00+00:00
65,2,2025-02-01,2483.72,2126.22,2841.22,ARIMA,325.0,246.53,9.82,2024-08-01T00:00:00+00:00
65,2,2025-03-01,2462.7,2088.95,2836.45,ARIMA,325.0,246.53,9.82,2024-08-01T00:00:00+00:00
65,2,2025-04-01,2441.68,2051.68,2831.68,ARIMA,325.0,246.53,9.82,2024-08-01T00:00:00+00:00
65,2,2025-05-01,2420.67,2014.42,2826.92,ARIMA,325.0,246.53,9.82,2024-08-01T00:00:00+00:00
65,2,2025-06-01,2399.65,1977.15,2822.15,ARIMA,325.0,246.53,9.82,2024-08-01T00:00:00+00:00
65,2,2025-07-01,2378.63,1939.88,2817.38,ARIMA,325.0,246.53,9.82,2024-08-01T00:00:00+00:00
65,2,2025-08-01,2357.62,1902.62,2812.62,ARIMA,325.0,246.53,9.82,2024-08-01T00:00:00+00:00
65,2,2025-09-01,2336.6,1865.35,2807.85,ARIMA,325.0,246.53,9.82,2024-08-01T00:00:00+00:00
65,2,2025-10-01,2315.58,1828.08,2803.08,ARIMA,325.0,246.53,9.82,2024-08-01T00:00:00+00:00
65,2,2025-11-01,2294.56,1790.81,2798.31,ARIMA,325.0,246.53,9.82,2024-08-01T00:00:00+00:00
65,2,2025-12-01,2273.55,1753.55,2793.55,ARIMA,325.0,246.53,9.82,2024-08-01T00:00:00+00:00
66,2,2025-01-01,2631.39,2359.08,2903.7,ExponentialSmoothing,259.35,209.86,8.14,2024-08-01T00:00:00+00:00
66,2,2025-02-01,2631.24,2345.96,2916.52,ExponentialSmoothing,259.35,209.86,8.14,2024-08-01T00:00:00+00:00
66,2,2025-03-01,2631.08,2332.83,2929.33,ExponentialSmoothing,259.35,209.86,8.14,2024-08-01T00:00:00+00:00
66,2,2025-04-01,2630.92,2319.71,2942.13,ExponentialSmoothing,259.35,209.86,8.14,2024-08-01T00:00:00+00:00
66,2,2025-05-01,2630.76,2306.58,2954.94,ExponentialSmoothing,259.35,209.86,8.14,2024-08-01T00:00:00+00:00
66,2,2025-06-01,2630.6,2293.45,2967.75,ExponentialSmoothing,259.35,209.86,8.14,2024-08-01T00:00:00+00:00
66,2,2025-07-01,2630.45,2280.33,2980.57,ExponentialSmoothing,259.35,209.86,8.14,2024-08-01T00:00:00+00:00
66,2,2025-08-01,2630.29,2267.21,2993.37,ExponentialSmoothing,259.35,209.86,8.14,2024-08-01T00:00:00+00:00
66,2,2025-09-01,2630.13,2254.08,3006.18,ExponentialSmoothing,259.35,209.86,8.14,2024-08-01T00:00:00+00:00
66,2,2025-10-01,2629.97,2240.95,3018.99,ExponentialSmoothing,259.35,209.86,8.14,2024-08-01T00:00:00+00:00
66,2,2025-11-01,2629.81,2227.82,3031.8,ExponentialSmoothing,259.35,209.86,8.14,2024-08-01T00:00:00+00:00
66,2,2025-12-01,2629.65,2214.7,3044.6,ExponentialSmoothing,259.35,209.86,8.14,2024-08-01T00:00:00+00:00
67,2,2025-01-01,2870.97,2575.65,3166.29,ExponentialSmoothing,281.26,234.81,8.25,2024-08-01T00:00:00+00:00
67,2,2025-02-01,2874.49,2565.11,3183.87,ExponentialSmoothing,281.26,234.81,8.25,2024-08-01T00:00:00+00:00
67,2,2025-03-01,2878.0,2554.55,3201.45,ExponentialSmoothing,281.26,234.81,8.25,2024-08-01T00:00:00+00:00
67,2,2025-04-01,2881.52,2544.01,3219.03,ExponentialSmoothing,281.26,234.81,8.25,2024-08-01T00:00:00+00:00
67,2,2025-05-01,2885.03,2533.46,3236.6,ExponentialSmoothing,281.26,234.81,8.25,2024-08-01T00:00:00+00:00
67,2,2025-06-01,2888.54,2522.91,3254.17,ExponentialSmoothing,281.26,234.81,8.25,2024-08-01T00:00:00+00:00
67,2,2025-07-01,2892.06,2512.36,3271.76,ExponentialSmoothing,281.26,234.81,8.25,2024-08-01T00:00:00+00:00
67,2,2025-08-01,2895.57,2501.81,3289.33,ExponentialSmoothing,281.26,234.81,8.25,2024-08-01T00:00:00+00:00
67,2,2025-09-01,2899.09,2491.27,3306.91,ExponentialSmoothing,281.26,234.81,8.25,2024-08-01T00:00:00+00:00
67,2,2025-10-01,2902.6,2480.72,3324.48,ExponentialSmoothing,281.26,234.81,8.25,2024-08-01T00:00:00+00:00
67,2,2025-11-01,2906.11,2470.16,3342.06,ExponentialSmoothing,281.26,234.81,8.25,2024-08-01T00:00:00+00:00
67,2,2025-12-01,2909.63,2459.62,3359.64,ExponentialSmoothing,281.26,234.81,8.25,2024-08-01T00:00:00+00:00
68,2,2025-01-01,2871.97,2543.98,3199.96,ExponentialSmoothing,312.37,261.83,9.17,2024-08-01T00:00:00+00:00
68,2,2025-02-01,2872.46,2528.85,3216.07,ExponentialSmoothing,312.37,261.83,9.17,2024-08-01T00:00:00+00:00
68,2,2025-03-01,2872.96,2513.73,3232.19,ExponentialSmoothing,312.37,261.83,9.17,2024-08-01T00:00:00+00:00
68,2,2025-04-01,2873.45,2498.6,3248.3,ExponentialSmoothing,312.37,261.83,9.17,2024-08-01T00:00:00+00:00
68,2,2025-05-01,2873.94,2483.47,3264.41,ExponentialSmoothing,312.37,261.83,9.17,2024-08-01T00:00:00+00:00
68,2,2025-06-01,2874.44,2468.36,3280.52,ExponentialSmoothing,312.37,261.83,9.17,2024-08-01T00:00:00+00:00
68,2,2025-07-01,2874.93,2453.23,3296.63,ExponentialSmoothing,312.37,261.83,9.17,2024-08-01T00:00:00+00:00
68,2,2025-08-01,2875.43,2438.11,3312.75,ExponentialSmoothing,312.37,261.83,9.17,2024-08-01T00:00:00+00:00
68,2,2025-09-01,2875.92,2422.98,3328.86,ExponentialSmoothing,312.37,261.83,9.17,2024-08-01T00:00:00+00:00
68,2,2025-10-01,2876.41,2407.85,3344.97,ExponentialSmoothing,312.37,261.83,9.17,2024-08-01T00:00:00+00:00
68,2,2025-11-01,2876.91,2392.73,3361.09,ExponentialSmoothing,312.37,261.83,9.17,2024-08-01T00:00:00+00:00
68,2,2025-12-01,2877.4,2377.6,3377.2,ExponentialSmoothing,312.37,261.83,9.17,2024-08-01T00:00:00+00:00
69,2,2025-01-01,3017.89,2788.76,3247.02,ARIMA,218.22,166.45,5.42,2024-08-01T00:00:00+00:00
69,2,2025-02-01,3032.6,2792.56,3272.64,ARIMA,218.22,166.45,5.42,2024-08-01T00:00:00+00:00
69,2,2025-03-01,3047.3,2796.35,3298.25,ARIMA,218.22,166.45,5.42,2024-08-01T00:00:00+00:00
69,2,2025-04-01,3062.01,2800.14,3323.88,ARIMA,218.22,166.45,5.42,2024-08-01T00:00:00+00:00
69,2,2025-05-01,3076.72,2803.94,3349.5,ARIMA,218.22,166.45,5.42,2024-08-01T00:00:00+00:00
69,2,2025-06-01,3091.43,2807.74,3375.12,ARIMA,218.22,166.45,5.42,2024-08-01T00:00:00+00:00
69,2,2025-07-01,3106.13,2811.53,3400.73,ARIMA,218.22,166.45,5.42,2024-08-01T00:00:00+00:00
69,2,2025-08-01,3120.84,2815.33,3426.35,ARIMA,218.22,166.45,5.42,2024-08-01T00:00:00+00:00
69,2,2025-09-01,3135.55,2819.13,3451.97,ARIMA,218.22,166.45,5.42,2024-08-01T00:00:00+00:00
69,2,2025-10-01,3150.25,2822.92,3477.58,ARIMA,218.22,166.45,5.42,2024-08-01T00:00:00+00:00
69,2,2025-11-01,3164.96,2826.72,3503.2,ARIMA,218.22,166.45,5.42,2024-08-01T00:00:00+00:00
69,2,2025-12-01,3179.67,2830.52,3528.82,ARIMA,218.22,166.45,5.42,2024-08-01T00:00:00+00:00
70,2,2025-01-01,2968.77,2714.73,3222.81,ARIMA,241.94,204.33,6.92,2024-08-01T00:00:00+00:00
70,2,2025-02-01,2962.16,2696.02,3228.3,ARIMA,241.94,204.33,6.92,2024-08-01T00:00:00+00:00
70,2,2025-03-01,2955.55,2677.32,3233.78,ARIMA,241.94,204.33,6.92,2024-08-01T00:00:00+00:00
70,2,2025-04-01,2948.95,2658.62,3239.28,ARIMA,241.94,204.33,6.92,2024-08-01T00:00:00+00:00
70,2,2025-05-01,2942.34,2639.91,3244.77,ARIMA,241.94,204.33,6.92,2024-08-01T00:00:00+00:00
70,2,2025-06-01,2935.73,2621.2,3250.26,ARIMA,241.94,204.33,6.92,2024-08-01T00:00:00+00:00
70,2,2025-07-01,2929.12,2602.5,3255.74,ARIMA,241.94,204.33,6.92,2024-08-01T00:00:00+00:00
70,2,2025-08-01,2922.51,2583.79,3261.23,ARIMA,241.94,204.33,6.92,2024-08-01T00:00:00+00:00
70,2,2025-09-01,2915.9,2565.08,3266.72,ARIMA,241.94,204.33,6.92,2024-08-01T00:00:00+00:00
70,2,2025-10-01,2909.29,2546.38,3272.2,ARIMA,241.94,204.33,6.92,2024-08-01T00:00:00+00:00
70,2,2025-11-01,2902.68,2527.67,3277.69,ARIMA,241.94,204.33,6.92,2024-08-01T00:00:00+00:00
70,2,2025-12-01,2896.07,2508.96,3283.18,ARIMA,241.94,204.33,6.92,2024-08-01T00:00:00+00:00
71,2,2025-01-01,2685.16,2305.1,3065.22,ExponentialSmoothing,361.97,266.54,11.35,2024-08-01T00:00:00+00:00
71,2,2025-02-01,2688.08,2289.92,3086.24,ExponentialSmoothing,361.97,266.54,11.35,2024-08-01T00:00:00+00:00
71,2,2025-03-01,2691.01,2274.75,3107.27,ExponentialSmoothing,361.97,266.54,11.35,2024-08-01T00:00:00+00:00
71,2,2025-04-01,2693.93,2259.57,3128.29,ExponentialSmoothing,361.97,266.54,11.35,2024-08-01T00:00:00+00:00
71,2,2025-05-01,2696.85,2244.39,3149.31,ExponentialSmoothing,361.97,266.54,11.35,2024-08-01T00:00:00+00:00
71,2,2025-06-01,2699.77,2229.22,3170.32,ExponentialSmoothing,361.97,266.54,11.35,2024-08-01T00:00:00+00:00
71,2,2025-07-01,2702.69,2214.04,3191.34,ExponentialSmoothing,361.97,266.54,11.35,2024-08-01T00:00:00+00:00
71,2,2025-08-01,2705.61,2198.86,3212.36,ExponentialSmoothing,361.97,266.54,11.35,2024-08-01T00:00:00+00:00
71,2,2025-09-01,2708.54,2183.69,3233.39,ExponentialSmoothing,361.97,266.54,11.35,2024-08-01T00:00:00+00:00
71,2,2025-10-01,2711.46,2168.51,3254.41,ExponentialSmoothing,361.97,266.54,11.35,2024-08-01T00:00:00+00:00
71,2,2025-11-01,2714.38,2153.33,3275.43,ExponentialSmoothing,361.97,266.54,11.35,2024-08-01T00:00:00+00:00
71,2,2025-12-01,2717.3,2138.16,3296.44,ExponentialSmoothing,361.97,266.54,11.35,2024-08-01T00:00:00+00:00
72,2,2025-01-01,2840.51,2413.96,3267.06,ExponentialSmoothing,406.24,347.58,13.08,2024-08-01T00:00:00+00:00
72,2,2025-02-01,2837.78,2390.92,3284.64,ExponentialSmoothing,406.24,347.58,13.08,2024-08-01T00:00:00+00:00
72,2,2025-03-01,2835.06,2367.89,3302.23,ExponentialSmoothing,406.24,347.58,13.08,2024-08-01T00:00:00+00:00
72,2,2025-04-01,2832.34,2344.85,3319.83,ExponentialSmoothing,406.24,347.58,13.08,2024-08-01T00:00:00+00:00
72,2,2025-05-01,2829.62,2321.82,3337.42,ExponentialSmoothing,406.24,347.58,13.08,2024-08-01T00:00:00+00:00
72,2,2025-06-01,2826.89,2298.78,3355.0,ExponentialSmoothing,406.24,347.58,13.08,2024-08-01T00:00:00+00:00
72,2,2025-07-01,2824.17,2275.75,3372.59,ExponentialSmoothing,406.24,347.58,13.08,2024-08-01T00:00:00+00:00
72,2,2025-08-01,2821.45,2252.72,3390.18,ExponentialSmoothing,406.24,347.58,13.08,2024-08-01T00:00:00+00:00
72,2,2025-09-01,2818.72,2229.68,3407.76,ExponentialSmoothing,406.24,347.58,13.08,2024-08-01T00:00:00+00:00
72,2,2025-10-01,2816.0,2206.64,3425.36,ExponentialSmoothing,406.24,347.58,13.08,2024-08-01T00:00:00+00:00
72,2,2025-11-01,2813.28,2183.61,3442.95,ExponentialSmoothing,406.24,347.58,13.08,2024-08-01T00:00:00+00:00
72,2,2025-12-01,2810.56,2160.58,3460.54,ExponentialSmoothing,406.24,347.58,13.08,2024-08-01T00:00:00+00:00
73,2,2025-01-01,2657.95,2178.97,3136.93,ARIMA,456.17,362.95,14.64,2024-08-01T00:00:00+00:00
73,2,2025-02-01,2642.7,2140.91,3144.49,ARIMA,456.17,362.95,14.64,2024-08-01T00:00:00+00:00
73,2,2025-03-01,2627.45,2102.85,3152.05,ARIMA,456.17,362.95,14.64,2024-08-01T00:00:00+00:00
73,2,2025-04-01,2612.21,2064.8,3159.62,ARIMA,456.17,362.95,14.64,2024-08-01T00:00:00+00:00
73,2,2025-05-01,2596.96,2026.74,3167.18,ARIMA,456.17,362.95,14.64,2024-08-01T00:00:00+00:00
73,2,2025-06-01,2581.71,1988.68,3174.74,ARIMA,456.17,362.95,14.64,2024-08-01T00:00:00+00:00
73,2,2025-07-01,2566.46,1950.63,3182.29,ARIMA,456.17,362.95,14.64,2024-08-01T00:00:00+00:00
73,2,2025-08-01,2551.22,1912.58,3189.86,ARIMA,456.17,362.95,14.64,2024-08-01T00:00:00+00:00
73,2,2025-09-01,2535.97,1874.52,3197.42,ARIMA,456.17,362.95,14.64,2024-08-01T00:00:00+00:00
73,2,2025-10-01,2520.72,1836.46,3204.98,ARIMA,456.17,362.95,14.64,2024-08-01T00:00:00+00:00
73,2,2025-11-01,2505.48,1798.41,3212.55,ARIMA,456.17,362.95,14.64,2024-08-01T00:00:00+00:00
73,2,2025-12-01,2490.23,1760.35,3220.11,ARIMA,456.17,362.95,14.64,2024-08-01T00:00:00+00:00
74,2,2025-01-01,2855.56,2317.83,3393.29,ARIMA,512.13,437.7,15.83,2024-08-01T00:00:00+00:00
74,2,2025-02-01,2865.32,2301.98,3428.66,ARIMA,512.13,437.7,15.83,2024-08-01T00:00:00+00:00
74,2,2025-03-01,2875.08,2286.14,3464.02,ARIMA,512.13,437.7,15.83,2024-08-01T00:00:00+00:00
74,2,2025-04-01,2884.84,2270.29,3499.39,ARIMA,512.13,437.7,15.83,2024-08-01T00:00:00+00:00
74,2,2025-05-01,2894.6,2254.44,3534.76,ARIMA,512.13,437.7,15.83,2024-08-01T00:00:00+00:00
74,2,2025-06-01,2904.37,2238.61,3570.13,ARIMA,512.13,437.7,15.83,2024-08-01T00:00:00+00:00
74,2,2025-07-01,2914.13,2222.76,3605.5,ARIMA,512.13,437.7,15.83,2024-08-01T00:00:00+00:00
74,2,2025-08-01,2923.89,2206.91,3640.87,ARIMA,512.13,437.7,15.83,2024-08-01T00:00:00+00:00
74,2,2025-09-01,2933.65,2191.07,3676.23,ARIMA,512.13,437.7,15.83,2024-08-01T00:00:00+00:00
74,2,2025-10-01,2943.41,2175.22,3711.6,ARIMA,512.13,437.7,15.83,2024-08-01T00:00:00+00:00
74,2,2025-11-01,2953.17,2159.37,3746.97,ARIMA,512.13,437.7,15.83,2024-08-01T00:00:00+00:00
74,2,2025-12-01,2962.93,2143.53,3782.33,ARIMA,512.13,437.7,15.83,2024-08-01T00:00:00+00:00
75,2,2025-01-01,2899.73,2530.93,3268.53,ExponentialSmoothing,351.24,288.33,10.57,2024-08-01T00:00:00+00:00
75,2,2025-02-01,2901.21,2514.85,3287.57,ExponentialSmoothing,351.24,288.33,10.57,2024-08-01T00:00:00+00:00
75,2,2025-03-01,2902.69,2498.77,3306.61,ExponentialSmoothing,351.24,288.33,10.57,2024-08-01T00:00:00+00:00
75,2,2025-04-01,2904.17,2482.68,3325.66,ExponentialSmoothing,351.24,288.33,10.57,2024-08-01T00:00:00+00:00
75,2,2025-05-01,2905.65,2466.6,3344.7,ExponentialSmoothing,351.24,288.33,10.57,2024-08-01T00:00:00+00:00
75,2,2025-06-01,2907.13,2450.52,3363.74,ExponentialSmoothing,351.24,288.33,10.57,2024-08-01T00:00:00+00:00
75,2,2025-07-01,2908.62,2434.45,3382.79,ExponentialSmoothing,351.24,288.33,10.57,2024-08-01T00:00:00+00:00
75,2,2025-08-01,2910.1,2418.37,3401.83,ExponentialSmoothing,351.24,288.33,10.57,2024-08-01T00:00:00+00:00
75,2,2025-09-01,2911.58,2402.28,3420.88,ExponentialSmoothing,351.24,288.33,10.57,2024-08-01T00:00:00+00:00
75,2,2025-10-01,2913.06,2386.2,3439.92,ExponentialSmoothing,351.24,288.33,10.57,2024-08-01T00:00:00+00:00
75,2,2025-11-01,2914.54,2370.12,3458.96,ExponentialSmoothing,351.24,288.33,10.57,2024-08-01T00:00:00+00:00
75,2,2025-12-01,2916.02,2354.04,3478.0,ExponentialSmoothing,351.24,288.33,10.57,2024-08-01T00:00:00+00:00
76,2,2025-01-01,2771.41,2465.38,3077.44,ARIMA,291.45,254.61,9.57,2024-08-01T00:00:00+00:00
76,2,2025-02-01,2777.48,2456.88,3098.08,ARIMA,291.45,254.61,9.57,2024-08-01T00:00:00+00:00
76,2,2025-03-01,2783.54,2448.37,3118.71,ARIMA,291.45,254.61,9.57,2024-08-01T00:00:00+00:00
76,2,2025-04-01,2789.61,2439.87,3139.35,ARIMA,291.45,254.61,9.57,2024-08-01T00:00:00+00:00
76,2,2025-05-01,2795.68,2431.36,3160.0,ARIMA,291.45,254.61,9.57,2024-08-01T00:00:00+00:00
76,2,2025-06-01,2801.74,2422.85,3180.63,ARIMA,291.45,254.61,9.57,2024-08-01T00:00:00+00:00
76,2,2025-07-01,2807.81,2414.35,3201.27,ARIMA,291.45,254.61,9.57,2024-08-01T00:00:00+00:00
76,2,2025-08-01,2813.88,2405.85,3221.91,ARIMA,291.45,254.61,9.57,2024-08-01T00:00:00+00:00
76,2,2025-09-01,2819.94,2397.33,3242.55,ARIMA,291.45,254.61,9.57,2024-08-01T00:00:00+00:00
76,2,2025-10-01,2826.01,2388.83,3263.19,ARIMA,291.45,254.61,9.57,2024-08-01T00:00:00+00:00
76,2,2025-11-01,2832.08,2380.33,3283.83,ARIMA,291.45,254.61,9.57,2024-08-01T00:00:00+00:00
76,2,2025-12-01,2838.14,2371.82,3304.46,ARIMA,291.45,254.61,9.57,2024-08-01T00:00:00+00:00
77,2,2025-01-01,2791.65,2386.04,3197.26,ARIMA,386.29,315.14,12.85,2024-08-01T00:00:00+00:00
77,2,2025-02-01,2813.43,2388.51,3238.35,ARIMA,386.29,315.14,12.85,2024-08-01T00:00:00+00:00
77,2,2025-03-01,2835.21,2390.97,3279.45,ARIMA,386.29,315.14,12.85,2024-08-01T00:00:00+00:00
77,2,2025-04-01,2856.99,2393.44,3320.54,ARIMA,386.29,315.14,12.85,2024-08-01T00:00:00+00:00
77,2,2025-05-01,2878.77,2395.9,3361.64,ARIMA,386.29,315.14,12.85,2024-08-01T00:00:00+00:00
77,2,2025-06-01,2900.55,2398.37,3402.73,ARIMA,386.29,315.14,12.85,2024-08-01T00:00:00+00:00
77,2,2025-07-01,2922.33,2400.83,3443.83,ARIMA,386.29,315.14,12.85,2024-08-01T00:00:00+00:00
77,2,2025-08-01,2944.11,2403.3,3484.92,ARIMA,386.29,315.14,12.85,2024-08-01T00:00:00+00:00
77,2,2025-09-01,2965.9,2405.78,3526.02,ARIMA,386.29,315.14,12.85,2024-08-01T00:00:00+00:00
77,2,2025-10-01,2987.68,2408.24,3567.12,ARIMA,386.29,315.14,12.85,2024-08-01T00:00:00+00:00
77,2,2025-11-01,3009.46,2410.71,3608.21,ARIMA,386.29,315.14,12.85,2024-08-01T00:00:00+00:00
77,2,2025-12-01,3031.24,2413.17,3649.31,ARIMA,386.29,315.14,12.85,2024-08-01T00:00:00+00:00
1,3,2025-01-01,2746.65,2292.08,3201.22,ARIMA,432.93,339.48,13.55,2024-08-01T00:00:00+00:00
1,3,2025-02-01,2754.73,2278.51,3230.95,ARIMA,432.93,339.48,13.55,2024-08-01T00:00:00+00:00
1,3,2025-03-01,2762.82,2264.95,3260.69,ARIMA,432.93,339.48,13.55,2024-08-01T00:00:00+00:00
1,3,2025-04-01,2770.9,2251.39,3290.41,ARIMA,432.93,339.48,13.55,2024-08-01T00:00:00+00:00
1,3,2025-05-01,2778.98,2237.82,3320.14,ARIMA,432.93,339.48,13.55,2024-08-01T00:00:00+00:00
1,3,2025-06-01,2787.07,2224.27,3349.87,ARIMA,432.93,339.48,13.55,2024-08-01T00:00:00+00:00
1,3,2025-07-01,2795.15,2210.7,3379.6,ARIMA,432.93,339.48,13.55,2024-08-01T00:00:00+00:00
1,3,2025-08-01,2803.24,2197.14,3409.34,ARIMA,432.93,339.48,13.55,2024-08-01T00:00:00+00:00
1,3,2025-09-01,2811.32,2183.58,3439.06,ARIMA,432.93,339.48,13.55,2024-08-01T00:00:00+00:00
1,3,2025-10-01,2819.41,2170.02,3468.8,ARIMA,432.93,339.48,13.55,2024-08-01T00:00:00+00:00
1,3,2025-11-01,2827.49,2156.45,3498.53,ARIMA,432.93,339.48,13.55,2024-08-01T00:00:00+00:00
1,3,2025-12-01,2835.58,2142.9,3528.26,ARIMA,432.93,339.48,13.55,2024-08-01T00:00:00+00:00
2,3,2025-01-01,2907.25,2442.82,3371.68,ARIMA,442.31,355.52,13.14,2024-08-01T00:00:00+00:00
2,3,2025-02-01,2911.49,2424.95,3398.03,ARIMA,442.31,355.52,13.14,2024-08-01T00:00:00+00:00
2,3,2025-03-01,2915.73,2407.07,3424.39,ARIMA,442.31,355.52,13.14,2024-08-01T00:00:00+00:00
2,3,2025-04-01,2919.97,2389.2,3450.74,ARIMA,442.31,355.52,13.14,2024-08-01T00:00:00+00:00
2,3,2025-05-01,2924.2,2371.31,3477.09,ARIMA,442.31,355.52,13.14,2024-08-01T00:00:00+00:00
2,3,2025-06-01,2928.44,2353.44,3503.44,ARIMA,442.31,355.52,13.14,2024-08-01T00:00:00+00:00
2,3,2025-07-01,2932.68,2335.56,3529.8,ARIMA,442.31,355.52,13.14,2024-08-01T00:00:00+00:00
2,3,2025-08-01,2936.92,2317.68,3556.16,ARIMA,442.31,355.52,13.14,2024-08-01T00:00:00+00:00
2,3,2025-09-01,2941.16,2299.81,3582.51,ARIMA,442.31,355.52,13.14,2024-08-01T00:00:00+00:00
2,3,2025-10-01,2945.4,2281.93,3608.87,ARIMA,442.31,355.52,13.14,2024-08-01T00:00:00+00:00
2,3,2025-11-01,2949.63,2264.05,3635.21,ARIMA,442.31,355.52,13.14,2024-08-01T00:00:00+00:00
2,3,2025-12-01,2953.87,2246.17,3661.57,ARIMA,442.31,355.52,13.14,2024-08-01T00:00:00+00:00
3,3,2025-01-01,2606.09,2518.3,2693.88,ExponentialSmoothing,83.61,66.0,2.53,2024-08-01T00:00:00+00:00
3,3,2025-02-01,2601.92,2509.95,2693.89,ExponentialSmoothing,83.61,66.0,2.53,2024-08-01T00:00:00+00:00
3,3,2025-03-01,2597.75,2501.6,2693.9,ExponentialSmoothing,83.61,66.0,2.53,2024-08-01T00:00:00+00:00
3,3,2025-04-01,2593.58,2493.25,2693.91,ExponentialSmoothing,83.61,66.0,2.53,2024-08-01T00:00:00+00:00
3,3,2025-05-01,2589.41,2484.9,2693.92,ExponentialSmoothing,83.61,66.0,2.53,2024-08-01T00:00:00+00:00
3,3,2025-06-01,2585.24,2476.54,2693.94,ExponentialSmoothing,83.61,66.0,2.53,2024-08-01T00:00:00+00:00
3,3,2025-07-01,2581.07,2468.19,2693.95,ExponentialSmoothing,83.61,66.0,2.53,2024-08-01T00:00:00+00:00
3,3,2025-08-01,2576.9,2459.84,2693.96,ExponentialSmoothing,83.61,66.0,2.53,2024-08-01T00:00:00+00:00
3,3,2025-09-01,2572.73,2451.49,2693.97,ExponentialSmoothing,83.61,66.0,2.53,2024-08-01T00:00:00+00:00
3,3,2025-10-01,2568.56,2443.14,2693.98,ExponentialSmoothing,83.61,66.0,2.53,2024-08-01T00:00:00+00:00
3,3,2025-11-01,2564.39,2434.79,2693.99,ExponentialSmoothing,83.61,66.0,2.53,2024-08-01T00:00:00+00:00
3,3,2025-12-01,2560.22,2426.44,2694.0,ExponentialSmoothing,83.61,66.0,2.53,2024-08-01T00:00:00+00:00
4,3,2025-01-01,2712.5,2437.41,2987.59,ExponentialSmoothing,261.99,210.87,7.88,2024-08-01T00:00:00+00:00
4,3,2025-02-01,2710.85,2422.66,2999.04,ExponentialSmoothing,261.99,210.87,7.88,2024-08-01T00:00:00+00:00
4,3,2025-03-01,2709.19,2407.9,3010.48,ExponentialSmoothing,261.99,210.87,7.88,2024-08-01T00:00:00+00:00
4,3,2025-04-01,2707.54,2393.15,3021.93,ExponentialSmoothing,261.99,210.87,7.88,2024-08-01T00:00:00+00:00
4,3,2025-05-01,2705.89,2378.4,3033.38,ExponentialSmoothing,261.99,210.87,7.88,2024-08-01T00:00:00+00:00
4,3,2025-06-01,2704.23,2363.64,3044.82,ExponentialSmoothing,261.99,210.87,7.88,2024-08-01T00:00:00+00:00
4,3,2025-07-01,2702.58,2348.89,3056.27,ExponentialSmoothing,261.99,210.87,7.88,2024-08-01T00:00:00+00:00
4,3,2025-08-01,2700.92,2334.13,3067.71,ExponentialSmoothing,261.99,210.87,7.88,2024-08-01T00:00:00+00:00
4,3,2025-09-01,2699.27,2319.38,3079.16,ExponentialSmoothing,261.99,210.87,7.88,2024-08-01T00:00:00+00:00
4,3,2025-10-01,2697.61,2304.62,3090.6,ExponentialSmoothing,261.99,210.87,7.88,2024-08-01T00:00:00+00:00
4,3,2025-11-01,2695.96,2289.87,3102.05,ExponentialSmoothing,261.99,210.87,7.88,2024-08-01T00:00:00+00:00
4,3,2025-12-01,2694.3,2275.11,3113.49,ExponentialSmoothing,261.99,210.87,7.88,2024-08-01T00:00:00+00:00
5,3,2025-01-01,2624.78,2354.22,2895.34,ARIMA,257.68,197.43,8.04,2024-08-01T00:00:00+00:00
5,3,2025-02-01,2629.54,2346.09,2912.99,ARIMA,257.68,197.43,8.04,2024-08-01T00:00:00+00:00
5,3,2025-03-01,2634.3,2337.97,2930.63,ARIMA,257.68,197.43,8.04,2024-08-01T00:00:00+00:00
5,3,2025-04-01,2639.07,2329.85,2948.29,ARIMA,257.68,197.43,8.04,2024-08-01T00:00:00+00:00
5,3,2025-05-01,2643.83,2321.73,2965.93,ARIMA,257.68,197.43,8.04,2024-08-01T00:00:00+00:00
5,3,2025-06-01,2648.59,2313.61,2983.57,ARIMA,257.68,197.43,8.04,2024-08-01T00:00:00+00:00
5,3,2025-07-01,2653.36,2305.49,3001.23,ARIMA,257.68,197.43,8.04,2024-08-01T00:00:00+00:00
5,3,2025-08-01,2658.12,2297.37,3018.87,ARIMA,257.68,197.43,8.04,2024-08-01T00:00:00+00:00
5,3,2025-09-01,2662.88,2289.24,3036.52,ARIMA,257.68,197.43,8.04,2024-08-01T00:00:00+00:00
5,3,2025-10-01,2667.65,2281.13,3054.17,ARIMA,257.68,197.43,8.04,2024-08-01T00:00:00+00:00
5,3,2025-11-01,2672.41,2273.01,3071.81,ARIMA,257.68,197.43,8.04,2024-08-01T00:00:00+00:00
5,3,2025-12-01,2677.17,2264.88,3089.46,ARIMA,257.68,197.43,8.04,2024-08-01T00:00:00+00:00
6,3,2025-01-01,2634.09,2307.78,2960.4,ARIMA,310.78,258.16,11.47,2024-08-01T00:00:00+00:00
6,3,2025-02-01,2661.72,2319.87,3003.57,ARIMA,310.78,258.16,11.47,2024-08-01T00:00:00+00:00
6,3,2025-03-01,2689.35,2331.96,3046.74,ARIMA,310.78,258.16,11.47,2024-08-01T00:00:00+00:00
6,3,2025-04-01,2716.98,2344.05,3089.91,ARIMA,310.78,258.16,11.47,2024-08-01T00:00:00+00:00
6,3,2025-05-01,2744.61,2356.14,3133.08,ARIMA,310.78,258.16,11.47,2024-08-01T00:00:00+00:00
6,3,2025-06-01,2772.24,2368.23,3176.25,ARIMA,310.78,258.16,11.47,2024-08-01T00:00:00+00:00
6,3,2025-07-01,2799.87,2380.32,3219.42,ARIMA,310.78,258.16,11.47,2024-08-01T00:00:00+00:00
6,3,2025-08-01,2827.5,2392.41,3262.59,ARIMA,310.78,258.16,11.47,2024-08-01T00:00:00+00:00
6,3,2025-09-01,2855.13,2404.51,3305.75,ARIMA,310.78,258.16,11.47,2024-08-01T00:00:00+00:00
6,3,2025-10-01,2882.76,2416.6,3348.92,ARIMA,310.78,258.16,11.47,2024-08-01T00:00:00+00:00
6,3,2025-11-01,2910.39,2428.69,3392.09,ARIMA,310.78,258.16,11.47,2024-08-01T00:00:00+00:00
6,3,2025-12-01,2938.02,2440.78,3435.26,ARIMA,310.78,258.16,11.47,2024-08-01T00:00:00+00:00
7,3,2025-01-01,2977.38,2587.91,3366.85,ARIMA,370.92,298.3,10.08,2024-08-01T00:00:00+00:00
7,3,2025-02-01,2972.19,2564.17,3380.21,ARIMA,370.92,298.3,10.08,2024-08-01T00:00:00+00:00
7,3,2025-03-01,2967.0,2540.44,3393.56,ARIMA,370.92,298.3,10.08,2024-08-01T00:00:00+00:00
7,3,2025-04-01,2961.81,2516.7,3406.92,ARIMA,370.92,298.3,10.08,2024-08-01T00:00:00+00:00
7,3,2025-05-01,2956.61,2492.95,3420.27,ARIMA,370.92,298.3,10.08,2024-08-01T00:00:00+00:00
7,3,2025-06-01,2951.42,2469.22,3433.62,ARIMA,370.92,298.3,10.08,2024-08-01T00:00:00+00:00
7,3,2025-07-01,2946.23,2445.48,3446.98,ARIMA,370.92,298.3,10.08,2024-08-01T00:00:00+00:00
7,3,2025-08-01,2941.04,2421.75,3460.33,ARIMA,370.92,298.3,10.08,2024-08-01T00:00:00+00:00
7,3,2025-09-01,2935.85,2398.01,3473.69,ARIMA,370.92,298.3,10.08,2024-08-01T00:00:00+00:00
7,3,2025-10-01,2930.66,2374.27,3487.05,ARIMA,370.92,298.3,10.08,2024-08-01T00:00:00+00:00
7,3,2025-11-01,2925.46,2350.53,3500.39,ARIMA,370.92,298.3,10.08,2024-08-01T00:00:00+00:00
7,3,2025-12-01,2920.27,2326.79,3513.75,ARIMA,370.92,298.3,10.08,2024-08-01T00:00:00+00:00
8,3,2025-01-01,2915.73,2527.97,3303.49,ARIMA,369.29,280.23,10.22,2024-08-01T00:00:00+00:00
8,3,2025-02-01,2934.75,2528.53,3340.97,ARIMA,369.29,280.23,10.22,2024-08-01T00:00:00+00:00
8,3,2025-03-01,2953.76,2529.07,3378.45,ARIMA,369.29,280.23,10.22,2024-08-01T00:00:00+00:00
8,3,2025-04-01,2972.77,2529.62,3415.92,ARIMA,369.29,280.23,10.22,2024-08-01T00:00:00+00:00
8,3,2025-05-01,2991.78,2530.16,3453.4,ARIMA,369.29,280.23,10.22,2024-08-01T00:00:00+00:00
8,3,2025-06-01,3010.79,2530.71,3490.87,ARIMA,369.29,280.23,10.22,2024-08-01T00:00:00+00:00
8,3,2025-07-01,3029.8,2531.26,3528.34,ARIMA,369.29,280.23,10.22,2024-08-01T00:00:00+00:00
8,3,2025-08-01,3048.81,2531.8,3565.82,ARIMA,369.29,280.23,10.22,2024-08-01T00:00:00+00:00
8,3,2025-09-01,3067.82,2532.35,3603.29,ARIMA,369.29,280.23,10.22,2024-08-01T00:00:00+00:00
8,3,2025-10-01,3086.84,2532.9,3640.78,ARIMA,369.29,280.23,10.22,2024-08-01T00:00:00+00:00
8,3,2025-11-01,3105.85,2533.45,3678.25,ARIMA,369.29,280.23,10.22,2024-08-01T00:00:00+00:00
8,3,2025-12-01,3124.86,2533.99,3715.73,ARIMA,369.29,280.23,10.22,2024-08-01T00:00:00+00:00
9,3,2025-01-01,3022.44,2799.44,3245.44,ARIMA,212.38,190.85,6.35,2024-08-01T00:00:00+00:00
9,3,2025-02-01,3028.06,2794.44,3261.68,ARIMA,212.38,190.85,6.35,2024-08-01T00:00:00+00:00
9,3,2025-03-01,3033.68,2789.44,3277.92,ARIMA,212.38,190.85,6.35,2024-08-01T00:00:00+00:00
9,3,2025-04-01,3039.3,2784.45,3294.15,ARIMA,212.38,190.85,6.35,2024-08-01T00:00:00+00:00
9,3,2025-05-01,3044.92,2779.45,3310.39,ARIMA,212.38,190.85,6.35,2024-08-01T00:00:00+00:00
9,3,2025-06-01,3050.54,2774.45,3326.63,ARIMA,212.38,190.85,6.35,2024-08-01T00:00:00+00:00
9,3,2025-07-01,3056.16,2769.45,3342.87,ARIMA,212.38,190.85,6.35,2024-08-01T00:00:00+00:00
9,3,2025-08-01,3061.78,2764.45,3359.11,ARIMA,212.38,190.85,6.35,2024-08-01T00:00:00+00:00
9,3,2025-09-01,3067.4,2759.45,3375.35,ARIMA,212.38,190.85,6.35,2024-08-01T00:00:00+00:00
9,3,2025-10-01,3073.02,2754.45,3391.59,ARIMA,212.38,190.85,6.35,2024-08-01T00:00:00+00:00
9,3,2025-11-01,3078.64,2749.45,3407.83,ARIMA,212.38,190.85,6.35,2024-08-01T00:00:00+00:00
9,3,2025-12-01,3084.26,2744.45,3424.07,ARIMA,212.38,190.85,6.35,2024-08-01T00:00:00+00:00
10,3,2025-01-01,2654.61,2330.07,2979.15,ARIMA,309.08,242.24,9.48,2024-08-01T00:00:00+00:00
10,3,2025-02-01,2639.08,2299.09,2979.07,ARIMA,309.08,242.24,9.48,2024-08-01T00:00:00+00:00
10,3,2025-03-01,2623.56,2268.12,2979.0,ARIMA,309.08,242.24,9.48,2024-08-01T00:00:00+00:00
10,3,2025-04-01,2608.04,2237.14,2978.94,ARIMA,309.08,242.24,9.48,2024-08-01T00:00:00+00:00
10,3,2025-05-01,2592.51,2206.16,2978.86,ARIMA,309.08,242.24,9.48,2024-08-01T00:00:00+00:00
10,3,2025-06-01,2576.99,2175.18,2978.8,ARIMA,309.08,242.24,9.48,2024-08-01T00:00:00+00:00
10,3,2025-07-01,2561.46,2144.2,2978.72,ARIMA,309.08,242.24,9.48,2024-08-01T00:00:00+00:00
10,3,2025-08-01,2545.94,2113.23,2978.65,ARIMA,309.08,242.24,9.48,2024-08-01T00:00:00+00:00
10,3,2025-09-01,2530.41,2082.24,2978.58,ARIMA,309.08,242.24,9.48,2024-08-01T00:00:00+00:00
10,3,2025-10-01,2514.89,2051.27,2978.51,ARIMA,309.08,242.24,9.48,2024-08-01T00:00:00+00:00
10,3,2025-11-01,2499.37,2020.29,2978.45,ARIMA,309.08,242.24,9.48,2024-08-01T00:00:00+00:00
10,3,2025-12-01,2483.84,1989.31,2978.37,ARIMA,309.08,242.24,9.48,2024-08-01T00:00:00+00:00
11,3,2025-01-01,2761.33,2361.81,3160.85,ExponentialSmoothing,380.49,315.99,11.44,2024-08-01T00:00:00+00:00
11,3,2025-02-01,2757.7,2339.16,3176.24,ExponentialSmoothing,380.49,315.99,11.44,2024-08-01T00:00:00+00:00
11,3,2025-03-01,2754.06,2316.49,3191.63,ExponentialSmoothing,380.49,315.99,11.44,2024-08-01T00:00:00+00:00
11,3,2025-04-01,2750.43,2293.84,3207.02,ExponentialSmoothing,380.49,315.99,11.44,2024-08-01T00:00:00+00:00
11,3,2025-05-01,2746.79,2271.17,3222.41,ExponentialSmoothing,380.49,315.99,11.44,2024-08-01T00:00:00+00:00
11,3,2025-06-01,2743.16,2248.52,3237.8,ExponentialSmoothing,380.49,315.99,11.44,2024-08-01T00:00:00+00:00
11,3,2025-07-01,2739.53,2225.86,3253.2,ExponentialSmoothing,380.49,315.99,11.44,2024-08-01T00:00:00+00:00
11,3,2025-08-01,2735.89,2203.2,3268.58,ExponentialSmoothing,380.49,315.99,11.44,2024-08-01T00:00:00+00:00
11,3,2025-09-01,2732.26,2180.54,3283.98,ExponentialSmoothing,380.49,315.99,11.44,2024-08-01T00:00:00+00:00
11,3,2025-10-01,2728.62,2157.88,3299.36,ExponentialSmoothing,380.49,315.99,11.44,2024-08-01T00:00:00+00:00
11,3,2025-11-01,2724.99,2135.22,3314.76,ExponentialSmoothing,380.49,315.99,11.44,2024-08-01T00:00:00+00:00
11,3,2025-12-01,2721.36,2112.57,3330.15,ExponentialSmoothing,380.49,315.99,11.44,2024-08-01T00:00:00+00:00
12,3,2025-01-01,2624.16,2384.58,2863.74,ARIMA,228.17,139.68,5.28,2024-08-01T00:00:00+00:00
12,3,2025-02-01,2633.59,2382.61,2884.57,ARIMA,228.17,139.68,5.28,2024-08-01T00:00:00+00:00
12,3,2025-03-01,2643.02,2380.63,2905.41,ARIMA,228.17,139.68,5.28,2024-08-01T00:00:00+00:00
12,3,2025-04-01,2652.45,2378.65,2926.25,ARIMA,228.17,139.68,5.28,2024-08-01T00:00:00+00:00
12,3,2025-05-01,2661.88,2376.67,2947.09,ARIMA,228.17,139.68,5.28,2024-08-01T00:00:00+00:00
12,3,2025-06-01,2671.3,2374.68,2967.92,ARIMA,228.17,139.68,5.28,2024-08-01T00:00:00+00:00
12,3,2025-07-01,2680.73,2372.7,2988.76,ARIMA,228.17,139.68,5.28,2024-08-01T00:00:00+00:00
12,3,2025-08-01,2690.16,2370.73,3009.59,ARIMA,228.17,139.68,5.28,2024-08-01T00:00:00+00:00
12,3,2025-09-01,2699.59,2368.75,3030.43,ARIMA,228.17,139.68,5.28,2024-08-01T00:00:00+00:00
12,3,2025-10-01,2709.02,2366.77,3051.27,ARIMA,228.17,139.68,5.28,2024-08-01T00:00:00+00:00
12,3,2025-11-01,2718.45,2364.79,3072.11,ARIMA,228.17,139.68,5.28,2024-08-01T00:00:00+00:00
12,3,2025-12-01,2727.88,2362.81,3092.95,ARIMA,228.17,139.68,5.28,2024-08-01T00:00:00+00:00
13,3,2025-01-01,2749.1,2256.23,3241.97,ARIMA,469.4,377.85,13.46,2024-08-01T00:00:00+00:00
13,3,2025-02-01,2737.89,2221.55,3254.23,ARIMA,469.4,377.85,13.46,2024-08-01T00:00:00+00:00
13,3,2025-03-01,2726.67,2186.86,3266.48,ARIMA,469.4,377.85,13.46,2024-08-01T00:00:00+00:00
13,3,2025-04-01,2715.46,2152.18,3278.74,ARIMA,469.4,377.85,13.46,2024-08-01T00:00:00+00:00
13,3,2025-05-01,2704.25,2117.5,3291.0,ARIMA,469.4,377.85,13.46,2024-08-01T00:00:00+00:00
13,3,2025-06-01,2693.03,2082.81,3303.25,ARIMA,469.4,377.85,13.46,2024-08-01T00:00:00+00:00
13,3,2025-07-01,2681.82,2048.13,3315.51,ARIMA,469.4,377.85,13.46,2024-08-01T00:00:00+00:00
13,3,2025-08-01,2670.61,2013.45,3327.77,ARIMA,469.4,377.85,13.46,2024-08-01T00:00:00+00:00
13,3,2025-09-01,2659.39,1978.76,3340.02,ARIMA,469.4,377.85,13.46,2024-08-01T00:00:00+00:00
13,3,2025-10-01,2648.18,1944.08,3352.28,ARIMA,469.4,377.85,13.46,2024-08-01T00:00:00+00:00
13,3,2025-11-01,2636.97,1909.39,3364.55,ARIMA,469.4,377.85,13.46,2024-08-01T00:00:00+00:00
13,3,2025-12-01,2625.75,1874.7,3376.8,ARIMA,469.4,377.85,13.46,2024-08-01T00:00:00+00:00
14,3,2025-01-01,2815.31,2393.81,3236.81,ARIMA,401.43,335.74,13.34,2024-08-01T00:00:00+00:00
14,3,2025-02-01,2832.76,2391.19,3274.33,ARIMA,401.43,335.74,13.34,2024-08-01T00:00:00+00:00
14,3,2025-03-01,2850.21,2388.57,3311.85,ARIMA,401.43,335.74,13.34,2024-08-01T00:00:00+00:00
14,3,2025-04-01,2867.66,2385.95,3349.37,ARIMA,401.43,335.74,13.34,2024-08-01T00:00:00+00:00
14,3,2025-05-01,2885.12,2383.34,3386.9,ARIMA,401.43,335.74,13.34,2024-08-01T00:00:00+00:00
14,3,2025-06-01,2902.57,2380.72,3424.42,ARIMA,401.43,335.74,13.34,2024-08-01T00:00:00+00:00
14,3,2025-07-01,2920.02,2378.09,3461.95,ARIMA,401.43,335.74,13.34,2024-08-01T00:00:00+00:00
14,3,2025-08-01,2937.47,2375.47,3499.47,ARIMA,401.43,335.74,13.34,2024-08-01T00:00:00+00:00
14,3,2025-09-01,2954.92,2372.85,3536.99,ARIMA,401.43,335.74,13.34,2024-08-01T00:00:00+00:00
14,3,2025-10-01,2972.37,2370.23,3574.51,ARIMA,401.43,335.74,13.34,2024-08-01T00:00:00+00:00
14,3,2025-11-01,2989.82,2367.61,3612.03,ARIMA,401.43,335.74,13.34,2024-08-01T00:00:00+00:00
14,3,2025-12-01,3007.28,2365.0,3649.56,ARIMA,401.43,335.74,13.34,2024-08-01T00:00:00+00:00
15,3,2025-01-01,2699.22,2359.89,3038.55,ARIMA,323.17,247.32,9.09,2024-08-01T00:00:00+00:00
15,3,2025-02-01,2692.51,2337.02,3048.0,ARIMA,323.17,247.32,9.09,2024-08-01T00:00:00+00:00
15,3,2025-03-01,2685.79,2314.14,3057.44,ARIMA,323.17,247.32,9.09,2024-08-01T00:00:00+00:00
15,3,2025-04-01,2679.07,2291.27,3066.87,ARIMA,323.17,247.32,9.09,2024-08-01T00:00:00+00:00
15,3,2025-05-01,2672.36,2268.4,3076.32,ARIMA,323.17,247.32,9.09,2024-08-01T00:00:00+00:00
15,3,2025-06-01,2665.64,2245.52,3085.76,ARIMA,323.17,247.32,9.09,2024-08-01T00:00:00+00:00
15,3,2025-07-01,2658.92,2222.64,3095.2,ARIMA,323.17,247.32,9.09,2024-08-01T00:00:00+00:00
15,3,2025-08-01,2652.21,2199.77,3104.65,ARIMA,323.17,247.32,9.09,2024-08-01T00:00:00+00:00
15,3,2025-09-01,2645.49,2176.89,3114.09,ARIMA,323.17,247.32,9.09,2024-08-01T00:00:00+00:00
15,3,2025-10-01,2638.77,2154.02,3123.52,ARIMA,323.17,247.32,9.09,2024-08-01T00:00:00+00:00
15,3,2025-11-01,2632.06,2131.15,3132.97,ARIMA,323.17,247.32,9.09,2024-08-01T00:00:00+00:00
15,3,2025-12-01,2625.34,2108.27,3142.41,ARIMA,323.17,247.32,9.09,2024-08-01T00:00:00+00:00
16,3,2025-01-01,2801.04,2440.22,3161.86,ARIMA,343.64,248.62,10.89,2024-08-01T00:00:00+00:00
16,3,2025-02-01,2822.59,2444.59,3200.59,ARIMA,343.64,248.62,10.89,2024-08-01T00:00:00+00:00
16,3,2025-03-01,2844.14,2448.96,3239.32,ARIMA,343.64,248.62,10.89,2024-08-01T00:00:00+00:00
16,3,2025-04-01,2865.7,2453.33,3278.07,ARIMA,343.64,248.62,10.89,2024-08-01T00:00:00+00:00
16,3,2025-05-01,2887.25,2457.7,3316.8,ARIMA,343.64,248.62,10.89,2024-08-01T00:00:00+00:00
16,3,2025-06-01,2908.8,2462.07,3355.53,ARIMA,343.64,248.62,10.89,2024-08-01T00:00:00+00:00
16,3,2025-07-01,2930.35,2466.44,3394.26,ARIMA,343.64,248.62,10.89,2024-08-01T00:00:00+00:00
16,3,2025-08-01,2951.9,2470.81,3432.99,ARIMA,343.64,248.62,10.89,2024-08-01T00:00:00+00:00
16,3,2025-09-01,2973.45,2475.18,3471.72,ARIMA,343.64,248.62,10.89,2024-08-01T00:00:00+00:00
16,3,2025-10-01,2995.0,2479.54,3510.46,ARIMA,343.64,248.62,10.89,2024-08-01T00:00:00+00:00
16,3,2025-11-01,3016.55,2483.91,3549.19,ARIMA,343.64,248.62,10.89,2024-08-01T00:00:00+00:00
16,3,2025-12-01,3038.1,2488.28,3587.92,ARIMA,343.64,248.62,10.89,2024-08-01T00:00:00+00:00
17,3,2025-01-01,2630.83,2057.56,3204.1,ARIMA,545.97,495.39,19.48,2024-08-01T00:00:00+00:00
17,3,2025-02-01,2626.57,2026.0,3227.14,ARIMA,545.97,495.39,19.48,2024-08-01T00:00:00+00:00
17,3,2025-03-01,2622.31,1994.44,3250.18,ARIMA,545.97,495.39,19.48,2024-08-01T00:00:00+00:00
17,3,2025-04-01,2618.04,1962.87,3273.21,ARIMA,545.97,495.39,19.48,2024-08-01T00:00:00+00:00
17,3,2025-05-01,2613.78,1931.31,3296.25,ARIMA,545.97,495.39,19.48,2024-08-01T00:00:00+00:00
17,3,2025-06-01,2609.51,1899.74,3319.28,ARIMA,545.97,495.39,19.48,2024-08-01T00:00:00+00:00
17,3,2025-07-01,2605.25,1868.19,3342.31,ARIMA,545.97,495.39,19.48,2024-08-01T00:00:00+00:00
17,3,2025-08-01,2600.98,1836.62,3365.34,ARIMA,545.97,495.39,19.48,2024-08-01T00:00:00+00:00
17,3,2025-09-01,2596.72,1805.06,3388.38,ARIMA,545.97,495.39,19.48,2024-08-01T00:00:00+00:00
17,3,2025-10-01,2592.45,1773.49,3411.41,ARIMA,545.97,495.39,19.48,2024-08-01T00:00:00+00:00
17,3,2025-11-01,2588.19,1741.93,3434.45,ARIMA,545.97,495.39,19.48,2024-08-01T00:00:00+00:00
17,3,2025-12-01,2583.93,1710.37,3457.49,ARIMA,545.97,495.39,19.48,2024-08-01T00:00:00+00:00
18,3,2025-01-01,2840.48,2433.2,3247.76,ARIMA,387.88,291.47,9.94,2024-08-01T00:00:00+00:00
18,3,2025-02-01,2832.35,2405.68,3259.02,ARIMA,387.88,291.47,9.94,2024-08-01T00:00:00+00:00
18,3,2025-03-01,2824.22,2378.15,3270.29,ARIMA,387.88,291.47,9.94,2024-08-01T00:00:00+00:00
18,3,2025-04-01,2816.09,2350.63,3281.55,ARIMA,387.88,291.47,9.94,2024-08-01T00:00:00+00:00
18,3,2025-05-01,2807.96,2323.1,3292.82,ARIMA,387.88,291.47,9.94,2024-08-01T00:00:00+00:00
18,3,2025-06-01,2799.83,2295.58,3304.08,ARIMA,387.88,291.47,9.94,2024-08-01T00:00:00+00:00
18,3,2025-07-01,2791.7,2268.06,3315.34,ARIMA,387.88,291.47,9.94,2024-08-01T00:00:00+00:00
18,3,2025-08-01,2783.57,2240.53,3326.61,ARIMA,387.88,291.47,9.94,2024-08-01T00:00:00+00:00
18,3,2025-09-01,2775.44,2213.01,3337.87,ARIMA,387.88,291.47,9.94,2024-08-01T00:00:00+00:00
18,3,2025-10-01,2767.31,2185.48,3349.14,ARIMA,387.88,291.47,9.94,2024-08-01T00:00:00+00:00
18,3,2025-11-01,2759.18,2157.96,3360.4,ARIMA,387.88,291.47,9.94,2024-08-01T00:00:00+00:00
18,3,2025-12-01,2751.05,2130.43,3371.67,ARIMA,387.88,291.47,9.94,2024-08-01T00:00:00+00:00
19,3,2025-01-01,2825.95,2501.84,3150.06,ExponentialSmoothing,308.68,238.99,8.5,2024-08-01T00:00:00+00:00
19,3,2025-02-01,2823.76,2484.22,3163.3,ExponentialSmoothing,308.68,238.99,8.5,2024-08-01T00:00:00+00:00
19,3,2025-03-01,2821.57,2466.59,3176.55,ExponentialSmoothing,308.68,238.99,8.5,2024-08-01T00:00:00+00:00
19,3,2025-04-01,2819.38,2448.97,3189.79,ExponentialSmoothing,308.68,238.99,8.5,2024-08-01T00:00:00+00:00
19,3,2025-05-01,2817.19,2431.35,3203.03,ExponentialSmoothing,308.68,238.99,8.5,2024-08-01T00:00:00+00:00
19,3,2025-06-01,2815.0,2413.72,3216.28,ExponentialSmoothing,308.68,238.99,8.5,2024-08-01T00:00:00+00:00
19,3,2025-07-01,2812.82,2396.11,3229.53,ExponentialSmoothing,308.68,238.99,8.5,2024-08-01T00:00:00+00:00
19,3,2025-08-01,2810.63,2378.48,3242.78,ExponentialSmoothing,308.68,238.99,8.5,2024-08-01T00:00:00+00:00
19,3,2025-09-01,2808.44,2360.86,3256.02,ExponentialSmoothing,308.68,238.99,8.5,2024-08-01T00:00:00+00:00
19,3,2025-10-01,2806.25,2343.24,3269.26,ExponentialSmoothing,308.68,238.99,8.5,2024-08-01T00:00:00+00:00
19,3,2025-11-01,2804.06,2325.61,3282.51,ExponentialSmoothing,308.68,238.99,8.5,2024-08-01T00:00:00+00:00
19,3,2025-12-01,2801.87,2307.99,3295.75,ExponentialSmoothing,308.68,238.99,8.5,2024-08-01T00:00:00+00:00
20,3,2025-01-01,2724.63,2409.03,3040.23,ARIMA,300.57,255.64,9.47,2024-08-01T00:00:00+00:00
20,3,2025-02-01,2739.49,2408.86,3070.12,ARIMA,300.57,255.64,9.47,2024-08-01T00:00:00+00:00
20,3,2025-03-01,2754.36,2408.7,3100.02,ARIMA,300.57,255.64,9.47,2024-08-01T00:00:00+00:00
20,3,2025-04-01,2769.22,2408.53,3129.91,ARIMA,300.57,255.64,9.47,2024-08-01T00:00:00+00:00
20,3,2025-05-01,2784.08,2408.36,3159.8,ARIMA,300.57,255.64,9.47,2024-08-01T00:00:00+00:00
20,3,2025-06-01,2798.95,2408.21,3189.69,ARIMA,300.57,255.64,9.47,2024-08-01T00:00:00+00:00
20,3,2025-07-01,2813.81,2408.04,3219.58,ARIMA,300.57,255.64,9.47,2024-08-01T00:00:00+00:00
20,3,2025-08-01,2828.68,2407.88,3249.48,ARIMA,300.57,255.64,9.47,2024-08-01T00:00:00+00:00
20,3,2025-09-01,2843.54,2407.71,3279.37,ARIMA,300.57,255.64,9.47,2024-08-01T00:00:00+00:00
20,3,2025-10-01,2858.41,2407.55,3309.27,ARIMA,300.57,255.64,9.47,2024-08-01T00:00:00+00:00
20,3,2025-11-01,2873.27,2407.38,3339.16,ARIMA,300.57,255.64,9.47,2024-08-01T00:00:00+00:00
20,3,2025-12-01,2888.13,2407.21,3369.05,ARIMA,300.57,255.64,9.47,2024-08-01T00:00:00+00:00
21,3,2025-01-01,2581.37,2262.45,2900.29,ExponentialSmoothing,303.73,258.73,10.03,2024-08-01T00:00:00+00:00
21,3,2025-02-01,2581.69,2247.59,2915.79,ExponentialSmoothing,303.73,258.73,10.03,2024-08-01T00:00:00+00:00
21,3,2025-03-01,2582.0,2232.71,2931.29,ExponentialSmoothing,303.73,258.73,10.03,2024-08-01T00:00:00+00:00
21,3,2025-04-01,2582.31,2217.83,2946.79,ExponentialSmoothing,303.73,258.73,10.03,2024-08-01T00:00:00+00:00
21,3,2025-05-01,2582.63,2202.97,2962.29,ExponentialSmoothing,303.73,258.73,10.03,2024-08-01T00:00:00+00:00
21,3,2025-06-01,2582.94,2188.09,2977.79,ExponentialSmoothing,303.73,258.73,10.03,2024-08-01T00:00:00+00:00
21,3,2025-07-01,2583.25,2173.21,2993.29,ExponentialSmoothing,303.73,258.73,10.03,2024-08-01T00:00:00+00:00
21,3,2025-08-01,2583.57,2158.35,3008.79,ExponentialSmoothing,303.73,258.73,10.03,2024-08-01T00:00:00+00:00
21,3,2025-09-01,2583.88,2143.47,3024.29,ExponentialSmoothing,303.73,258.73,10.03,2024-08-01T00:00:00+00:00
21,3,2025-10-01,2584.19,2128.59,3039.79,ExponentialSmoothing,303.73,258.73,10.03,2024-08-01T00:00:00+00:00
21,3,2025-11-01,2584.51,2113.73,3055.29,ExponentialSmoothing,303.73,258.73,10.03,2024-08-01T00:00:00+00:00
21,3,2025-12-01,2584.82,2098.85,3070.79,ExponentialSmoothing,303.73,258.73,10.03,2024-08-01T00:00:00+00:00
22,3,2025-01-01,2871.59,2618.41,3124.77,ARIMA,241.12,181.07,6.1,2024-08-01T00:00:00+00:00
22,3,2025-02-01,2861.56,2596.33,3126.79,ARIMA,241.12,181.07,6.1,2024-08-01T00:00:00+00:00
22,3,2025-03-01,2851.54,2574.25,3128.83,ARIMA,241.12,181.07,6.1,2024-08-01T00:00:00+00:00
22,3,2025-04-01,2841.51,2552.16,3130.86,ARIMA,241.12,181.07,6.1,2024-08-01T00:00:00+00:00
22,3,2025-05-01,2831.48,2530.08,3132.88,ARIMA,241.12,181.07,6.1,2024-08-01T00:00:00+00:00
22,3,2025-06-01,2821.46,2508.0,3134.92,ARIMA,241.12,181.07,6.1,2024-08-01T00:00:00+00:00
22,3,2025-07-01,2811.43,2485.92,3136.94,ARIMA,241.12,181.07,6.1,2024-08-01T00:00:00+00:00
22,3,2025-08-01,2801.4,2463.83,3138.97,ARIMA,241.12,181.07,6.1,2024-08-01T00:00:00+00:00
22,3,2025-09-01,2791.38,2441.75,3141.01,ARIMA,241.12,181.07,6.1,2024-08-01T00:00:00+00:00
22,3,2025-10-01,2781.35,2419.67,3143.03,ARIMA,241.12,181.07,6.1,2024-08-01T00:00:00+00:00
22,3,2025-11-01,2771.32,2397.58,3145.06,ARIMA,241.12,181.07,6.1,2024-08-01T00:00:00+00:00
22,3,2025-12-01,2761.3,2375.51,3147.09,ARIMA,241.12,181.07,6.1,2024-08-01T00:00:00+00:00
23,3,2025-01-01,2796.55,2497.81,3095.29,ARIMA,284.51,228.87,8.57,2024-08-01T00:00:00+00:00
23,3,2025-02-01,2802.64,2489.68,3115.6,ARIMA,284.51,228.87,8.57,2024-08-01T00:00:00+00:00
23,3,2025-03-01,2808.73,2481.54,3135.92,ARIMA,284.51,228.87,8.57,2024-08-01T00:00:00+00:00
23,3,2025-04-01,2814.82,2473.4,3156.24,ARIMA,284.51,228.87,8.57,2024-08-01T00:00:00+00:00
23,3,2025-05-01,2820.92,2465.28,3176.56,ARIMA,284.51,228.87,8.57,2024-08-01T00:00:00+00:00
23,3,2025-06-01,2827.01,2457.14,3196.88,ARIMA,284.51,228.87,8.57,2024-08-01T00:00:00+00:00
23,3,2025-07-01,2833.1,2449.01,3217.19,ARIMA,284.51,228.87,8.57,2024-08-01T00:00:00+00:00
23,3,2025-08-01,2839.2,2440.88,3237.52,ARIMA,284.51,228.87,8.57,2024-08-01T00:00:00+00:00
23,3,2025-09-01,2845.29,2432.75,3257.83,ARIMA,284.51,228.87,8.57,2024-08-01T00:00:00+00:00
23,3,2025-10-01,2851.38,2424.61,3278.15,ARIMA,284.51,228.87,8.57,2024-08-01T00:00:00+00:00
23,3,2025-11-01,2857.48,2416.48,3298.48,ARIMA,284.51,228.87,8.57,2024-08-01T00:00:00+00:00
23,3,2025-12-01,2863.57,2408.35,3318.79,ARIMA,284.51,228.87,8.57,2024-08-01T00:00:00+00:00
24,3,2025-01-01,2699.98,2376.82,3023.14,ARIMA,307.77,250.13,9.55,2024-08-01T00:00:00+00:00
24,3,2025-02-01,2708.04,2369.49,3046.59,ARIMA,307.77,250.13,9.55,2024-08-01T00:00:00+00:00
24,3,2025-03-01,2716.11,2362.17,3070.05,ARIMA,307.77,250.13,9.55,2024-08-01T00:00:00+00:00
24,3,2025-04-01,2724.17,2354.85,3093.49,ARIMA,307.77,250.13,9.55,2024-08-01T00:00:00+00:00
24,3,2025-05-01,2732.23,2347.52,3116.94,ARIMA,307.77,250.13,9.55,2024-08-01T00:00:00+00:00
24,3,2025-06-01,2740.3,2340.2,3140.4,ARIMA,307.77,250.13,9.55,2024-08-01T00:00:00+00:00
24,3,2025-07-01,2748.36,2332.87,3163.85,ARIMA,307.77,250.13,9.55,2024-08-01T00:00:00+00:00
24,3,2025-08-01,2756.42,2325.54,3187.3,ARIMA,307.77,250.13,9.55,2024-08-01T00:00:00+00:00
24,3,2025-09-01,2764.49,2318.22,3210.76,ARIMA,307.77,250.13,9.55,2024-08-01T00:00:00+00:00
24,3,2025-10-01,2772.55,2310.9,3234.2,ARIMA,307.77,250.13,9.55,2024-08-01T00:00:00+00:00
24,3,2025-11-01,2780.61,2303.57,3257.65,ARIMA,307.77,250.13,9.55,2024-08-01T00:00:00+00:00
24,3,2025-12-01,2788.68,2296.25,3281.11,ARIMA,307.77,250.13,9.55,2024-08-01T00:00:00+00:00
25,3,2025-01-01,2927.22,2633.14,3221.3,ARIMA,280.08,232.83,7.9,2024-08-01T00:00:00+00:00
25,3,2025-02-01,2934.87,2626.78,3242.96,ARIMA,280.08,232.83,7.9,2024-08-01T00:00:00+00:00
25,3,2025-03-01,2942.52,2620.43,3264.61,ARIMA,280.08,232.83,7.9,2024-08-01T00:00:00+00:00
25,3,2025-04-01,2950.16,2614.07,3286.25,ARIMA,280.08,232.83,7.9,2024-08-01T00:00:00+00:00
25,3,2025-05-01,2957.81,2607.71,3307.91,ARIMA,280.08,232.83,7.9,2024-08-01T00:00:00+00:00
25,3,2025-06-01,2965.46,2601.36,3329.56,ARIMA,280.08,232.83,7.9,2024-08-01T00:00:00+00:00
25,3,2025-07-01,2973.11,2595.0,3351.22,ARIMA,280.08,232.83,7.9,2024-08-01T00:00:00+00:00
25,3,2025-08-01,2980.75,2588.64,3372.86,ARIMA,280.08,232.83,7.9,2024-08-01T00:00:00+00:00
25,3,2025-09-01,2988.4,2582.29,3394.51,ARIMA,280.08,232.83,7.9,2024-08-01T00:00:00+00:00
25,3,2025-10-01,2996.05,2575.93,3416.17,ARIMA,280.08,232.83,7.9,2024-08-01T00:00:00+00:00
25,3,2025-11-01,3003.7,2569.58,3437.82,ARIMA,280.08,232.83,7.9,2024-08-01T00:00:00+00:00
25,3,2025-12-01,3011.34,2563.21,3459.47,ARIMA,280.08,232.83,7.9,2024-08-01T00:00:00+00:00
26,3,2025-01-01,2557.71,2229.3,2886.12,ARIMA,312.77,194.64,8.47,2024-08-01T00:00:00+00:00
26,3,2025-02-01,2538.74,2194.69,2882.79,ARIMA,312.77,194.64,8.47,2024-08-01T00:00:00+00:00
26,3,2025-03-01,2519.77,2160.09,2879.45,ARIMA,312.77,194.64,8.47,2024-08-01T00:00:00+00:00
26,3,2025-04-01,2500.8,2125.48,2876.12,ARIMA,312.77,194.64,8.47,2024-08-01T00:00:00+00:00
26,3,2025-05-01,2481.83,2090.87,2872.79,ARIMA,312.77,194.64,8.47,2024-08-01T00:00:00+00:00
26,3,2025-06-01,2462.87,2056.27,2869.47,ARIMA,312.77,194.64,8.47,2024-08-01T00:00:00+00:00
26,3,2025-07-01,2443.9,2021.66,2866.14,ARIMA,312.77,194.64,8.47,2024-08-01T00:00:00+00:00
26,3,2025-08-01,2424.93,1987.05,2862.81,ARIMA,312.77,194.64,8.47,2024-08-01T00:00:00+00:00
26,3,2025-09-01,2405.96,1952.44,2859.48,ARIMA,312.77,194.64,8.47,2024-08-01T00:00:00+00:00
26,3,2025-10-01,2386.99,1917.84,2856.14,ARIMA,312.77,194.64,8.47,2024-08-01T00:00:00+00:00
26,3,2025-11-01,2368.02,1883.23,2852.81,ARIMA,312.77,194.64,8.47,2024-08-01T00:00:00+00:00
26,3,2025-12-01,2349.05,1848.62,2849.48,ARIMA,312.77,194.64,8.47,2024-08-01T00:00:00+00:00
27,3,2025-01-01,2777.96,2436.36,3119.56,ExponentialSmoothing,325.33,254.64,9.26,2024-08-01T00:00:00+00:00
27,3,2025-02-01,2778.84,2420.97,3136.71,ExponentialSmoothing,325.33,254.64,9.26,2024-08-01T00:00:00+00:00
27,3,2025-03-01,2779.72,2405.59,3153.85,ExponentialSmoothing,325.33,254.64,9.26,2024-08-01T00:00:00+00:00
27,3,2025-04-01,2780.6,2390.2,3171.0,ExponentialSmoothing,325.33,254.64,9.26,2024-08-01T00:00:00+00:00
27,3,2025-05-01,2781.48,2374.81,3188.15,ExponentialSmoothing,325.33,254.64,9.26,2024-08-01T00:00:00+00:00
27,3,2025-06-01,2782.36,2359.43,3205.29,ExponentialSmoothing,325.33,254.64,9.26,2024-08-01T00:00:00+00:00
27,3,2025-07-01,2783.24,2344.04,3222.44,ExponentialSmoothing,325.33,254.64,9.26,2024-08-01T00:00:00+00:00
27,3,2025-08-01,2784.11,2328.64,3239.58,ExponentialSmoothing,325.33,254.64,9.26,2024-08-01T00:00:00+00:00
27,3,2025-09-01,2784.99,2313.26,3256.72,ExponentialSmoothing,325.33,254.64,9.26,2024-08-01T00:00:00+00:00
27,3,2025-10-01,2785.87,2297.87,3273.87,ExponentialSmoothing,325.33,254.64,9.26,2024-08-01T00:00:00+00:00
27,3,2025-11-01,2786.75,2282.48,3291.02,ExponentialSmoothing,325.33,254.64,9.26,2024-08-01T00:00:00+00:00
27,3,2025-12-01,2787.63,2267.1,3308.16,ExponentialSmoothing,325.33,254.64,9.26,2024-08-01T00:00:00+00:00
28,3,2025-01-01,2834.14,2423.78,3244.5,ARIMA,390.82,297.29,11.12,2024-08-01T00:00:00+00:00
28,3,2025-02-01,2841.61,2411.71,3271.51,ARIMA,390.82,297.29,11.12,2024-08-01T00:00:00+00:00
28,3,2025-03-01,2849.09,2399.65,3298.53,ARIMA,390.82,297.29,11.12,2024-08-01T00:00:00+00:00
28,3,2025-04-01,2856.56,2387.58,3325.54,ARIMA,390.82,297.29,11.12,2024-08-01T00:00:00+00:00
28,3,2025-05-01,2864.03,2375.51,3352.55,ARIMA,390.82,297.29,11.12,2024-08-01T00:00:00+00:00
28,3,2025-06-01,2871.51,2363.45,3379.57,ARIMA,390.82,297.29,11.12,2024-08-01T00:00:00+00:00
28,3,2025-07-01,2878.98,2351.38,3406.58,ARIMA,390.82,297.29,11.12,2024-08-01T00:00:00+00:00
28,3,2025-08-01,2886.45,2339.3,3433.6,ARIMA,390.82,297.29,11.12,2024-08-01T00:00:00+00:00
28,3,2025-09-01,2893.92,2327.23,3460.61,ARIMA,390.82,297.29,11.12,2024-08-01T00:00:00+00:00
28,3,2025-10-01,2901.4,2315.17,3487.63,ARIMA,390.82,297.29,11.12,2024-08-01T00:00:00+00:00
28,3,2025-11-01,2908.87,2303.1,3514.64,ARIMA,390.82,297.29,11.12,2024-08-01T00:00:00+00:00
28,3,2025-12-01,2916.34,2291.03,3541.65,ARIMA,390.82,297.29,11.12,2024-08-01T00:00:00+00:00
29,3,2025-01-01,2648.64,2302.98,2994.3,ARIMA,329.2,287.21,10.7,2024-08-01T00:00:00+00:00
29,3,2025-02-01,2639.14,2277.02,3001.26,ARIMA,329.2,287.21,10.7,2024-08-01T00:00:00+00:00
29,3,2025-03-01,2629.64,2251.06,3008.22,ARIMA,329.2,287.21,10.7,2024-08-01T00:00:00+00:00
29,3,2025-04-01,2620.14,2225.1,3015.18,ARIMA,329.2,287.21,10.7,2024-08-01T00:00:00+00:00
29,3,2025-05-01,2610.64,2199.14,3022.14,ARIMA,329.2,287.21,10.7,2024-08-01T00:00:00+00:00
29,3,2025-06-01,2601.13,2173.17,3029.09,ARIMA,329.2,287.21,10.7,2024-08-01T00:00:00+00:00
29,3,2025-07-01,2591.63,2147.21,3036.05,ARIMA,329.2,287.21,10.7,2024-08-01T00:00:00+00:00
29,3,2025-08-01,2582.13,2121.25,3043.01,ARIMA,329.2,287.21,10.7,2024-08-01T00:00:00+00:00
29,3,2025-09-01,2572.63,2095.29,3049.97,ARIMA,329.2,287.21,10.7,2024-08-01T00:00:00+00:00
29,3,2025-10-01,2563.13,2069.33,3056.93,ARIMA,329.2,287.21,10.7,2024-08-01T00:00:00+00:00
29,3,2025-11-01,2553.63,2043.37,3063.89,ARIMA,329.2,287.21,10.7,2024-08-01T00:00:00+00:00
29,3,2025-12-01,2544.13,2017.41,3070.85,ARIMA,329.2,287.21,10.7,2024-08-01T00:00:00+00:00
30,3,2025-01-01,2885.59,2548.39,3222.79,ARIMA,321.14,285.28,10.25,2024-08-01T00:00:00+00:00
30,3,2025-02-01,2895.71,2542.45,3248.97,ARIMA,321.14,285.28,10.25,2024-08-01T00:00:00+00:00
30,3,2025-03-01,2905.84,2536.53,3275.15,ARIMA,321.14,285.28,10.25,2024-08-01T00:00:00+00:00
30,3,2025-04-01,2915.97,2530.6,3301.34,ARIMA,321.14,285.28,10.25,2024-08-01T00:00:00+00:00
30,3,2025-05-01,2926.1,2524.67,3327.53,ARIMA,321.14,285.28,10.25,2024-08-01T00:00:00+00:00
30,3,2025-06-01,2936.22,2518.74,3353.7,ARIMA,321.14,285.28,10.25,2024-08-01T00:00:00+00:00
30,3,2025-07-01,2946.35,2512.81,3379.89,ARIMA,321.14,285.28,10.25,2024-08-01T00:00:00+00:00
30,3,2025-08-01,2956.48,2506.88,3406.08,ARIMA,321.14,285.28,10.25,2024-08-01T00:00:00+00:00
30,3,2025-09-01,2966.6,2500.95,3432.25,ARIMA,321.14,285.28,10.25,2024-08-01T00:00:00+00:00
30,3,2025-10-01,2976.73,2495.02,3458.44,ARIMA,321.14,285.28,10.25,2024-08-01T00:00:00+00:00
30,3,2025-11-01,2986.86,2489.09,3484.63,ARIMA,321.14,285.28,10.25,2024-08-01T00:00:00+00:00
30,3,2025-12-01,2996.98,2483.15,3510.81,ARIMA,321.14,285.28,10.25,2024-08-01T00:00:00+00:00
31,3,2025-01-01,2778.5,2333.71,3223.29,ARIMA,423.61,292.18,11.6,2024-08-01T00:00:00+00:00
31,3,2025-02-01,2791.64,2325.67,3257.61,ARIMA,423.61,292.18,11.6,2024-08-01T00:00:00+00:00
31,3,2025-03-01,2804.79,2317.64,3291.94,ARIMA,423.61,292.18,11.6,2024-08-01T00:00:00+00:00
31,3,2025-04-01,2817.93,2309.6,3326.26,ARIMA,423.61,292.18,11.6,2024-08-01T00:00:00+00:00
31,3,2025-05-01,2831.07,2301.56,3360.58,ARIMA,423.61,292.18,11.6,2024-08-01T00:00:00+00:00
31,3,2025-06-01,2844.22,2293.53,3394.91,ARIMA,423.61,292.18,11.6,2024-08-01T00:00:00+00:00
31,3,2025-07-01,2857.36,2285.49,3429.23,ARIMA,423.61,292.18,11.6,2024-08-01T00:00:00+00:00
31,3,2025-08-01,2870.5,2277.45,3463.55,ARIMA,423.61,292.18,11.6,2024-08-01T00:00:00+00:00
31,3,2025-09-01,2883.64,2269.41,3497.87,ARIMA,423.61,292.18,11.6,2024-08-01T00:00:00+00:00
31,3,2025-10-01,2896.79,2261.38,3532.2,ARIMA,423.61,292.18,11.6,2024-08-01T00:00:00+00:00
31,3,2025-11-01,2909.93,2253.34,3566.52,ARIMA,423.61,292.18,11.6,2024-08-01T00:00:00+00:00
31,3,2025-12-01,2923.07,2245.3,3600.84,ARIMA,423.61,292.18,11.6,2024-08-01T00:00:00+00:00
32,3,2025-01-01,2709.77,2238.3,3181.24,ARIMA,449.02,389.04,14.79,2024-08-01T00:00:00+00:00
32,3,2025-02-01,2720.88,2226.95,3214.81,ARIMA,449.02,389.04,14.79,2024-08-01T00:00:00+00:00
32,3,2025-03-01,2732.0,2215.62,3248.38,ARIMA,449.02,389.04,14.79,2024-08-01T00:00:00+00:00
32,3,2025-04-01,2743.11,2204.28,3281.94,ARIMA,449.02,389.04,14.79,2024-08-01T00:00:00+00:00
32,3,2025-05-01,2754.22,2192.94,3315.5,ARIMA,449.02,389.04,14.79,2024-08-01T00:00:00+00:00
32,3,2025-06-01,2765.34,2181.61,3349.07,ARIMA,449.02,389.04,14.79,2024-08-01T00:00:00+00:00
32,3,2025-07-01,2776.45,2170.27,3382.63,ARIMA,449.02,389.04,14.79,2024-08-01T00:00:00+00:00
32,3,2025-08-01,2787.56,2158.93,3416.19,ARIMA,449.02,389.04,14.79,2024-08-01T00:00:00+00:00
32,3,2025-09-01,2798.68,2147.6,3449.76,ARIMA,449.02,389.04,14.79,2024-08-01T00:00:00+00:00
32,3,2025-10-01,2809.79,2136.26,3483.32,ARIMA,449.02,389.04,14.79,2024-08-01T00:00:00+00:00
32,3,2025-11-01,2820.9,2124.91,3516.89,ARIMA,449.02,389.04,14.79,2024-08-01T00:00:00+00:00
32,3,2025-12-01,2832.02,2113.58,3550.46,ARIMA,449.02,389.04,14.79,2024-08-01T00:00:00+00:00
33,3,2025-01-01,2907.92,2626.63,3189.21,ExponentialSmoothing,267.89,213.68,7.41,2024-08-01T00:00:00+00:00
33,3,2025-02-01,2911.53,2616.85,3206.21,ExponentialSmoothing,267.89,213.68,7.41,2024-08-01T00:00:00+00:00
33,3,2025-03-01,2915.13,2607.05,3223.21,ExponentialSmoothing,267.89,213.68,7.41,2024-08-01T00:00:00+00:00
33,3,2025-04-01,2918.74,2597.27,3240.21,ExponentialSmoothing,267.89,213.68,7.41,2024-08-01T00:00:00+00:00
33,3,2025-05-01,2922.35,2587.48,3257.22,ExponentialSmoothing,267.89,213.68,7.41,2024-08-01T00:00:00+00:00
33,3,2025-06-01,2925.96,2577.7,3274.22,ExponentialSmoothing,267.89,213.68,7.41,2024-08-01T00:00:00+00:00
33,3,2025-07-01,2929.56,2567.9,3291.22,ExponentialSmoothing,267.89,213.68,7.41,2024-08-01T00:00:00+00:00
33,3,2025-08-01,2933.17,2558.12,3308.22,ExponentialSmoothing,267.89,213.68,7.41,2024-08-01T00:00:00+00:00
33,3,2025-09-01,2936.78,2548.33,3325.23,ExponentialSmoothing,267.89,213.68,7.41,2024-08-01T00:00:00+00:00
33,3,2025-10-01,2940.39,2538.55,3342.23,ExponentialSmoothing,267.89,213.68,7.41,2024-08-01T00:00:00+00:00
33,3,2025-11-01,2943.99,2528.75,3359.23,ExponentialSmoothing,267.89,213.68,7.41,2024-08-01T00:00:00+00:00
33,3,2025-12-01,2947.6,2518.97,3376.23,ExponentialSmoothing,267.89,213.68,7.41,2024-08-01T00:00:00+00:00
34,3,2025-01-01,2743.83,2272.36,3215.3,ARIMA,449.02,322.18,12.74,2024-08-01T00:00:00+00:00
34,3,2025-02-01,2737.67,2243.75,3231.59,ARIMA,449.02,322.18,12.74,2024-08-01T00:00:00+00:00
34,3,2025-03-01,2731.51,2215.14,3247.88,ARIMA,449.02,322.18,12.74,2024-08-01T00:00:00+00:00
34,3,2025-04-01,2725.35,2186.52,3264.18,ARIMA,449.02,322.18,12.74,2024-08-01T00:00:00+00:00
34,3,2025-05-01,2719.2,2157.92,3280.48,ARIMA,449.02,322.18,12.74,2024-08-01T00:00:00+00:00
34,3,2025-06-01,2713.04,2129.31,3296.77,ARIMA,449.02,322.18,12.74,2024-08-01T00:00:00+00:00
34,3,2025-07-01,2706.88,2100.7,3313.06,ARIMA,449.02,322.18,12.74,2024-08-01T00:00:00+00:00
34,3,2025-08-01,2700.72,2072.09,3329.35,ARIMA,449.02,322.18,12.74,2024-08-01T00:00:00+00:00
34,3,2025-09-01,2694.56,2043.48,3345.64,ARIMA,449.02,322.18,12.74,2024-08-01T00:00:00+00:00
34,3,2025-10-01,2688.4,2014.87,3361.93,ARIMA,449.02,322.18,12.74,2024-08-01T00:00:00+00:00
34,3,2025-11-01,2682.25,1986.27,3378.23,ARIMA,449.02,322.18,12.74,2024-08-01T00:00:00+00:00
34,3,2025-12-01,2676.09,1957.66,3394.52,ARIMA,449.02,322.18,12.74,2024-08-01T00:00:00+00:00
35,3,2025-01-01,2803.92,2390.46,3217.38,ExponentialSmoothing,393.77,333.06,12.29,2024-08-01T00:00:00+00:00
35,3,2025-02-01,2806.1,2372.95,3239.25,ExponentialSmoothing,393.77,333.06,12.29,2024-08-01T00:00:00+00:00
35,3,2025-03-01,2808.29,2355.45,3261.13,ExponentialSmoothing,393.77,333.06,12.29,2024-08-01T00:00:00+00:00
35,3,2025-04-01,2810.48,2337.95,3283.01,ExponentialSmoothing,393.77,333.06,12.29,2024-08-01T00:00:00+00:00
35,3,2025-05-01,2812.67,2320.45,3304.89,ExponentialSmoothing,393.77,333.06,12.29,2024-08-01T00:00:00+00:00
35,3,2025-06-01,2814.85,2302.95,3326.75,ExponentialSmoothing,393.77,333.06,12.29,2024-08-01T00:00:00+00:00
35,3,2025-07-01,2817.04,2285.45,3348.63,ExponentialSmoothing,393.77,333.06,12.29,2024-08-01T00:00:00+00:00
35,3,2025-08-01,2819.23,2267.95,3370.51,ExponentialSmoothing,393.77,333.06,12.29,2024-08-01T00:00:00+00:00
35,3,2025-09-01,2821.42,2250.45,3392.39,ExponentialSmoothing,393.77,333.06,12.29,2024-08-01T00:00:00+00:00
35,3,2025-10-01,2823.6,2232.94,3414.26,ExponentialSmoothing,393.77,333.06,12.29,2024-08-01T00:00:00+00:00
35,3,2025-11-01,2825.79,2215.44,3436.14,ExponentialSmoothing,393.77,333.06,12.29,2024-08-01T00:00:00+00:00
35,3,2025-12-01,2827.98,2197.94,3458.02,ExponentialSmoothing,393.77,333.06,12.29,2024-08-01T00:00:00+00:00
36,3,2025-01-01,2886.84,2531.01,3242.67,ARIMA,338.88,268.75,9.62,2024-08-01T00:00:00+00:00
36,3,2025-02-01,2896.75,2523.98,3269.52,ARIMA,338.88,268.75,9.62,2024-08-01T00:00:00+00:00
36,3,2025-03-01,2906.66,2516.94,3296.38,ARIMA,338.88,268.75,9.62,2024-08-01T00:00:00+00:00
36,3,2025-04-01,2916.56,2509.9,3323.22,ARIMA,338.88,268.75,9.62,2024-08-01T00:00:00+00:00
36,3,2025-05-01,2926.47,2502.86,3350.08,ARIMA,338.88,268.75,9.62,2024-08-01T00:00:00+00:00
36,3,2025-06-01,2936.38,2495.83,3376.93,ARIMA,338.88,268.75,9.62,2024-08-01T00:00:00+00:00
36,3,2025-07-01,2946.28,2488.79,3403.77,ARIMA,338.88,268.75,9.62,2024-08-01T00:00:00+00:00
36,3,2025-08-01,2956.19,2481.75,3430.63,ARIMA,338.88,268.75,9.62,2024-08-01T00:00:00+00:00
36,3,2025-09-01,2966.09,2474.71,3457.47,ARIMA,338.88,268.75,9.62,2024-08-01T00:00:00+00:00
36,3,2025-10-01,2976.0,2467.67,3484.33,ARIMA,338.88,268.75,9.62,2024-08-01T00:00:00+00:00
36,3,2025-11-01,2985.91,2460.64,3511.18,ARIMA,338.88,268.75,9.62,2024-08-01T00:00:00+00:00
36,3,2025-12-01,2995.81,2453.6,3538.02,ARIMA,338.88,268.75,9.62,2024-08-01T00:00:00+00:00
37,3,2025-01-01,2914.53,2474.39,3354.67,ExponentialSmoothing,419.18,302.37,10.45,2024-08-01T00:00:00+00:00
37,3,2025-02-01,2917.5,2456.4,3378.6,ExponentialSmoothing,419.18,302.37,10.45,2024-08-01T00:00:00+00:00
37,3,2025-03-01,2920.46,2438.4,3402.52,ExponentialSmoothing,419.18,302.37,10.45,2024-08-01T00:00:00+00:00
37,3,2025-04-01,2923.43,2420.41,3426.45,ExponentialSmoothing,419.18,302.37,10.45,2024-08-01T00:00:00+00:00
37,3,2025-05-01,2926.39,2402.41,3450.37,ExponentialSmoothing,419.18,302.37,10.45,2024-08-01T00:00:00+00:00
37,3,2025-06-01,2929.36,2384.42,3474.3,ExponentialSmoothing,419.18,302.37,10.45,2024-08-01T00:00:00+00:00
37,3,2025-07-01,2932.32,2366.42,3498.22,ExponentialSmoothing,419.18,302.37,10.45,2024-08-01T00:00:00+00:00
37,3,2025-08-01,2935.28,2348.42,3522.14,ExponentialSmoothing,419.18,302.37,10.45,2024-08-01T00:00:00+00:00
37,3,2025-09-01,2938.25,2330.43,3546.07,ExponentialSmoothing,419.18,302.37,10.45,2024-08-01T00:00:00+00:00
37,3,2025-10-01,2941.21,2312.44,3569.98,ExponentialSmoothing,419.18,302.37,10.45,2024-08-01T00:00:00+00:00
37,3,2025-11-01,2944.18,2294.45,3593.91,ExponentialSmoothing,419.18,302.37,10.45,2024-08-01T00:00:00+00:00
37,3,2025-12-01,2947.14,2276.45,3617.83,ExponentialSmoothing,419.18,302.37,10.45,2024-08-01T00:00:00+00:00
38,3,2025-01-01,2622.29,2295.4,2949.18,ARIMA,311.33,238.08,9.89,2024-08-01T00:00:00+00:00
38,3,2025-02-01,2627.62,2285.16,2970.08,ARIMA,311.33,238.08,9.89,2024-08-01T00:00:00+00:00
38,3,2025-03-01,2632.95,2274.92,2990.98,ARIMA,311.33,238.08,9.89,2024-08-01T00:00:00+00:00
38,3,2025-04-01,2638.28,2264.69,3011.87,ARIMA,311.33,238.08,9.89,2024-08-01T00:00:00+00:00
38,3,2025-05-01,2643.62,2254.46,3032.78,ARIMA,311.33,238.08,9.89,2024-08-01T00:00:00+00:00
38,3,2025-06-01,2648.95,2244.22,3053.68,ARIMA,311.33,238.08,9.89,2024-08-01T00:00:00+00:00
38,3,2025-07-01,2654.28,2233.99,3074.57,ARIMA,311.33,238.08,9.89,2024-08-01T00:00:00+00:00
38,3,2025-08-01,2659.61,2223.75,3095.47,ARIMA,311.33,238.08,9.89,2024-08-01T00:00:00+00:00
38,3,2025-09-01,2664.94,2213.51,3116.37,ARIMA,311.33,238.08,9.89,2024-08-01T00:00:00+00:00
38,3,2025-10-01,2670.27,2203.28,3137.26,ARIMA,311.33,238.08,9.89,2024-08-01T00:00:00+00:00
38,3,2025-11-01,2675.6,2193.04,3158.16,ARIMA,311.33,238.08,9.89,2024-08-01T00:00:00+00:00
38,3,2025-12-01,2680.94,2182.82,3179.06,ARIMA,311.33,238.08,9.89,2024-08-01T00:00:00+00:00
39,3,2025-01-01,2865.34,2418.68,3312.0,ARIMA,425.39,366.99,13.22,2024-08-01T00:00:00+00:00
39,3,2025-02-01,2854.44,2386.51,3322.37,ARIMA,425.39,366.99,13.22,2024-08-01T00:00:00+00:00
39,3,2025-03-01,2843.55,2354.35,3332.75,ARIMA,425.39,366.99,13.22,2024-08-01T00:00:00+00:00
39,3,2025-04-01,2832.65,2322.18,3343.12,ARIMA,425.39,366.99,13.22,2024-08-01T00:00:00+00:00
39,3,2025-05-01,2821.75,2290.01,3353.49,ARIMA,425.39,366.99,13.22,2024-08-01T00:00:00+00:00
39,3,2025-06-01,2810.85,2257.84,3363.86,ARIMA,425.39,366.99,13.22,2024-08-01T00:00:00+00:00
39,3,2025-07-01,2799.95,2225.67,3374.23,ARIMA,425.39,366.99,13.22,2024-08-01T00:00:00+00:00
39,3,2025-08-01,2789.05,2193.5,3384.6,ARIMA,425.39,366.99,13.22,2024-08-01T00:00:00+00:00
39,3,2025-09-01,2778.15,2161.33,3394.97,ARIMA,425.39,366.99,13.22,2024-08-01T00:00:00+00:00
39,3,2025-10-01,2767.25,2129.16,3405.34,ARIMA,425.39,366.99,13.22,2024-08-01T00:00:00+00:00
39,3,2025-11-01,2756.35,2096.99,3415.71,ARIMA,425.39,366.99,13.22,2024-08-01T00:00:00+00:00
39,3,2025-12-01,2745.45,2064.82,3426.08,ARIMA,425.39,366.99,13.22,2024-08-01T00:00:00+00:00
40,3,2025-01-01,2938.56,2641.03,3236.09,ARIMA,283.36,230.83,8.03,2024-08-01T00:00:00+00:00
40,3,2025-02-01,2933.6,2621.9,3245.3,ARIMA,283.36,230.83,8.03,2024-08-01T00:00:00+00:00
40,3,2025-03-01,2928.64,2602.77,3254.51,ARIMA,283.36,230.83,8.03,2024-08-01T00:00:00+00:00
40,3,2025-04-01,2923.68,2583.65,3263.71,ARIMA,283.36,230.83,8.03,2024-08-01T00:00:00+00:00
40,3,2025-05-01,2918.72,2564.52,3272.92,ARIMA,283.36,230.83,8.03,2024-08-01T00:00:00+00:00
40,3,2025-06-01,2913.75,2545.38,3282.12,ARIMA,283.36,230.83,8.03,2024-08-01T00:00:00+00:00
40,3,2025-07-01,2908.79,2526.25,3291.33,ARIMA,283.36,230.83,8.03,2024-08-01T00:00:00+00:00
40,3,2025-08-01,2903.83,2507.12,3300.54,ARIMA,283.36,230.83,8.03,2024-08-01T00:00:00+00:00
40,3,2025-09-01,2898.87,2488.0,3309.74,ARIMA,283.36,230.83,8.03,2024-08-01T00:00:00+00:00
40,3,2025-10-01,2893.91,2468.87,3318.95,ARIMA,283.36,230.83,8.03,2024-08-01T00:00:00+00:00
40,3,2025-11-01,2888.95,2449.74,3328.16,ARIMA,283.36,230.83,8.03,2024-08-01T00:00:00+00:00
40,3,2025-12-01,2883.99,2430.61,3337.37,ARIMA,283.36,230.83,8.03,2024-08-01T00:00:00+00:00
41,3,2025-01-01,2717.24,2319.38,3115.1,ARIMA,378.91,313.23,11.69,2024-08-01T00:00:00+00:00
41,3,2025-02-01,2728.16,2311.35,3144.97,ARIMA,378.91,313.23,11.69,2024-08-01T00:00:00+00:00
41,3,2025-03-01,2739.08,2303.33,3174.83,ARIMA,378.91,313.23,11.69,2024-08-01T00:00:00+00:00
41,3,2025-04-01,2750.0,2295.3,3204.7,ARIMA,378.91,313.23,11.69,2024-08-01T00:00:00+00:00
41,3,2025-05-01,2760.92,2287.28,3234.56,ARIMA,378.91,313.23,11.69,2024-08-01T00:00:00+00:00
41,3,2025-06-01,2771.84,2279.25,3264.43,ARIMA,378.91,313.23,11.69,2024-08-01T00:00:00+00:00
41,3,2025-07-01,2782.77,2271.24,3294.3,ARIMA,378.91,313.23,11.69,2024-08-01T00:00:00+00:00
41,3,2025-08-01,2793.69,2263.21,3324.17,ARIMA,378.91,313.23,11.69,2024-08-01T00:00:00+00:00
41,3,2025-09-01,2804.61,2255.18,3354.04,ARIMA,378.91,313.23,11.69,2024-08-01T00:00:00+00:00
41,3,2025-10-01,2815.53,2247.16,3383.9,ARIMA,378.91,313.23,11.69,2024-08-01T00:00:00+00:00
41,3,2025-11-01,2826.45,2239.13,3413.77,ARIMA,378.91,313.23,11.69,2024-08-01T00:00:00+00:00
41,3,2025-12-01,2837.37,2231.11,3443.63,ARIMA,378.91,313.23,11.69,2024-08-01T00:00:00+00:00
42,3,2025-01-01,2912.53,2533.13,3291.93,ARIMA,361.33,282.96,10.24,2024-08-01T00:00:00+00:00
42,3,2025-02-01,2907.78,2510.31,3305.25,ARIMA,361.33,282.96,10.24,2024-08-01T00:00:00+00:00
42,3,2025-03-01,2903.03,2487.5,3318.56,ARIMA,361.33,282.96,10.24,2024-08-01T00:00:00+00:00
42,3,2025-04-01,2898.27,2464.67,3331.87,ARIMA,361.33,282.96,10.24,2024-08-01T00:00:00+00:00
42,3,2025-05-01,2893.52,2441.85,3345.19,ARIMA,361.33,282.96,10.24,2024-08-01T00:00:00+00:00
42,3,2025-06-01,2888.77,2419.04,3358.5,ARIMA,361.33,282.96,10.24,2024-08-01T00:00:00+00:00
42,3,2025-07-01,2884.01,2396.21,3371.81,ARIMA,361.33,282.96,10.24,2024-08-01T00:00:00+00:00
42,3,2025-08-01,2879.26,2373.39,3385.13,ARIMA,361.33,282.96,10.24,2024-08-01T00:00:00+00:00
42,3,2025-09-01,2874.5,2350.57,3398.43,ARIMA,361.33,282.96,10.24,2024-08-01T00:00:00+00:00
42,3,2025-10-01,2869.75,2327.75,3411.75,ARIMA,361.33,282.96,10.24,2024-08-01T00:00:00+00:00
42,3,2025-11-01,2865.0,2304.93,3425.07,ARIMA,361.33,282.96,10.24,2024-08-01T00:00:00+00:00
42,3,2025-12-01,2860.24,2282.11,3438.37,ARIMA,361.33,282.96,10.24,2024-08-01T00:00:00+00:00
43,3,2025-01-01,2685.72,2319.65,3051.79,ARIMA,348.63,287.16,10.86,2024-08-01T00:00:00+00:00
43,3,2025-02-01,2673.76,2290.26,3057.26,ARIMA,348.63,287.16,10.86,2024-08-01T00:00:00+00:00
43,3,2025-03-01,2661.8,2260.87,3062.73,ARIMA,348.63,287.16,10.86,2024-08-01T00:00:00+00:00
43,3,2025-04-01,2649.85,2231.49,3068.21,ARIMA,348.63,287.16,10.86,2024-08-01T00:00:00+00:00
43,3,2025-05-01,2637.89,2202.1,3073.68,ARIMA,348.63,287.16,10.86,2024-08-01T00:00:00+00:00
43,3,2025-06-01,2625.93,2172.71,3079.15,ARIMA,348.63,287.16,10.86,2024-08-01T00:00:00+00:00
43,3,2025-07-01,2613.97,2143.31,3084.63,ARIMA,348.63,287.16,10.86,2024-08-01T00:00:00+00:00
43,3,2025-08-01,2602.01,2113.92,3090.1,ARIMA,348.63,287.16,10.86,2024-08-01T00:00:00+00:00
43,3,2025-09-01,2590.06,2084.54,3095.58,ARIMA,348.63,287.16,10.86,2024-08-01T00:00:00+00:00
43,3,2025-10-01,2578.1,2055.15,3101.05,ARIMA,348.63,287.16,10.86,2024-08-01T00:00:00+00:00
43,3,2025-11-01,2566.14,2025.76,3106.52,ARIMA,348.63,287.16,10.86,2024-08-01T00:00:00+00:00
43,3,2025-12-01,2554.18,1996.37,3111.99,ARIMA,348.63,287.16,10.86,2024-08-01T00:00:00+00:00
44,3,2025-01-01,2701.59,2292.95,3110.23,ARIMA,389.18,327.54,12.11,2024-08-01T00:00:00+00:00
44,3,2025-02-01,2685.74,2257.64,3113.84,ARIMA,389.18,327.54,12.11,2024-08-01T00:00:00+00:00
44,3,2025-03-01,2669.89,2222.33,3117.45,ARIMA,389.18,327.54,12.11,2024-08-01T00:00:00+00:00
44,3,2025-04-01,2654.04,2187.03,3121.05,ARIMA,389.18,327.54,12.11,2024-08-01T00:00:00+00:00
44,3,2025-05-01,2638.19,2151.72,3124.66,ARIMA,389.18,327.54,12.11,2024-08-01T00:00:00+00:00
44,3,2025-06-01,2622.33,2116.4,3128.26,ARIMA,389.18,327.54,12.11,2024-08-01T00:00:00+00:00
44,3,2025-07-01,2606.48,2081.09,3131.87,ARIMA,389.18,327.54,12.11,2024-08-01T00:00:00+00:00
44,3,2025-08-01,2590.63,2045.78,3135.48,ARIMA,389.18,327.54,12.11,2024-08-01T00:00:00+00:00
44,3,2025-09-01,2574.78,2010.47,3139.09,ARIMA,389.18,327.54,12.11,2024-08-01T00:00:00+00:00
44,3,2025-10-01,2558.93,1975.16,3142.7,ARIMA,389.18,327.54,12.11,2024-08-01T00:00:00+00:00
44,3,2025-11-01,2543.07,1939.84,3146.3,ARIMA,389.18,327.54,12.11,2024-08-01T00:00:00+00:00
44,3,2025-12-01,2527.22,1904.53,3149.91,ARIMA,389.18,327.54,12.11,2024-08-01T00:00:00+00:00
45,3,2025-01-01,2518.71,2085.55,2951.87,ARIMA,412.53,313.55,13.11,2024-08-01T00:00:00+00:00
45,3,2025-02-01,2504.27,2050.49,2958.05,ARIMA,412.53,313.55,13.11,2024-08-01T00:00:00+00:00
45,3,2025-03-01,2489.83,2015.42,2964.24,ARIMA,412.53,313.55,13.11,2024-08-01T00:00:00+00:00
45,3,2025-04-01,2475.39,1980.35,2970.43,ARIMA,412.53,313.55,13.11,2024-08-01T00:00:00+00:00
45,3,2025-05-01,2460.95,1945.29,2976.61,ARIMA,412.53,313.55,13.11,2024-08-01T00:00:00+00:00
45,3,2025-06-01,2446.51,1910.22,2982.8,ARIMA,412.53,313.55,13.11,2024-08-01T00:00:00+00:00
45,3,2025-07-01,2432.07,1875.15,2988.99,ARIMA,412.53,313.55,13.11,2024-08-01T00:00:00+00:00
45,3,2025-08-01,2417.63,1840.09,2995.17,ARIMA,412.53,313.55,13.11,2024-08-01T00:00:00+00:00
45,3,2025-09-01,2403.19,1805.02,3001.36,ARIMA,412.53,313.55,13.11,2024-08-01T00:00:00+00:00
45,3,2025-10-01,2388.75,1769.95,3007.55,ARIMA,412.53,313.55,13.11,2024-08-01T00:00:00+00:00
45,3,2025-11-01,2374.31,1734.89,3013.73,ARIMA,412.53,313.55,13.11,2024-08-01T00:00:00+00:00
45,3,2025-12-01,2359.87,1699.82,3019.92,ARIMA,412.53,313.55,13.11,2024-08-01T00:00:00+00:00
46,3,2025-01-01,2709.87,2393.27,3026.47,ARIMA,301.53,266.27,10.27,2024-08-01T00:00:00+00:00
46,3,2025-02-01,2716.46,2384.78,3048.14,ARIMA,301.53,266.27,10.27,2024-08-01T00:00:00+00:00
46,3,2025-03-01,2723.04,2376.28,3069.8,ARIMA,301.53,266.27,10.27,2024-08-01T00:00:00+00:00
46,3,2025-04-01,2729.63,2367.8,3091.46,ARIMA,301.53,266.27,10.27,2024-08-01T00:00:00+00:00
46,3,2025-05-01,2736.22,2359.31,3113.13,ARIMA,301.53,266.27,10.27,2024-08-01T00:00:00+00:00
46,3,2025-06-01,2742.81,2350.83,3134.79,ARIMA,301.53,266.27,10.27,2024-08-01T00:00:00+00:00
46,3,2025-07-01,2749.4,2342.34,3156.46,ARIMA,301.53,266.27,10.27,2024-08-01T00:00:00+00:00
46,3,2025-08-01,2755.99,2333.85,3178.13,ARIMA,301.53,266.27,10.27,2024-08-01T00:00:00+00:00
46,3,2025-09-01,2762.58,2325.37,3199.79,ARIMA,301.53,266.27,10.27,2024-08-01T00:00:00+00:00
46,3,2025-10-01,2769.16,2316.87,3221.45,ARIMA,301.53,266.27,10.27,2024-08-01T00:00:00+00:00
46,3,2025-11-01,2775.75,2308.38,3243.12,ARIMA,301.53,266.27,10.27,2024-08-01T00:00:00+00:00
46,3,2025-12-01,2782.34,2299.9,3264.78,ARIMA,301.53,266.27,10.27,2024-08-01T00:00:00+00:00
47,3,2025-01-01,2671.14,2398.24,2944.04,ExponentialSmoothing,259.91,200.21,7.37,2024-08-01T00:00:00+00:00
47,3,2025-02-01,2673.91,2388.01,2959.81,ExponentialSmoothing,259.91,200.21,7.37,2024-08-01T00:00:00+00:00
47,3,2025-03-01,2676.67,2377.78,2975.56,ExponentialSmoothing,259.91,200.21,7.37,2024-08-01T00:00:00+00:00
47,3,2025-04-01,2679.43,2367.54,2991.32,ExponentialSmoothing,259.91,200.21,7.37,2024-08-01T00:00:00+00:00
47,3,2025-05-01,2682.19,2357.3,3007.08,ExponentialSmoothing,259.91,200.21,7.37,2024-08-01T00:00:00+00:00
47,3,2025-06-01,2684.96,2347.08,3022.84,ExponentialSmoothing,259.91,200.21,7.37,2024-08-01T00:00:00+00:00
47,3,2025-07-01,2687.72,2336.84,3038.6,ExponentialSmoothing,259.91,200.21,7.37,2024-08-01T00:00:00+00:00
47,3,2025-08-01,2690.48,2326.61,3054.35,ExponentialSmoothing,259.91,200.21,7.37,2024-08-01T00:00:00+00:00
47,3,2025-09-01,2693.25,2316.38,3070.12,ExponentialSmoothing,259.91,200.21,7.37,2024-08-01T00:00:00+00:00
47,3,2025-10-01,2696.01,2306.15,3085.87,ExponentialSmoothing,259.91,200.21,7.37,2024-08-01T00:00:00+00:00
47,3,2025-11-01,2698.77,2295.91,3101.63,ExponentialSmoothing,259.91,200.21,7.37,2024-08-01T00:00:00+00:00
47,3,2025-12-01,2701.53,2285.68,3117.38,ExponentialSmoothing,259.91,200.21,7.37,2024-08-01T00:00:00+00:00
48,3,2025-01-01,2651.45,2261.8,3041.1,ARIMA,371.1,280.04,12.18,2024-08-01T00:00:00+00:00
48,3,2025-02-01,2635.59,2227.38,3043.8,ARIMA,371.1,280.04,12.18,2024-08-01T00:00:00+00:00
48,3,2025-03-01,2619.73,2192.97,3046.49,ARIMA,371.1,280.04,12.18,2024-08-01T00:00:00+00:00
48,3,2025-04-01,2603.87,2158.55,3049.19,ARIMA,371.1,280.04,12.18,2024-08-01T00:00:00+00:00
48,3,2025-05-01,2588.01,2124.14,3051.88,ARIMA,371.1,280.04,12.18,2024-08-01T00:00:00+00:00
48,3,2025-06-01,2572.15,2089.72,3054.58,ARIMA,371.1,280.04,12.18,2024-08-01T00:00:00+00:00
48,3,2025-07-01,2556.29,2055.31,3057.27,ARIMA,371.1,280.04,12.18,2024-08-01T00:00:00+00:00
48,3,2025-08-01,2540.43,2020.89,3059.97,ARIMA,371.1,280.04,12.18,2024-08-01T00:00:00+00:00
48,3,2025-09-01,2524.57,1986.48,3062.66,ARIMA,371.1,280.04,12.18,2024-08-01T00:00:00+00:00
48,3,2025-10-01,2508.71,1952.06,3065.36,ARIMA,371.1,280.04,12.18,2024-08-01T00:00:00+00:00
48,3,2025-11-01,2492.85,1917.65,3068.05,ARIMA,371.1,280.04,12.18,2024-08-01T00:00:00+00:00
48,3,2025-12-01,2476.99,1883.23,3070.75,ARIMA,371.1,280.04,12.18,2024-08-01T00:00:00+00:00
49,3,2025-01-01,2725.55,2244.51,3206.59,ExponentialSmoothing,458.14,354.34,14.74,2024-08-01T00:00:00+00:00
49,3,2025-02-01,2727.07,2223.12,3231.02,ExponentialSmoothing,458.14,354.34,14.74,2024-08-01T00:00:00+00:00
49,3,2025-03-01,2728.59,2201.73,3255.45,ExponentialSmoothing,458.14,354.34,14.74,2024-08-01T00:00:00+00:00
49,3,2025-04-01,2730.11,2180.35,3279.87,ExponentialSmoothing,458.14,354.34,14.74,2024-08-01T00:00:00+00:00
49,3,2025-05-01,2731.63,2158.96,3304.3,ExponentialSmoothing,458.14,354.34,14.74,2024-08-01T00:00:00+00:00
49,3,2025-06-01,2733.15,2137.57,3328.73,ExponentialSmoothing,458.14,354.34,14.74,2024-08-01T00:00:00+00:00
49,3,2025-07-01,2734.66,2116.18,3353.14,ExponentialSmoothing,458.14,354.34,14.74,2024-08-01T00:00:00+00:00
49,3,2025-08-01,2736.18,2094.79,3377.57,ExponentialSmoothing,458.14,354.34,14.74,2024-08-01T00:00:00+00:00
49,3,2025-09-01,2737.7,2073.4,3402.0,ExponentialSmoothing,458.14,354.34,14.74,2024-08-01T00:00:00+00:00
49,3,2025-10-01,2739.22,2052.02,3426.42,ExponentialSmoothing,458.14,354.34,14.74,2024-08-01T00:00:00+00:00
49,3,2025-11-01,2740.74,2030.63,3450.85,ExponentialSmoothing,458.14,354.34,14.74,2024-08-01T00:00:00+00:00
49,3,2025-12-01,2742.26,2009.24,3475.28,ExponentialSmoothing,458.14,354.34,14.74,2024-08-01T00:00:00+00:00
50,3,2025-01-01,2669.81,2369.28,2970.34,ARIMA,286.22,236.67,8.69,2024-08-01T00:00:00+00:00
50,3,2025-02-01,2659.98,2345.14,2974.82,ARIMA,286.22,236.67,8.69,2024-08-01T00:00:00+00:00
50,3,2025-03-01,2650.15,2321.0,2979.3,ARIMA,286.22,236.67,8.69,2024-08-01T00:00:00+00:00
50,3,2025-04-01,2640.32,2296.86,2983.78,ARIMA,286.22,236.67,8.69,2024-08-01T00:00:00+00:00
50,3,2025-05-01,2630.49,2272.72,2988.26,ARIMA,286.22,236.67,8.69,2024-08-01T00:00:00+00:00
50,3,2025-06-01,2620.66,2248.58,2992.74,ARIMA,286.22,236.67,8.69,2024-08-01T00:00:00+00:00
50,3,2025-07-01,2610.83,2224.44,2997.22,ARIMA,286.22,236.67,8.69,2024-08-01T00:00:00+00:00
50,3,2025-08-01,2601.0,2200.3,3001.7,ARIMA,286.22,236.67,8.69,2024-08-01T00:00:00+00:00
50,3,2025-09-01,2591.17,2176.16,3006.18,ARIMA,286.22,236.67,8.69,2024-08-01T00:00:00+00:00
50,3,2025-10-01,2581.33,2152.0,3010.66,ARIMA,286.22,236.67,8.69,2024-08-01T00:00:00+00:00
50,3,2025-11-01,2571.5,2127.86,3015.14,ARIMA,286.22,236.67,8.69,2024-08-01T00:00:00+00:00
50,3,2025-12-01,2561.67,2103.72,3019.62,ARIMA,286.22,236.67,8.69,2024-08-01T00:00:00+00:00
51,3,2025-01-01,2712.19,2395.76,3028.62,ARIMA,301.36,255.89,9.66,2024-08-01T00:00:00+00:00
51,3,2025-02-01,2707.95,2376.45,3039.45,ARIMA,301.36,255.89,9.66,2024-08-01T00:00:00+00:00
51,3,2025-03-01,2703.72,2357.15,3050.29,ARIMA,301.36,255.89,9.66,2024-08-01T00:00:00+00:00
51,3,2025-04-01,2699.48,2337.84,3061.12,ARIMA,301.36,255.89,9.66,2024-08-01T00:00:00+00:00
51,3,2025-05-01,2695.25,2318.54,3071.96,ARIMA,301.36,255.89,9.66,2024-08-01T00:00:00+00:00
51,3,2025-06-01,2691.01,2299.24,3082.78,ARIMA,301.36,255.89,9.66,2024-08-01T00:00:00+00:00
51,3,2025-07-01,2686.78,2279.94,3093.62,ARIMA,301.36,255.89,9.66,2024-08-01T00:00:00+00:00
51,3,2025-08-01,2682.54,2260.63,3104.45,ARIMA,301.36,255.89,9.66,2024-08-01T00:00:00+00:00
51,3,2025-09-01,2678.31,2241.33,3115.29,ARIMA,301.36,255.89,9.66,2024-08-01T00:00:00+00:00
51,3,2025-10-01,2674.07,2222.02,3126.12,ARIMA,301.36,255.89,9.66,2024-08-01T00:00:00+00:00
51,3,2025-11-01,2669.83,2202.72,3136.94,ARIMA,301.36,255.89,9.66,2024-08-01T00:00:00+00:00
51,3,2025-12-01,2665.6,2183.42,3147.78,ARIMA,301.36,255.89,9.66,2024-08-01T00:00:00+00:00
52,3,2025-01-01,2575.38,2257.41,2893.35,ARIMA,302.83,260.12,10.35,2024-08-01T00:00:00+00:00
52,3,2025-02-01,2591.12,2258.01,2924.23,ARIMA,302.83,260.12,10.35,2024-08-01T00:00:00+00:00
52,3,2025-03-01,2606.86,2258.6,2955.12,ARIMA,302.83,260.12,10.35,2024-08-01T00:00:00+00:00
52,3,2025-04-01,2622.6,2259.2,2986.0,ARIMA,302.83,260.12,10.35,2024-08-01T00:00:00+00:00
52,3,2025-05-01,2638.34,2259.8,3016.88,ARIMA,302.83,260.12,10.35,2024-08-01T00:00:00+00:00
52,3,2025-06-01,2654.08,2260.4,3047.76,ARIMA,302.83,260.12,10.35,2024-08-01T00:00:00+00:00
52,3,2025-07-01,2669.82,2261.0,3078.64,ARIMA,302.83,260.12,10.35,2024-08-01T00:00:00+00:00
52,3,2025-08-01,2685.56,2261.6,3109.52,ARIMA,302.83,260.12,10.35,2024-08-01T00:00:00+00:00
52,3,2025-09-01,2701.3,2262.19,3140.41,ARIMA,302.83,260.12,10.35,2024-08-01T00:00:00+00:00
52,3,2025-10-01,2717.04,2262.79,3171.29,ARIMA,302.83,260.12,10.35,2024-08-01T00:00:00+00:00
52,3,2025-11-01,2732.78,2263.39,3202.17,ARIMA,302.83,260.12,10.35,2024-08-01T00:00:00+00:00
52,3,2025-12-01,2748.52,2263.99,3233.05,ARIMA,302.83,260.12,10.35,2024-08-01T00:00:00+00:00
53,3,2025-01-01,2828.03,2536.42,3119.64,ARIMA,277.72,252.67,9.37,2024-08-01T00:00:00+00:00
53,3,2025-02-01,2849.84,2544.34,3155.34,ARIMA,277.72,252.67,9.37,2024-08-01T00:00:00+00:00
53,3,2025-03-01,2871.66,2552.28,3191.04,ARIMA,277.72,252.67,9.37,2024-08-01T00:00:00+00:00
53,3,2025-04-01,2893.48,2560.21,3226.75,ARIMA,277.72,252.67,9.37,2024-08-01T00:00:00+00:00
53,3,2025-05-01,2915.3,2568.15,3262.45,ARIMA,277.72,252.67,9.37,2024-08-01T00:00:00+00:00
53,3,2025-06-01,2937.12,2576.08,3298.16,ARIMA,277.72,252.67,9.37,2024-08-01T00:00:00+00:00
53,3,2025-07-01,2958.93,2584.0,3333.86,ARIMA,277.72,252.67,9.37,2024-08-01T00:00:00+00:00
53,3,2025-08-01,2980.75,2591.94,3369.56,ARIMA,277.72,252.67,9.37,2024-08-01T00:00:00+00:00
53,3,2025-09-01,3002.57,2599.87,3405.27,ARIMA,277.72,252.67,9.37,2024-08-01T00:00:00+00:00
53,3,2025-10-01,3024.39,2607.8,3440.98,ARIMA,277.72,252.67,9.37,2024-08-01T00:00:00+00:00
53,3,2025-11-01,3046.21,2615.74,3476.68,ARIMA,277.72,252.67,9.37,2024-08-01T00:00:00+00:00
53,3,2025-12-01,3068.03,2623.67,3512.39,ARIMA,277.72,252.67,9.37,2024-08-01T00:00:00+00:00
54,3,2025-01-01,2729.19,2414.96,3043.42,ARIMA,299.27,258.08,9.79,2024-08-01T00:00:00+00:00
54,3,2025-02-01,2722.58,2393.38,3051.78,ARIMA,299.27,258.08,9.79,2024-08-01T00:00:00+00:00
54,3,2025-03-01,2715.98,2371.82,3060.14,ARIMA,299.27,258.08,9.79,2024-08-01T00:00:00+00:00
54,3,2025-04-01,2709.37,2350.25,3068.49,ARIMA,299.27,258.08,9.79,2024-08-01T00:00:00+00:00
54,3,2025-05-01,2702.76,2328.67,3076.85,ARIMA,299.27,258.08,9.79,2024-08-01T00:00:00+00:00
54,3,2025-06-01,2696.15,2307.1,3085.2,ARIMA,299.27,258.08,9.79,2024-08-01T00:00:00+00:00
54,3,2025-07-01,2689.54,2285.53,3093.55,ARIMA,299.27,258.08,9.79,2024-08-01T00:00:00+00:00
54,3,2025-08-01,2682.93,2263.95,3101.91,ARIMA,299.27,258.08,9.79,2024-08-01T00:00:00+00:00
54,3,2025-09-01,2676.33,2242.39,3110.27,ARIMA,299.27,258.08,9.79,2024-08-01T00:00:00+00:00
54,3,2025-10-01,2669.72,2220.82,3118.62,ARIMA,299.27,258.08,9.79,2024-08-01T00:00:00+00:00
54,3,2025-11-01,2663.11,2199.24,3126.98,ARIMA,299.27,258.08,9.79,2024-08-01T00:00:00+00:00
54,3,2025-12-01,2656.5,2177.67,3135.33,ARIMA,299.27,258.08,9.79,2024-08-01T00:00:00+00:00
55,3,2025-01-01,2870.86,2576.14,3165.58,ARIMA,280.69,218.95,8.07,2024-08-01T00:00:00+00:00
55,3,2025-02-01,2888.98,2580.22,3197.74,ARIMA,280.69,218.95,8.07,2024-08-01T00:00:00+00:00
55,3,2025-03-01,2907.09,2584.3,3229.88,ARIMA,280.69,218.95,8.07,2024-08-01T00:00:00+00:00
55,3,2025-04-01,2925.21,2588.38,3262.04,ARIMA,280.69,218.95,8.07,2024-08-01T00:00:00+00:00
55,3,2025-05-01,2943.32,2592.46,3294.18,ARIMA,280.69,218.95,8.07,2024-08-01T00:00:00+00:00
55,3,2025-06-01,2961.44,2596.55,3326.33,ARIMA,280.69,218.95,8.07,2024-08-01T00:00:00+00:00
55,3,2025-07-01,2979.55,2600.62,3358.48,ARIMA,280.69,218.95,8.07,2024-08-01T00:00:00+00:00
55,3,2025-08-01,2997.67,2604.71,3390.63,ARIMA,280.69,218.95,8.07,2024-08-01T00:00:00+00:00
55,3,2025-09-01,3015.78,2608.78,3422.78,ARIMA,280.69,218.95,8.07,2024-08-01T00:00:00+00:00
55,3,2025-10-01,3033.89,2612.86,3454.92,ARIMA,280.69,218.95,8.07,2024-08-01T00:00:00+00:00
55,3,2025-11-01,3052.01,2616.94,3487.08,ARIMA,280.69,218.95,8.07,2024-08-01T00:00:00+00:00
55,3,2025-12-01,3070.12,2621.02,3519.22,ARIMA,280.69,218.95,8.07,2024-08-01T00:00:00+00:00
56,3,2025-01-01,2761.21,2572.77,2949.65,ARIMA,179.47,141.81,5.08,2024-08-01T00:00:00+00:00
56,3,2025-02-01,2751.56,2554.14,2948.98,ARIMA,179.47,141.81,5.08,2024-08-01T00:00:00+00:00
56,3,2025-03-01,2741.91,2535.52,2948.3,ARIMA,179.47,141.81,5.08,2024-08-01T00:00:00+00:00
56,3,2025-04-01,2732.25,2516.89,2947.61,ARIMA,179.47,141.81,5.08,2024-08-01T00:00:00+00:00
56,3,2025-05-01,2722.6,2498.26,2946.94,ARIMA,179.47,141.81,5.08,2024-08-01T00:00:00+00:00
56,3,2025-06-01,2712.94,2479.63,2946.25,ARIMA,179.47,141.81,5.08,2024-08-01T00:00:00+00:00
56,3,2025-07-01,2703.29,2461.01,2945.57,ARIMA,179.47,141.81,5.08,2024-08-01T00:00:00+00:00
56,3,2025-08-01,2693.63,2442.37,2944.89,ARIMA,179.47,141.81,5.08,2024-08-01T00:00:00+00:00
56,3,2025-09-01,2683.98,2423.75,2944.21,ARIMA,179.47,141.81,5.08,2024-08-01T00:00:00+00:00
56,3,2025-10-01,2674.32,2405.11,2943.53,ARIMA,179.47,141.81,5.08,2024-08-01T00:00:00+00:00
56,3,2025-11-01,2664.67,2386.49,2942.85,ARIMA,179.47,141.81,5.08,2024-08-01T00:00:00+00:00
56,3,2025-12-01,2655.02,2367.87,2942.17,ARIMA,179.47,141.81,5.08,2024-08-01T00:00:00+00:00
57,3,2025-01-01,2727.72,2412.62,3042.82,ExponentialSmoothing,300.1,229.54,9.12,2024-08-01T00:00:00+00:00
57,3,2025-02-01,2729.02,2398.91,3059.13,ExponentialSmoothing,300.1,229.54,9.12,2024-08-01T00:00:00+00:00
57,3,2025-03-01,2730.32,2385.21,3075.43,ExponentialSmoothing,300.1,229.54,9.12,2024-08-01T00:00:00+00:00
57,3,2025-04-01,2731.62,2371.5,3091.74,ExponentialSmoothing,300.1,229.54,9.12,2024-08-01T00:00:00+00:00
57,3,2025-05-01,2732.93,2357.81,3108.05,ExponentialSmoothing,300.1,229.54,9.12,2024-08-01T00:00:00+00:00
57,3,2025-06-01,2734.23,2344.1,3124.36,ExponentialSmoothing,300.1,229.54,9.12,2024-08-01T00:00:00+00:00
57,3,2025-07-01,2735.53,2330.4,3140.66,ExponentialSmoothing,300.1,229.54,9.12,2024-08-01T00:00:00+00:00
57,3,2025-08-01,2736.83,2316.69,3156.97,ExponentialSmoothing,300.1,229.54,9.12,2024-08-01T00:00:00+00:00
57,3,2025-09-01,2738.13,2302.99,3173.27,ExponentialSmoothing,300.1,229.54,9.12,2024-08-01T00:00:00+00:00
57,3,2025-10-01,2739.43,2289.28,3189.58,ExponentialSmoothing,300.1,229.54,9.12,2024-08-01T00:00:00+00:00
57,3,2025-11-01,2740.74,2275.59,3205.89,ExponentialSmoothing,300.1,229.54,9.12,2024-08-01T00:00:00+00:00
57,3,2025-12-01,2742.04,2261.88,3222.2,ExponentialSmoothing,300.1,229.54,9.12,2024-08-01T00:00:00+00:00
58,3,2025-01-01,2947.26,2598.45,3296.07,ARIMA,332.2,279.19,9.97,2024-08-01T00:00:00+00:00
58,3,2025-02-01,2962.11,2596.69,3327.53,ARIMA,332.2,279.19,9.97,2024-08-01T00:00:00+00:00
58,3,2025-03-01,2976.95,2594.92,3358.98,ARIMA,332.2,279.19,9.97,2024-08-01T00:00:00+00:00
58,3,2025-04-01,2991.79,2593.15,3390.43,ARIMA,332.2,279.19,9.97,2024-08-01T00:00:00+00:00
58,3,2025-05-01,3006.64,2591.39,3421.89,ARIMA,332.2,279.19,9.97,2024-08-01T00:00:00+00:00
58,3,2025-06-01,3021.48,2589.62,3453.34,ARIMA,332.2,279.19,9.97,2024-08-01T00:00:00+00:00
58,3,2025-07-01,3036.33,2587.86,3484.8,ARIMA,332.2,279.19,9.97,2024-08-01T00:00:00+00:00
58,3,2025-08-01,3051.17,2586.09,3516.25,ARIMA,332.2,279.19,9.97,2024-08-01T00:00:00+00:00
58,3,2025-09-01,3066.01,2584.32,3547.7,ARIMA,332.2,279.19,9.97,2024-08-01T00:00:00+00:00
58,3,2025-10-01,3080.86,2582.56,3579.16,ARIMA,332.2,279.19,9.97,2024-08-01T00:00:00+00:00
58,3,2025-11-01,3095.7,2580.79,3610.61,ARIMA,332.2,279.19,9.97,2024-08-01T00:00:00+00:00
58,3,2025-12-01,3110.55,2579.03,3642.07,ARIMA,332.2,279.19,9.97,2024-08-01T00:00:00+00:00
59,3,2025-01-01,2779.27,2441.74,3116.8,ARIMA,321.46,275.66,9.79,2024-08-01T00:00:00+00:00
59,3,2025-02-01,2765.58,2411.98,3119.18,ARIMA,321.46,275.66,9.79,2024-08-01T00:00:00+00:00
59,3,2025-03-01,2751.9,2382.22,3121.58,ARIMA,321.46,275.66,9.79,2024-08-01T00:00:00+00:00
59,3,2025-04-01,2738.22,2352.47,3123.97,ARIMA,321.46,275.66,9.79,2024-08-01T00:00:00+00:00
59,3,2025-05-01,2724.53,2322.71,3126.35,ARIMA,321.46,275.66,9.79,2024-08-01T00:00:00+00:00
59,3,2025-06-01,2710.85,2292.96,3128.74,ARIMA,321.46,275.66,9.79,2024-08-01T00:00:00+00:00
59,3,2025-07-01,2697.16,2263.19,3131.13,ARIMA,321.46,275.66,9.79,2024-08-01T00:00:00+00:00
59,3,2025-08-01,2683.48,2233.44,3133.52,ARIMA,321.46,275.66,9.79,2024-08-01T00:00:00+00:00
59,3,2025-09-01,2669.79,2203.68,3135.9,ARIMA,321.46,275.66,9.79,2024-08-01T00:00:00+00:00
59,3,2025-10-01,2656.11,2173.92,3138.3,ARIMA,321.46,275.66,9.79,2024-08-01T00:00:00+00:00
59,3,2025-11-01,2642.42,2144.16,3140.68,ARIMA,321.46,275.66,9.79,2024-08-01T00:00:00+00:00
59,3,2025-12-01,2628.74,2114.41,3143.07,ARIMA,321.46,275.66,9.79,2024-08-01T00:00:00+00:00
60,3,2025-01-01,2721.22,2413.66,3028.78,ARIMA,292.92,238.17,9.32,2024-08-01T00:00:00+00:00
60,3,2025-02-01,2734.13,2411.92,3056.34,ARIMA,292.92,238.17,9.32,2024-08-01T00:00:00+00:00
60,3,2025-03-01,2747.04,2410.18,3083.9,ARIMA,292.92,238.17,9.32,2024-08-01T00:00:00+00:00
60,3,2025-04-01,2759.95,2408.45,3111.45,ARIMA,292.92,238.17,9.32,2024-08-01T00:00:00+00:00
60,3,2025-05-01,2772.87,2406.72,3139.02,ARIMA,292.92,238.17,9.32,2024-08-01T00:00:00+00:00
60,3,2025-06-01,2785.78,2404.99,3166.57,ARIMA,292.92,238.17,9.32,2024-08-01T00:00:00+00:00
60,3,2025-07-01,2798.69,2403.25,3194.13,ARIMA,292.92,238.17,9.32,2024-08-01T00:00:00+00:00
60,3,2025-08-01,2811.6,2401.51,3221.69,ARIMA,292.92,238.17,9.32,2024-08-01T00:00:00+00:00
60,3,2025-09-01,2824.52,2399.79,3249.25,ARIMA,292.92,238.17,9.32,2024-08-01T00:00:00+00:00
60,3,2025-10-01,2837.43,2398.05,3276.81,ARIMA,292.92,238.17,9.32,2024-08-01T00:00:00+00:00
60,3,2025-11-01,2850.34,2396.32,3304.36,ARIMA,292.92,238.17,9.32,2024-08-01T00:00:00+00:00
60,3,2025-12-01,2863.25,2394.58,3331.92,ARIMA,292.92,238.17,9.32,2024-08-01T00:00:00+00:00
61,3,2025-01-01,2539.31,2218.64,2859.98,ExponentialSmoothing,305.4,268.36,10.99,2024-08-01T00:00:00+00:00
61,3,2025-02-01,2539.45,2203.51,2875.39,ExponentialSmoothing,305.4,268.36,10.99,2024-08-01T00:00:00+00:00
61,3,2025-03-01,2539.59,2188.38,2890.8,ExponentialSmoothing,305.4,268.36,10.99,2024-08-01T00:00:00+00:00
61,3,2025-04-01,2539.74,2173.26,2906.22,ExponentialSmoothing,305.4,268.36,10.99,2024-08-01T00:00:00+00:00
61,3,2025-05-01,2539.88,2158.13,2921.63,ExponentialSmoothing,305.4,268.36,10.99,2024-08-01T00:00:00+00:00
61,3,2025-06-01,2540.02,2143.0,2937.04,ExponentialSmoothing,305.4,268.36,10.99,2024-08-01T00:00:00+00:00
61,3,2025-07-01,2540.17,2127.88,2952.46,ExponentialSmoothing,305.4,268.36,10.99,2024-08-01T00:00:00+00:00
61,3,2025-08-01,2540.31,2112.75,2967.87,ExponentialSmoothing,305.4,268.36,10.99,2024-08-01T00:00:00+00:00
61,3,2025-09-01,2540.45,2097.62,2983.28,ExponentialSmoothing,305.4,268.36,10.99,2024-08-01T00:00:00+00:00
61,3,2025-10-01,2540.6,2082.5,2998.7,ExponentialSmoothing,305.4,268.36,10.99,2024-08-01T00:00:00+00:00
61,3,2025-11-01,2540.74,2067.37,3014.11,ExponentialSmoothing,305.4,268.36,10.99,2024-08-01T00:00:00+00:00
61,3,2025-12-01,2540.88,2052.24,3029.52,ExponentialSmoothing,305.4,268.36,10.99,2024-08-01T00:00:00+00:00
62,3,2025-01-01,2857.59,2590.41,3124.77,ARIMA,254.45,210.83,7.79,2024-08-01T00:00:00+00:00
62,3,2025-02-01,2869.78,2589.88,3149.68,ARIMA,254.45,210.83,7.79,2024-08-01T00:00:00+00:00
62,3,2025-03-01,2881.98,2589.36,3174.6,ARIMA,254.45,210.83,7.79,2024-08-01T00:00:00+00:00
62,3,2025-04-01,2894.18,2588.84,3199.52,ARIMA,254.45,210.83,7.79,2024-08-01T00:00:00+00:00
62,3,2025-05-01,2906.37,2588.3,3224.44,ARIMA,254.45,210.83,7.79,2024-08-01T00:00:00+00:00
62,3,2025-06-01,2918.57,2587.78,3249.36,ARIMA,254.45,210.83,7.79,2024-08-01T00:00:00+00:00
62,3,2025-07-01,2930.77,2587.26,3274.28,ARIMA,254.45,210.83,7.79,2024-08-01T00:00:00+00:00
62,3,2025-08-01,2942.96,2586.72,3299.2,ARIMA,254.45,210.83,7.79,2024-08-01T00:00:00+00:00
62,3,2025-09-01,2955.16,2586.2,3324.12,ARIMA,254.45,210.83,7.79,2024-08-01T00:00:00+00:00
62,3,2025-10-01,2967.36,2585.68,3349.04,ARIMA,254.45,210.83,7.79,2024-08-01T00:00:00+00:00
62,3,2025-11-01,2979.55,2585.15,3373.95,ARIMA,254.45,210.83,7.79,2024-08-01T00:00:00+00:00
62,3,2025-12-01,2991.75,2584.62,3398.88,ARIMA,254.45,210.83,7.79,2024-08-01T00:00:00+00:00
63,3,2025-01-01,2818.46,2468.52,3168.4,ARIMA,333.27,297.7,11.23,2024-08-01T00:00:00+00:00
63,3,2025-02-01,2833.71,2467.11,3200.31,ARIMA,333.27,297.7,11.23,2024-08-01T00:00:00+00:00
63,3,2025-03-01,2848.97,2465.71,3232.23,ARIMA,333.27,297.7,11.23,2024-08-01T00:00:00+00:00
63,3,2025-04-01,2864.22,2464.29,3264.15,ARIMA,333.27,297.7,11.23,2024-08-01T00:00:00+00:00
63,3,2025-05-01,2879.47,2462.88,3296.06,ARIMA,333.27,297.7,11.23,2024-08-01T00:00:00+00:00
63,3,2025-06-01,2894.73,2461.47,3327.99,ARIMA,333.27,297.7,11.23,2024-08-01T00:00:00+00:00
63,3,2025-07-01,2909.98,2460.06,3359.9,ARIMA,333.27,297.7,11.23,2024-08-01T00:00:00+00:00
63,3,2025-08-01,2925.23,2458.65,3391.81,ARIMA,333.27,297.7,11.23,2024-08-01T00:00:00+00:00
63,3,2025-09-01,2940.49,2457.24,3423.74,ARIMA,333.27,297.7,11.23,2024-08-01T00:00:00+00:00
63,3,2025-10-01,2955.74,2455.83,3455.65,ARIMA,333.27,297.7,11.23,2024-08-01T00:00:00+00:00
63,3,2025-11-01,2970.99,2454.42,3487.56,ARIMA,333.27,297.7,11.23,2024-08-01T00:00:00+00:00
63,3,2025-12-01,2986.25,2453.01,3519.49,ARIMA,333.27,297.7,11.23,2024-08-01T00:00:00+00:00
64,3,2025-01-01,2599.38,2211.28,2987.48,ARIMA,369.62,288.97,11.46,2024-08-01T00:00:00+00:00
64,3,2025-02-01,2586.0,2179.41,2992.59,ARIMA,369.62,288.97,11.46,2024-08-01T00:00:00+00:00
64,3,2025-03-01,2572.63,2147.56,2997.7,ARIMA,369.62,288.97,11.46,2024-08-01T00:00:00+00:00
64,3,2025-04-01,2559.26,2115.71,3002.81,ARIMA,369.62,288.97,11.46,2024-08-01T00:00:00+00:00
64,3,2025-05-01,2545.89,2083.86,3007.92,ARIMA,369.62,288.97,11.46,2024-08-01T00:00:00+00:00
64,3,2025-06-01,2532.51,2052.0,3013.02,ARIMA,369.62,288.97,11.46,2024-08-01T00:00:00+00:00
64,3,2025-07-01,2519.14,2020.15,3018.13,ARIMA,369.62,288.97,11.46,2024-08-01T00:00:00+00:00
64,3,2025-08-01,2505.77,1988.3,3023.24,ARIMA,369.62,288.97,11.46,2024-08-01T00:00:00+00:00
64,3,2025-09-01,2492.4,1956.45,3028.35,ARIMA,369.62,288.97,11.46,2024-08-01T00:00:00+00:00
64,3,2025-10-01,2479.02,1924.58,3033.46,ARIMA,369.62,288.97,11.46,2024-08-01T00:00:00+00:00
64,3,2025-11-01,2465.65,1892.73,3038.57,ARIMA,369.62,288.97,11.46,2024-08-01T00:00:00+00:00
64,3,2025-12-01,2452.28,1860.88,3043.68,ARIMA,369.62,288.97,11.46,2024-08-01T00:00:00+00:00
65,3,2025-01-01,2684.12,2267.45,3100.79,ARIMA,396.83,332.91,13.92,2024-08-01T00:00:00+00:00
65,3,2025-02-01,2670.56,2234.04,3107.08,ARIMA,396.83,332.91,13.92,2024-08-01T00:00:00+00:00
65,3,2025-03-01,2657.0,2200.64,3113.36,ARIMA,396.83,332.91,13.92,2024-08-01T00:00:00+00:00
65,3,2025-04-01,2643.44,2167.24,3119.64,ARIMA,396.83,332.91,13.92,2024-08-01T00:00:00+00:00
65,3,2025-05-01,2629.88,2133.84,3125.92,ARIMA,396.83,332.91,13.92,2024-08-01T00:00:00+00:00
65,3,2025-06-01,2616.33,2100.45,3132.21,ARIMA,396.83,332.91,13.92,2024-08-01T00:00:00+00:00
65,3,2025-07-01,2602.77,2067.05,3138.49,ARIMA,396.83,332.91,13.92,2024-08-01T00:00:00+00:00
65,3,2025-08-01,2589.21,2033.65,3144.77,ARIMA,396.83,332.91,13.92,2024-08-01T00:00:00+00:00
65,3,2025-09-01,2575.65,2000.24,3151.06,ARIMA,396.83,332.91,13.92,2024-08-01T00:00:00+00:00
65,3,2025-10-01,2562.09,1966.84,3157.34,ARIMA,396.83,332.91,13.92,2024-08-01T00:00:00+00:00
65,3,2025-11-01,2548.53,1933.44,3163.62,ARIMA,396.83,332.91,13.92,2024-08-01T00:00:00+00:00
65,3,2025-12-01,2534.97,1900.04,3169.9,ARIMA,396.83,332.91,13.92,2024-08-01T00:00:00+00:00
66,3,2025-01-01,2579.75,2310.47,2849.03,ARIMA,256.45,184.11,7.41,2024-08-01T00:00:00+00:00
66,3,2025-02-01,2575.5,2293.4,2857.6,ARIMA,256.45,184.11,7.41,2024-08-01T00:00:00+00:00
66,3,2025-03-01,2571.25,2276.33,2866.17,ARIMA,256.45,184.11,7.41,2024-08-01T00:00:00+00:00
66,3,2025-04-01,2567.0,2259.26,2874.74,ARIMA,256.45,184.11,7.41,2024-08-01T00:00:00+00:00
66,3,2025-05-01,2562.75,2242.18,2883.32,ARIMA,256.45,184.11,7.41,2024-08-01T00:00:00+00:00
66,3,2025-06-01,2558.5,2225.11,2891.89,ARIMA,256.45,184.11,7.41,2024-08-01T00:00:00+00:00
66,3,2025-07-01,2554.25,2208.04,2900.46,ARIMA,256.45,184.11,7.41,2024-08-01T00:00:00+00:00
66,3,2025-08-01,2550.0,2190.96,2909.04,ARIMA,256.45,184.11,7.41,2024-08-01T00:00:00+00:00
66,3,2025-09-01,2545.75,2173.89,2917.61,ARIMA,256.45,184.11,7.41,2024-08-01T00:00:00+00:00
66,3,2025-10-01,2541.49,2156.81,2926.17,ARIMA,256.45,184.11,7.41,2024-08-01T00:00:00+00:00
66,3,2025-11-01,2537.24,2139.74,2934.74,ARIMA,256.45,184.11,7.41,2024-08-01T00:00:00+00:00
66,3,2025-12-01,2532.99,2122.66,2943.32,ARIMA,256.45,184.11,7.41,2024-08-01T00:00:00+00:00
67,3,2025-01-01,2692.28,2414.97,2969.59,ExponentialSmoothing,264.1,215.11,7.86,2024-08-01T00:00:00+00:00
67,3,2025-02-01,2688.41,2397.9,2978.92,ExponentialSmoothing,264.1,215.11,7.86,2024-08-01T00:00:00+00:00
67,3,2025-03-01,2684.55,2380.83,2988.27,ExponentialSmoothing,264.1,215.11,7.86,2024-08-01T00:00:00+00:00
67,3,2025-04-01,2680.69,2363.77,2997.61,ExponentialSmoothing,264.1,215.11,7.86,2024-08-01T00:00:00+00:00
67,3,2025-05-01,2676.82,2346.69,3006.95,ExponentialSmoothing,264.1,215.11,7.86,2024-08-01T00:00:00+00:00
67,3,2025-06-01,2672.96,2329.63,3016.29,ExponentialSmoothing,264.1,215.11,7.86,2024-08-01T00:00:00+00:00
67,3,2025-07-01,2669.1,2312.56,3025.64,ExponentialSmoothing,264.1,215.11,7.86,2024-08-01T00:00:00+00:00
67,3,2025-08-01,2665.23,2295.49,3034.97,ExponentialSmoothing,264.1,215.11,7.86,2024-08-01T00:00:00+00:00
67,3,2025-09-01,2661.37,2278.42,3044.32,ExponentialSmoothing,264.1,215.11,7.86,2024-08-01T00:00:00+00:00
67,3,2025-10-01,2657.5,2261.35,3053.65,ExponentialSmoothing,264.1,215.11,7.86,2024-08-01T00:00:00+00:00
67,3,2025-11-01,2653.64,2244.28,3063.0,ExponentialSmoothing,264.1,215.11,7.86,2024-08-01T00:00:00+00:00
67,3,2025-12-01,2649.78,2227.22,3072.34,ExponentialSmoothing,264.1,215.11,7.86,2024-08-01T00:00:00+00:00
68,3,2025-01-01,3144.18,2753.86,3534.5,ARIMA,371.73,298.58,9.88,2024-08-01T00:00:00+00:00
68,3,2025-02-01,3139.35,2730.44,3548.26,ARIMA,371.73,298.58,9.88,2024-08-01T00:00:00+00:00
68,3,2025-03-01,3134.52,2707.03,3562.01,ARIMA,371.73,298.58,9.88,2024-08-01T00:00:00+00:00
68,3,2025-04-01,3129.69,2683.61,3575.77,ARIMA,371.73,298.58,9.88,2024-08-01T00:00:00+00:00
68,3,2025-05-01,3124.86,2660.19,3589.53,ARIMA,371.73,298.58,9.88,2024-08-01T00:00:00+00:00
68,3,2025-06-01,3120.03,2636.77,3603.29,ARIMA,371.73,298.58,9.88,2024-08-01T00:00:00+00:00
68,3,2025-07-01,3115.2,2613.36,3617.04,ARIMA,371.73,298.58,9.88,2024-08-01T00:00:00+00:00
68,3,2025-08-01,3110.37,2589.94,3630.8,ARIMA,371.73,298.58,9.88,2024-08-01T00:00:00+00:00
68,3,2025-09-01,3105.54,2566.52,3644.56,ARIMA,371.73,298.58,9.88,2024-08-01T00:00:00+00:00
68,3,2025-10-01,3100.71,2543.11,3658.31,ARIMA,371.73,298.58,9.88,2024-08-01T00:00:00+00:00
68,3,2025-11-01,3095.88,2519.69,3672.07,ARIMA,371.73,298.58,9.88,2024-08-01T00:00:00+00:00
68,3,2025-12-01,3091.05,2496.27,3685.83,ARIMA,371.73,298.58,9.88,2024-08-01T00:00:00+00:00
69,3,2025-01-01,2527.11,2186.66,2867.56,ExponentialSmoothing,324.24,276.63,11.25,2024-08-01T00:00:00+00:00
69,3,2025-02-01,2530.71,2174.05,2887.37,ExponentialSmoothing,324.24,276.63,11.25,2024-08-01T00:00:00+00:00
69,3,2025-03-01,2534.32,2161.45,2907.19,ExponentialSmoothing,324.24,276.63,11.25,2024-08-01T00:00:00+00:00
69,3,2025-04-01,2537.92,2148.84,2927.0,ExponentialSmoothing,324.24,276.63,11.25,2024-08-01T00:00:00+00:00
69,3,2025-05-01,2541.53,2136.23,2946.83,ExponentialSmoothing,324.24,276.63,11.25,2024-08-01T00:00:00+00:00
69,3,2025-06-01,2545.13,2123.62,2966.64,ExponentialSmoothing,324.24,276.63,11.25,2024-08-01T00:00:00+00:00
69,3,2025-07-01,2548.74,2111.02,2986.46,ExponentialSmoothing,324.24,276.63,11.25,2024-08-01T00:00:00+00:00
69,3,2025-08-01,2552.34,2098.41,3006.27,ExponentialSmoothing,324.24,276.63,11.25,2024-08-01T00:00:00+00:00
69,3,2025-09-01,2555.94,2085.8,3026.08,ExponentialSmoothing,324.24,276.63,11.25,2024-08-01T00:00:00+00:00
69,3,2025-10-01,2559.55,2073.19,3045.91,ExponentialSmoothing,324.24,276.63,11.25,2024-08-01T00:00:00+00:00
69,3,2025-11-01,2563.15,2060.58,3065.72,ExponentialSmoothing,324.24,276.63,11.25,2024-08-01T00:00:00+00:00
69,3,2025-12-01,2566.76,2047.98,3085.54,ExponentialSmoothing,324.24,276.63,11.25,2024-08-01T00:00:00+00:00
70,3,2025-01-01,2875.4,2477.5,3273.3,ARIMA,378.95,303.29,10.86,2024-08-01T00:00:00+00:00
70,3,2025-02-01,2860.36,2443.52,3277.2,ARIMA,378.95,303.29,10.86,2024-08-01T00:00:00+00:00
70,3,2025-03-01,2845.33,2409.54,3281.12,ARIMA,378.95,303.29,10.86,2024-08-01T00:00:00+00:00
70,3,2025-04-01,2830.29,2375.55,3285.03,ARIMA,378.95,303.29,10.86,2024-08-01T00:00:00+00:00
70,3,2025-05-01,2815.25,2341.56,3288.94,ARIMA,378.95,303.29,10.86,2024-08-01T00:00:00+00:00
70,3,2025-06-01,2800.22,2307.59,3292.85,ARIMA,378.95,303.29,10.86,2024-08-01T00:00:00+00:00
70,3,2025-07-01,2785.18,2273.6,3296.76,ARIMA,378.95,303.29,10.86,2024-08-01T00:00:00+00:00
70,3,2025-08-01,2770.14,2239.61,3300.67,ARIMA,378.95,303.29,10.86,2024-08-01T00:00:00+00:00
70,3,2025-09-01,2755.1,2205.62,3304.58,ARIMA,378.95,303.29,10.86,2024-08-01T00:00:00+00:00
70,3,2025-10-01,2740.07,2171.65,3308.49,ARIMA,378.95,303.29,10.86,2024-08-01T00:00:00+00:00
70,3,2025-11-01,2725.03,2137.66,3312.4,ARIMA,378.95,303.29,10.86,2024-08-01T00:00:00+00:00
70,3,2025-12-01,2709.99,2103.67,3316.31,ARIMA,378.95,303.29,10.86,2024-08-01T00:00:00+00:00
71,3,2025-01-01,2911.43,2456.8,3366.06,ARIMA,432.98,345.3,11.83,2024-08-01T00:00:00+00:00
71,3,2025-02-01,2922.56,2446.28,3398.84,ARIMA,432.98,345.3,11.83,2024-08-01T00:00:00+00:00
71,3,2025-03-01,2933.68,2435.75,3431.61,ARIMA,432.98,345.3,11.83,2024-08-01T00:00:00+00:00
71,3,2025-04-01,2944.81,2425.24,3464.38,ARIMA,432.98,345.3,11.83,2024-08-01T00:00:00+00:00
71,3,2025-05-01,2955.94,2414.72,3497.16,ARIMA,432.98,345.3,11.83,2024-08-01T00:00:00+00:00
71,3,2025-06-01,2967.06,2404.19,3529.93,ARIMA,432.98,345.3,11.83,2024-08-01T00:00:00+00:00
71,3,2025-07-01,2978.19,2393.67,3562.71,ARIMA,432.98,345.3,11.83,2024-08-01T00:00:00+00:00
71,3,2025-08-01,2989.32,2383.15,3595.49,ARIMA,432.98,345.3,11.83,2024-08-01T00:00:00+00:00
71,3,2025-09-01,3000.44,2372.62,3628.26,ARIMA,432.98,345.3,11.83,2024-08-01T00:00:00+00:00
71,3,2025-10-01,3011.57,2362.1,3661.04,ARIMA,432.98,345.3,11.83,2024-08-01T00:00:00+00:00
71,3,2025-11-01,3022.7,2351.58,3693.82,ARIMA,432.98,345.3,11.83,2024-08-01T00:00:00+00:00
71,3,2025-12-01,3033.82,2341.05,3726.59,ARIMA,432.98,345.3,11.83,2024-08-01T00:00:00+00:00
72,3,2025-01-01,2942.64,2551.88,3333.4,ARIMA,372.16,320.98,11.45,2024-08-01T00:00:00+00:00
72,3,2025-02-01,2918.01,2508.64,3327.38,ARIMA,372.16,320.98,11.45,2024-08-01T00:00:00+00:00
72,3,2025-03-01,2893.38,2465.4,3321.36,ARIMA,372.16,320.98,11.45,2024-08-01T00:00:00+00:00
72,3,2025-04-01,2868.75,2422.16,3315.34,ARIMA,372.16,320.98,11.45,2024-08-01T00:00:00+00:00
72,3,2025-05-01,2844.12,2378.93,3309.31,ARIMA,372.16,320.98,11.45,2024-08-01T00:00:00+00:00
72,3,2025-06-01,2819.49,2335.69,3303.29,ARIMA,372.16,320.98,11.45,2024-08-01T00:00:00+00:00
72,3,2025-07-01,2794.86,2292.45,3297.27,ARIMA,372.16,320.98,11.45,2024-08-01T00:00:00+00:00
72,3,2025-08-01,2770.23,2249.21,3291.25,ARIMA,372.16,320.98,11.45,2024-08-01T00:00:00+00:00
72,3,2025-09-01,2745.6,2205.97,3285.23,ARIMA,372.16,320.98,11.45,2024-08-01T00:00:00+00:00
72,3,2025-10-01,2720.97,2162.74,3279.2,ARIMA,372.16,320.98,11.45,2024-08-01T00:00:00+00:00
72,3,2025-11-01,2696.34,2119.5,3273.18,ARIMA,372.16,320.98,11.45,2024-08-01T00:00:00+00:00
72,3,2025-12-01,2671.7,2076.25,3267.15,ARIMA,372.16,320.98,11.45,2024-08-01T00:00:00+00:00
73,3,2025-01-01,2927.9,2619.29,3236.51,ARIMA,293.92,253.53,8.79,2024-08-01T00:00:00+00:00
73,3,2025-02-01,2934.41,2611.1,3257.72,ARIMA,293.92,253.53,8.79,2024-08-01T00:00:00+00:00
73,3,2025-03-01,2940.92,2602.91,3278.93,ARIMA,293.92,253.53,8.79,2024-08-01T00:00:00+00:00
73,3,2025-04-01,2947.43,2594.73,3300.13,ARIMA,293.92,253.53,8.79,2024-08-01T00:00:00+00:00
73,3,2025-05-01,2953.95,2586.55,3321.35,ARIMA,293.92,253.53,8.79,2024-08-01T00:00:00+00:00
73,3,2025-06-01,2960.46,2578.37,3342.55,ARIMA,293.92,253.53,8.79,2024-08-01T00:00:00+00:00
73,3,2025-07-01,2966.97,2570.18,3363.76,ARIMA,293.92,253.53,8.79,2024-08-01T00:00:00+00:00
73,3,2025-08-01,2973.48,2561.99,3384.97,ARIMA,293.92,253.53,8.79,2024-08-01T00:00:00+00:00
73,3,2025-09-01,2979.99,2553.81,3406.17,ARIMA,293.92,253.53,8.79,2024-08-01T00:00:00+00:00
73,3,2025-10-01,2986.5,2545.62,3427.38,ARIMA,293.92,253.53,8.79,2024-08-01T00:00:00+00:00
73,3,2025-11-01,2993.02,2537.45,3448.59,ARIMA,293.92,253.53,8.79,2024-08-01T00:00:00+00:00
73,3,2025-12-01,2999.53,2529.26,3469.8,ARIMA,293.92,253.53,8.79,2024-08-01T00:00:00+00:00
74,3,2025-01-01,2733.07,2467.52,2998.62,ARIMA,252.91,228.25,8.7,2024-08-01T00:00:00+00:00
74,3,2025-02-01,2744.46,2466.26,3022.66,ARIMA,252.91,228.25,8.7,2024-08-01T00:00:00+00:00
74,3,2025-03-01,2755.84,2465.0,3046.68,ARIMA,252.91,228.25,8.7,2024-08-01T00:00:00+00:00
74,3,2025-04-01,2767.22,2463.73,3070.71,ARIMA,252.91,228.25,8.7,2024-08-01T00:00:00+00:00
74,3,2025-05-01,2778.61,2462.48,3094.74,ARIMA,252.91,228.25,8.7,2024-08-01T00:00:00+00:00
74,3,2025-06-01,2789.99,2461.21,3118.77,ARIMA,252.91,228.25,8.7,2024-08-01T00:00:00+00:00
74,3,2025-07-01,2801.38,2459.96,3142.8,ARIMA,252.91,228.25,8.7,2024-08-01T00:00:00+00:00
74,3,2025-08-01,2812.76,2458.69,3166.83,ARIMA,252.91,228.25,8.7,2024-08-01T00:00:00+00:00
74,3,2025-09-01,2824.15,2457.44,3190.86,ARIMA,252.91,228.25,8.7,2024-08-01T00:00:00+00:00
74,3,2025-10-01,2835.53,2456.17,3214.89,ARIMA,252.91,228.25,8.7,2024-08-01T00:00:00+00:00
74,3,2025-11-01,2846.91,2454.9,3238.92,ARIMA,252.91,228.25,8.7,2024-08-01T00:00:00+00:00
74,3,2025-12-01,2858.3,2453.65,3262.95,ARIMA,252.91,228.25,8.7,2024-08-01T00:00:00+00:00
75,3,2025-01-01,2799.45,2536.39,3062.51,ARIMA,250.53,212.14,8.3,2024-08-01T00:00:00+00:00
75,3,2025-02-01,2823.54,2547.95,3099.13,ARIMA,250.53,212.14,8.3,2024-08-01T00:00:00+00:00
75,3,2025-03-01,2847.62,2559.51,3135.73,ARIMA,250.53,212.14,8.3,2024-08-01T00:00:00+00:00
75,3,2025-04-01,2871.7,2571.06,3172.34,ARIMA,250.53,212.14,8.3,2024-08-01T00:00:00+00:00
75,3,2025-05-01,2895.79,2582.62,3208.96,ARIMA,250.53,212.14,8.3,2024-08-01T00:00:00+00:00
75,3,2025-06-01,2919.87,2594.18,3245.56,ARIMA,250.53,212.14,8.3,2024-08-01T00:00:00+00:00
75,3,2025-07-01,2943.95,2605.73,3282.17,ARIMA,250.53,212.14,8.3,2024-08-01T00:00:00+00:00
75,3,2025-08-01,2968.04,2617.29,3318.79,ARIMA,250.53,212.14,8.3,2024-08-01T00:00:00+00:00
75,3,2025-09-01,2992.12,2628.85,3355.39,ARIMA,250.53,212.14,8.3,2024-08-01T00:00:00+00:00
75,3,2025-10-01,3016.21,2640.41,3392.01,ARIMA,250.53,212.14,8.3,2024-08-01T00:00:00+00:00
75,3,2025-11-01,3040.29,2651.96,3428.62,ARIMA,250.53,212.14,8.3,2024-08-01T00:00:00+00:00
75,3,2025-12-01,3064.37,2663.52,3465.22,ARIMA,250.53,212.14,8.3,2024-08-01T00:00:00+00:00
76,3,2025-01-01,2816.62,2400.12,3233.12,ExponentialSmoothing,396.67,312.97,12.26,2024-08-01T00:00:00+00:00
76,3,2025-02-01,2816.11,2379.78,3252.44,ExponentialSmoothing,396.67,312.97,12.26,2024-08-01T00:00:00+00:00
76,3,2025-03-01,2815.59,2359.42,3271.76,ExponentialSmoothing,396.67,312.97,12.26,2024-08-01T00:00:00+00:00
76,3,2025-04-01,2815.08,2339.08,3291.08,ExponentialSmoothing,396.67,312.97,12.26,2024-08-01T00:00:00+00:00
76,3,2025-05-01,2814.57,2318.74,3310.4,ExponentialSmoothing,396.67,312.97,12.26,2024-08-01T00:00:00+00:00
76,3,2025-06-01,2814.05,2298.38,3329.72,ExponentialSmoothing,396.67,312.97,12.26,2024-08-01T00:00:00+00:00
76,3,2025-07-01,2813.54,2278.04,3349.04,ExponentialSmoothing,396.67,312.97,12.26,2024-08-01T00:00:00+00:00
76,3,2025-08-01,2813.02,2257.69,3368.35,ExponentialSmoothing,396.67,312.97,12.26,2024-08-01T00:00:00+00:00
76,3,2025-09-01,2812.51,2237.34,3387.68,ExponentialSmoothing,396.67,312.97,12.26,2024-08-01T00:00:00+00:00
76,3,2025-10-01,2812.0,2217.0,3407.0,ExponentialSmoothing,396.67,312.97,12.26,2024-08-01T00:00:00+00:00
76,3,2025-11-01,2811.48,2196.65,3426.31,ExponentialSmoothing,396.67,312.97,12.26,2024-08-01T00:00:00+00:00
76,3,2025-12-01,2810.97,2176.3,3445.64,ExponentialSmoothing,396.67,312.97,12.26,2024-08-01T00:00:00+00:00
77,3,2025-01-01,2659.88,2253.23,3066.53,ARIMA,387.28,329.54,12.28,2024-08-01T00:00:00+00:00
77,3,2025-02-01,2654.76,2228.75,3080.77,ARIMA,387.28,329.54,12.28,2024-08-01T00:00:00+00:00
77,3,2025-03-01,2649.64,2204.26,3095.02,ARIMA,387.28,329.54,12.28,2024-08-01T00:00:00+00:00
77,3,2025-04-01,2644.51,2179.77,3109.25,ARIMA,387.28,329.54,12.28,2024-08-01T00:00:00+00:00
77,3,2025-05-01,2639.39,2155.28,3123.5,ARIMA,387.28,329.54,12.28,2024-08-01T00:00:00+00:00
77,3,2025-06-01,2634.27,2130.8,3137.74,ARIMA,387.28,329.54,12.28,2024-08-01T00:00:00+00:00
77,3,2025-07-01,2629.14,2106.31,3151.97,ARIMA,387.28,329.54,12.28,2024-08-01T00:00:00+00:00
77,3,2025-08-01,2624.02,2081.82,3166.22,ARIMA,387.28,329.54,12.28,2024-08-01T00:00:00+00:00
77,3,2025-09-01,2618.9,2057.34,3180.46,ARIMA,387.28,329.54,12.28,2024-08-01T00:00:00+00:00
77,3,2025-10-01,2613.77,2032.84,3194.7,ARIMA,387.28,329.54,12.28,2024-08-01T00:00:00+00:00
77,3,2025-11-01,2608.65,2008.36,3208.94,ARIMA,387.28,329.54,12.28,2024-08-01T00:00:00+00:00
77,3,2025-12-01,2603.53,1983.87,3223.19,ARIMA,387.28,329.54,12.28,2024-08-01T00:00:00+00:00
1,8,2025-01-01,12755.31,10207.94,15302.68,ARIMA,2426.07,2075.53,17.11,2024-08-01T00:00:00+00:00
1,8,2025-02-01,12630.64,9961.96,15299.32,ARIMA,2426.07,2075.53,17.11,2024-08-01T00:00:00+00:00
1,8,2025-03-01,12505.98,9716.0,15295.96,ARIMA,2426.07,2075.53,17.11,2024-08-01T00:00:00+00:00
1,8,2025-04-01,12381.31,9470.03,15292.59,ARIMA,2426.07,2075.53,17.11,2024-08-01T00:00:00+00:00
1,8,2025-05-01,12256.64,9224.05,15289.23,ARIMA,2426.07,2075.53,17.11,2024-08-01T00:00:00+00:00
1,8,2025-06-01,12131.97,8978.08,15285.86,ARIMA,2426.07,2075.53,17.11,2024-08-01T00:00:00+00:00
1,8,2025-07-01,12007.31,8732.12,15282.5,ARIMA,2426.07,2075.53,17.11,2024-08-01T00:00:00+00:00
1,8,2025-08-01,11882.64,8486.14,15279.14,ARIMA,2426.07,2075.53,17.11,2024-08-01T00:00:00+00:00
1,8,2025-09-01,11757.97,8240.17,15275.77,ARIMA,2426.07,2075.53,17.11,2024-08-01T00:00:00+00:00
1,8,2025-10-01,11633.3,7994.2,15272.4,ARIMA,2426.07,2075.53,17.11,2024-08-01T00:00:00+00:00
1,8,2025-11-01,11508.64,7748.23,15269.05,ARIMA,2426.07,2075.53,17.11,2024-08-01T00:00:00+00:00
1,8,2025-12-01,11383.97,7502.26,15265.68,ARIMA,2426.07,2075.53,17.11,2024-08-01T00:00:00+00:00
2,8,2025-01-01,12705.63,10962.51,14448.75,ARIMA,1660.11,1134.58,10.31,2024-08-01T00:00:00+00:00
2,8,2025-02-01,12592.12,10766.0,14418.24,ARIMA,1660.11,1134.58,10.31,2024-08-01T00:00:00+00:00
2,8,2025-03-01,12478.61,10569.48,14387.74,ARIMA,1660.11,1134.58,10.31,2024-08-01T00:00:00+00:00
2,8,2025-04-01,12365.11,10372.98,14357.24,ARIMA,1660.11,1134.58,10.31,2024-08-01T00:00:00+00:00
2,8,2025-05-01,12251.6,10176.46,14326.74,ARIMA,1660.11,1134.58,10.31,2024-08-01T00:00:00+00:00
2,8,2025-06-01,12138.09,9979.94,14296.24,ARIMA,1660.11,1134.58,10.31,2024-08-01T00:00:00+00:00
2,8,2025-07-01,12024.59,9783.44,14265.74,ARIMA,1660.11,1134.58,10.31,2024-08-01T00:00:00+00:00
2,8,2025-08-01,11911.08,9586.92,14235.24,ARIMA,1660.11,1134.58,10.31,2024-08-01T00:00:00+00:00
2,8,2025-09-01,11797.58,9390.42,14204.74,ARIMA,1660.11,1134.58,10.31,2024-08-01T00:00:00+00:00
2,8,2025-10-01,11684.07,9193.9,14174.24,ARIMA,1660.11,1134.58,10.31,2024-08-01T00:00:00+00:00
2,8,2025-11-01,11570.56,8997.39,14143.73,ARIMA,1660.11,1134.58,10.31,2024-08-01T00:00:00+00:00
2,8,2025-12-01,11457.06,8800.88,14113.24,ARIMA,1660.11,1134.58,10.31,2024-08-01T00:00:00+00:00
3,8,2025-01-01,13565.64,11138.76,15992.52,ARIMA,2311.31,1544.97,11.56,2024-08-01T00:00:00+00:00
3,8,2025-02-01,13524.22,10981.78,16066.66,ARIMA,2311.31,1544.97,11.56,2024-08-01T00:00:00+00:00
3,8,2025-03-01,13482.79,10824.78,16140.8,ARIMA,2311.31,1544.97,11.56,2024-08-01T00:00:00+00:00
3,8,2025-04-01,13441.37,10667.79,16214.95,ARIMA,2311.31,1544.97,11.56,2024-08-01T00:00:00+00:00
3,8,2025-05-01,13399.94,10510.8,16289.08,ARIMA,2311.31,1544.97,11.56,2024-08-01T00:00:00+00:00
3,8,2025-06-01,13358.52,10353.81,16363.23,ARIMA,2311.31,1544.97,11.56,2024-08-01T00:00:00+00:00
3,8,2025-07-01,13317.09,10196.82,16437.36,ARIMA,2311.31,1544.97,11.56,2024-08-01T00:00:00+00:00
3,8,2025-08-01,13275.67,10039.83,16511.51,ARIMA,2311.31,1544.97,11.56,2024-08-01T00:00:00+00:00
3,8,2025-09-01,13234.24,9882.84,16585.64,ARIMA,2311.31,1544.97,11.56,2024-08-01T00:00:00+00:00
3,8,2025-10-01,13192.82,9725.85,16659.79,ARIMA,2311.31,1544.97,11.56,2024-08-01T00:00:00+00:00
3,8,2025-11-01,13151.39,9568.85,16733.93,ARIMA,2311.31,1544.97,11.56,2024-08-01T00:00:00+00:00
3,8,2025-12-01,13109.97,9411.87,16808.07,ARIMA,2311.31,1544.97,11.56,2024-08-01T00:00:00+00:00
4,8,2025-01-01,13631.36,11191.32,16071.4,ARIMA,2323.85,1949.57,15.74,2024-08-01T00:00:00+00:00
4,8,2025-02-01,13575.56,11019.33,16131.79,ARIMA,2323.85,1949.57,15.74,2024-08-01T00:00:00+00:00
4,8,2025-03-01,13519.77,10847.34,16192.2,ARIMA,2323.85,1949.57,15.74,2024-08-01T00:00:00+00:00
4,8,2025-04-01,13463.98,10675.36,16252.6,ARIMA,2323.85,1949.57,15.74,2024-08-01T00:00:00+00:00
4,8,2025-05-01,13408.18,10503.37,16312.99,ARIMA,2323.85,1949.57,15.74,2024-08-01T00:00:00+00:00
4,8,2025-06-01,13352.39,10331.39,16373.39,ARIMA,2323.85,1949.57,15.74,2024-08-01T00:00:00+00:00
4,8,2025-07-01,13296.6,10159.41,16433.79,ARIMA,2323.85,1949.57,15.74,2024-08-01T00:00:00+00:00
4,8,2025-08-01,13240.81,9987.42,16494.2,ARIMA,2323.85,1949.57,15.74,2024-08-01T00:00:00+00:00
4,8,2025-09-01,13185.01,9815.43,16554.59,ARIMA,2323.85,1949.57,15.74,2024-08-01T00:00:00+00:00
4,8,2025-10-01,13129.22,9643.45,16614.99,ARIMA,2323.85,1949.57,15.74,2024-08-01T00:00:00+00:00
4,8,2025-11-01,13073.43,9471.47,16675.39,ARIMA,2323.85,1949.57,15.74,2024-08-01T00:00:00+00:00
4,8,2025-12-01,13017.63,9299.47,16735.79,ARIMA,2323.85,1949.57,15.74,2024-08-01T00:00:00+00:00
5,8,2025-01-01,12598.68,9846.93,15350.43,ARIMA,2620.72,2108.81,17.37,2024-08-01T00:00:00+00:00
5,8,2025-02-01,12606.9,9724.11,15489.69,ARIMA,2620.72,2108.81,17.37,2024-08-01T00:00:00+00:00
5,8,2025-03-01,12615.12,9601.3,15628.94,ARIMA,2620.72,2108.81,17.37,2024-08-01T00:00:00+00:00
5,8,2025-04-01,12623.34,9478.48,15768.2,ARIMA,2620.72,2108.81,17.37,2024-08-01T00:00:00+00:00
5,8,2025-05-01,12631.56,9355.67,15907.45,ARIMA,2620.72,2108.81,17.37,2024-08-01T00:00:00+00:00
5,8,2025-06-01,12639.78,9232.85,16046.71,ARIMA,2620.72,2108.81,17.37,2024-08-01T00:00:00+00:00
5,8,2025-07-01,12648.0,9110.03,16185.97,ARIMA,2620.72,2108.81,17.37,2024-08-01T00:00:00+00:00
5,8,2025-08-01,12656.22,8987.22,16325.22,ARIMA,2620.72,2108.81,17.37,2024-08-01T00:00:00+00:00
5,8,2025-09-01,12664.44,8864.4,16464.48,ARIMA,2620.72,2108.81,17.37,2024-08-01T00:00:00+00:00
5,8,2025-10-01,12672.66,8741.59,16603.73,ARIMA,2620.72,2108.81,17.37,2024-08-01T00:00:00+00:00
5,8,2025-11-01,12680.88,8618.77,16742.99,ARIMA,2620.72,2108.81,17.37,2024-08-01T00:00:00+00:00
5,8,2025-12-01,12689.11,8495.97,16882.25,ARIMA,2620.72,2108.81,17.37,2024-08-01T00:00:00+00:00
6,8,2025-01-01,11545.5,8935.91,14155.09,ARIMA,2485.32,2100.08,20.56,2024-08-01T00:00:00+00:00
6,8,2025-02-01,11451.01,8717.16,14184.86,ARIMA,2485.32,2100.08,20.56,2024-08-01T00:00:00+00:00
6,8,2025-03-01,11356.53,8498.41,14214.65,ARIMA,2485.32,2100.08,20.56,2024-08-01T00:00:00+00:00
6,8,2025-04-01,11262.05,8279.67,14244.43,ARIMA,2485.32,2100.08,20.56,2024-08-01T00:00:00+00:00
6,8,2025-05-01,11167.56,8060.91,14274.21,ARIMA,2485.32,2100.08,20.56,2024-08-01T00:00:00+00:00
6,8,2025-06-01,11073.08,7842.16,14304.0,ARIMA,2485.32,2100.08,20.56,2024-08-01T00:00:00+00:00
6,8,2025-07-01,10978.6,7623.42,14333.78,ARIMA,2485.32,2100.08,20.56,2024-08-01T00:00:00+00:00
6,8,2025-08-01,10884.12,7404.67,14363.57,ARIMA,2485.32,2100.08,20.56,2024-08-01T00:00:00+00:00
6,8,2025-09-01,10789.63,7185.92,14393.34,ARIMA,2485.32,2100.08,20.56,2024-08-01T00:00:00+00:00
6,8,2025-10-01,10695.15,6967.17,14423.13,ARIMA,2485.32,2100.08,20.56,2024-08-01T00:00:00+00:00
6,8,2025-11-01,10600.67,6748.42,14452.92,ARIMA,2485.32,2100.08,20.56,2024-08-01T00:00:00+00:00
6,8,2025-12-01,10506.18,6529.67,14482.69,ARIMA,2485.32,2100.08,20.56,2024-08-01T00:00:00+00:00
7,8,2025-01-01,12782.89,11287.49,14278.29,ARIMA,1424.19,1147.68,9.28,2024-08-01T00:00:00+00:00
7,8,2025-02-01,12775.36,11208.75,14341.97,ARIMA,1424.19,1147.68,9.28,2024-08-01T00:00:00+00:00
7,8,2025-03-01,12767.82,11130.0,14405.64,ARIMA,1424.19,1147.68,9.28,2024-08-01T00:00:00+00:00
7,8,2025-04-01,12760.29,11051.26,14469.32,ARIMA,1424.19,1147.68,9.28,2024-08-01T00:00:00+00:00
7,8,2025-05-01,12752.75,10972.51,14532.99,ARIMA,1424.19,1147.68,9.28,2024-08-01T00:00:00+00:00
7,8,2025-06-01,12745.22,10893.77,14596.67,ARIMA,1424.19,1147.68,9.28,2024-08-01T00:00:00+00:00
7,8,2025-07-01,12737.68,10815.02,14660.34,ARIMA,1424.19,1147.68,9.28,2024-08-01T00:00:00+00:00
7,8,2025-08-01,12730.15,10736.28,14724.02,ARIMA,1424.19,1147.68,9.28,2024-08-01T00:00:00+00:00
7,8,2025-09-01,12722.62,10657.54,14787.7,ARIMA,1424.19,1147.68,9.28,2024-08-01T00:00:00+00:00
7,8,2025-10-01,12715.08,10578.79,14851.37,ARIMA,1424.19,1147.68,9.28,2024-08-01T00:00:00+00:00
7,8,2025-11-01,12707.55,10500.05,14915.05,ARIMA,1424.19,1147.68,9.28,2024-08-01T00:00:00+00:00
7,8,2025-12-01,12700.01,10421.3,14978.72,ARIMA,1424.19,1147.68,9.28,2024-08-01T00:00:00+00:00
8,8,2025-01-01,12431.92,9669.41,15194.43,ARIMA,2630.96,2128.95,18.63,2024-08-01T00:00:00+00:00
8,8,2025-02-01,12471.27,9577.22,15365.32,ARIMA,2630.96,2128.95,18.63,2024-08-01T00:00:00+00:00
8,8,2025-03-01,12510.62,9485.02,15536.22,ARIMA,2630.96,2128.95,18.63,2024-08-01T00:00:00+00:00
8,8,2025-04-01,12549.98,9392.83,15707.13,ARIMA,2630.96,2128.95,18.63,2024-08-01T00:00:00+00:00
8,8,2025-05-01,12589.33,9300.63,15878.03,ARIMA,2630.96,2128.95,18.63,2024-08-01T00:00:00+00:00
8,8,2025-06-01,12628.68,9208.43,16048.93,ARIMA,2630.96,2128.95,18.63,2024-08-01T00:00:00+00:00
8,8,2025-07-01,12668.03,9116.24,16219.82,ARIMA,2630.96,2128.95,18.63,2024-08-01T00:00:00+00:00
8,8,2025-08-01,12707.38,9024.04,16390.72,ARIMA,2630.96,2128.95,18.63,2024-08-01T00:00:00+00:00
8,8,2025-09-01,12746.74,8931.85,16561.63,ARIMA,2630.96,2128.95,18.63,2024-08-01T00:00:00+00:00
8,8,2025-10-01,12786.09,8839.65,16732.53,ARIMA,2630.96,2128.95,18.63,2024-08-01T00:00:00+00:00
8,8,2025-11-01,12825.44,8747.46,16903.42,ARIMA,2630.96,2128.95,18.63,2024-08-01T00:00:00+00:00
8,8,2025-12-01,12864.79,8655.26,17074.32,ARIMA,2630.96,2128.95,18.63,2024-08-01T00:00:00+00:00
9,8,2025-01-01,12128.65,9294.09,14963.21,ARIMA,2699.58,2103.95,18.83,2024-08-01T00:00:00+00:00
9,8,2025-02-01,12073.66,9104.12,15043.2,ARIMA,2699.58,2103.95,18.83,2024-08-01T00:00:00+00:00
9,8,2025-03-01,12018.66,8914.14,15123.18,ARIMA,2699.58,2103.95,18.83,2024-08-01T00:00:00+00:00
9,8,2025-04-01,11963.66,8724.16,15203.16,ARIMA,2699.58,2103.95,18.83,2024-08-01T00:00:00+00:00
9,8,2025-05-01,11908.66,8534.19,15283.13,ARIMA,2699.58,2103.95,18.83,2024-08-01T00:00:00+00:00
9,8,2025-06-01,11853.66,8344.21,15363.11,ARIMA,2699.58,2103.95,18.83,2024-08-01T00:00:00+00:00
9,8,2025-07-01,11798.67,8154.24,15443.1,ARIMA,2699.58,2103.95,18.83,2024-08-01T00:00:00+00:00
9,8,2025-08-01,11743.67,7964.26,15523.08,ARIMA,2699.58,2103.95,18.83,2024-08-01T00:00:00+00:00
9,8,2025-09-01,11688.67,7774.28,15603.06,ARIMA,2699.58,2103.95,18.83,2024-08-01T00:00:00+00:00
9,8,2025-10-01,11633.67,7584.3,15683.04,ARIMA,2699.58,2103.95,18.83,2024-08-01T00:00:00+00:00
9,8,2025-11-01,11578.67,7394.32,15763.02,ARIMA,2699.58,2103.95,18.83,2024-08-01T00:00:00+00:00
9,8,2025-12-01,11523.68,7204.35,15843.01,ARIMA,2699.58,2103.95,18.83,2024-08-01T00:00:00+00:00
10,8,2025-01-01,12543.43,9393.96,15692.9,ARIMA,2999.5,2026.39,22.91,2024-08-01T00:00:00+00:00
10,8,2025-02-01,12561.45,9262.0,15860.9,ARIMA,2999.5,2026.39,22.91,2024-08-01T00:00:00+00:00
10,8,2025-03-01,12579.47,9130.05,16028.89,ARIMA,2999.5,2026.39,22.91,2024-08-01T00:00:00+00:00
10,8,2025-04-01,12597.49,8998.09,16196.89,ARIMA,2999.5,2026.39,22.91,2024-08-01T00:00:00+00:00
10,8,2025-05-01,12615.51,8866.14,16364.88,ARIMA,2999.5,2026.39,22.91,2024-08-01T00:00:00+00:00
10,8,2025-06-01,12633.53,8734.18,16532.88,ARIMA,2999.5,2026.39,22.91,2024-08-01T00:00:00+00:00
10,8,2025-07-01,12651.55,8602.23,16700.87,ARIMA,2999.5,2026.39,22.91,2024-08-01T00:00:00+00:00
10,8,2025-08-01,12669.57,8470.27,16868.87,ARIMA,2999.5,2026.39,22.91,2024-08-01T00:00:00+00:00
10,8,2025-09-01,12687.6,8338.33,17036.87,ARIMA,2999.5,2026.39,22.91,2024-08-01T00:00:00+00:00
10,8,2025-10-01,12705.62,8206.37,17204.87,ARIMA,2999.5,2026.39,22.91,2024-08-01T00:00:00+00:00
10,8,2025-11-01,12723.64,8074.42,17372.86,ARIMA,2999.5,2026.39,22.91,2024-08-01T00:00:00+00:00
10,8,2025-12-01,12741.66,7942.46,17540.86,ARIMA,2999.5,2026.39,22.91,2024-08-01T00:00:00+00:00
11,8,2025-01-01,11472.76,9523.06,13422.46,ARIMA,1856.86,1168.33,9.26,2024-08-01T00:00:00+00:00
11,8,2025-02-01,11360.46,9317.92,13403.0,ARIMA,1856.86,1168.33,9.26,2024-08-01T00:00:00+00:00
11,8,2025-03-01,11248.16,9112.78,13383.54,ARIMA,1856.86,1168.33,9.26,2024-08-01T00:00:00+00:00
11,8,2025-04-01,11135.86,8907.63,13364.09,ARIMA,1856.86,1168.33,9.26,2024-08-01T00:00:00+00:00
11,8,2025-05-01,11023.55,8702.48,13344.62,ARIMA,1856.86,1168.33,9.26,2024-08-01T00:00:00+00:00
11,8,2025-06-01,10911.25,8497.34,13325.16,ARIMA,1856.86,1168.33,9.26,2024-08-01T00:00:00+00:00
11,8,2025-07-01,10798.95,8292.19,13305.71,ARIMA,1856.86,1168.33,9.26,2024-08-01T00:00:00+00:00
11,8,2025-08-01,10686.65,8087.05,13286.25,ARIMA,1856.86,1168.33,9.26,2024-08-01T00:00:00+00:00
11,8,2025-09-01,10574.35,7881.91,13266.79,ARIMA,1856.86,1168.33,9.26,2024-08-01T00:00:00+00:00
11,8,2025-10-01,10462.04,7676.76,13247.32,ARIMA,1856.86,1168.33,9.26,2024-08-01T00:00:00+00:00
11,8,2025-11-01,10349.74,7471.61,13227.87,ARIMA,1856.86,1168.33,9.26,2024-08-01T00:00:00+00:00
11,8,2025-12-01,10237.44,7266.47,13208.41,ARIMA,1856.86,1168.33,9.26,2024-08-01T00:00:00+00:00
12,8,2025-01-01,12209.35,10187.78,14230.92,ARIMA,1925.31,1432.45,12.78,2024-08-01T00:00:00+00:00
12,8,2025-02-01,12199.72,10081.88,14317.56,ARIMA,1925.31,1432.45,12.78,2024-08-01T00:00:00+00:00
12,8,2025-03-01,12190.09,9975.98,14404.2,ARIMA,1925.31,1432.45,12.78,2024-08-01T00:00:00+00:00
12,8,2025-04-01,12180.45,9870.08,14490.82,ARIMA,1925.31,1432.45,12.78,2024-08-01T00:00:00+00:00
12,8,2025-05-01,12170.82,9764.18,14577.46,ARIMA,1925.31,1432.45,12.78,2024-08-01T00:00:00+00:00
12,8,2025-06-01,12161.18,9658.28,14664.08,ARIMA,1925.31,1432.45,12.78,2024-08-01T00:00:00+00:00
12,8,2025-07-01,12151.55,9552.38,14750.72,ARIMA,1925.31,1432.45,12.78,2024-08-01T00:00:00+00:00
12,8,2025-08-01,12141.92,9446.49,14837.35,ARIMA,1925.31,1432.45,12.78,2024-08-01T00:00:00+00:00
12,8,2025-09-01,12132.28,9340.58,14923.98,ARIMA,1925.31,1432.45,12.78,2024-08-01T00:00:00+00:00
12,8,2025-10-01,12122.65,9234.69,15010.61,ARIMA,1925.31,1432.45,12.78,2024-08-01T00:00:00+00:00
12,8,2025-11-01,12113.01,9128.78,15097.24,ARIMA,1925.31,1432.45,12.78,2024-08-01T00:00:00+00:00
12,8,2025-12-01,12103.38,9022.89,15183.87,ARIMA,1925.31,1432.45,12.78,2024-08-01T00:00:00+00:00
13,8,2025-01-01,11698.82,10036.61,13361.03,ARIMA,1583.06,1145.21,10.27,2024-08-01T00:00:00+00:00
13,8,2025-02-01,11674.78,9933.41,13416.15,ARIMA,1583.06,1145.21,10.27,2024-08-01T00:00:00+00:00
13,8,2025-03-01,11650.74,9830.22,13471.26,ARIMA,1583.06,1145.21,10.27,2024-08-01T00:00:00+00:00
13,8,2025-04-01,11626.7,9727.03,13526.37,ARIMA,1583.06,1145.21,10.27,2024-08-01T00:00:00+00:00
13,8,2025-05-01,11602.66,9623.83,13581.49,ARIMA,1583.06,1145.21,10.27,2024-08-01T00:00:00+00:00
13,8,2025-06-01,11578.62,9520.64,13636.6,ARIMA,1583.06,1145.21,10.27,2024-08-01T00:00:00+00:00
13,8,2025-07-01,11554.58,9417.45,13691.71,ARIMA,1583.06,1145.21,10.27,2024-08-01T00:00:00+00:00
13,8,2025-08-01,11530.54,9314.25,13746.83,ARIMA,1583.06,1145.21,10.27,2024-08-01T00:00:00+00:00
13,8,2025-09-01,11506.5,9211.06,13801.94,ARIMA,1583.06,1145.21,10.27,2024-08-01T00:00:00+00:00
13,8,2025-10-01,11482.46,9107.87,13857.05,ARIMA,1583.06,1145.21,10.27,2024-08-01T00:00:00+00:00
13,8,2025-11-01,11458.42,9004.68,13912.16,ARIMA,1583.06,1145.21,10.27,2024-08-01T00:00:00+00:00
13,8,2025-12-01,11434.38,8901.48,13967.28,ARIMA,1583.06,1145.21,10.27,2024-08-01T00:00:00+00:00
14,8,2025-01-01,11619.34,9515.16,13723.52,ARIMA,2003.98,1639.96,15.73,2024-08-01T00:00:00+00:00
14,8,2025-02-01,11705.57,9501.19,13909.95,ARIMA,2003.98,1639.96,15.73,2024-08-01T00:00:00+00:00
14,8,2025-03-01,11791.79,9487.21,14096.37,ARIMA,2003.98,1639.96,15.73,2024-08-01T00:00:00+00:00
14,8,2025-04-01,11878.02,9473.24,14282.8,ARIMA,2003.98,1639.96,15.73,2024-08-01T00:00:00+00:00
14,8,2025-05-01,11964.25,9459.27,14469.23,ARIMA,2003.98,1639.96,15.73,2024-08-01T00:00:00+00:00
14,8,2025-06-01,12050.48,9445.3,14655.66,ARIMA,2003.98,1639.96,15.73,2024-08-01T00:00:00+00:00
14,8,2025-07-01,12136.7,9431.32,14842.08,ARIMA,2003.98,1639.96,15.73,2024-08-01T00:00:00+00:00
14,8,2025-08-01,12222.93,9417.35,15028.51,ARIMA,2003.98,1639.96,15.73,2024-08-01T00:00:00+00:00
14,8,2025-09-01,12309.16,9403.38,15214.94,ARIMA,2003.98,1639.96,15.73,2024-08-01T00:00:00+00:00
14,8,2025-10-01,12395.39,9389.42,15401.36,ARIMA,2003.98,1639.96,15.73,2024-08-01T00:00:00+00:00
14,8,2025-11-01,12481.61,9375.44,15587.78,ARIMA,2003.98,1639.96,15.73,2024-08-01T00:00:00+00:00
14,8,2025-12-01,12567.84,9361.47,15774.21,ARIMA,2003.98,1639.96,15.73,2024-08-01T00:00:00+00:00
15,8,2025-01-01,11750.73,9933.72,13567.74,ARIMA,1730.49,1367.11,12.08,2024-08-01T00:00:00+00:00
15,8,2025-02-01,11686.62,9783.08,13590.16,ARIMA,1730.49,1367.11,12.08,2024-08-01T00:00:00+00:00
15,8,2025-03-01,11622.51,9632.45,13612.57,ARIMA,1730.49,1367.11,12.08,2024-08-01T00:00:00+00:00
15,8,2025-04-01,11558.4,9481.82,13634.98,ARIMA,1730.49,1367.11,12.08,2024-08-01T00:00:00+00:00
15,8,2025-05-01,11494.29,9331.18,13657.4,ARIMA,1730.49,1367.11,12.08,2024-08-01T00:00:00+00:00
15,8,2025-06-01,11430.18,9180.55,13679.81,ARIMA,1730.49,1367.11,12.08,2024-08-01T00:00:00+00:00
15,8,2025-07-01,11366.07,9029.91,13702.23,ARIMA,1730.49,1367.11,12.08,2024-08-01T00:00:00+00:00
15,8,2025-08-01,11301.96,8879.28,13724.64,ARIMA,1730.49,1367.11,12.08,2024-08-01T00:00:00+00:00
15,8,2025-09-01,11237.85,8728.64,13747.06,ARIMA,1730.49,1367.11,12.08,2024-08-01T00:00:00+00:00
15,8,2025-10-01,11173.74,8578.01,13769.47,ARIMA,1730.49,1367.11,12.08,2024-08-01T00:00:00+00:00
15,8,2025-11-01,11109.63,8427.37,13791.89,ARIMA,1730.49,1367.11,12.08,2024-08-01T00:00:00+00:00
15,8,2025-12-01,11045.52,8276.74,13814.3,ARIMA,1730.49,1367.11,12.08,2024-08-01T00:00:00+00:00
16,8,2025-01-01,13497.46,11355.22,15639.7,ARIMA,2040.23,1740.67,14.19,2024-08-01T00:00:00+00:00
16,8,2025-02-01,13610.74,11366.49,15854.99,ARIMA,2040.23,1740.67,14.19,2024-08-01T00:00:00+00:00
16,8,2025-03-01,13724.01,11377.75,16070.27,ARIMA,2040.23,1740.67,14.19,2024-08-01T00:00:00+00:00
16,8,2025-04-01,13837.28,11389.01,16285.55,ARIMA,2040.23,1740.67,14.19,2024-08-01T00:00:00+00:00
16,8,2025-05-01,13950.55,11400.27,16500.83,ARIMA,2040.23,1740.67,14.19,2024-08-01T00:00:00+00:00
16,8,2025-06-01,14063.83,11411.54,16716.12,ARIMA,2040.23,1740.67,14.19,2024-08-01T00:00:00+00:00
16,8,2025-07-01,14177.1,11422.79,16931.41,ARIMA,2040.23,1740.67,14.19,2024-08-01T00:00:00+00:00
16,8,2025-08-01,14290.37,11434.05,17146.69,ARIMA,2040.23,1740.67,14.19,2024-08-01T00:00:00+00:00
16,8,2025-09-01,14403.64,11445.31,17361.97,ARIMA,2040.23,1740.67,14.19,2024-08-01T00:00:00+00:00
16,8,2025-10-01,14516.91,11456.57,17577.25,ARIMA,2040.23,1740.67,14.19,2024-08-01T00:00:00+00:00
16,8,2025-11-01,14630.19,11467.84,17792.54,ARIMA,2040.23,1740.67,14.19,2024-08-01T00:00:00+00:00
16,8,2025-12-01,14743.46,11479.1,18007.82,ARIMA,2040.23,1740.67,14.19,2024-08-01T00:00:00+00:00
17,8,2025-01-01,12210.83,10331.4,14090.26,ARIMA,1789.94,1423.98,12.34,2024-08-01T00:00:00+00:00
17,8,2025-02-01,12190.11,10221.18,14159.04,ARIMA,1789.94,1423.98,12.34,2024-08-01T00:00:00+00:00
17,8,2025-03-01,12169.4,10110.97,14227.83,ARIMA,1789.94,1423.98,12.34,2024-08-01T00:00:00+00:00
17,8,2025-04-01,12148.69,10000.77,14296.61,ARIMA,1789.94,1423.98,12.34,2024-08-01T00:00:00+00:00
17,8,2025-05-01,12127.98,9890.56,14365.4,ARIMA,1789.94,1423.98,12.34,2024-08-01T00:00:00+00:00
17,8,2025-06-01,12107.26,9780.34,14434.18,ARIMA,1789.94,1423.98,12.34,2024-08-01T00:00:00+00:00
17,8,2025-07-01,12086.55,9670.14,14502.96,ARIMA,1789.94,1423.98,12.34,2024-08-01T00:00:00+00:00
17,8,2025-08-01,12065.84,9559.93,14571.75,ARIMA,1789.94,1423.98,12.34,2024-08-01T00:00:00+00:00
17,8,2025-09-01,12045.13,9449.72,14640.54,ARIMA,1789.94,1423.98,12.34,2024-08-01T00:00:00+00:00
17,8,2025-10-01,12024.41,9339.51,14709.31,ARIMA,1789.94,1423.98,12.34,2024-08-01T00:00:00+00:00
17,8,2025-11-01,12003.7,9229.3,14778.1,ARIMA,1789.94,1423.98,12.34,2024-08-01T00:00:00+00:00
17,8,2025-12-01,11982.99,9119.09,14846.89,ARIMA,1789.94,1423.98,12.34,2024-08-01T00:00:00+00:00
18,8,2025-01-01,13111.5,10648.13,15574.87,ARIMA,2346.07,2125.68,16.59,2024-08-01T00:00:00+00:00
18,8,2025-02-01,13026.38,10445.7,15607.06,ARIMA,2346.07,2125.68,16.59,2024-08-01T00:00:00+00:00
18,8,2025-03-01,12941.26,10243.28,15639.24,ARIMA,2346.07,2125.68,16.59,2024-08-01T00:00:00+00:00
18,8,2025-04-01,12856.15,10040.87,15671.43,ARIMA,2346.07,2125.68,16.59,2024-08-01T00:00:00+00:00
18,8,2025-05-01,12771.03,9838.44,15703.62,ARIMA,2346.07,2125.68,16.59,2024-08-01T00:00:00+00:00
18,8,2025-06-01,12685.91,9636.02,15735.8,ARIMA,2346.07,2125.68,16.59,2024-08-01T00:00:00+00:00
18,8,2025-07-01,12600.8,9433.61,15767.99,ARIMA,2346.07,2125.68,16.59,2024-08-01T00:00:00+00:00
18,8,2025-08-01,12515.68,9231.18,15800.18,ARIMA,2346.07,2125.68,16.59,2024-08-01T00:00:00+00:00
18,8,2025-09-01,12430.56,9028.76,15832.36,ARIMA,2346.07,2125.68,16.59,2024-08-01T00:00:00+00:00
18,8,2025-10-01,12345.45,8826.35,15864.55,ARIMA,2346.07,2125.68,16.59,2024-08-01T00:00:00+00:00
18,8,2025-11-01,12260.33,8623.92,15896.74,ARIMA,2346.07,2125.68,16.59,2024-08-01T00:00:00+00:00
18,8,2025-12-01,12175.21,8421.5,15928.92,ARIMA,2346.07,2125.68,16.59,2024-08-01T00:00:00+00:00
19,8,2025-01-01,13068.1,10310.55,15825.65,ARIMA,2626.23,2325.11,19.12,2024-08-01T00:00:00+00:00
19,8,2025-02-01,12994.55,10105.69,15883.41,ARIMA,2626.23,2325.11,19.12,2024-08-01T00:00:00+00:00
19,8,2025-03-01,12921.0,9900.83,15941.17,ARIMA,2626.23,2325.11,19.12,2024-08-01T00:00:00+00:00
19,8,2025-04-01,12847.46,9695.98,15998.94,ARIMA,2626.23,2325.11,19.12,2024-08-01T00:00:00+00:00
19,8,2025-05-01,12773.91,9491.12,16056.7,ARIMA,2626.23,2325.11,19.12,2024-08-01T00:00:00+00:00
19,8,2025-06-01,12700.36,9286.26,16114.46,ARIMA,2626.23,2325.11,19.12,2024-08-01T00:00:00+00:00
19,8,2025-07-01,12626.82,9081.4,16172.24,ARIMA,2626.23,2325.11,19.12,2024-08-01T00:00:00+00:00
19,8,2025-08-01,12553.27,8876.54,16230.0,ARIMA,2626.23,2325.11,19.12,2024-08-01T00:00:00+00:00
19,8,2025-09-01,12479.72,8671.68,16287.76,ARIMA,2626.23,2325.11,19.12,2024-08-01T00:00:00+00:00
19,8,2025-10-01,12406.18,8466.83,16345.53,ARIMA,2626.23,2325.11,19.12,2024-08-01T00:00:00+00:00
19,8,2025-11-01,12332.63,8261.97,16403.29,ARIMA,2626.23,2325.11,19.12,2024-08-01T00:00:00+00:00
19,8,2025-12-01,12259.08,8057.11,16461.05,ARIMA,2626.23,2325.11,19.12,2024-08-01T00:00:00+00:00
20,8,2025-01-01,11426.49,9172.1,13680.88,ARIMA,2147.04,1744.96,17.43,2024-08-01T00:00:00+00:00
20,8,2025-02-01,11466.13,9104.38,13827.88,ARIMA,2147.04,1744.96,17.43,2024-08-01T00:00:00+00:00
20,8,2025-03-01,11505.76,9036.66,13974.86,ARIMA,2147.04,1744.96,17.43,2024-08-01T00:00:00+00:00
20,8,2025-04-01,11545.39,8968.94,14121.84,ARIMA,2147.04,1744.96,17.43,2024-08-01T00:00:00+00:00
20,8,2025-05-01,11585.03,8901.23,14268.83,ARIMA,2147.04,1744.96,17.43,2024-08-01T00:00:00+00:00
20,8,2025-06-01,11624.66,8833.5,14415.82,ARIMA,2147.04,1744.96,17.43,2024-08-01T00:00:00+00:00
20,8,2025-07-01,11664.3,8765.79,14562.81,ARIMA,2147.04,1744.96,17.43,2024-08-01T00:00:00+00:00
20,8,2025-08-01,11703.93,8698.07,14709.79,ARIMA,2147.04,1744.96,17.43,2024-08-01T00:00:00+00:00
20,8,2025-09-01,11743.57,8630.36,14856.78,ARIMA,2147.04,1744.96,17.43,2024-08-01T00:00:00+00:00
20,8,2025-10-01,11783.2,8562.64,15003.76,ARIMA,2147.04,1744.96,17.43,2024-08-01T00:00:00+00:00
20,8,2025-11-01,11822.83,8494.91,15150.75,ARIMA,2147.04,1744.96,17.43,2024-08-01T00:00:00+00:00
20,8,2025-12-01,11862.47,8427.2,15297.74,ARIMA,2147.04,1744.96,17.43,2024-08-01T00:00:00+00:00
21,8,2025-01-01,13651.07,11224.05,16078.09,ARIMA,2311.44,1965.16,15.07,2024-08-01T00:00:00+00:00
21,8,2025-02-01,13745.64,11203.05,16288.23,ARIMA,2311.44,1965.16,15.07,2024-08-01T00:00:00+00:00
21,8,2025-03-01,13840.2,11182.04,16498.36,ARIMA,2311.44,1965.16,15.07,2024-08-01T00:00:00+00:00
21,8,2025-04-01,13934.77,11161.04,16708.5,ARIMA,2311.44,1965.16,15.07,2024-08-01T00:00:00+00:00
21,8,2025-05-01,14029.33,11140.02,16918.64,ARIMA,2311.44,1965.16,15.07,2024-08-01T00:00:00+00:00
21,8,2025-06-01,14123.9,11119.02,17128.78,ARIMA,2311.44,1965.16,15.07,2024-08-01T00:00:00+00:00
21,8,2025-07-01,14218.46,11098.01,17338.91,ARIMA,2311.44,1965.16,15.07,2024-08-01T00:00:00+00:00
21,8,2025-08-01,14313.03,11077.01,17549.05,ARIMA,2311.44,1965.16,15.07,2024-08-01T00:00:00+00:00
21,8,2025-09-01,14407.59,11055.99,17759.19,ARIMA,2311.44,1965.16,15.07,2024-08-01T00:00:00+00:00
21,8,2025-10-01,14502.15,11034.98,17969.32,ARIMA,2311.44,1965.16,15.07,2024-08-01T00:00:00+00:00
21,8,2025-11-01,14596.72,11013.98,18179.46,ARIMA,2311.44,1965.16,15.07,2024-08-01T00:00:00+00:00
21,8,2025-12-01,14691.28,10992.97,18389.59,ARIMA,2311.44,1965.16,15.07,2024-08-01T00:00:00+00:00
22,8,2025-01-01,12974.44,10792.39,15156.49,ARIMA,2078.14,1535.79,11.9,2024-08-01T00:00:00+00:00
22,8,2025-02-01,12927.78,10641.82,15213.74,ARIMA,2078.14,1535.79,11.9,2024-08-01T00:00:00+00:00
22,8,2025-03-01,12881.11,10491.25,15270.97,ARIMA,2078.14,1535.79,11.9,2024-08-01T00:00:00+00:00
22,8,2025-04-01,12834.45,10340.68,15328.22,ARIMA,2078.14,1535.79,11.9,2024-08-01T00:00:00+00:00
22,8,2025-05-01,12787.79,10190.11,15385.47,ARIMA,2078.14,1535.79,11.9,2024-08-01T00:00:00+00:00
22,8,2025-06-01,12741.12,10039.54,15442.7,ARIMA,2078.14,1535.79,11.9,2024-08-01T00:00:00+00:00
22,8,2025-07-01,12694.46,9888.97,15499.95,ARIMA,2078.14,1535.79,11.9,2024-08-01T00:00:00+00:00
22,8,2025-08-01,12647.79,9738.39,15557.19,ARIMA,2078.14,1535.79,11.9,2024-08-01T00:00:00+00:00
22,8,2025-09-01,12601.13,9587.82,15614.44,ARIMA,2078.14,1535.79,11.9,2024-08-01T00:00:00+00:00
22,8,2025-10-01,12554.47,9437.26,15671.68,ARIMA,2078.14,1535.79,11.9,2024-08-01T00:00:00+00:00
22,8,2025-11-01,12507.8,9286.68,15728.92,ARIMA,2078.14,1535.79,11.9,2024-08-01T00:00:00+00:00
22,8,2025-12-01,12461.14,9136.11,15786.17,ARIMA,2078.14,1535.79,11.9,2024-08-01T00:00:00+00:00
23,8,2025-01-01,11727.52,9117.36,14337.68,ARIMA,2485.87,2053.27,17.84,2024-08-01T00:00:00+00:00
23,8,2025-02-01,11634.86,8900.4,14369.32,ARIMA,2485.87,2053.27,17.84,2024-08-01T00:00:00+00:00
23,8,2025-03-01,11542.19,8683.44,14400.94,ARIMA,2485.87,2053.27,17.84,2024-08-01T00:00:00+00:00
23,8,2025-04-01,11449.52,8466.48,14432.56,ARIMA,2485.87,2053.27,17.84,2024-08-01T00:00:00+00:00
23,8,2025-05-01,11356.85,8249.51,14464.19,ARIMA,2485.87,2053.27,17.84,2024-08-01T00:00:00+00:00
23,8,2025-06-01,11264.18,8032.55,14495.81,ARIMA,2485.87,2053.27,17.84,2024-08-01T00:00:00+00:00
23,8,2025-07-01,11171.51,7815.59,14527.43,ARIMA,2485.87,2053.27,17.84,2024-08-01T00:00:00+00:00
23,8,2025-08-01,11078.84,7598.62,14559.06,ARIMA,2485.87,2053.27,17.84,2024-08-01T00:00:00+00:00
23,8,2025-09-01,10986.18,7381.67,14590.69,ARIMA,2485.87,2053.27,17.84,2024-08-01T00:00:00+00:00
23,8,2025-10-01,10893.51,7164.71,14622.31,ARIMA,2485.87,2053.27,17.84,2024-08-01T00:00:00+00:00
23,8,2025-11-01,10800.84,6947.74,14653.94,ARIMA,2485.87,2053.27,17.84,2024-08-01T00:00:00+00:00
23,8,2025-12-01,10708.17,6730.78,14685.56,ARIMA,2485.87,2053.27,17.84,2024-08-01T00:00:00+00:00
24,8,2025-01-01,14919.7,11781.56,18057.84,ARIMA,2988.7,2195.35,17.8,2024-08-01T00:00:00+00:00
24,8,2025-02-01,15030.21,11742.64,18317.78,ARIMA,2988.7,2195.35,17.8,2024-08-01T00:00:00+00:00
24,8,2025-03-01,15140.71,11703.7,18577.72,ARIMA,2988.7,2195.35,17.8,2024-08-01T00:00:00+00:00
24,8,2025-04-01,15251.22,11664.78,18837.66,ARIMA,2988.7,2195.35,17.8,2024-08-01T00:00:00+00:00
24,8,2025-05-01,15361.72,11625.84,19097.6,ARIMA,2988.7,2195.35,17.8,2024-08-01T00:00:00+00:00
24,8,2025-06-01,15472.23,11586.92,19357.54,ARIMA,2988.7,2195.35,17.8,2024-08-01T00:00:00+00:00
24,8,2025-07-01,15582.73,11547.98,19617.48,ARIMA,2988.7,2195.35,17.8,2024-08-01T00:00:00+00:00
24,8,2025-08-01,15693.24,11509.06,19877.42,ARIMA,2988.7,2195.35,17.8,2024-08-01T00:00:00+00:00
24,8,2025-09-01,15803.74,11470.12,20137.36,ARIMA,2988.7,2195.35,17.8,2024-08-01T00:00:00+00:00
24,8,2025-10-01,15914.25,11431.2,20397.3,ARIMA,2988.7,2195.35,17.8,2024-08-01T00:00:00+00:00
24,8,2025-11-01,16024.75,11392.26,20657.24,ARIMA,2988.7,2195.35,17.8,2024-08-01T00:00:00+00:00
24,8,2025-12-01,16135.26,11353.34,20917.18,ARIMA,2988.7,2195.35,17.8,2024-08-01T00:00:00+00:00
25,8,2025-01-01,13374.66,11793.78,14955.54,ARIMA,1505.6,1346.77,10.24,2024-08-01T00:00:00+00:00
25,8,2025-02-01,13434.54,11778.38,15090.7,ARIMA,1505.6,1346.77,10.24,2024-08-01T00:00:00+00:00
25,8,2025-03-01,13494.42,11762.98,15225.86,ARIMA,1505.6,1346.77,10.24,2024-08-01T00:00:00+00:00
25,8,2025-04-01,13554.3,11747.58,15361.02,ARIMA,1505.6,1346.77,10.24,2024-08-01T00:00:00+00:00
25,8,2025-05-01,13614.18,11732.18,15496.18,ARIMA,1505.6,1346.77,10.24,2024-08-01T00:00:00+00:00
25,8,2025-06-01,13674.06,11716.78,15631.34,ARIMA,1505.6,1346.77,10.24,2024-08-01T00:00:00+00:00
25,8,2025-07-01,13733.94,11701.37,15766.51,ARIMA,1505.6,1346.77,10.24,2024-08-01T00:00:00+00:00
25,8,2025-08-01,13793.82,11685.97,15901.67,ARIMA,1505.6,1346.77,10.24,2024-08-01T00:00:00+00:00
25,8,2025-09-01,13853.7,11670.57,16036.83,ARIMA,1505.6,1346.77,10.24,2024-08-01T00:00:00+00:00
25,8,2025-10-01,13913.58,11655.17,16171.99,ARIMA,1505.6,1346.77,10.24,2024-08-01T00:00:00+00:00
25,8,2025-11-01,13973.46,11639.77,16307.15,ARIMA,1505.6,1346.77,10.24,2024-08-01T00:00:00+00:00
25,8,2025-12-01,14033.34,11624.37,16442.31,ARIMA,1505.6,1346.77,10.24,2024-08-01T00:00:00+00:00
26,8,2025-01-01,12452.27,9354.73,15549.81,ARIMA,2950.03,2540.6,22.15,2024-08-01T00:00:00+00:00
26,8,2025-02-01,12462.22,9217.18,15707.26,ARIMA,2950.03,2540.6,22.15,2024-08-01T00:00:00+00:00
26,8,2025-03-01,12472.16,9079.62,15864.7,ARIMA,2950.03,2540.6,22.15,2024-08-01T00:00:00+00:00
26,8,2025-04-01,12482.11,8942.07,16022.15,ARIMA,2950.03,2540.6,22.15,2024-08-01T00:00:00+00:00
26,8,2025-05-01,12492.06,8804.52,16179.6,ARIMA,2950.03,2540.6,22.15,2024-08-01T00:00:00+00:00
26,8,2025-06-01,12502.0,8666.95,16337.05,ARIMA,2950.03,2540.6,22.15,2024-08-01T00:00:00+00:00
26,8,2025-07-01,12511.95,8529.4,16494.5,ARIMA,2950.03,2540.6,22.15,2024-08-01T00:00:00+00:00
26,8,2025-08-01,12521.9,8391.85,16651.95,ARIMA,2950.03,2540.6,22.15,2024-08-01T00:00:00+00:00
26,8,2025-09-01,12531.84,8254.29,16809.39,ARIMA,2950.03,2540.6,22.15,2024-08-01T00:00:00+00:00
26,8,2025-10-01,12541.79,8116.74,16966.84,ARIMA,2950.03,2540.6,22.15,2024-08-01T00:00:00+00:00
26,8,2025-11-01,12551.73,7979.18,17124.28,ARIMA,2950.03,2540.6,22.15,2024-08-01T00:00:00+00:00
26,8,2025-12-01,12561.68,7841.62,17281.74,ARIMA,2950.03,2540.6,22.15,2024-08-01T00:00:00+00:00
27,8,2025-01-01,12265.63,10765.77,13765.49,ARIMA,1428.44,1287.65,10.76,2024-08-01T00:00:00+00:00
27,8,2025-02-01,12191.37,10620.08,13762.66,ARIMA,1428.44,1287.65,10.76,2024-08-01T00:00:00+00:00
27,8,2025-03-01,12117.11,10474.4,13759.82,ARIMA,1428.44,1287.65,10.76,2024-08-01T00:00:00+00:00
27,8,2025-04-01,12042.85,10328.72,13756.98,ARIMA,1428.44,1287.65,10.76,2024-08-01T00:00:00+00:00
27,8,2025-05-01,11968.59,10183.04,13754.14,ARIMA,1428.44,1287.65,10.76,2024-08-01T00:00:00+00:00
27,8,2025-06-01,11894.33,10037.36,13751.3,ARIMA,1428.44,1287.65,10.76,2024-08-01T00:00:00+00:00
27,8,2025-07-01,11820.07,9891.67,13748.47,ARIMA,1428.44,1287.65,10.76,2024-08-01T00:00:00+00:00
27,8,2025-08-01,11745.81,9745.99,13745.63,ARIMA,1428.44,1287.65,10.76,2024-08-01T00:00:00+00:00
27,8,2025-09-01,11671.55,9600.31,13742.79,ARIMA,1428.44,1287.65,10.76,2024-08-01T00:00:00+00:00
27,8,2025-10-01,11597.29,9454.63,13739.95,ARIMA,1428.44,1287.65,10.76,2024-08-01T00:00:00+00:00
27,8,2025-11-01,11523.03,9308.95,13737.11,ARIMA,1428.44,1287.65,10.76,2024-08-01T00:00:00+00:00
27,8,2025-12-01,11448.77,9163.26,13734.28,ARIMA,1428.44,1287.65,10.76,2024-08-01T00:00:00+00:00
28,8,2025-01-01,12872.36,11189.22,14555.5,ARIMA,1602.99,1451.61,11.95,2024-08-01T00:00:00+00:00
28,8,2025-02-01,12936.45,11173.16,14699.74,ARIMA,1602.99,1451.61,11.95,2024-08-01T00:00:00+00:00
28,8,2025-03-01,13000.53,11157.09,14843.97,ARIMA,1602.99,1451.61,11.95,2024-08-01T00:00:00+00:00
28,8,2025-04-01,13064.61,11141.02,14988.2,ARIMA,1602.99,1451.61,11.95,2024-08-01T00:00:00+00:00
28,8,2025-05-01,13128.7,11124.96,15132.44,ARIMA,1602.99,1451.61,11.95,2024-08-01T00:00:00+00:00
28,8,2025-06-01,13192.78,11108.89,15276.67,ARIMA,1602.99,1451.61,11.95,2024-08-01T00:00:00+00:00
28,8,2025-07-01,13256.86,11092.83,15420.89,ARIMA,1602.99,1451.61,11.95,2024-08-01T00:00:00+00:00
28,8,2025-08-01,13320.95,11076.77,15565.13,ARIMA,1602.99,1451.61,11.95,2024-08-01T00:00:00+00:00
28,8,2025-09-01,13385.03,11060.7,15709.36,ARIMA,1602.99,1451.61,11.95,2024-08-01T00:00:00+00:00
28,8,2025-10-01,13449.11,11044.63,15853.59,ARIMA,1602.99,1451.61,11.95,2024-08-01T00:00:00+00:00
28,8,2025-11-01,13513.2,11028.57,15997.83,ARIMA,1602.99,1451.61,11.95,2024-08-01T00:00:00+00:00
28,8,2025-12-01,13577.28,11012.5,16142.06,ARIMA,1602.99,1451.61,11.95,2024-08-01T00:00:00+00:00
29,8,2025-01-01,11710.46,9440.59,13980.33,ARIMA,2161.78,1788.29,15.56,2024-08-01T00:00:00+00:00
29,8,2025-02-01,11685.63,9307.67,14063.59,ARIMA,2161.78,1788.29,15.56,2024-08-01T00:00:00+00:00
29,8,2025-03-01,11660.8,9174.75,14146.85,ARIMA,2161.78,1788.29,15.56,2024-08-01T00:00:00+00:00
29,8,2025-04-01,11635.97,9041.84,14230.1,ARIMA,2161.78,1788.29,15.56,2024-08-01T00:00:00+00:00
29,8,2025-05-01,11611.14,8908.92,14313.36,ARIMA,2161.78,1788.29,15.56,2024-08-01T00:00:00+00:00
29,8,2025-06-01,11586.31,8776.0,14396.62,ARIMA,2161.78,1788.29,15.56,2024-08-01T00:00:00+00:00
29,8,2025-07-01,11561.48,8643.08,14479.88,ARIMA,2161.78,1788.29,15.56,2024-08-01T00:00:00+00:00
29,8,2025-08-01,11536.65,8510.16,14563.14,ARIMA,2161.78,1788.29,15.56,2024-08-01T00:00:00+00:00
29,8,2025-09-01,11511.82,8377.24,14646.4,ARIMA,2161.78,1788.29,15.56,2024-08-01T00:00:00+00:00
29,8,2025-10-01,11486.99,8244.32,14729.66,ARIMA,2161.78,1788.29,15.56,2024-08-01T00:00:00+00:00
29,8,2025-11-01,11462.16,8111.4,14812.92,ARIMA,2161.78,1788.29,15.56,2024-08-01T00:00:00+00:00
29,8,2025-12-01,11437.33,7978.48,14896.18,ARIMA,2161.78,1788.29,15.56,2024-08-01T00:00:00+00:00
30,8,2025-01-01,12931.48,11460.41,14402.55,ARIMA,1401.02,1114.12,9.9,2024-08-01T00:00:00+00:00
30,8,2025-02-01,13041.68,11500.55,14582.81,ARIMA,1401.02,1114.12,9.9,2024-08-01T00:00:00+00:00
30,8,2025-03-01,13151.89,11540.71,14763.07,ARIMA,1401.02,1114.12,9.9,2024-08-01T00:00:00+00:00
30,8,2025-04-01,13262.09,11580.86,14943.32,ARIMA,1401.02,1114.12,9.9,2024-08-01T00:00:00+00:00
30,8,2025-05-01,13372.29,11621.01,15123.57,ARIMA,1401.02,1114.12,9.9,2024-08-01T00:00:00+00:00
30,8,2025-06-01,13482.49,11661.16,15303.82,ARIMA,1401.02,1114.12,9.9,2024-08-01T00:00:00+00:00
30,8,2025-07-01,13592.7,11701.32,15484.08,ARIMA,1401.02,1114.12,9.9,2024-08-01T00:00:00+00:00
30,8,2025-08-01,13702.9,11741.47,15664.33,ARIMA,1401.02,1114.12,9.9,2024-08-01T00:00:00+00:00
30,8,2025-09-01,13813.1,11781.62,15844.58,ARIMA,1401.02,1114.12,9.9,2024-08-01T00:00:00+00:00
30,8,2025-10-01,13923.31,11821.77,16024.85,ARIMA,1401.02,1114.12,9.9,2024-08-01T00:00:00+00:00
30,8,2025-11-01,14033.51,11861.92,16205.1,ARIMA,1401.02,1114.12,9.9,2024-08-01T00:00:00+00:00
30,8,2025-12-01,14143.71,11902.07,16385.35,ARIMA,1401.02,1114.12,9.9,2024-08-01T00:00:00+00:00
31,8,2025-01-01,14182.71,12807.0,15558.42,ARIMA,1310.2,1111.72,8.26,2024-08-01T00:00:00+00:00
31,8,2025-02-01,14219.66,12778.44,15660.88,ARIMA,1310.2,1111.72,8.26,2024-08-01T00:00:00+00:00
31,8,2025-03-01,14256.61,12749.88,15763.34,ARIMA,1310.2,1111.72,8.26,2024-08-01T00:00:00+00:00
31,8,2025-04-01,14293.55,12721.31,15865.79,ARIMA,1310.2,1111.72,8.26,2024-08-01T00:00:00+00:00
31,8,2025-05-01,14330.5,12692.74,15968.26,ARIMA,1310.2,1111.72,8.26,2024-08-01T00:00:00+00:00
31,8,2025-06-01,14367.45,12664.18,16070.72,ARIMA,1310.2,1111.72,8.26,2024-08-01T00:00:00+00:00
31,8,2025-07-01,14404.39,12635.61,16173.17,ARIMA,1310.2,1111.72,8.26,2024-08-01T00:00:00+00:00
31,8,2025-08-01,14441.34,12607.05,16275.63,ARIMA,1310.2,1111.72,8.26,2024-08-01T00:00:00+00:00
31,8,2025-09-01,14478.29,12578.49,16378.09,ARIMA,1310.2,1111.72,8.26,2024-08-01T00:00:00+00:00
31,8,2025-10-01,14515.24,12549.93,16480.55,ARIMA,1310.2,1111.72,8.26,2024-08-01T00:00:00+00:00
31,8,2025-11-01,14552.18,12521.36,16583.0,ARIMA,1310.2,1111.72,8.26,2024-08-01T00:00:00+00:00
31,8,2025-12-01,14589.13,12492.8,16685.46,ARIMA,1310.2,1111.72,8.26,2024-08-01T00:00:00+00:00
32,8,2025-01-01,12288.08,10498.93,14077.23,ARIMA,1703.95,1396.05,12.3,2024-08-01T00:00:00+00:00
32,8,2025-02-01,12330.66,10456.31,14205.01,ARIMA,1703.95,1396.05,12.3,2024-08-01T00:00:00+00:00
32,8,2025-03-01,12373.25,10413.71,14332.79,ARIMA,1703.95,1396.05,12.3,2024-08-01T00:00:00+00:00
32,8,2025-04-01,12415.83,10371.09,14460.57,ARIMA,1703.95,1396.05,12.3,2024-08-01T00:00:00+00:00
32,8,2025-05-01,12458.42,10328.48,14588.36,ARIMA,1703.95,1396.05,12.3,2024-08-01T00:00:00+00:00
32,8,2025-06-01,12501.01,10285.87,14716.15,ARIMA,1703.95,1396.05,12.3,2024-08-01T00:00:00+00:00
32,8,2025-07-01,12543.59,10243.26,14843.92,ARIMA,1703.95,1396.05,12.3,2024-08-01T00:00:00+00:00
32,8,2025-08-01,12586.18,10200.65,14971.71,ARIMA,1703.95,1396.05,12.3,2024-08-01T00:00:00+00:00
32,8,2025-09-01,12628.76,10158.03,15099.49,ARIMA,1703.95,1396.05,12.3,2024-08-01T00:00:00+00:00
32,8,2025-10-01,12671.35,10115.42,15227.28,ARIMA,1703.95,1396.05,12.3,2024-08-01T00:00:00+00:00
32,8,2025-11-01,12713.94,10072.82,15355.06,ARIMA,1703.95,1396.05,12.3,2024-08-01T00:00:00+00:00
32,8,2025-12-01,12756.52,10030.2,15482.84,ARIMA,1703.95,1396.05,12.3,2024-08-01T00:00:00+00:00
33,8,2025-01-01,12514.48,10134.89,14894.07,ARIMA,2266.27,1911.21,16.44,2024-08-01T00:00:00+00:00
33,8,2025-02-01,12480.75,9987.85,14973.65,ARIMA,2266.27,1911.21,16.44,2024-08-01T00:00:00+00:00
33,8,2025-03-01,12447.01,9840.8,15053.22,ARIMA,2266.27,1911.21,16.44,2024-08-01T00:00:00+00:00
33,8,2025-04-01,12413.28,9693.75,15132.81,ARIMA,2266.27,1911.21,16.44,2024-08-01T00:00:00+00:00
33,8,2025-05-01,12379.55,9546.71,15212.39,ARIMA,2266.27,1911.21,16.44,2024-08-01T00:00:00+00:00
33,8,2025-06-01,12345.81,9399.65,15291.97,ARIMA,2266.27,1911.21,16.44,2024-08-01T00:00:00+00:00
33,8,2025-07-01,12312.08,9252.61,15371.55,ARIMA,2266.27,1911.21,16.44,2024-08-01T00:00:00+00:00
33,8,2025-08-01,12278.35,9105.57,15451.13,ARIMA,2266.27,1911.21,16.44,2024-08-01T00:00:00+00:00
33,8,2025-09-01,12244.62,8958.52,15530.72,ARIMA,2266.27,1911.21,16.44,2024-08-01T00:00:00+00:00
33,8,2025-10-01,12210.88,8811.47,15610.29,ARIMA,2266.27,1911.21,16.44,2024-08-01T00:00:00+00:00
33,8,2025-11-01,12177.15,8664.43,15689.87,ARIMA,2266.27,1911.21,16.44,2024-08-01T00:00:00+00:00
33,8,2025-12-01,12143.42,8517.38,15769.46,ARIMA,2266.27,1911.21,16.44,2024-08-01T00:00:00+00:00
34,8,2025-01-01,12552.68,10488.03,14617.33,ARIMA,1966.34,1704.09,13.4,2024-08-01T00:00:00+00:00
34,8,2025-02-01,12500.57,10337.6,14663.54,ARIMA,1966.34,1704.09,13.4,2024-08-01T00:00:00+00:00
34,8,2025-03-01,12448.46,10187.17,14709.75,ARIMA,1966.34,1704.09,13.4,2024-08-01T00:00:00+00:00
34,8,2025-04-01,12396.35,10036.75,14755.95,ARIMA,1966.34,1704.09,13.4,2024-08-01T00:00:00+00:00
34,8,2025-05-01,12344.24,9886.32,14802.16,ARIMA,1966.34,1704.09,13.4,2024-08-01T00:00:00+00:00
34,8,2025-06-01,12292.13,9735.89,14848.37,ARIMA,1966.34,1704.09,13.4,2024-08-01T00:00:00+00:00
34,8,2025-07-01,12240.02,9585.47,14894.57,ARIMA,1966.34,1704.09,13.4,2024-08-01T00:00:00+00:00
34,8,2025-08-01,12187.91,9435.04,14940.78,ARIMA,1966.34,1704.09,13.4,2024-08-01T00:00:00+00:00
34,8,2025-09-01,12135.8,9284.61,14986.99,ARIMA,1966.34,1704.09,13.4,2024-08-01T00:00:00+00:00
34,8,2025-10-01,12083.69,9134.18,15033.2,ARIMA,1966.34,1704.09,13.4,2024-08-01T00:00:00+00:00
34,8,2025-11-01,12031.58,8983.76,15079.4,ARIMA,1966.34,1704.09,13.4,2024-08-01T00:00:00+00:00
34,8,2025-12-01,11979.47,8833.33,15125.61,ARIMA,1966.34,1704.09,13.4,2024-08-01T00:00:00+00:00
35,8,2025-01-01,12120.36,10696.95,13543.77,ARIMA,1355.63,1059.01,8.15,2024-08-01T00:00:00+00:00
35,8,2025-02-01,11977.08,10485.88,13468.28,ARIMA,1355.63,1059.01,8.15,2024-08-01T00:00:00+00:00
35,8,2025-03-01,11833.8,10274.82,13392.78,ARIMA,1355.63,1059.01,8.15,2024-08-01T00:00:00+00:00
35,8,2025-04-01,11690.52,10063.76,13317.28,ARIMA,1355.63,1059.01,8.15,2024-08-01T00:00:00+00:00
35,8,2025-05-01,11547.24,9852.7,13241.78,ARIMA,1355.63,1059.01,8.15,2024-08-01T00:00:00+00:00
35,8,2025-06-01,11403.96,9641.64,13166.28,ARIMA,1355.63,1059.01,8.15,2024-08-01T00:00:00+00:00
35,8,2025-07-01,11260.68,9430.58,13090.78,ARIMA,1355.63,1059.01,8.15,2024-08-01T00:00:00+00:00
35,8,2025-08-01,11117.4,9219.51,13015.29,ARIMA,1355.63,1059.01,8.15,2024-08-01T00:00:00+00:00
35,8,2025-09-01,10974.12,9008.45,12939.79,ARIMA,1355.63,1059.01,8.15,2024-08-01T00:00:00+00:00
35,8,2025-10-01,10830.84,8797.39,12864.29,ARIMA,1355.63,1059.01,8.15,2024-08-01T00:00:00+00:00
35,8,2025-11-01,10687.56,8586.33,12788.79,ARIMA,1355.63,1059.01,8.15,2024-08-01T00:00:00+00:00
35,8,2025-12-01,10544.28,8375.27,12713.29,ARIMA,1355.63,1059.01,8.15,2024-08-01T00:00:00+00:00
36,8,2025-01-01,12887.79,11075.19,14700.39,ARIMA,1726.28,1421.21,11.74,2024-08-01T00:00:00+00:00
36,8,2025-02-01,12925.26,11026.35,14824.17,ARIMA,1726.28,1421.21,11.74,2024-08-01T00:00:00+00:00
36,8,2025-03-01,12962.73,10977.51,14947.95,ARIMA,1726.28,1421.21,11.74,2024-08-01T00:00:00+00:00
36,8,2025-04-01,13000.2,10928.66,15071.74,ARIMA,1726.28,1421.21,11.74,2024-08-01T00:00:00+00:00
36,8,2025-05-01,13037.67,10879.82,15195.52,ARIMA,1726.28,1421.21,11.74,2024-08-01T00:00:00+00:00
36,8,2025-06-01,13075.14,10830.97,15319.31,ARIMA,1726.28,1421.21,11.74,2024-08-01T00:00:00+00:00
36,8,2025-07-01,13112.61,10782.13,15443.09,ARIMA,1726.28,1421.21,11.74,2024-08-01T00:00:00+00:00
36,8,2025-08-01,13150.08,10733.29,15566.87,ARIMA,1726.28,1421.21,11.74,2024-08-01T00:00:00+00:00
36,8,2025-09-01,13187.55,10684.44,15690.66,ARIMA,1726.28,1421.21,11.74,2024-08-01T00:00:00+00:00
36,8,2025-10-01,13225.02,10635.6,15814.44,ARIMA,1726.28,1421.21,11.74,2024-08-01T00:00:00+00:00
36,8,2025-11-01,13262.49,10586.75,15938.23,ARIMA,1726.28,1421.21,11.74,2024-08-01T00:00:00+00:00
36,8,2025-12-01,13299.96,10537.91,16062.01,ARIMA,1726.28,1421.21,11.74,2024-08-01T00:00:00+00:00
37,8,2025-01-01,12827.87,10981.58,14674.16,ARIMA,1758.37,1443.89,11.79,2024-08-01T00:00:00+00:00
37,8,2025-02-01,12820.32,10886.11,14754.53,ARIMA,1758.37,1443.89,11.79,2024-08-01T00:00:00+00:00
37,8,2025-03-01,12812.78,10790.65,14834.91,ARIMA,1758.37,1443.89,11.79,2024-08-01T00:00:00+00:00
37,8,2025-04-01,12805.23,10695.18,14915.28,ARIMA,1758.37,1443.89,11.79,2024-08-01T00:00:00+00:00
37,8,2025-05-01,12797.69,10599.72,14995.66,ARIMA,1758.37,1443.89,11.79,2024-08-01T00:00:00+00:00
37,8,2025-06-01,12790.14,10504.25,15076.03,ARIMA,1758.37,1443.89,11.79,2024-08-01T00:00:00+00:00
37,8,2025-07-01,12782.6,10408.79,15156.41,ARIMA,1758.37,1443.89,11.79,2024-08-01T00:00:00+00:00
37,8,2025-08-01,12775.05,10313.33,15236.77,ARIMA,1758.37,1443.89,11.79,2024-08-01T00:00:00+00:00
37,8,2025-09-01,12767.51,10217.87,15317.15,ARIMA,1758.37,1443.89,11.79,2024-08-01T00:00:00+00:00
37,8,2025-10-01,12759.96,10122.4,15397.52,ARIMA,1758.37,1443.89,11.79,2024-08-01T00:00:00+00:00
37,8,2025-11-01,12752.42,10026.94,15477.9,ARIMA,1758.37,1443.89,11.79,2024-08-01T00:00:00+00:00
37,8,2025-12-01,12744.87,9931.47,15558.27,ARIMA,1758.37,1443.89,11.79,2024-08-01T00:00:00+00:00
38,8,2025-01-01,12132.55,9676.34,14588.76,ARIMA,2339.25,2007.09,16.47,2024-08-01T00:00:00+00:00
38,8,2025-02-01,12082.2,9509.03,14655.37,ARIMA,2339.25,2007.09,16.47,2024-08-01T00:00:00+00:00
38,8,2025-03-01,12031.85,9341.71,14721.99,ARIMA,2339.25,2007.09,16.47,2024-08-01T00:00:00+00:00
38,8,2025-04-01,11981.5,9174.4,14788.6,ARIMA,2339.25,2007.09,16.47,2024-08-01T00:00:00+00:00
38,8,2025-05-01,11931.15,9007.09,14855.21,ARIMA,2339.25,2007.09,16.47,2024-08-01T00:00:00+00:00
38,8,2025-06-01,11880.8,8839.78,14921.82,ARIMA,2339.25,2007.09,16.47,2024-08-01T00:00:00+00:00
38,8,2025-07-01,11830.45,8672.46,14988.44,ARIMA,2339.25,2007.09,16.47,2024-08-01T00:00:00+00:00
38,8,2025-08-01,11780.1,8505.15,15055.05,ARIMA,2339.25,2007.09,16.47,2024-08-01T00:00:00+00:00
38,8,2025-09-01,11729.75,8337.84,15121.66,ARIMA,2339.25,2007.09,16.47,2024-08-01T00:00:00+00:00
38,8,2025-10-01,11679.4,8170.53,15188.27,ARIMA,2339.25,2007.09,16.47,2024-08-01T00:00:00+00:00
38,8,2025-11-01,11629.05,8003.22,15254.88,ARIMA,2339.25,2007.09,16.47,2024-08-01T00:00:00+00:00
38,8,2025-12-01,11578.7,7835.9,15321.5,ARIMA,2339.25,2007.09,16.47,2024-08-01T00:00:00+00:00
39,8,2025-01-01,12182.68,10083.01,14282.35,ARIMA,1999.68,1544.38,12.99,2024-08-01T00:00:00+00:00
39,8,2025-02-01,12135.74,9936.09,14335.39,ARIMA,1999.68,1544.38,12.99,2024-08-01T00:00:00+00:00
39,8,2025-03-01,12088.8,9789.16,14388.44,ARIMA,1999.68,1544.38,12.99,2024-08-01T00:00:00+00:00
39,8,2025-04-01,12041.86,9642.24,14441.48,ARIMA,1999.68,1544.38,12.99,2024-08-01T00:00:00+00:00
39,8,2025-05-01,11994.91,9495.3,14494.52,ARIMA,1999.68,1544.38,12.99,2024-08-01T00:00:00+00:00
39,8,2025-06-01,11947.97,9348.38,14547.56,ARIMA,1999.68,1544.38,12.99,2024-08-01T00:00:00+00:00
39,8,2025-07-01,11901.03,9201.46,14600.6,ARIMA,1999.68,1544.38,12.99,2024-08-01T00:00:00+00:00
39,8,2025-08-01,11854.08,9054.52,14653.64,ARIMA,1999.68,1544.38,12.99,2024-08-01T00:00:00+00:00
39,8,2025-09-01,11807.14,8907.6,14706.68,ARIMA,1999.68,1544.38,12.99,2024-08-01T00:00:00+00:00
39,8,2025-10-01,11760.2,8760.67,14759.73,ARIMA,1999.68,1544.38,12.99,2024-08-01T00:00:00+00:00
39,8,2025-11-01,11713.26,8613.75,14812.77,ARIMA,1999.68,1544.38,12.99,2024-08-01T00:00:00+00:00
39,8,2025-12-01,11666.31,8466.81,14865.81,ARIMA,1999.68,1544.38,12.99,2024-08-01T00:00:00+00:00
40,8,2025-01-01,12874.42,10621.1,15127.74,ARIMA,2146.02,1398.97,10.3,2024-08-01T00:00:00+00:00
40,8,2025-02-01,12953.47,10592.84,15314.1,ARIMA,2146.02,1398.97,10.3,2024-08-01T00:00:00+00:00
40,8,2025-03-01,13032.51,10564.58,15500.44,ARIMA,2146.02,1398.97,10.3,2024-08-01T00:00:00+00:00
40,8,2025-04-01,13111.56,10536.33,15686.79,ARIMA,2146.02,1398.97,10.3,2024-08-01T00:00:00+00:00
40,8,2025-05-01,13190.61,10508.08,15873.14,ARIMA,2146.02,1398.97,10.3,2024-08-01T00:00:00+00:00
40,8,2025-06-01,13269.65,10479.82,16059.48,ARIMA,2146.02,1398.97,10.3,2024-08-01T00:00:00+00:00
40,8,2025-07-01,13348.7,10451.57,16245.83,ARIMA,2146.02,1398.97,10.3,2024-08-01T00:00:00+00:00
40,8,2025-08-01,13427.74,10423.31,16432.17,ARIMA,2146.02,1398.97,10.3,2024-08-01T00:00:00+00:00
40,8,2025-09-01,13506.79,10395.06,16618.52,ARIMA,2146.02,1398.97,10.3,2024-08-01T00:00:00+00:00
40,8,2025-10-01,13585.84,10366.81,16804.87,ARIMA,2146.02,1398.97,10.3,2024-08-01T00:00:00+00:00
40,8,2025-11-01,13664.88,10338.54,16991.22,ARIMA,2146.02,1398.97,10.3,2024-08-01T00:00:00+00:00
40,8,2025-12-01,13743.93,10310.29,17177.57,ARIMA,2146.02,1398.97,10.3,2024-08-01T00:00:00+00:00
41,8,2025-01-01,12730.78,11430.89,14030.67,ARIMA,1237.99,1035.37,8.39,2024-08-01T00:00:00+00:00
41,8,2025-02-01,12588.6,11226.81,13950.39,ARIMA,1237.99,1035.37,8.39,2024-08-01T00:00:00+00:00
41,8,2025-03-01,12446.42,11022.73,13870.11,ARIMA,1237.99,1035.37,8.39,2024-08-01T00:00:00+00:00
41,8,2025-04-01,12304.24,10818.65,13789.83,ARIMA,1237.99,1035.37,8.39,2024-08-01T00:00:00+00:00
41,8,2025-05-01,12162.06,10614.57,13709.55,ARIMA,1237.99,1035.37,8.39,2024-08-01T00:00:00+00:00
41,8,2025-06-01,12019.88,10410.49,13629.27,ARIMA,1237.99,1035.37,8.39,2024-08-01T00:00:00+00:00
41,8,2025-07-01,11877.7,10206.41,13548.99,ARIMA,1237.99,1035.37,8.39,2024-08-01T00:00:00+00:00
41,8,2025-08-01,11735.52,10002.33,13468.71,ARIMA,1237.99,1035.37,8.39,2024-08-01T00:00:00+00:00
41,8,2025-09-01,11593.35,9798.26,13388.44,ARIMA,1237.99,1035.37,8.39,2024-08-01T00:00:00+00:00
41,8,2025-10-01,11451.17,9594.18,13308.16,ARIMA,1237.99,1035.37,8.39,2024-08-01T00:00:00+00:00
41,8,2025-11-01,11308.99,9390.1,13227.88,ARIMA,1237.99,1035.37,8.39,2024-08-01T00:00:00+00:00
41,8,2025-12-01,11166.81,9186.02,13147.6,ARIMA,1237.99,1035.37,8.39,2024-08-01T00:00:00+00:00
42,8,2025-01-01,12432.8,10215.24,14650.36,ARIMA,2111.96,1653.36,14.54,2024-08-01T00:00:00+00:00
42,8,2025-02-01,12428.56,10105.4,14751.72,ARIMA,2111.96,1653.36,14.54,2024-08-01T00:00:00+00:00
42,8,2025-03-01,12424.32,9995.56,14853.08,ARIMA,2111.96,1653.36,14.54,2024-08-01T00:00:00+00:00
42,8,2025-04-01,12420.08,9885.72,14954.44,ARIMA,2111.96,1653.36,14.54,2024-08-01T00:00:00+00:00
42,8,2025-05-01,12415.84,9775.89,15055.79,ARIMA,2111.96,1653.36,14.54,2024-08-01T00:00:00+00:00
42,8,2025-06-01,12411.61,9666.06,15157.16,ARIMA,2111.96,1653.36,14.54,2024-08-01T00:00:00+00:00
42,8,2025-07-01,12407.37,9556.22,15258.52,ARIMA,2111.96,1653.36,14.54,2024-08-01T00:00:00+00:00
42,8,2025-08-01,12403.13,9446.38,15359.88,ARIMA,2111.96,1653.36,14.54,2024-08-01T00:00:00+00:00
42,8,2025-09-01,12398.89,9336.54,15461.24,ARIMA,2111.96,1653.36,14.54,2024-08-01T00:00:00+00:00
42,8,2025-10-01,12394.65,9226.7,15562.6,ARIMA,2111.96,1653.36,14.54,2024-08-01T00:00:00+00:00
42,8,2025-11-01,12390.41,9116.87,15663.95,ARIMA,2111.96,1653.36,14.54,2024-08-01T00:00:00+00:00
42,8,2025-12-01,12386.17,9007.03,15765.31,ARIMA,2111.96,1653.36,14.54,2024-08-01T00:00:00+00:00
43,8,2025-01-01,13293.73,10366.94,16220.52,ARIMA,2787.42,2554.29,20.12,2024-08-01T00:00:00+00:00
43,8,2025-02-01,13342.26,10276.1,16408.42,ARIMA,2787.42,2554.29,20.12,2024-08-01T00:00:00+00:00
43,8,2025-03-01,13390.79,10185.26,16596.32,ARIMA,2787.42,2554.29,20.12,2024-08-01T00:00:00+00:00
43,8,2025-04-01,13439.32,10094.41,16784.23,ARIMA,2787.42,2554.29,20.12,2024-08-01T00:00:00+00:00
43,8,2025-05-01,13487.85,10003.57,16972.13,ARIMA,2787.42,2554.29,20.12,2024-08-01T00:00:00+00:00
43,8,2025-06-01,13536.38,9912.73,17160.03,ARIMA,2787.42,2554.29,20.12,2024-08-01T00:00:00+00:00
43,8,2025-07-01,13584.91,9821.89,17347.93,ARIMA,2787.42,2554.29,20.12,2024-08-01T00:00:00+00:00
43,8,2025-08-01,13633.44,9731.05,17535.83,ARIMA,2787.42,2554.29,20.12,2024-08-01T00:00:00+00:00
43,8,2025-09-01,13681.97,9640.21,17723.73,ARIMA,2787.42,2554.29,20.12,2024-08-01T00:00:00+00:00
43,8,2025-10-01,13730.5,9549.37,17911.63,ARIMA,2787.42,2554.29,20.12,2024-08-01T00:00:00+00:00
43,8,2025-11-01,13779.03,9458.53,18099.53,ARIMA,2787.42,2554.29,20.12,2024-08-01T00:00:00+00:00
43,8,2025-12-01,13827.56,9367.69,18287.43,ARIMA,2787.42,2554.29,20.12,2024-08-01T00:00:00+00:00
44,8,2025-01-01,12741.0,9911.31,15570.69,ARIMA,2694.94,2165.98,17.86,2024-08-01T00:00:00+00:00
44,8,2025-02-01,12850.7,9886.26,15815.14,ARIMA,2694.94,2165.98,17.86,2024-08-01T00:00:00+00:00
44,8,2025-03-01,12960.4,9861.22,16059.58,ARIMA,2694.94,2165.98,17.86,2024-08-01T00:00:00+00:00
44,8,2025-04-01,13070.1,9836.17,16304.03,ARIMA,2694.94,2165.98,17.86,2024-08-01T00:00:00+00:00
44,8,2025-05-01,13179.8,9811.12,16548.48,ARIMA,2694.94,2165.98,17.86,2024-08-01T00:00:00+00:00
44,8,2025-06-01,13289.5,9786.07,16792.93,ARIMA,2694.94,2165.98,17.86,2024-08-01T00:00:00+00:00
44,8,2025-07-01,13399.2,9761.03,17037.37,ARIMA,2694.94,2165.98,17.86,2024-08-01T00:00:00+00:00
44,8,2025-08-01,13508.9,9735.98,17281.82,ARIMA,2694.94,2165.98,17.86,2024-08-01T00:00:00+00:00
44,8,2025-09-01,13618.61,9710.94,17526.28,ARIMA,2694.94,2165.98,17.86,2024-08-01T00:00:00+00:00
44,8,2025-10-01,13728.31,9685.9,17770.72,ARIMA,2694.94,2165.98,17.86,2024-08-01T00:00:00+00:00
44,8,2025-11-01,13838.01,9660.85,18015.17,ARIMA,2694.94,2165.98,17.86,2024-08-01T00:00:00+00:00
44,8,2025-12-01,13947.71,9635.8,18259.62,ARIMA,2694.94,2165.98,17.86,2024-08-01T00:00:00+00:00
45,8,2025-01-01,13203.9,11605.09,14802.71,ARIMA,1522.67,1317.86,10.09,2024-08-01T00:00:00+00:00
45,8,2025-02-01,13166.92,11491.98,14841.86,ARIMA,1522.67,1317.86,10.09,2024-08-01T00:00:00+00:00
45,8,2025-03-01,13129.94,11378.87,14881.01,ARIMA,1522.67,1317.86,10.09,2024-08-01T00:00:00+00:00
45,8,2025-04-01,13092.96,11265.75,14920.17,ARIMA,1522.67,1317.86,10.09,2024-08-01T00:00:00+00:00
45,8,2025-05-01,13055.98,11152.64,14959.32,ARIMA,1522.67,1317.86,10.09,2024-08-01T00:00:00+00:00
45,8,2025-06-01,13019.0,11039.53,14998.47,ARIMA,1522.67,1317.86,10.09,2024-08-01T00:00:00+00:00
45,8,2025-07-01,12982.02,10926.41,15037.63,ARIMA,1522.67,1317.86,10.09,2024-08-01T00:00:00+00:00
45,8,2025-08-01,12945.04,10813.3,15076.78,ARIMA,1522.67,1317.86,10.09,2024-08-01T00:00:00+00:00
45,8,2025-09-01,12908.06,10700.19,15115.93,ARIMA,1522.67,1317.86,10.09,2024-08-01T00:00:00+00:00
45,8,2025-10-01,12871.08,10587.07,15155.09,ARIMA,1522.67,1317.86,10.09,2024-08-01T00:00:00+00:00
45,8,2025-11-01,12834.1,10473.96,15194.24,ARIMA,1522.67,1317.86,10.09,2024-08-01T00:00:00+00:00
45,8,2025-12-01,12797.12,10360.84,15233.4,ARIMA,1522.67,1317.86,10.09,2024-08-01T00:00:00+00:00
46,8,2025-01-01,12265.65,10467.41,14063.89,ARIMA,1712.61,1295.94,10.65,2024-08-01T00:00:00+00:00
46,8,2025-02-01,12214.24,10330.37,14098.11,ARIMA,1712.61,1295.94,10.65,2024-08-01T00:00:00+00:00
46,8,2025-03-01,12162.83,10193.33,14132.33,ARIMA,1712.61,1295.94,10.65,2024-08-01T00:00:00+00:00
46,8,2025-04-01,12111.43,10056.3,14166.56,ARIMA,1712.61,1295.94,10.65,2024-08-01T00:00:00+00:00
46,8,2025-05-01,12060.02,9919.26,14200.78,ARIMA,1712.61,1295.94,10.65,2024-08-01T00:00:00+00:00
46,8,2025-06-01,12008.61,9782.22,14235.0,ARIMA,1712.61,1295.94,10.65,2024-08-01T00:00:00+00:00
46,8,2025-07-01,11957.2,9645.18,14269.22,ARIMA,1712.61,1295.94,10.65,2024-08-01T00:00:00+00:00
46,8,2025-08-01,11905.79,9508.14,14303.44,ARIMA,1712.61,1295.94,10.65,2024-08-01T00:00:00+00:00
46,8,2025-09-01,11854.39,9371.11,14337.67,ARIMA,1712.61,1295.94,10.65,2024-08-01T00:00:00+00:00
46,8,2025-10-01,11802.98,9234.07,14371.89,ARIMA,1712.61,1295.94,10.65,2024-08-01T00:00:00+00:00
46,8,2025-11-01,11751.57,9097.03,14406.11,ARIMA,1712.61,1295.94,10.65,2024-08-01T00:00:00+00:00
46,8,2025-12-01,11700.16,8959.99,14440.33,ARIMA,1712.61,1295.94,10.65,2024-08-01T00:00:00+00:00
47,8,2025-01-01,11782.64,9660.63,13904.65,ARIMA,2020.96,1624.3,13.79,2024-08-01T00:00:00+00:00
47,8,2025-02-01,11671.59,9448.54,13894.64,ARIMA,2020.96,1624.3,13.79,2024-08-01T00:00:00+00:00
47,8,2025-03-01,11560.55,9236.45,13884.65,ARIMA,2020.96,1624.3,13.79,2024-08-01T00:00:00+00:00
47,8,2025-04-01,11449.51,9024.36,13874.66,ARIMA,2020.96,1624.3,13.79,2024-08-01T00:00:00+00:00
47,8,2025-05-01,11338.47,8812.27,13864.67,ARIMA,2020.96,1624.3,13.79,2024-08-01T00:00:00+00:00
47,8,2025-06-01,11227.42,8600.17,13854.67,ARIMA,2020.96,1624.3,13.79,2024-08-01T00:00:00+00:00
47,8,2025-07-01,11116.38,8388.09,13844.67,ARIMA,2020.96,1624.3,13.79,2024-08-01T00:00:00+00:00
47,8,2025-08-01,11005.34,8176.0,13834.68,ARIMA,2020.96,1624.3,13.79,2024-08-01T00:00:00+00:00
47,8,2025-09-01,10894.3,7963.91,13824.69,ARIMA,2020.96,1624.3,13.79,2024-08-01T00:00:00+00:00
47,8,2025-10-01,10783.26,7751.82,13814.7,ARIMA,2020.96,1624.3,13.79,2024-08-01T00:00:00+00:00
47,8,2025-11-01,10672.21,7539.72,13804.7,ARIMA,2020.96,1624.3,13.79,2024-08-01T00:00:00+00:00
47,8,2025-12-01,10561.17,7327.64,13794.7,ARIMA,2020.96,1624.3,13.79,2024-08-01T00:00:00+00:00
48,8,2025-01-01,11809.68,9777.27,13842.09,ARIMA,1935.63,1681.55,13.8,2024-08-01T00:00:00+00:00
48,8,2025-02-01,11770.09,9640.9,13899.28,ARIMA,1935.63,1681.55,13.8,2024-08-01T00:00:00+00:00
48,8,2025-03-01,11730.49,9504.52,13956.46,ARIMA,1935.63,1681.55,13.8,2024-08-01T00:00:00+00:00
48,8,2025-04-01,11690.9,9368.15,14013.65,ARIMA,1935.63,1681.55,13.8,2024-08-01T00:00:00+00:00
48,8,2025-05-01,11651.31,9231.78,14070.84,ARIMA,1935.63,1681.55,13.8,2024-08-01T00:00:00+00:00
48,8,2025-06-01,11611.71,9095.4,14128.02,ARIMA,1935.63,1681.55,13.8,2024-08-01T00:00:00+00:00
48,8,2025-07-01,11572.12,8959.02,14185.22,ARIMA,1935.63,1681.55,13.8,2024-08-01T00:00:00+00:00
48,8,2025-08-01,11532.53,8822.65,14242.41,ARIMA,1935.63,1681.55,13.8,2024-08-01T00:00:00+00:00
48,8,2025-09-01,11492.93,8686.27,14299.59,ARIMA,1935.63,1681.55,13.8,2024-08-01T00:00:00+00:00
48,8,2025-10-01,11453.34,8549.9,14356.78,ARIMA,1935.63,1681.55,13.8,2024-08-01T00:00:00+00:00
48,8,2025-11-01,11413.75,8413.53,14413.97,ARIMA,1935.63,1681.55,13.8,2024-08-01T00:00:00+00:00
48,8,2025-12-01,11374.15,8277.15,14471.15,ARIMA,1935.63,1681.55,13.8,2024-08-01T00:00:00+00:00
49,8,2025-01-01,13867.42,11496.62,16238.22,ARIMA,2257.91,1758.43,12.82,2024-08-01T00:00:00+00:00
49,8,2025-02-01,13905.44,11421.74,16389.14,ARIMA,2257.91,1758.43,12.82,2024-08-01T00:00:00+00:00
49,8,2025-03-01,13943.46,11346.87,16540.05,ARIMA,2257.91,1758.43,12.82,2024-08-01T00:00:00+00:00
49,8,2025-04-01,13981.48,11271.99,16690.97,ARIMA,2257.91,1758.43,12.82,2024-08-01T00:00:00+00:00
49,8,2025-05-01,14019.5,11197.12,16841.88,ARIMA,2257.91,1758.43,12.82,2024-08-01T00:00:00+00:00
49,8,2025-06-01,14057.52,11122.24,16992.8,ARIMA,2257.91,1758.43,12.82,2024-08-01T00:00:00+00:00
49,8,2025-07-01,14095.54,11047.36,17143.72,ARIMA,2257.91,1758.43,12.82,2024-08-01T00:00:00+00:00
49,8,2025-08-01,14133.56,10972.49,17294.63,ARIMA,2257.91,1758.43,12.82,2024-08-01T00:00:00+00:00
49,8,2025-09-01,14171.58,10897.61,17445.55,ARIMA,2257.91,1758.43,12.82,2024-08-01T00:00:00+00:00
49,8,2025-10-01,14209.6,10822.74,17596.46,ARIMA,2257.91,1758.43,12.82,2024-08-01T00:00:00+00:00
49,8,2025-11-01,14247.62,10747.86,17747.38,ARIMA,2257.91,1758.43,12.82,2024-08-01T00:00:00+00:00
49,8,2025-12-01,14285.64,10672.99,17898.29,ARIMA,2257.91,1758.43,12.82,2024-08-01T00:00:00+00:00
50,8,2025-01-01,12389.31,10064.03,14714.59,ARIMA,2214.55,1895.86,16.64,2024-08-01T00:00:00+00:00
50,8,2025-02-01,12364.7,9928.69,14800.71,ARIMA,2214.55,1895.86,16.64,2024-08-01T00:00:00+00:00
50,8,2025-03-01,12340.09,9793.35,14886.83,ARIMA,2214.55,1895.86,16.64,2024-08-01T00:00:00+00:00
50,8,2025-04-01,12315.49,9658.02,14972.96,ARIMA,2214.55,1895.86,16.64,2024-08-01T00:00:00+00:00
50,8,2025-05-01,12290.88,9522.69,15059.07,ARIMA,2214.55,1895.86,16.64,2024-08-01T00:00:00+00:00
50,8,2025-06-01,12266.27,9387.35,15145.19,ARIMA,2214.55,1895.86,16.64,2024-08-01T00:00:00+00:00
50,8,2025-07-01,12241.66,9252.01,15231.31,ARIMA,2214.55,1895.86,16.64,2024-08-01T00:00:00+00:00
50,8,2025-08-01,12217.06,9116.68,15317.44,ARIMA,2214.55,1895.86,16.64,2024-08-01T00:00:00+00:00
50,8,2025-09-01,12192.45,8981.35,15403.55,ARIMA,2214.55,1895.86,16.64,2024-08-01T00:00:00+00:00
50,8,2025-10-01,12167.84,8846.01,15489.67,ARIMA,2214.55,1895.86,16.64,2024-08-01T00:00:00+00:00
50,8,2025-11-01,12143.23,8710.67,15575.79,ARIMA,2214.55,1895.86,16.64,2024-08-01T00:00:00+00:00
50,8,2025-12-01,12118.63,8575.34,15661.92,ARIMA,2214.55,1895.86,16.64,2024-08-01T00:00:00+00:00
51,8,2025-01-01,12178.44,10279.04,14077.84,ARIMA,1808.96,1342.29,12.21,2024-08-01T00:00:00+00:00
51,8,2025-02-01,12132.41,10142.56,14122.26,ARIMA,1808.96,1342.29,12.21,2024-08-01T00:00:00+00:00
51,8,2025-03-01,12086.39,10006.09,14166.69,ARIMA,1808.96,1342.29,12.21,2024-08-01T00:00:00+00:00
51,8,2025-04-01,12040.36,9869.61,14211.11,ARIMA,1808.96,1342.29,12.21,2024-08-01T00:00:00+00:00
51,8,2025-05-01,11994.34,9733.15,14255.53,ARIMA,1808.96,1342.29,12.21,2024-08-01T00:00:00+00:00
51,8,2025-06-01,11948.31,9596.67,14299.95,ARIMA,1808.96,1342.29,12.21,2024-08-01T00:00:00+00:00
51,8,2025-07-01,11902.28,9460.19,14344.37,ARIMA,1808.96,1342.29,12.21,2024-08-01T00:00:00+00:00
51,8,2025-08-01,11856.26,9323.72,14388.8,ARIMA,1808.96,1342.29,12.21,2024-08-01T00:00:00+00:00
51,8,2025-09-01,11810.23,9187.24,14433.22,ARIMA,1808.96,1342.29,12.21,2024-08-01T00:00:00+00:00
51,8,2025-10-01,11764.21,9050.78,14477.64,ARIMA,1808.96,1342.29,12.21,2024-08-01T00:00:00+00:00
51,8,2025-11-01,11718.18,8914.3,14522.06,ARIMA,1808.96,1342.29,12.21,2024-08-01T00:00:00+00:00
51,8,2025-12-01,11672.15,8777.82,14566.48,ARIMA,1808.96,1342.29,12.21,2024-08-01T00:00:00+00:00
52,8,2025-01-01,13516.85,11838.67,15195.03,ARIMA,1598.27,1201.14,9.61,2024-08-01T00:00:00+00:00
52,8,2025-02-01,13530.9,11772.8,15289.0,ARIMA,1598.27,1201.14,9.61,2024-08-01T00:00:00+00:00
52,8,2025-03-01,13544.94,11706.93,15382.95,ARIMA,1598.27,1201.14,9.61,2024-08-01T00:00:00+00:00
52,8,2025-04-01,13558.98,11641.05,15476.91,ARIMA,1598.27,1201.14,9.61,2024-08-01T00:00:00+00:00
52,8,2025-05-01,13573.03,11575.19,15570.87,ARIMA,1598.27,1201.14,9.61,2024-08-01T00:00:00+00:00
52,8,2025-06-01,13587.07,11509.32,15664.82,ARIMA,1598.27,1201.14,9.61,2024-08-01T00:00:00+00:00
52,8,2025-07-01,13601.11,11443.44,15758.78,ARIMA,1598.27,1201.14,9.61,2024-08-01T00:00:00+00:00
52,8,2025-08-01,13615.16,11377.58,15852.74,ARIMA,1598.27,1201.14,9.61,2024-08-01T00:00:00+00:00
52,8,2025-09-01,13629.2,11311.71,15946.69,ARIMA,1598.27,1201.14,9.61,2024-08-01T00:00:00+00:00
52,8,2025-10-01,13643.24,11245.83,16040.65,ARIMA,1598.27,1201.14,9.61,2024-08-01T00:00:00+00:00
52,8,2025-11-01,13657.29,11179.97,16134.61,ARIMA,1598.27,1201.14,9.61,2024-08-01T00:00:00+00:00
52,8,2025-12-01,13671.33,11114.1,16228.56,ARIMA,1598.27,1201.14,9.61,2024-08-01T00:00:00+00:00
53,8,2025-01-01,13347.52,10866.34,15828.7,ARIMA,2363.02,1980.64,14.89,2024-08-01T00:00:00+00:00
53,8,2025-02-01,13354.63,10755.3,15953.96,ARIMA,2363.02,1980.64,14.89,2024-08-01T00:00:00+00:00
53,8,2025-03-01,13361.75,10644.27,16079.23,ARIMA,2363.02,1980.64,14.89,2024-08-01T00:00:00+00:00
53,8,2025-04-01,13368.86,10533.23,16204.49,ARIMA,2363.02,1980.64,14.89,2024-08-01T00:00:00+00:00
53,8,2025-05-01,13375.98,10422.2,16329.76,ARIMA,2363.02,1980.64,14.89,2024-08-01T00:00:00+00:00
53,8,2025-06-01,13383.09,10311.16,16455.02,ARIMA,2363.02,1980.64,14.89,2024-08-01T00:00:00+00:00
53,8,2025-07-01,13390.21,10200.13,16580.29,ARIMA,2363.02,1980.64,14.89,2024-08-01T00:00:00+00:00
53,8,2025-08-01,13397.32,10089.09,16705.55,ARIMA,2363.02,1980.64,14.89,2024-08-01T00:00:00+00:00
53,8,2025-09-01,13404.44,9978.05,16830.83,ARIMA,2363.02,1980.64,14.89,2024-08-01T00:00:00+00:00
53,8,2025-10-01,13411.55,9867.01,16956.09,ARIMA,2363.02,1980.64,14.89,2024-08-01T00:00:00+00:00
53,8,2025-11-01,13418.67,9755.98,17081.36,ARIMA,2363.02,1980.64,14.89,2024-08-01T00:00:00+00:00
53,8,2025-12-01,13425.78,9644.94,17206.62,ARIMA,2363.02,1980.64,14.89,2024-08-01T00:00:00+00:00
54,8,2025-01-01,12730.57,10760.62,14700.52,ARIMA,1876.15,1695.43,13.55,2024-08-01T00:00:00+00:00
54,8,2025-02-01,12739.27,10675.51,14803.03,ARIMA,1876.15,1695.43,13.55,2024-08-01T00:00:00+00:00
54,8,2025-03-01,12747.96,10590.39,14905.53,ARIMA,1876.15,1695.43,13.55,2024-08-01T00:00:00+00:00
54,8,2025-04-01,12756.65,10505.27,15008.03,ARIMA,1876.15,1695.43,13.55,2024-08-01T00:00:00+00:00
54,8,2025-05-01,12765.35,10420.17,15110.53,ARIMA,1876.15,1695.43,13.55,2024-08-01T00:00:00+00:00
54,8,2025-06-01,12774.04,10335.05,15213.03,ARIMA,1876.15,1695.43,13.55,2024-08-01T00:00:00+00:00
54,8,2025-07-01,12782.73,10249.93,15315.53,ARIMA,1876.15,1695.43,13.55,2024-08-01T00:00:00+00:00
54,8,2025-08-01,12791.42,10164.81,15418.03,ARIMA,1876.15,1695.43,13.55,2024-08-01T00:00:00+00:00
54,8,2025-09-01,12800.12,10079.71,15520.53,ARIMA,1876.15,1695.43,13.55,2024-08-01T00:00:00+00:00
54,8,2025-10-01,12808.81,9994.59,15623.03,ARIMA,1876.15,1695.43,13.55,2024-08-01T00:00:00+00:00
54,8,2025-11-01,12817.5,9909.47,15725.53,ARIMA,1876.15,1695.43,13.55,2024-08-01T00:00:00+00:00
54,8,2025-12-01,12826.2,9824.37,15828.03,ARIMA,1876.15,1695.43,13.55,2024-08-01T00:00:00+00:00
55,8,2025-01-01,12667.82,10187.04,15148.6,ARIMA,2362.65,2014.83,18.0,2024-08-01T00:00:00+00:00
55,8,2025-02-01,12745.12,10146.21,15344.03,ARIMA,2362.65,2014.83,18.0,2024-08-01T00:00:00+00:00
55,8,2025-03-01,12822.43,10105.38,15539.48,ARIMA,2362.65,2014.83,18.0,2024-08-01T00:00:00+00:00
55,8,2025-04-01,12899.74,10064.56,15734.92,ARIMA,2362.65,2014.83,18.0,2024-08-01T00:00:00+00:00
55,8,2025-05-01,12977.04,10023.73,15930.35,ARIMA,2362.65,2014.83,18.0,2024-08-01T00:00:00+00:00
55,8,2025-06-01,13054.35,9982.91,16125.79,ARIMA,2362.65,2014.83,18.0,2024-08-01T00:00:00+00:00
55,8,2025-07-01,13131.66,9942.08,16321.24,ARIMA,2362.65,2014.83,18.0,2024-08-01T00:00:00+00:00
55,8,2025-08-01,13208.96,9901.25,16516.67,ARIMA,2362.65,2014.83,18.0,2024-08-01T00:00:00+00:00
55,8,2025-09-01,13286.27,9860.43,16712.11,ARIMA,2362.65,2014.83,18.0,2024-08-01T00:00:00+00:00
55,8,2025-10-01,13363.58,9819.61,16907.55,ARIMA,2362.65,2014.83,18.0,2024-08-01T00:00:00+00:00
55,8,2025-11-01,13440.88,9778.77,17102.99,ARIMA,2362.65,2014.83,18.0,2024-08-01T00:00:00+00:00
55,8,2025-12-01,13518.19,9737.95,17298.43,ARIMA,2362.65,2014.83,18.0,2024-08-01T00:00:00+00:00
56,8,2025-01-01,12218.54,10822.04,13615.04,ARIMA,1330.0,1218.6,10.11,2024-08-01T00:00:00+00:00
56,8,2025-02-01,12277.94,10814.94,13740.94,ARIMA,1330.0,1218.6,10.11,2024-08-01T00:00:00+00:00
56,8,2025-03-01,12337.33,10807.83,13866.83,ARIMA,1330.0,1218.6,10.11,2024-08-01T00:00:00+00:00
56,8,2025-04-01,12396.73,10800.73,13992.73,ARIMA,1330.0,1218.6,10.11,2024-08-01T00:00:00+00:00
56,8,2025-05-01,12456.13,10793.63,14118.63,ARIMA,1330.0,1218.6,10.11,2024-08-01T00:00:00+00:00
56,8,2025-06-01,12515.52,10786.52,14244.52,ARIMA,1330.0,1218.6,10.11,2024-08-01T00:00:00+00:00
56,8,2025-07-01,12574.92,10779.42,14370.42,ARIMA,1330.0,1218.6,10.11,2024-08-01T00:00:00+00:00
56,8,2025-08-01,12634.31,10772.31,14496.31,ARIMA,1330.0,1218.6,10.11,2024-08-01T00:00:00+00:00
56,8,2025-09-01,12693.71,10765.21,14622.21,ARIMA,1330.0,1218.6,10.11,2024-08-01T00:00:00+00:00
56,8,2025-10-01,12753.1,10758.1,14748.1,ARIMA,1330.0,1218.6,10.11,2024-08-01T00:00:00+00:00
56,8,2025-11-01,12812.5,10751.0,14874.0,ARIMA,1330.0,1218.6,10.11,2024-08-01T00:00:00+00:00
56,8,2025-12-01,12871.9,10743.9,14999.9,ARIMA,1330.0,1218.6,10.11,2024-08-01T00:00:00+00:00
57,8,2025-01-01,11733.85,9257.49,14210.21,ARIMA,2358.44,1948.59,17.32,2024-08-01T00:00:00+00:00
57,8,2025-02-01,11669.84,9075.56,14264.12,ARIMA,2358.44,1948.59,17.32,2024-08-01T00:00:00+00:00
57,8,2025-03-01,11605.82,8893.61,14318.03,ARIMA,2358.44,1948.59,17.32,2024-08-01T00:00:00+00:00
57,8,2025-04-01,11541.81,8711.68,14371.94,ARIMA,2358.44,1948.59,17.32,2024-08-01T00:00:00+00:00
57,8,2025-05-01,11477.8,8529.75,14425.85,ARIMA,2358.44,1948.59,17.32,2024-08-01T00:00:00+00:00
57,8,2025-06-01,11413.78,8347.81,14479.75,ARIMA,2358.44,1948.59,17.32,2024-08-01T00:00:00+00:00
57,8,2025-07-01,11349.77,8165.88,14533.66,ARIMA,2358.44,1948.59,17.32,2024-08-01T00:00:00+00:00
57,8,2025-08-01,11285.75,7983.93,14587.57,ARIMA,2358.44,1948.59,17.32,2024-08-01T00:00:00+00:00
57,8,2025-09-01,11221.74,7802.0,14641.48,ARIMA,2358.44,1948.59,17.32,2024-08-01T00:00:00+00:00
57,8,2025-10-01,11157.73,7620.07,14695.39,ARIMA,2358.44,1948.59,17.32,2024-08-01T00:00:00+00:00
57,8,2025-11-01,11093.71,7438.13,14749.29,ARIMA,2358.44,1948.59,17.32,2024-08-01T00:00:00+00:00
57,8,2025-12-01,11029.7,7256.2,14803.2,ARIMA,2358.44,1948.59,17.32,2024-08-01T00:00:00+00:00
58,8,2025-01-01,12376.85,9434.12,15319.58,ARIMA,2802.6,2177.94,18.9,2024-08-01T00:00:00+00:00
58,8,2025-02-01,12426.88,9344.02,15509.74,ARIMA,2802.6,2177.94,18.9,2024-08-01T00:00:00+00:00
58,8,2025-03-01,12476.92,9253.93,15699.91,ARIMA,2802.6,2177.94,18.9,2024-08-01T00:00:00+00:00
58,8,2025-04-01,12526.96,9163.84,15890.08,ARIMA,2802.6,2177.94,18.9,2024-08-01T00:00:00+00:00
58,8,2025-05-01,12577.0,9073.75,16080.25,ARIMA,2802.6,2177.94,18.9,2024-08-01T00:00:00+00:00
58,8,2025-06-01,12627.04,8983.66,16270.42,ARIMA,2802.6,2177.94,18.9,2024-08-01T00:00:00+00:00
58,8,2025-07-01,12677.07,8893.56,16460.58,ARIMA,2802.6,2177.94,18.9,2024-08-01T00:00:00+00:00
58,8,2025-08-01,12727.11,8803.47,16650.75,ARIMA,2802.6,2177.94,18.9,2024-08-01T00:00:00+00:00
58,8,2025-09-01,12777.15,8713.38,16840.92,ARIMA,2802.6,2177.94,18.9,2024-08-01T00:00:00+00:00
58,8,2025-10-01,12827.19,8623.29,17031.09,ARIMA,2802.6,2177.94,18.9,2024-08-01T00:00:00+00:00
58,8,2025-11-01,12877.22,8533.19,17221.25,ARIMA,2802.6,2177.94,18.9,2024-08-01T00:00:00+00:00
58,8,2025-12-01,12927.26,8443.1,17411.42,ARIMA,2802.6,2177.94,18.9,2024-08-01T00:00:00+00:00
59,8,2025-01-01,11361.9,9329.9,13393.9,ARIMA,1935.24,1549.08,15.0,2024-08-01T00:00:00+00:00
59,8,2025-02-01,11411.11,9282.35,13539.87,ARIMA,1935.24,1549.08,15.0,2024-08-01T00:00:00+00:00
59,8,2025-03-01,11460.32,9234.8,13685.84,ARIMA,1935.24,1549.08,15.0,2024-08-01T00:00:00+00:00
59,8,2025-04-01,11509.53,9187.24,13831.82,ARIMA,1935.24,1549.08,15.0,2024-08-01T00:00:00+00:00
59,8,2025-05-01,11558.75,9139.7,13977.8,ARIMA,1935.24,1549.08,15.0,2024-08-01T00:00:00+00:00
59,8,2025-06-01,11607.96,9092.15,14123.77,ARIMA,1935.24,1549.08,15.0,2024-08-01T00:00:00+00:00
59,8,2025-07-01,11657.17,9044.6,14269.74,ARIMA,1935.24,1549.08,15.0,2024-08-01T00:00:00+00:00
59,8,2025-08-01,11706.38,8997.05,14415.71,ARIMA,1935.24,1549.08,15.0,2024-08-01T00:00:00+00:00
59,8,2025-09-01,11755.6,8949.5,14561.7,ARIMA,1935.24,1549.08,15.0,2024-08-01T00:00:00+00:00
59,8,2025-10-01,11804.81,8901.95,14707.67,ARIMA,1935.24,1549.08,15.0,2024-08-01T00:00:00+00:00
59,8,2025-11-01,11854.02,8854.4,14853.64,ARIMA,1935.24,1549.08,15.0,2024-08-01T00:00:00+00:00
59,8,2025-12-01,11903.23,8806.85,14999.61,ARIMA,1935.24,1549.08,15.0,2024-08-01T00:00:00+00:00
60,8,2025-01-01,11312.75,8130.52,14494.98,ARIMA,3030.7,2559.67,25.71,2024-08-01T00:00:00+00:00
60,8,2025-02-01,11354.7,8020.93,14688.47,ARIMA,3030.7,2559.67,25.71,2024-08-01T00:00:00+00:00
60,8,2025-03-01,11396.66,7911.36,14881.96,ARIMA,3030.7,2559.67,25.71,2024-08-01T00:00:00+00:00
60,8,2025-04-01,11438.61,7801.77,15075.45,ARIMA,3030.7,2559.67,25.71,2024-08-01T00:00:00+00:00
60,8,2025-05-01,11480.56,7692.19,15268.93,ARIMA,3030.7,2559.67,25.71,2024-08-01T00:00:00+00:00
60,8,2025-06-01,11522.52,7582.61,15462.43,ARIMA,3030.7,2559.67,25.71,2024-08-01T00:00:00+00:00
60,8,2025-07-01,11564.47,7473.03,15655.91,ARIMA,3030.7,2559.67,25.71,2024-08-01T00:00:00+00:00
60,8,2025-08-01,11606.43,7363.45,15849.41,ARIMA,3030.7,2559.67,25.71,2024-08-01T00:00:00+00:00
60,8,2025-09-01,11648.38,7253.87,16042.89,ARIMA,3030.7,2559.67,25.71,2024-08-01T00:00:00+00:00
60,8,2025-10-01,11690.33,7144.28,16236.38,ARIMA,3030.7,2559.67,25.71,2024-08-01T00:00:00+00:00
60,8,2025-11-01,11732.29,7034.71,16429.87,ARIMA,3030.7,2559.67,25.71,2024-08-01T00:00:00+00:00
60,8,2025-12-01,11774.24,6925.12,16623.36,ARIMA,3030.7,2559.67,25.71,2024-08-01T00:00:00+00:00
61,8,2025-01-01,12249.16,9845.87,14652.45,ARIMA,2288.85,1901.27,17.4,2024-08-01T00:00:00+00:00
61,8,2025-02-01,12257.07,9739.33,14774.81,ARIMA,2288.85,1901.27,17.4,2024-08-01T00:00:00+00:00
61,8,2025-03-01,12264.97,9632.79,14897.15,ARIMA,2288.85,1901.27,17.4,2024-08-01T00:00:00+00:00
61,8,2025-04-01,12272.87,9526.25,15019.49,ARIMA,2288.85,1901.27,17.4,2024-08-01T00:00:00+00:00
61,8,2025-05-01,12280.78,9419.72,15141.84,ARIMA,2288.85,1901.27,17.4,2024-08-01T00:00:00+00:00
61,8,2025-06-01,12288.68,9313.17,15264.19,ARIMA,2288.85,1901.27,17.4,2024-08-01T00:00:00+00:00
61,8,2025-07-01,12296.58,9206.63,15386.53,ARIMA,2288.85,1901.27,17.4,2024-08-01T00:00:00+00:00
61,8,2025-08-01,12304.48,9100.09,15508.87,ARIMA,2288.85,1901.27,17.4,2024-08-01T00:00:00+00:00
61,8,2025-09-01,12312.39,8993.56,15631.22,ARIMA,2288.85,1901.27,17.4,2024-08-01T00:00:00+00:00
61,8,2025-10-01,12320.29,8887.01,15753.57,ARIMA,2288.85,1901.27,17.4,2024-08-01T00:00:00+00:00
61,8,2025-11-01,12328.19,8780.47,15875.91,ARIMA,2288.85,1901.27,17.4,2024-08-01T00:00:00+00:00
61,8,2025-12-01,12336.09,8673.93,15998.25,ARIMA,2288.85,1901.27,17.4,2024-08-01T00:00:00+00:00
62,8,2025-01-01,11890.61,9784.74,13996.48,ARIMA,2005.59,1769.8,15.43,2024-08-01T00:00:00+00:00
62,8,2025-02-01,11858.15,9652.0,14064.3,ARIMA,2005.59,1769.8,15.43,2024-08-01T00:00:00+00:00
62,8,2025-03-01,11825.69,9519.26,14132.12,ARIMA,2005.59,1769.8,15.43,2024-08-01T00:00:00+00:00
62,8,2025-04-01,11793.22,9386.51,14199.93,ARIMA,2005.59,1769.8,15.43,2024-08-01T00:00:00+00:00
62,8,2025-05-01,11760.76,9253.77,14267.75,ARIMA,2005.59,1769.8,15.43,2024-08-01T00:00:00+00:00
62,8,2025-06-01,11728.3,9121.03,14335.57,ARIMA,2005.59,1769.8,15.43,2024-08-01T00:00:00+00:00
62,8,2025-07-01,11695.84,8988.29,14403.39,ARIMA,2005.59,1769.8,15.43,2024-08-01T00:00:00+00:00
62,8,2025-08-01,11663.38,8855.55,14471.21,ARIMA,2005.59,1769.8,15.43,2024-08-01T00:00:00+00:00
62,8,2025-09-01,11630.92,8722.81,14539.03,ARIMA,2005.59,1769.8,15.43,2024-08-01T00:00:00+00:00
62,8,2025-10-01,11598.46,8590.07,14606.85,ARIMA,2005.59,1769.8,15.43,2024-08-01T00:00:00+00:00
62,8,2025-11-01,11566.0,8457.33,14674.67,ARIMA,2005.59,1769.8,15.43,2024-08-01T00:00:00+00:00
62,8,2025-12-01,11533.54,8324.59,14742.49,ARIMA,2005.59,1769.8,15.43,2024-08-01T00:00:00+00:00
63,8,2025-01-01,13124.23,10676.71,15571.75,ARIMA,2330.97,2102.04,16.94,2024-08-01T00:00:00+00:00
63,8,2025-02-01,13134.69,10570.62,15698.76,ARIMA,2330.97,2102.04,16.94,2024-08-01T00:00:00+00:00
63,8,2025-03-01,13145.14,10464.52,15825.76,ARIMA,2330.97,2102.04,16.94,2024-08-01T00:00:00+00:00
63,8,2025-04-01,13155.6,10358.43,15952.77,ARIMA,2330.97,2102.04,16.94,2024-08-01T00:00:00+00:00
63,8,2025-05-01,13166.05,10252.33,16079.77,ARIMA,2330.97,2102.04,16.94,2024-08-01T00:00:00+00:00
63,8,2025-06-01,13176.51,10146.24,16206.78,ARIMA,2330.97,2102.04,16.94,2024-08-01T00:00:00+00:00
63,8,2025-07-01,13186.96,10040.14,16333.78,ARIMA,2330.97,2102.04,16.94,2024-08-01T00:00:00+00:00
63,8,2025-08-01,13197.42,9934.06,16460.78,ARIMA,2330.97,2102.04,16.94,2024-08-01T00:00:00+00:00
63,8,2025-09-01,13207.87,9827.96,16587.78,ARIMA,2330.97,2102.04,16.94,2024-08-01T00:00:00+00:00
63,8,2025-10-01,13218.33,9721.87,16714.79,ARIMA,2330.97,2102.04,16.94,2024-08-01T00:00:00+00:00
63,8,2025-11-01,13228.78,9615.77,16841.79,ARIMA,2330.97,2102.04,16.94,2024-08-01T00:00:00+00:00
63,8,2025-12-01,13239.24,9509.68,16968.8,ARIMA,2330.97,2102.04,16.94,2024-08-01T00:00:00+00:00
64,8,2025-01-01,12147.7,10028.07,14267.33,ExponentialSmoothing,2018.7,1602.92,15.08,2024-08-01T00:00:00+00:00
64,8,2025-02-01,12149.86,9929.29,14370.43,ExponentialSmoothing,2018.7,1602.92,15.08,2024-08-01T00:00:00+00:00
64,8,2025-03-01,12152.03,9830.53,14473.53,ExponentialSmoothing,2018.7,1602.92,15.08,2024-08-01T00:00:00+00:00
64,8,2025-04-01,12154.19,9731.75,14576.63,ExponentialSmoothing,2018.7,1602.92,15.08,2024-08-01T00:00:00+00:00
64,8,2025-05-01,12156.36,9632.99,14679.73,ExponentialSmoothing,2018.7,1602.92,15.08,2024-08-01T00:00:00+00:00
64,8,2025-06-01,12158.53,9534.22,14782.84,ExponentialSmoothing,2018.7,1602.92,15.08,2024-08-01T00:00:00+00:00
64,8,2025-07-01,12160.69,9435.45,14885.93,ExponentialSmoothing,2018.7,1602.92,15.08,2024-08-01T00:00:00+00:00
64,8,2025-08-01,12162.86,9336.69,14989.03,ExponentialSmoothing,2018.7,1602.92,15.08,2024-08-01T00:00:00+00:00
64,8,2025-09-01,12165.02,9237.91,15092.13,ExponentialSmoothing,2018.7,1602.92,15.08,2024-08-01T00:00:00+00:00
64,8,2025-10-01,12167.19,9139.15,15195.23,ExponentialSmoothing,2018.7,1602.92,15.08,2024-08-01T00:00:00+00:00
64,8,2025-11-01,12169.35,9040.37,15298.33,ExponentialSmoothing,2018.7,1602.92,15.08,2024-08-01T00:00:00+00:00
64,8,2025-12-01,12171.52,8941.61,15401.43,ExponentialSmoothing,2018.7,1602.92,15.08,2024-08-01T00:00:00+00:00
65,8,2025-01-01,12329.12,10013.93,14644.31,ARIMA,2204.94,1945.13,17.18,2024-08-01T00:00:00+00:00
65,8,2025-02-01,12409.45,9984.01,14834.89,ARIMA,2204.94,1945.13,17.18,2024-08-01T00:00:00+00:00
65,8,2025-03-01,12489.78,9954.09,15025.47,ARIMA,2204.94,1945.13,17.18,2024-08-01T00:00:00+00:00
65,8,2025-04-01,12570.11,9924.18,15216.04,ARIMA,2204.94,1945.13,17.18,2024-08-01T00:00:00+00:00
65,8,2025-05-01,12650.44,9894.26,15406.62,ARIMA,2204.94,1945.13,17.18,2024-08-01T00:00:00+00:00
65,8,2025-06-01,12730.77,9864.34,15597.2,ARIMA,2204.94,1945.13,17.18,2024-08-01T00:00:00+00:00
65,8,2025-07-01,12811.1,9834.43,15787.77,ARIMA,2204.94,1945.13,17.18,2024-08-01T00:00:00+00:00
65,8,2025-08-01,12891.43,9804.51,15978.35,ARIMA,2204.94,1945.13,17.18,2024-08-01T00:00:00+00:00
65,8,2025-09-01,12971.76,9774.59,16168.93,ARIMA,2204.94,1945.13,17.18,2024-08-01T00:00:00+00:00
65,8,2025-10-01,13052.09,9744.67,16359.51,ARIMA,2204.94,1945.13,17.18,2024-08-01T00:00:00+00:00
65,8,2025-11-01,13132.42,9714.76,16550.08,ARIMA,2204.94,1945.13,17.18,2024-08-01T00:00:00+00:00
65,8,2025-12-01,13212.75,9684.84,16740.66,ARIMA,2204.94,1945.13,17.18,2024-08-01T00:00:00+00:00
66,8,2025-01-01,12511.9,10218.08,14805.72,ARIMA,2184.59,1836.23,14.43,2024-08-01T00:00:00+00:00
66,8,2025-02-01,12430.05,10027.0,14833.1,ARIMA,2184.59,1836.23,14.43,2024-08-01T00:00:00+00:00
66,8,2025-03-01,12348.19,9835.91,14860.47,ARIMA,2184.59,1836.23,14.43,2024-08-01T00:00:00+00:00
66,8,2025-04-01,12266.33,9644.82,14887.84,ARIMA,2184.59,1836.23,14.43,2024-08-01T00:00:00+00:00
66,8,2025-05-01,12184.48,9453.74,14915.22,ARIMA,2184.59,1836.23,14.43,2024-08-01T00:00:00+00:00
66,8,2025-06-01,12102.62,9262.65,14942.59,ARIMA,2184.59,1836.23,14.43,2024-08-01T00:00:00+00:00
66,8,2025-07-01,12020.76,9071.56,14969.96,ARIMA,2184.59,1836.23,14.43,2024-08-01T00:00:00+00:00
66,8,2025-08-01,11938.91,8880.48,14997.34,ARIMA,2184.59,1836.23,14.43,2024-08-01T00:00:00+00:00
66,8,2025-09-01,11857.05,8689.39,15024.71,ARIMA,2184.59,1836.23,14.43,2024-08-01T00:00:00+00:00
66,8,2025-10-01,11775.19,8498.3,15052.08,ARIMA,2184.59,1836.23,14.43,2024-08-01T00:00:00+00:00
66,8,2025-11-01,11693.34,8307.22,15079.46,ARIMA,2184.59,1836.23,14.43,2024-08-01T00:00:00+00:00
66,8,2025-12-01,11611.48,8116.13,15106.83,ARIMA,2184.59,1836.23,14.43,2024-08-01T00:00:00+00:00
67,8,2025-01-01,12261.49,10704.71,13818.27,ARIMA,1482.65,1199.8,9.81,2024-08-01T00:00:00+00:00
67,8,2025-02-01,12318.49,10687.58,13949.4,ARIMA,1482.65,1199.8,9.81,2024-08-01T00:00:00+00:00
67,8,2025-03-01,12375.49,10670.45,14080.53,ARIMA,1482.65,1199.8,9.81,2024-08-01T00:00:00+00:00
67,8,2025-04-01,12432.49,10653.31,14211.67,ARIMA,1482.65,1199.8,9.81,2024-08-01T00:00:00+00:00
67,8,2025-05-01,12489.5,10636.19,14342.81,ARIMA,1482.65,1199.8,9.81,2024-08-01T00:00:00+00:00
67,8,2025-06-01,12546.5,10619.06,14473.94,ARIMA,1482.65,1199.8,9.81,2024-08-01T00:00:00+00:00
67,8,2025-07-01,12603.5,10601.93,14605.07,ARIMA,1482.65,1199.8,9.81,2024-08-01T00:00:00+00:00
67,8,2025-08-01,12660.5,10584.8,14736.2,ARIMA,1482.65,1199.8,9.81,2024-08-01T00:00:00+00:00
67,8,2025-09-01,12717.51,10567.67,14867.35,ARIMA,1482.65,1199.8,9.81,2024-08-01T00:00:00+00:00
67,8,2025-10-01,12774.51,10550.54,14998.48,ARIMA,1482.65,1199.8,9.81,2024-08-01T00:00:00+00:00
67,8,2025-11-01,12831.51,10533.41,15129.61,ARIMA,1482.65,1199.8,9.81,2024-08-01T00:00:00+00:00
67,8,2025-12-01,12888.51,10516.28,15260.74,ARIMA,1482.65,1199.8,9.81,2024-08-01T00:00:00+00:00
68,8,2025-01-01,12279.14,9499.54,15058.74,ARIMA,2647.24,2432.01,21.91,2024-08-01T00:00:00+00:00
68,8,2025-02-01,12307.38,9395.41,15219.35,ARIMA,2647.24,2432.01,21.91,2024-08-01T00:00:00+00:00
68,8,2025-03-01,12335.61,9291.28,15379.94,ARIMA,2647.24,2432.01,21.91,2024-08-01T00:00:00+00:00
68,8,2025-04-01,12363.85,9187.16,15540.54,ARIMA,2647.24,2432.01,21.91,2024-08-01T00:00:00+00:00
68,8,2025-05-01,12392.09,9083.04,15701.14,ARIMA,2647.24,2432.01,21.91,2024-08-01T00:00:00+00:00
68,8,2025-06-01,12420.33,8978.92,15861.74,ARIMA,2647.24,2432.01,21.91,2024-08-01T00:00:00+00:00
68,8,2025-07-01,12448.56,8874.78,16022.34,ARIMA,2647.24,2432.01,21.91,2024-08-01T00:00:00+00:00
68,8,2025-08-01,12476.8,8770.66,16182.94,ARIMA,2647.24,2432.01,21.91,2024-08-01T00:00:00+00:00
68,8,2025-09-01,12505.04,8666.54,16343.54,ARIMA,2647.24,2432.01,21.91,2024-08-01T00:00:00+00:00
68,8,2025-10-01,12533.28,8562.42,16504.14,ARIMA,2647.24,2432.01,21.91,2024-08-01T00:00:00+00:00
68,8,2025-11-01,12561.51,8458.29,16664.73,ARIMA,2647.24,2432.01,21.91,2024-08-01T00:00:00+00:00
68,8,2025-12-01,12589.75,8354.16,16825.34,ARIMA,2647.24,2432.01,21.91,2024-08-01T00:00:00+00:00
69,8,2025-01-01,12598.63,10582.88,14614.38,ARIMA,1919.76,1528.09,12.67,2024-08-01T00:00:00+00:00
69,8,2025-02-01,12583.44,10471.7,14695.18,ARIMA,1919.76,1528.09,12.67,2024-08-01T00:00:00+00:00
69,8,2025-03-01,12568.26,10360.53,14775.99,ARIMA,1919.76,1528.09,12.67,2024-08-01T00:00:00+00:00
69,8,2025-04-01,12553.07,10249.35,14856.79,ARIMA,1919.76,1528.09,12.67,2024-08-01T00:00:00+00:00
69,8,2025-05-01,12537.88,10138.18,14937.58,ARIMA,1919.76,1528.09,12.67,2024-08-01T00:00:00+00:00
69,8,2025-06-01,12522.7,10027.01,15018.39,ARIMA,1919.76,1528.09,12.67,2024-08-01T00:00:00+00:00
69,8,2025-07-01,12507.51,9915.83,15099.19,ARIMA,1919.76,1528.09,12.67,2024-08-01T00:00:00+00:00
69,8,2025-08-01,12492.32,9804.65,15179.99,ARIMA,1919.76,1528.09,12.67,2024-08-01T00:00:00+00:00
69,8,2025-09-01,12477.14,9693.48,15260.8,ARIMA,1919.76,1528.09,12.67,2024-08-01T00:00:00+00:00
69,8,2025-10-01,12461.95,9582.3,15341.6,ARIMA,1919.76,1528.09,12.67,2024-08-01T00:00:00+00:00
69,8,2025-11-01,12446.76,9471.13,15422.39,ARIMA,1919.76,1528.09,12.67,2024-08-01T00:00:00+00:00
69,8,2025-12-01,12431.58,9359.96,15503.2,ARIMA,1919.76,1528.09,12.67,2024-08-01T00:00:00+00:00
70,8,2025-01-01,12674.49,9952.48,15396.5,ARIMA,2592.39,2068.22,16.48,2024-08-01T00:00:00+00:00
70,8,2025-02-01,12682.78,9831.15,15534.41,ARIMA,2592.39,2068.22,16.48,2024-08-01T00:00:00+00:00
70,8,2025-03-01,12691.07,9709.82,15672.32,ARIMA,2592.39,2068.22,16.48,2024-08-01T00:00:00+00:00
70,8,2025-04-01,12699.37,9588.5,15810.24,ARIMA,2592.39,2068.22,16.48,2024-08-01T00:00:00+00:00
70,8,2025-05-01,12707.66,9467.17,15948.15,ARIMA,2592.39,2068.22,16.48,2024-08-01T00:00:00+00:00
70,8,2025-06-01,12715.95,9345.84,16086.06,ARIMA,2592.39,2068.22,16.48,2024-08-01T00:00:00+00:00
70,8,2025-07-01,12724.25,9224.52,16223.98,ARIMA,2592.39,2068.22,16.48,2024-08-01T00:00:00+00:00
70,8,2025-08-01,12732.54,9103.2,16361.88,ARIMA,2592.39,2068.22,16.48,2024-08-01T00:00:00+00:00
70,8,2025-09-01,12740.83,8981.87,16499.79,ARIMA,2592.39,2068.22,16.48,2024-08-01T00:00:00+00:00
70,8,2025-10-01,12749.12,8860.54,16637.7,ARIMA,2592.39,2068.22,16.48,2024-08-01T00:00:00+00:00
70,8,2025-11-01,12757.42,8739.22,16775.62,ARIMA,2592.39,2068.22,16.48,2024-08-01T00:00:00+00:00
70,8,2025-12-01,12765.71,8617.89,16913.53,ARIMA,2592.39,2068.22,16.48,2024-08-01T00:00:00+00:00
71,8,2025-01-01,10860.17,8368.21,13352.13,ARIMA,2373.29,1848.87,21.62,2024-08-01T00:00:00+00:00
71,8,2025-02-01,10831.54,8220.92,13442.16,ARIMA,2373.29,1848.87,21.62,2024-08-01T00:00:00+00:00
71,8,2025-03-01,10802.9,8073.61,13532.19,ARIMA,2373.29,1848.87,21.62,2024-08-01T00:00:00+00:00
71,8,2025-04-01,10774.26,7926.31,13622.21,ARIMA,2373.29,1848.87,21.62,2024-08-01T00:00:00+00:00
71,8,2025-05-01,10745.62,7779.0,13712.24,ARIMA,2373.29,1848.87,21.62,2024-08-01T00:00:00+00:00
71,8,2025-06-01,10716.99,7631.71,13802.27,ARIMA,2373.29,1848.87,21.62,2024-08-01T00:00:00+00:00
71,8,2025-07-01,10688.35,7484.4,13892.3,ARIMA,2373.29,1848.87,21.62,2024-08-01T00:00:00+00:00
71,8,2025-08-01,10659.71,7337.1,13982.32,ARIMA,2373.29,1848.87,21.62,2024-08-01T00:00:00+00:00
71,8,2025-09-01,10631.07,7189.79,14072.35,ARIMA,2373.29,1848.87,21.62,2024-08-01T00:00:00+00:00
71,8,2025-10-01,10602.43,7042.49,14162.37,ARIMA,2373.29,1848.87,21.62,2024-08-01T00:00:00+00:00
71,8,2025-11-01,10573.8,6895.19,14252.41,ARIMA,2373.29,1848.87,21.62,2024-08-01T00:00:00+00:00
71,8,2025-12-01,10545.16,6747.89,14342.43,ARIMA,2373.29,1848.87,21.62,2024-08-01T00:00:00+00:00
72,8,2025-01-01,12165.41,10510.81,13820.01,ARIMA,1575.81,1330.42,11.74,2024-08-01T00:00:00+00:00
72,8,2025-02-01,12198.34,10464.95,13931.73,ARIMA,1575.81,1330.42,11.74,2024-08-01T00:00:00+00:00
72,8,2025-03-01,12231.27,10419.09,14043.45,ARIMA,1575.81,1330.42,11.74,2024-08-01T00:00:00+00:00
72,8,2025-04-01,12264.2,10373.23,14155.17,ARIMA,1575.81,1330.42,11.74,2024-08-01T00:00:00+00:00
72,8,2025-05-01,12297.13,10327.37,14266.89,ARIMA,1575.81,1330.42,11.74,2024-08-01T00:00:00+00:00
72,8,2025-06-01,12330.06,10281.51,14378.61,ARIMA,1575.81,1330.42,11.74,2024-08-01T00:00:00+00:00
72,8,2025-07-01,12362.99,10235.65,14490.33,ARIMA,1575.81,1330.42,11.74,2024-08-01T00:00:00+00:00
72,8,2025-08-01,12395.92,10189.79,14602.05,ARIMA,1575.81,1330.42,11.74,2024-08-01T00:00:00+00:00
72,8,2025-09-01,12428.85,10143.93,14713.77,ARIMA,1575.81,1330.42,11.74,2024-08-01T00:00:00+00:00
72,8,2025-10-01,12461.78,10098.07,14825.49,ARIMA,1575.81,1330.42,11.74,2024-08-01T00:00:00+00:00
72,8,2025-11-01,12494.71,10052.21,14937.21,ARIMA,1575.81,1330.42,11.74,2024-08-01T00:00:00+00:00
72,8,2025-12-01,12527.64,10006.35,15048.93,ARIMA,1575.81,1330.42,11.74,2024-08-01T00:00:00+00:00
73,8,2025-01-01,12295.15,9955.2,14635.1,ARIMA,2228.52,1959.78,16.61,2024-08-01T00:00:00+00:00
73,8,2025-02-01,12372.38,9921.01,14823.75,ARIMA,2228.52,1959.78,16.61,2024-08-01T00:00:00+00:00
73,8,2025-03-01,12449.61,9886.81,15012.41,ARIMA,2228.52,1959.78,16.61,2024-08-01T00:00:00+00:00
73,8,2025-04-01,12526.84,9852.62,15201.06,ARIMA,2228.52,1959.78,16.61,2024-08-01T00:00:00+00:00
73,8,2025-05-01,12604.08,9818.43,15389.73,ARIMA,2228.52,1959.78,16.61,2024-08-01T00:00:00+00:00
73,8,2025-06-01,12681.31,9784.23,15578.39,ARIMA,2228.52,1959.78,16.61,2024-08-01T00:00:00+00:00
73,8,2025-07-01,12758.54,9750.04,15767.04,ARIMA,2228.52,1959.78,16.61,2024-08-01T00:00:00+00:00
73,8,2025-08-01,12835.77,9715.84,15955.7,ARIMA,2228.52,1959.78,16.61,2024-08-01T00:00:00+00:00
73,8,2025-09-01,12913.0,9681.65,16144.35,ARIMA,2228.52,1959.78,16.61,2024-08-01T00:00:00+00:00
73,8,2025-10-01,12990.24,9647.46,16333.02,ARIMA,2228.52,1959.78,16.61,2024-08-01T00:00:00+00:00
73,8,2025-11-01,13067.47,9613.26,16521.68,ARIMA,2228.52,1959.78,16.61,2024-08-01T00:00:00+00:00
73,8,2025-12-01,13144.7,9579.07,16710.33,ARIMA,2228.52,1959.78,16.61,2024-08-01T00:00:00+00:00
74,8,2025-01-01,13983.11,12260.35,15705.87,ARIMA,1640.73,1370.87,9.86,2024-08-01T00:00:00+00:00
74,8,2025-02-01,13956.78,12151.98,15761.58,ARIMA,1640.73,1370.87,9.86,2024-08-01T00:00:00+00:00
74,8,2025-03-01,13930.46,12043.62,15817.3,ARIMA,1640.73,1370.87,9.86,2024-08-01T00:00:00+00:00
74,8,2025-04-01,13904.13,11935.26,15873.0,ARIMA,1640.73,1370.87,9.86,2024-08-01T00:00:00+00:00
74,8,2025-05-01,13877.8,11826.89,15928.71,ARIMA,1640.73,1370.87,9.86,2024-08-01T00:00:00+00:00
74,8,2025-06-01,13851.47,11718.52,15984.42,ARIMA,1640.73,1370.87,9.86,2024-08-01T00:00:00+00:00
74,8,2025-07-01,13825.15,11610.17,16040.13,ARIMA,1640.73,1370.87,9.86,2024-08-01T00:00:00+00:00
74,8,2025-08-01,13798.82,11501.8,16095.84,ARIMA,1640.73,1370.87,9.86,2024-08-01T00:00:00+00:00
74,8,2025-09-01,13772.49,11393.43,16151.55,ARIMA,1640.73,1370.87,9.86,2024-08-01T00:00:00+00:00
74,8,2025-10-01,13746.16,11285.07,16207.25,ARIMA,1640.73,1370.87,9.86,2024-08-01T00:00:00+00:00
74,8,2025-11-01,13719.84,11176.71,16262.97,ARIMA,1640.73,1370.87,9.86,2024-08-01T00:00:00+00:00
74,8,2025-12-01,13693.51,11068.34,16318.68,ARIMA,1640.73,1370.87,9.86,2024-08-01T00:00:00+00:00
75,8,2025-01-01,13725.93,12311.48,15140.38,ARIMA,1347.1,1155.22,8.44,2024-08-01T00:00:00+00:00
75,8,2025-02-01,13755.62,12273.81,15237.43,ARIMA,1347.1,1155.22,8.44,2024-08-01T00:00:00+00:00
75,8,2025-03-01,13785.32,12236.16,15334.48,ARIMA,1347.1,1155.22,8.44,2024-08-01T00:00:00+00:00
75,8,2025-04-01,13815.01,12198.49,15431.53,ARIMA,1347.1,1155.22,8.44,2024-08-01T00:00:00+00:00
75,8,2025-05-01,13844.71,12160.84,15528.58,ARIMA,1347.1,1155.22,8.44,2024-08-01T00:00:00+00:00
75,8,2025-06-01,13874.4,12123.17,15625.63,ARIMA,1347.1,1155.22,8.44,2024-08-01T00:00:00+00:00
75,8,2025-07-01,13904.1,12085.52,15722.68,ARIMA,1347.1,1155.22,8.44,2024-08-01T00:00:00+00:00
75,8,2025-08-01,13933.79,12047.86,15819.72,ARIMA,1347.1,1155.22,8.44,2024-08-01T00:00:00+00:00
75,8,2025-09-01,13963.49,12010.2,15916.78,ARIMA,1347.1,1155.22,8.44,2024-08-01T00:00:00+00:00
75,8,2025-10-01,13993.18,11972.54,16013.82,ARIMA,1347.1,1155.22,8.44,2024-08-01T00:00:00+00:00
75,8,2025-11-01,14022.88,11934.88,16110.88,ARIMA,1347.1,1155.22,8.44,2024-08-01T00:00:00+00:00
75,8,2025-12-01,14052.57,11897.22,16207.92,ARIMA,1347.1,1155.22,8.44,2024-08-01T00:00:00+00:00
76,8,2025-01-01,13526.57,10763.62,16289.52,ARIMA,2631.38,2087.71,18.06,2024-08-01T00:00:00+00:00
76,8,2025-02-01,13569.76,10675.24,16464.28,ARIMA,2631.38,2087.71,18.06,2024-08-01T00:00:00+00:00
76,8,2025-03-01,13612.96,10586.87,16639.05,ARIMA,2631.38,2087.71,18.06,2024-08-01T00:00:00+00:00
76,8,2025-04-01,13656.15,10498.49,16813.81,ARIMA,2631.38,2087.71,18.06,2024-08-01T00:00:00+00:00
76,8,2025-05-01,13699.34,10410.12,16988.56,ARIMA,2631.38,2087.71,18.06,2024-08-01T00:00:00+00:00
76,8,2025-06-01,13742.53,10321.74,17163.32,ARIMA,2631.38,2087.71,18.06,2024-08-01T00:00:00+00:00
76,8,2025-07-01,13785.73,10233.37,17338.09,ARIMA,2631.38,2087.71,18.06,2024-08-01T00:00:00+00:00
76,8,2025-08-01,13828.92,10144.99,17512.85,ARIMA,2631.38,2087.71,18.06,2024-08-01T00:00:00+00:00
76,8,2025-09-01,13872.11,10056.61,17687.61,ARIMA,2631.38,2087.71,18.06,2024-08-01T00:00:00+00:00
76,8,2025-10-01,13915.3,9968.23,17862.37,ARIMA,2631.38,2087.71,18.06,2024-08-01T00:00:00+00:00
76,8,2025-11-01,13958.5,9879.86,18037.14,ARIMA,2631.38,2087.71,18.06,2024-08-01T00:00:00+00:00
76,8,2025-12-01,14001.69,9791.48,18211.9,ARIMA,2631.38,2087.71,18.06,2024-08-01T00:00:00+00:00
77,8,2025-01-01,12720.92,10888.56,14553.28,ARIMA,1745.11,1385.53,11.63,2024-08-01T00:00:00+00:00
77,8,2025-02-01,12689.27,10769.65,14608.89,ARIMA,1745.11,1385.53,11.63,2024-08-01T00:00:00+00:00
77,8,2025-03-01,12657.63,10650.76,14664.5,ARIMA,1745.11,1385.53,11.63,2024-08-01T00:00:00+00:00
77,8,2025-04-01,12625.98,10531.85,14720.11,ARIMA,1745.11,1385.53,11.63,2024-08-01T00:00:00+00:00
77,8,2025-05-01,12594.34,10412.96,14775.72,ARIMA,1745.11,1385.53,11.63,2024-08-01T00:00:00+00:00
77,8,2025-06-01,12562.69,10294.05,14831.33,ARIMA,1745.11,1385.53,11.63,2024-08-01T00:00:00+00:00
77,8,2025-07-01,12531.05,10175.16,14886.94,ARIMA,1745.11,1385.53,11.63,2024-08-01T00:00:00+00:00
77,8,2025-08-01,12499.4,10056.25,14942.55,ARIMA,1745.11,1385.53,11.63,2024-08-01T00:00:00+00:00
77,8,2025-09-01,12467.76,9937.36,14998.16,ARIMA,1745.11,1385.53,11.63,2024-08-01T00:00:00+00:00
77,8,2025-10-01,12436.11,9818.45,15053.77,ARIMA,1745.11,1385.53,11.63,2024-08-01T00:00:00+00:00
77,8,2025-11-01,12404.47,9699.56,15109.38,ARIMA,1745.11,1385.53,11.63,2024-08-01T00:00:00+00:00
77,8,2025-12-01,12372.82,9580.65,15164.99,ARIMA,1745.11,1385.53,11.63,2024-08-01T00:00:00+00:00
1,28,2025-01-01,1043.85,934.8,1152.9,ExponentialSmoothing,103.86,85.64,8.51,2024-08-01T00:00:00+00:00
1,28,2025-02-01,1042.73,928.48,1156.98,ExponentialSmoothing,103.86,85.64,8.51,2024-08-01T00:00:00+00:00
1,28,2025-03-01,1041.61,922.17,1161.05,ExponentialSmoothing,103.86,85.64,8.51,2024-08-01T00:00:00+00:00
1,28,2025-04-01,1040.49,915.86,1165.12,ExponentialSmoothing,103.86,85.64,8.51,2024-08-01T00:00:00+00:00
1,28,2025-05-01,1039.37,909.55,1169.19,ExponentialSmoothing,103.86,85.64,8.51,2024-08-01T00:00:00+00:00
1,28,2025-06-01,1038.25,903.23,1173.27,ExponentialSmoothing,103.86,85.64,8.51,2024-08-01T00:00:00+00:00
1,28,2025-07-01,1037.13,896.92,1177.34,ExponentialSmoothing,103.86,85.64,8.51,2024-08-01T00:00:00+00:00
1,28,2025-08-01,1036.01,890.61,1181.41,ExponentialSmoothing,103.86,85.64,8.51,2024-08-01T00:00:00+00:00
1,28,2025-09-01,1034.88,884.28,1185.48,ExponentialSmoothing,103.86,85.64,8.51,2024-08-01T00:00:00+00:00
1,28,2025-10-01,1033.76,877.97,1189.55,ExponentialSmoothing,103.86,85.64,8.51,2024-08-01T00:00:00+00:00
1,28,2025-11-01,1032.64,871.66,1193.62,ExponentialSmoothing,103.86,85.64,8.51,2024-08-01T00:00:00+00:00
1,28,2025-12-01,1031.52,865.35,1197.69,ExponentialSmoothing,103.86,85.64,8.51,2024-08-01T00:00:00+00:00
2,28,2025-01-01,1036.22,863.45,1208.99,ExponentialSmoothing,164.54,142.5,13.97,2024-08-01T00:00:00+00:00
2,28,2025-02-01,1035.62,854.62,1216.62,ExponentialSmoothing,164.54,142.5,13.97,2024-08-01T00:00:00+00:00
2,28,2025-03-01,1035.02,845.8,1224.24,ExponentialSmoothing,164.54,142.5,13.97,2024-08-01T00:00:00+00:00
2,28,2025-04-01,1034.42,836.97,1231.87,ExponentialSmoothing,164.54,142.5,13.97,2024-08-01T00:00:00+00:00
2,28,2025-05-01,1033.82,828.14,1239.5,ExponentialSmoothing,164.54,142.5,13.97,2024-08-01T00:00:00+00:00
2,28,2025-06-01,1033.22,819.31,1247.13,ExponentialSmoothing,164.54,142.5,13.97,2024-08-01T00:00:00+00:00
2,28,2025-07-01,1032.63,810.5,1254.76,ExponentialSmoothing,164.54,142.5,13.97,2024-08-01T00:00:00+00:00
2,28,2025-08-01,1032.03,801.67,1262.39,ExponentialSmoothing,164.54,142.5,13.97,2024-08-01T00:00:00+00:00
2,28,2025-09-01,1031.43,792.84,1270.02,ExponentialSmoothing,164.54,142.5,13.97,2024-08-01T00:00:00+00:00
2,28,2025-10-01,1030.83,784.02,1277.64,ExponentialSmoothing,164.54,142.5,13.97,2024-08-01T00:00:00+00:00
2,28,2025-11-01,1030.23,775.19,1285.27,ExponentialSmoothing,164.54,142.5,13.97,2024-08-01T00:00:00+00:00
2,28,2025-12-01,1029.63,766.36,1292.9,ExponentialSmoothing,164.54,142.5,13.97,2024-08-01T00:00:00+00:00
3,28,2025-01-01,1020.37,894.2,1146.54,ARIMA,120.16,93.17,9.13,2024-08-01T00:00:00+00:00
3,28,2025-02-01,1024.79,892.61,1156.97,ARIMA,120.16,93.17,9.13,2024-08-01T00:00:00+00:00
3,28,2025-03-01,1029.21,891.02,1167.4,ARIMA,120.16,93.17,9.13,2024-08-01T00:00:00+00:00
3,28,2025-04-01,1033.64,889.45,1177.83,ARIMA,120.16,93.17,9.13,2024-08-01T00:00:00+00:00
3,28,2025-05-01,1038.06,887.86,1188.26,ARIMA,120.16,93.17,9.13,2024-08-01T00:00:00+00:00
3,28,2025-06-01,1042.48,886.27,1198.69,ARIMA,120.16,93.17,9.13,2024-08-01T00:00:00+00:00
3,28,2025-07-01,1046.9,884.68,1209.12,ARIMA,120.16,93.17,9.13,2024-08-01T00:00:00+00:00
3,28,2025-08-01,1051.32,883.09,1219.55,ARIMA,120.16,93.17,9.13,2024-08-01T00:00:00+00:00
3,28,2025-09-01,1055.75,881.51,1229.99,ARIMA,120.16,93.17,9.13,2024-08-01T00:00:00+00:00
3,28,2025-10-01,1060.17,879.93,1240.41,ARIMA,120.16,93.17,9.13,2024-08-01T00:00:00+00:00
3,28,2025-11-01,1064.59,878.34,1250.84,ARIMA,120.16,93.17,9.13,2024-08-01T00:00:00+00:00
3,28,2025-12-01,1069.01,876.75,1261.27,ARIMA,120.16,93.17,9.13,2024-08-01T00:00:00+00:00
4,28,2025-01-01,989.85,852.33,1127.37,ExponentialSmoothing,130.97,96.05,9.14,2024-08-01T00:00:00+00:00
4,28,2025-02-01,986.88,842.81,1130.95,ExponentialSmoothing,130.97,96.05,9.14,2024-08-01T00:00:00+00:00
4,28,2025-03-01,983.91,833.3,1134.52,ExponentialSmoothing,130.97,96.05,9.14,2024-08-01T00:00:00+00:00
4,28,2025-04-01,980.94,823.78,1138.1,ExponentialSmoothing,130.97,96.05,9.14,2024-08-01T00:00:00+00:00
4,28,2025-05-01,977.97,814.26,1141.68,ExponentialSmoothing,130.97,96.05,9.14,2024-08-01T00:00:00+00:00
4,28,2025-06-01,975.01,804.75,1145.27,ExponentialSmoothing,130.97,96.05,9.14,2024-08-01T00:00:00+00:00
4,28,2025-07-01,972.04,795.23,1148.85,ExponentialSmoothing,130.97,96.05,9.14,2024-08-01T00:00:00+00:00
4,28,2025-08-01,969.07,785.71,1152.43,ExponentialSmoothing,130.97,96.05,9.14,2024-08-01T00:00:00+00:00
4,28,2025-09-01,966.1,776.2,1156.0,ExponentialSmoothing,130.97,96.05,9.14,2024-08-01T00:00:00+00:00
4,28,2025-10-01,963.14,766.69,1159.59,ExponentialSmoothing,130.97,96.05,9.14,2024-08-01T00:00:00+00:00
4,28,2025-11-01,960.17,757.17,1163.17,ExponentialSmoothing,130.97,96.05,9.14,2024-08-01T00:00:00+00:00
4,28,2025-12-01,957.2,747.65,1166.75,ExponentialSmoothing,130.97,96.05,9.14,2024-08-01T00:00:00+00:00
5,28,2025-01-01,1013.41,847.77,1179.05,ExponentialSmoothing,157.75,137.18,13.73,2024-08-01T00:00:00+00:00
5,28,2025-02-01,1015.37,841.84,1188.9,ExponentialSmoothing,157.75,137.18,13.73,2024-08-01T00:00:00+00:00
5,28,2025-03-01,1017.32,835.9,1198.74,ExponentialSmoothing,157.75,137.18,13.73,2024-08-01T00:00:00+00:00
5,28,2025-04-01,1019.28,829.98,1208.58,ExponentialSmoothing,157.75,137.18,13.73,2024-08-01T00:00:00+00:00
5,28,2025-05-01,1021.23,824.04,1218.42,ExponentialSmoothing,157.75,137.18,13.73,2024-08-01T00:00:00+00:00
5,28,2025-06-01,1023.19,818.11,1228.27,ExponentialSmoothing,157.75,137.18,13.73,2024-08-01T00:00:00+00:00
5,28,2025-07-01,1025.15,812.18,1238.12,ExponentialSmoothing,157.75,137.18,13.73,2024-08-01T00:00:00+00:00
5,28,2025-08-01,1027.1,806.25,1247.95,ExponentialSmoothing,157.75,137.18,13.73,2024-08-01T00:00:00+00:00
5,28,2025-09-01,1029.06,800.32,1257.8,ExponentialSmoothing,157.75,137.18,13.73,2024-08-01T00:00:00+00:00
5,28,2025-10-01,1031.01,794.38,1267.64,ExponentialSmoothing,157.75,137.18,13.73,2024-08-01T00:00:00+00:00
5,28,2025-11-01,1032.97,788.45,1277.49,ExponentialSmoothing,157.75,137.18,13.73,2024-08-01T00:00:00+00:00
5,28,2025-12-01,1034.92,782.52,1287.32,ExponentialSmoothing,157.75,137.18,13.73,2024-08-01T00:00:00+00:00
6,28,2025-01-01,1084.56,975.61,1193.51,ARIMA,103.77,85.34,8.07,2024-08-01T00:00:00+00:00
6,28,2025-02-01,1079.23,965.09,1193.37,ARIMA,103.77,85.34,8.07,2024-08-01T00:00:00+00:00
6,28,2025-03-01,1073.9,954.57,1193.23,ARIMA,103.77,85.34,8.07,2024-08-01T00:00:00+00:00
6,28,2025-04-01,1068.57,944.05,1193.09,ARIMA,103.77,85.34,8.07,2024-08-01T00:00:00+00:00
6,28,2025-05-01,1063.24,933.53,1192.95,ARIMA,103.77,85.34,8.07,2024-08-01T00:00:00+00:00
6,28,2025-06-01,1057.91,923.01,1192.81,ARIMA,103.77,85.34,8.07,2024-08-01T00:00:00+00:00
6,28,2025-07-01,1052.58,912.5,1192.66,ARIMA,103.77,85.34,8.07,2024-08-01T00:00:00+00:00
6,28,2025-08-01,1047.26,901.99,1192.53,ARIMA,103.77,85.34,8.07,2024-08-01T00:00:00+00:00
6,28,2025-09-01,1041.93,891.47,1192.39,ARIMA,103.77,85.34,8.07,2024-08-01T00:00:00+00:00
6,28,2025-10-01,1036.6,880.95,1192.25,ARIMA,103.77,85.34,8.07,2024-08-01T00:00:00+00:00
6,28,2025-11-01,1031.27,870.43,1192.11,ARIMA,103.77,85.34,8.07,2024-08-01T00:00:00+00:00
6,28,2025-12-01,1025.94,859.92,1191.96,ARIMA,103.77,85.34,8.07,2024-08-01T00:00:00+00:00
7,28,2025-01-01,1062.93,877.9,1247.96,ExponentialSmoothing,176.22,142.53,14.27,2024-08-01T00:00:00+00:00
7,28,2025-02-01,1060.55,866.71,1254.39,ExponentialSmoothing,176.22,142.53,14.27,2024-08-01T00:00:00+00:00
7,28,2025-03-01,1058.17,855.51,1260.83,ExponentialSmoothing,176.22,142.53,14.27,2024-08-01T00:00:00+00:00
7,28,2025-04-01,1055.8,844.33,1267.27,ExponentialSmoothing,176.22,142.53,14.27,2024-08-01T00:00:00+00:00
7,28,2025-05-01,1053.42,833.14,1273.7,ExponentialSmoothing,176.22,142.53,14.27,2024-08-01T00:00:00+00:00
7,28,2025-06-01,1051.04,821.95,1280.13,ExponentialSmoothing,176.22,142.53,14.27,2024-08-01T00:00:00+00:00
7,28,2025-07-01,1048.66,810.76,1286.56,ExponentialSmoothing,176.22,142.53,14.27,2024-08-01T00:00:00+00:00
7,28,2025-08-01,1046.29,799.58,1293.0,ExponentialSmoothing,176.22,142.53,14.27,2024-08-01T00:00:00+00:00
7,28,2025-09-01,1043.91,788.39,1299.43,ExponentialSmoothing,176.22,142.53,14.27,2024-08-01T00:00:00+00:00
7,28,2025-10-01,1041.53,777.2,1305.86,ExponentialSmoothing,176.22,142.53,14.27,2024-08-01T00:00:00+00:00
7,28,2025-11-01,1039.15,766.01,1312.29,ExponentialSmoothing,176.22,142.53,14.27,2024-08-01T00:00:00+00:00
7,28,2025-12-01,1036.78,754.82,1318.74,ExponentialSmoothing,176.22,142.53,14.27,2024-08-01T00:00:00+00:00
8,28,2025-01-01,1015.58,850.25,1180.91,ExponentialSmoothing,157.46,130.91,14.15,2024-08-01T00:00:00+00:00
8,28,2025-02-01,1019.25,846.05,1192.45,ExponentialSmoothing,157.46,130.91,14.15,2024-08-01T00:00:00+00:00
8,28,2025-03-01,1022.91,841.83,1203.99,ExponentialSmoothing,157.46,130.91,14.15,2024-08-01T00:00:00+00:00
8,28,2025-04-01,1026.58,837.63,1215.53,ExponentialSmoothing,157.46,130.91,14.15,2024-08-01T00:00:00+00:00
8,28,2025-05-01,1030.25,833.43,1227.07,ExponentialSmoothing,157.46,130.91,14.15,2024-08-01T00:00:00+00:00
8,28,2025-06-01,1033.91,829.22,1238.6,ExponentialSmoothing,157.46,130.91,14.15,2024-08-01T00:00:00+00:00
8,28,2025-07-01,1037.58,825.01,1250.15,ExponentialSmoothing,157.46,130.91,14.15,2024-08-01T00:00:00+00:00
8,28,2025-08-01,1041.25,820.81,1261.69,ExponentialSmoothing,157.46,130.91,14.15,2024-08-01T00:00:00+00:00
8,28,2025-09-01,1044.92,816.61,1273.23,ExponentialSmoothing,157.46,130.91,14.15,2024-08-01T00:00:00+00:00
8,28,2025-10-01,1048.58,812.39,1284.77,ExponentialSmoothing,157.46,130.91,14.15,2024-08-01T00:00:00+00:00
8,28,2025-11-01,1052.25,808.19,1296.31,ExponentialSmoothing,157.46,130.91,14.15,2024-08-01T00:00:00+00:00
8,28,2025-12-01,1055.92,803.99,1307.85,ExponentialSmoothing,157.46,130.91,14.15,2024-08-01T00:00:00+00:00
9,28,2025-01-01,982.08,875.25,1088.91,ExponentialSmoothing,101.75,77.71,7.74,2024-08-01T00:00:00+00:00
9,28,2025-02-01,981.33,869.41,1093.25,ExponentialSmoothing,101.75,77.71,7.74,2024-08-01T00:00:00+00:00
9,28,2025-03-01,980.57,863.56,1097.58,ExponentialSmoothing,101.75,77.71,7.74,2024-08-01T00:00:00+00:00
9,28,2025-04-01,979.82,857.72,1101.92,ExponentialSmoothing,101.75,77.71,7.74,2024-08-01T00:00:00+00:00
9,28,2025-05-01,979.06,851.88,1106.24,ExponentialSmoothing,101.75,77.71,7.74,2024-08-01T00:00:00+00:00
9,28,2025-06-01,978.31,846.04,1110.58,ExponentialSmoothing,101.75,77.71,7.74,2024-08-01T00:00:00+00:00
9,28,2025-07-01,977.55,840.19,1114.91,ExponentialSmoothing,101.75,77.71,7.74,2024-08-01T00:00:00+00:00
9,28,2025-08-01,976.8,834.35,1119.25,ExponentialSmoothing,101.75,77.71,7.74,2024-08-01T00:00:00+00:00
9,28,2025-09-01,976.04,828.51,1123.57,ExponentialSmoothing,101.75,77.71,7.74,2024-08-01T00:00:00+00:00
9,28,2025-10-01,975.29,822.67,1127.91,ExponentialSmoothing,101.75,77.71,7.74,2024-08-01T00:00:00+00:00
9,28,2025-11-01,974.53,816.82,1132.24,ExponentialSmoothing,101.75,77.71,7.74,2024-08-01T00:00:00+00:00
9,28,2025-12-01,973.78,810.99,1136.57,ExponentialSmoothing,101.75,77.71,7.74,2024-08-01T00:00:00+00:00
10,28,2025-01-01,1013.99,838.69,1189.29,ExponentialSmoothing,166.95,146.54,15.53,2024-08-01T00:00:00+00:00
10,28,2025-02-01,1017.46,833.81,1201.11,ExponentialSmoothing,166.95,146.54,15.53,2024-08-01T00:00:00+00:00
10,28,2025-03-01,1020.92,828.93,1212.91,ExponentialSmoothing,166.95,146.54,15.53,2024-08-01T00:00:00+00:00
10,28,2025-04-01,1024.39,824.05,1224.73,ExponentialSmoothing,166.95,146.54,15.53,2024-08-01T00:00:00+00:00
10,28,2025-05-01,1027.86,819.17,1236.55,ExponentialSmoothing,166.95,146.54,15.53,2024-08-01T00:00:00+00:00
10,28,2025-06-01,1031.33,814.29,1248.37,ExponentialSmoothing,166.95,146.54,15.53,2024-08-01T00:00:00+00:00
10,28,2025-07-01,1034.8,809.42,1260.18,ExponentialSmoothing,166.95,146.54,15.53,2024-08-01T00:00:00+00:00
10,28,2025-08-01,1038.27,804.54,1272.0,ExponentialSmoothing,166.95,146.54,15.53,2024-08-01T00:00:00+00:00
10,28,2025-09-01,1041.73,799.65,1283.81,ExponentialSmoothing,166.95,146.54,15.53,2024-08-01T00:00:00+00:00
10,28,2025-10-01,1045.2,794.77,1295.63,ExponentialSmoothing,166.95,146.54,15.53,2024-08-01T00:00:00+00:00
10,28,2025-11-01,1048.67,789.9,1307.44,ExponentialSmoothing,166.95,146.54,15.53,2024-08-01T00:00:00+00:00
10,28,2025-12-01,1052.14,785.02,1319.26,ExponentialSmoothing,166.95,146.54,15.53,2024-08-01T00:00:00+00:00
11,28,2025-01-01,1012.97,825.9,1200.04,ExponentialSmoothing,178.16,140.94,15.48,2024-08-01T00:00:00+00:00
11,28,2025-02-01,1014.18,818.21,1210.15,ExponentialSmoothing,178.16,140.94,15.48,2024-08-01T00:00:00+00:00
11,28,2025-03-01,1015.38,810.5,1220.26,ExponentialSmoothing,178.16,140.94,15.48,2024-08-01T00:00:00+00:00
11,28,2025-04-01,1016.59,802.8,1230.38,ExponentialSmoothing,178.16,140.94,15.48,2024-08-01T00:00:00+00:00
11,28,2025-05-01,1017.79,795.09,1240.49,ExponentialSmoothing,178.16,140.94,15.48,2024-08-01T00:00:00+00:00
11,28,2025-06-01,1019.0,787.39,1250.61,ExponentialSmoothing,178.16,140.94,15.48,2024-08-01T00:00:00+00:00
11,28,2025-07-01,1020.21,779.7,1260.72,ExponentialSmoothing,178.16,140.94,15.48,2024-08-01T00:00:00+00:00
11,28,2025-08-01,1021.41,771.99,1270.83,ExponentialSmoothing,178.16,140.94,15.48,2024-08-01T00:00:00+00:00
11,28,2025-09-01,1022.62,764.29,1280.95,ExponentialSmoothing,178.16,140.94,15.48,2024-08-01T00:00:00+00:00
11,28,2025-10-01,1023.82,756.58,1291.06,ExponentialSmoothing,178.16,140.94,15.48,2024-08-01T00:00:00+00:00
11,28,2025-11-01,1025.03,748.88,1301.18,ExponentialSmoothing,178.16,140.94,15.48,2024-08-01T00:00:00+00:00
11,28,2025-12-01,1026.24,741.19,1311.29,ExponentialSmoothing,178.16,140.94,15.48,2024-08-01T00:00:00+00:00
12,28,2025-01-01,1051.47,935.22,1167.72,ExponentialSmoothing,110.72,96.62,9.21,2024-08-01T00:00:00+00:00
12,28,2025-02-01,1051.06,929.27,1172.85,ExponentialSmoothing,110.72,96.62,9.21,2024-08-01T00:00:00+00:00
12,28,2025-03-01,1050.65,923.33,1177.97,ExponentialSmoothing,110.72,96.62,9.21,2024-08-01T00:00:00+00:00
12,28,2025-04-01,1050.25,917.39,1183.11,ExponentialSmoothing,110.72,96.62,9.21,2024-08-01T00:00:00+00:00
12,28,2025-05-01,1049.84,911.44,1188.24,ExponentialSmoothing,110.72,96.62,9.21,2024-08-01T00:00:00+00:00
12,28,2025-06-01,1049.43,905.5,1193.36,ExponentialSmoothing,110.72,96.62,9.21,2024-08-01T00:00:00+00:00
12,28,2025-07-01,1049.02,899.55,1198.49,ExponentialSmoothing,110.72,96.62,9.21,2024-08-01T00:00:00+00:00
12,28,2025-08-01,1048.61,893.61,1203.61,ExponentialSmoothing,110.72,96.62,9.21,2024-08-01T00:00:00+00:00
12,28,2025-09-01,1048.2,887.66,1208.74,ExponentialSmoothing,110.72,96.62,9.21,2024-08-01T00:00:00+00:00
12,28,2025-10-01,1047.79,881.72,1213.86,ExponentialSmoothing,110.72,96.62,9.21,2024-08-01T00:00:00+00:00
12,28,2025-11-01,1047.39,875.78,1219.0,ExponentialSmoothing,110.72,96.62,9.21,2024-08-01T00:00:00+00:00
12,28,2025-12-01,1046.98,869.83,1224.13,ExponentialSmoothing,110.72,96.62,9.21,2024-08-01T00:00:00+00:00
13,28,2025-01-01,993.79,855.19,1132.39,ARIMA,132.0,109.48,11.28,2024-08-01T00:00:00+00:00
13,28,2025-02-01,988.05,842.85,1133.25,ARIMA,132.0,109.48,11.28,2024-08-01T00:00:00+00:00
13,28,2025-03-01,982.31,830.51,1134.11,ARIMA,132.0,109.48,11.28,2024-08-01T00:00:00+00:00
13,28,2025-04-01,976.58,818.18,1134.98,ARIMA,132.0,109.48,11.28,2024-08-01T00:00:00+00:00
13,28,2025-05-01,970.84,805.84,1135.84,ARIMA,132.0,109.48,11.28,2024-08-01T00:00:00+00:00
13,28,2025-06-01,965.11,793.51,1136.71,ARIMA,132.0,109.48,11.28,2024-08-01T00:00:00+00:00
13,28,2025-07-01,959.37,781.16,1137.58,ARIMA,132.0,109.48,11.28,2024-08-01T00:00:00+00:00
13,28,2025-08-01,953.64,768.83,1138.45,ARIMA,132.0,109.48,11.28,2024-08-01T00:00:00+00:00
13,28,2025-09-01,947.9,756.49,1139.31,ARIMA,132.0,109.48,11.28,2024-08-01T00:00:00+00:00
13,28,2025-10-01,942.17,744.16,1140.18,ARIMA,132.0,109.48,11.28,2024-08-01T00:00:00+00:00
13,28,2025-11-01,936.43,731.82,1141.04,ARIMA,132.0,109.48,11.28,2024-08-01T00:00:00+00:00
13,28,2025-12-01,930.7,719.49,1141.91,ARIMA,132.0,109.48,11.28,2024-08-01T00:00:00+00:00
14,28,2025-01-01,1015.05,865.7,1164.4,ExponentialSmoothing,142.24,107.96,10.51,2024-08-01T00:00:00+00:00
14,28,2025-02-01,1015.8,859.34,1172.26,ExponentialSmoothing,142.24,107.96,10.51,2024-08-01T00:00:00+00:00
14,28,2025-03-01,1016.55,852.98,1180.12,ExponentialSmoothing,142.24,107.96,10.51,2024-08-01T00:00:00+00:00
14,28,2025-04-01,1017.3,846.61,1187.99,ExponentialSmoothing,142.24,107.96,10.51,2024-08-01T00:00:00+00:00
14,28,2025-05-01,1018.05,840.25,1195.85,ExponentialSmoothing,142.24,107.96,10.51,2024-08-01T00:00:00+00:00
14,28,2025-06-01,1018.8,833.89,1203.71,ExponentialSmoothing,142.24,107.96,10.51,2024-08-01T00:00:00+00:00
14,28,2025-07-01,1019.55,827.53,1211.57,ExponentialSmoothing,142.24,107.96,10.51,2024-08-01T00:00:00+00:00
14,28,2025-08-01,1020.3,821.17,1219.43,ExponentialSmoothing,142.24,107.96,10.51,2024-08-01T00:00:00+00:00
14,28,2025-09-01,1021.04,814.79,1227.29,ExponentialSmoothing,142.24,107.96,10.51,2024-08-01T00:00:00+00:00
14,28,2025-10-01,1021.79,808.43,1235.15,ExponentialSmoothing,142.24,107.96,10.51,2024-08-01T00:00:00+00:00
14,28,2025-11-01,1022.54,802.07,1243.01,ExponentialSmoothing,142.24,107.96,10.51,2024-08-01T00:00:00+00:00
14,28,2025-12-01,1023.29,795.71,1250.87,ExponentialSmoothing,142.24,107.96,10.51,2024-08-01T00:00:00+00:00
15,28,2025-01-01,1034.75,846.52,1222.98,ExponentialSmoothing,179.27,144.42,14.22,2024-08-01T00:00:00+00:00
15,28,2025-02-01,1037.7,840.51,1234.89,ExponentialSmoothing,179.27,144.42,14.22,2024-08-01T00:00:00+00:00
15,28,2025-03-01,1040.64,834.48,1246.8,ExponentialSmoothing,179.27,144.42,14.22,2024-08-01T00:00:00+00:00
15,28,2025-04-01,1043.58,828.46,1258.7,ExponentialSmoothing,179.27,144.42,14.22,2024-08-01T00:00:00+00:00
15,28,2025-05-01,1046.53,822.45,1270.61,ExponentialSmoothing,179.27,144.42,14.22,2024-08-01T00:00:00+00:00
15,28,2025-06-01,1049.47,816.42,1282.52,ExponentialSmoothing,179.27,144.42,14.22,2024-08-01T00:00:00+00:00
15,28,2025-07-01,1052.42,810.41,1294.43,ExponentialSmoothing,179.27,144.42,14.22,2024-08-01T00:00:00+00:00
15,28,2025-08-01,1055.36,804.39,1306.33,ExponentialSmoothing,179.27,144.42,14.22,2024-08-01T00:00:00+00:00
15,28,2025-09-01,1058.31,798.37,1318.25,ExponentialSmoothing,179.27,144.42,14.22,2024-08-01T00:00:00+00:00
15,28,2025-10-01,1061.25,792.35,1330.15,ExponentialSmoothing,179.27,144.42,14.22,2024-08-01T00:00:00+00:00
15,28,2025-11-01,1064.19,786.33,1342.05,ExponentialSmoothing,179.27,144.42,14.22,2024-08-01T00:00:00+00:00
15,28,2025-12-01,1067.14,780.31,1353.97,ExponentialSmoothing,179.27,144.42,14.22,2024-08-01T00:00:00+00:00
16,28,2025-01-01,972.38,853.66,1091.1,ExponentialSmoothing,113.07,99.56,10.42,2024-08-01T00:00:00+00:00
16,28,2025-02-01,970.34,845.97,1094.71,ExponentialSmoothing,113.07,99.56,10.42,2024-08-01T00:00:00+00:00
16,28,2025-03-01,968.3,838.27,1098.33,ExponentialSmoothing,113.07,99.56,10.42,2024-08-01T00:00:00+00:00
16,28,2025-04-01,966.26,830.58,1101.94,ExponentialSmoothing,113.07,99.56,10.42,2024-08-01T00:00:00+00:00
16,28,2025-05-01,964.21,822.88,1105.54,ExponentialSmoothing,113.07,99.56,10.42,2024-08-01T00:00:00+00:00
16,28,2025-06-01,962.17,815.18,1109.16,ExponentialSmoothing,113.07,99.56,10.42,2024-08-01T00:00:00+00:00
16,28,2025-07-01,960.13,807.49,1112.77,ExponentialSmoothing,113.07,99.56,10.42,2024-08-01T00:00:00+00:00
16,28,2025-08-01,958.09,799.8,1116.38,ExponentialSmoothing,113.07,99.56,10.42,2024-08-01T00:00:00+00:00
16,28,2025-09-01,956.05,792.1,1120.0,ExponentialSmoothing,113.07,99.56,10.42,2024-08-01T00:00:00+00:00
16,28,2025-10-01,954.0,784.4,1123.6,ExponentialSmoothing,113.07,99.56,10.42,2024-08-01T00:00:00+00:00
16,28,2025-11-01,951.96,776.71,1127.21,ExponentialSmoothing,113.07,99.56,10.42,2024-08-01T00:00:00+00:00
16,28,2025-12-01,949.92,769.01,1130.83,ExponentialSmoothing,113.07,99.56,10.42,2024-08-01T00:00:00+00:00
17,28,2025-01-01,939.29,797.95,1080.63,ExponentialSmoothing,134.61,109.5,12.42,2024-08-01T00:00:00+00:00
17,28,2025-02-01,943.14,795.07,1091.21,ExponentialSmoothing,134.61,109.5,12.42,2024-08-01T00:00:00+00:00
17,28,2025-03-01,947.0,792.2,1101.8,ExponentialSmoothing,134.61,109.5,12.42,2024-08-01T00:00:00+00:00
17,28,2025-04-01,950.85,789.32,1112.38,ExponentialSmoothing,134.61,109.5,12.42,2024-08-01T00:00:00+00:00
17,28,2025-05-01,954.71,786.45,1122.97,ExponentialSmoothing,134.61,109.5,12.42,2024-08-01T00:00:00+00:00
17,28,2025-06-01,958.56,783.57,1133.55,ExponentialSmoothing,134.61,109.5,12.42,2024-08-01T00:00:00+00:00
17,28,2025-07-01,962.41,780.69,1144.13,ExponentialSmoothing,134.61,109.5,12.42,2024-08-01T00:00:00+00:00
17,28,2025-08-01,966.27,777.82,1154.72,ExponentialSmoothing,134.61,109.5,12.42,2024-08-01T00:00:00+00:00
17,28,2025-09-01,970.12,774.94,1165.3,ExponentialSmoothing,134.61,109.5,12.42,2024-08-01T00:00:00+00:00
17,28,2025-10-01,973.98,772.07,1175.89,ExponentialSmoothing,134.61,109.5,12.42,2024-08-01T00:00:00+00:00
17,28,2025-11-01,977.83,769.19,1186.47,ExponentialSmoothing,134.61,109.5,12.42,2024-08-01T00:00:00+00:00
17,28,2025-12-01,981.68,766.31,1197.05,ExponentialSmoothing,134.61,109.5,12.42,2024-08-01T00:00:00+00:00
18,28,2025-01-01,980.41,820.09,1140.73,ARIMA,152.69,130.43,13.8,2024-08-01T00:00:00+00:00
18,28,2025-02-01,989.46,821.5,1157.42,ARIMA,152.69,130.43,13.8,2024-08-01T00:00:00+00:00
18,28,2025-03-01,998.5,822.91,1174.09,ARIMA,152.69,130.43,13.8,2024-08-01T00:00:00+00:00
18,28,2025-04-01,1007.55,824.32,1190.78,ARIMA,152.69,130.43,13.8,2024-08-01T00:00:00+00:00
18,28,2025-05-01,1016.59,825.73,1207.45,ARIMA,152.69,130.43,13.8,2024-08-01T00:00:00+00:00
18,28,2025-06-01,1025.63,827.14,1224.12,ARIMA,152.69,130.43,13.8,2024-08-01T00:00:00+00:00
18,28,2025-07-01,1034.68,828.55,1240.81,ARIMA,152.69,130.43,13.8,2024-08-01T00:00:00+00:00
18,28,2025-08-01,1043.72,829.96,1257.48,ARIMA,152.69,130.43,13.8,2024-08-01T00:00:00+00:00
18,28,2025-09-01,1052.77,831.37,1274.17,ARIMA,152.69,130.43,13.8,2024-08-01T00:00:00+00:00
18,28,2025-10-01,1061.81,832.78,1290.84,ARIMA,152.69,130.43,13.8,2024-08-01T00:00:00+00:00
18,28,2025-11-01,1070.86,834.19,1307.53,ARIMA,152.69,130.43,13.8,2024-08-01T00:00:00+00:00
18,28,2025-12-01,1079.9,835.6,1324.2,ARIMA,152.69,130.43,13.8,2024-08-01T00:00:00+00:00
19,28,2025-01-01,910.45,724.15,1096.75,ExponentialSmoothing,177.43,126.14,12.92,2024-08-01T00:00:00+00:00
19,28,2025-02-01,907.6,712.43,1102.77,ExponentialSmoothing,177.43,126.14,12.92,2024-08-01T00:00:00+00:00
19,28,2025-03-01,904.75,700.7,1108.8,ExponentialSmoothing,177.43,126.14,12.92,2024-08-01T00:00:00+00:00
19,28,2025-04-01,901.91,688.99,1114.83,ExponentialSmoothing,177.43,126.14,12.92,2024-08-01T00:00:00+00:00
19,28,2025-05-01,899.06,677.27,1120.85,ExponentialSmoothing,177.43,126.14,12.92,2024-08-01T00:00:00+00:00
19,28,2025-06-01,896.22,665.56,1126.88,ExponentialSmoothing,177.43,126.14,12.92,2024-08-01T00:00:00+00:00
19,28,2025-07-01,893.37,653.84,1132.9,ExponentialSmoothing,177.43,126.14,12.92,2024-08-01T00:00:00+00:00
19,28,2025-08-01,890.52,642.12,1138.92,ExponentialSmoothing,177.43,126.14,12.92,2024-08-01T00:00:00+00:00
19,28,2025-09-01,887.68,630.4,1144.96,ExponentialSmoothing,177.43,126.14,12.92,2024-08-01T00:00:00+00:00
19,28,2025-10-01,884.83,618.68,1150.98,ExponentialSmoothing,177.43,126.14,12.92,2024-08-01T00:00:00+00:00
19,28,2025-11-01,881.99,606.97,1157.01,ExponentialSmoothing,177.43,126.14,12.92,2024-08-01T00:00:00+00:00
19,28,2025-12-01,879.14,595.25,1163.03,ExponentialSmoothing,177.43,126.14,12.92,2024-08-01T00:00:00+00:00
20,28,2025-01-01,1085.24,901.65,1268.83,ARIMA,174.85,136.66,12.42,2024-08-01T00:00:00+00:00
20,28,2025-02-01,1089.96,897.63,1282.29,ARIMA,174.85,136.66,12.42,2024-08-01T00:00:00+00:00
20,28,2025-03-01,1094.67,893.59,1295.75,ARIMA,174.85,136.66,12.42,2024-08-01T00:00:00+00:00
20,28,2025-04-01,1099.39,889.57,1309.21,ARIMA,174.85,136.66,12.42,2024-08-01T00:00:00+00:00
20,28,2025-05-01,1104.1,885.54,1322.66,ARIMA,174.85,136.66,12.42,2024-08-01T00:00:00+00:00
20,28,2025-06-01,1108.82,881.52,1336.12,ARIMA,174.85,136.66,12.42,2024-08-01T00:00:00+00:00
20,28,2025-07-01,1113.53,877.48,1349.58,ARIMA,174.85,136.66,12.42,2024-08-01T00:00:00+00:00
20,28,2025-08-01,1118.25,873.46,1363.04,ARIMA,174.85,136.66,12.42,2024-08-01T00:00:00+00:00
20,28,2025-09-01,1122.96,869.43,1376.49,ARIMA,174.85,136.66,12.42,2024-08-01T00:00:00+00:00
20,28,2025-10-01,1127.68,865.41,1389.95,ARIMA,174.85,136.66,12.42,2024-08-01T00:00:00+00:00
20,28,2025-11-01,1132.39,861.37,1403.41,ARIMA,174.85,136.66,12.42,2024-08-01T00:00:00+00:00
20,28,2025-12-01,1137.11,857.35,1416.87,ARIMA,174.85,136.66,12.42,2024-08-01T00:00:00+00:00
21,28,2025-01-01,998.01,885.87,1110.15,ARIMA,106.8,95.77,9.25,2024-08-01T00:00:00+00:00
21,28,2025-02-01,992.3,874.82,1109.78,ARIMA,106.8,95.77,9.25,2024-08-01T00:00:00+00:00
21,28,2025-03-01,986.59,863.77,1109.41,ARIMA,106.8,95.77,9.25,2024-08-01T00:00:00+00:00
21,28,2025-04-01,980.89,852.73,1109.05,ARIMA,106.8,95.77,9.25,2024-08-01T00:00:00+00:00
21,28,2025-05-01,975.18,841.68,1108.68,ARIMA,106.8,95.77,9.25,2024-08-01T00:00:00+00:00
21,28,2025-06-01,969.47,830.63,1108.31,ARIMA,106.8,95.77,9.25,2024-08-01T00:00:00+00:00
21,28,2025-07-01,963.77,819.59,1107.95,ARIMA,106.8,95.77,9.25,2024-08-01T00:00:00+00:00
21,28,2025-08-01,958.06,808.53,1107.59,ARIMA,106.8,95.77,9.25,2024-08-01T00:00:00+00:00
21,28,2025-09-01,952.35,797.48,1107.22,ARIMA,106.8,95.77,9.25,2024-08-01T00:00:00+00:00
21,28,2025-10-01,946.65,786.44,1106.86,ARIMA,106.8,95.77,9.25,2024-08-01T00:00:00+00:00
21,28,2025-11-01,940.94,775.39,1106.49,ARIMA,106.8,95.77,9.25,2024-08-01T00:00:00+00:00
21,28,2025-12-01,935.23,764.34,1106.12,ARIMA,106.8,95.77,9.25,2024-08-01T00:00:00+00:00
22,28,2025-01-01,1005.53,873.45,1137.61,ARIMA,125.79,103.14,10.85,2024-08-01T00:00:00+00:00
22,28,2025-02-01,1000.96,862.59,1139.33,ARIMA,125.79,103.14,10.85,2024-08-01T00:00:00+00:00
22,28,2025-03-01,996.39,851.74,1141.04,ARIMA,125.79,103.14,10.85,2024-08-01T00:00:00+00:00
22,28,2025-04-01,991.82,840.88,1142.76,ARIMA,125.79,103.14,10.85,2024-08-01T00:00:00+00:00
22,28,2025-05-01,987.25,830.02,1144.48,ARIMA,125.79,103.14,10.85,2024-08-01T00:00:00+00:00
22,28,2025-06-01,982.68,819.16,1146.2,ARIMA,125.79,103.14,10.85,2024-08-01T00:00:00+00:00
22,28,2025-07-01,978.11,808.3,1147.92,ARIMA,125.79,103.14,10.85,2024-08-01T00:00:00+00:00
22,28,2025-08-01,973.54,797.44,1149.64,ARIMA,125.79,103.14,10.85,2024-08-01T00:00:00+00:00
22,28,2025-09-01,968.97,786.58,1151.36,ARIMA,125.79,103.14,10.85,2024-08-01T00:00:00+00:00
22,28,2025-10-01,964.4,775.72,1153.08,ARIMA,125.79,103.14,10.85,2024-08-01T00:00:00+00:00
22,28,2025-11-01,959.83,764.86,1154.8,ARIMA,125.79,103.14,10.85,2024-08-01T00:00:00+00:00
22,28,2025-12-01,955.26,754.0,1156.52,ARIMA,125.79,103.14,10.85,2024-08-01T00:00:00+00:00
23,28,2025-01-01,1006.95,801.71,1212.19,ExponentialSmoothing,195.47,172.94,18.96,2024-08-01T00:00:00+00:00
23,28,2025-02-01,1006.14,791.12,1221.16,ExponentialSmoothing,195.47,172.94,18.96,2024-08-01T00:00:00+00:00
23,28,2025-03-01,1005.33,780.54,1230.12,ExponentialSmoothing,195.47,172.94,18.96,2024-08-01T00:00:00+00:00
23,28,2025-04-01,1004.52,769.96,1239.08,ExponentialSmoothing,195.47,172.94,18.96,2024-08-01T00:00:00+00:00
23,28,2025-05-01,1003.71,759.37,1248.05,ExponentialSmoothing,195.47,172.94,18.96,2024-08-01T00:00:00+00:00
23,28,2025-06-01,1002.9,748.79,1257.01,ExponentialSmoothing,195.47,172.94,18.96,2024-08-01T00:00:00+00:00
23,28,2025-07-01,1002.1,738.22,1265.98,ExponentialSmoothing,195.47,172.94,18.96,2024-08-01T00:00:00+00:00
23,28,2025-08-01,1001.29,727.63,1274.95,ExponentialSmoothing,195.47,172.94,18.96,2024-08-01T00:00:00+00:00
23,28,2025-09-01,1000.48,717.05,1283.91,ExponentialSmoothing,195.47,172.94,18.96,2024-08-01T00:00:00+00:00
23,28,2025-10-01,999.67,706.46,1292.88,ExponentialSmoothing,195.47,172.94,18.96,2024-08-01T00:00:00+00:00
23,28,2025-11-01,998.86,695.88,1301.84,ExponentialSmoothing,195.47,172.94,18.96,2024-08-01T00:00:00+00:00
23,28,2025-12-01,998.05,685.3,1310.8,ExponentialSmoothing,195.47,172.94,18.96,2024-08-01T00:00:00+00:00
24,28,2025-01-01,1088.99,979.09,1198.89,ExponentialSmoothing,104.66,86.19,8.3,2024-08-01T00:00:00+00:00
24,28,2025-02-01,1092.83,977.7,1207.96,ExponentialSmoothing,104.66,86.19,8.3,2024-08-01T00:00:00+00:00
24,28,2025-03-01,1096.67,976.31,1217.03,ExponentialSmoothing,104.66,86.19,8.3,2024-08-01T00:00:00+00:00
24,28,2025-04-01,1100.52,974.92,1226.12,ExponentialSmoothing,104.66,86.19,8.3,2024-08-01T00:00:00+00:00
24,28,2025-05-01,1104.36,973.53,1235.19,ExponentialSmoothing,104.66,86.19,8.3,2024-08-01T00:00:00+00:00
24,28,2025-06-01,1108.2,972.14,1244.26,ExponentialSmoothing,104.66,86.19,8.3,2024-08-01T00:00:00+00:00
24,28,2025-07-01,1112.04,970.74,1253.34,ExponentialSmoothing,104.66,86.19,8.3,2024-08-01T00:00:00+00:00
24,28,2025-08-01,1115.89,969.36,1262.42,ExponentialSmoothing,104.66,86.19,8.3,2024-08-01T00:00:00+00:00
24,28,2025-09-01,1119.73,967.97,1271.49,ExponentialSmoothing,104.66,86.19,8.3,2024-08-01T00:00:00+00:00
24,28,2025-10-01,1123.57,966.58,1280.56,ExponentialSmoothing,104.66,86.19,8.3,2024-08-01T00:00:00+00:00
24,28,2025-11-01,1127.41,965.18,1289.64,ExponentialSmoothing,104.66,86.19,8.3,2024-08-01T00:00:00+00:00
24,28,2025-12-01,1131.25,963.79,1298.71,ExponentialSmoothing,104.66,86.19,8.3,2024-08-01T00:00:00+00:00
25,28,2025-01-01,1037.6,938.11,1137.09,ARIMA,94.75,76.86,7.48,2024-08-01T00:00:00+00:00
25,28,2025-02-01,1041.88,937.65,1146.11,ARIMA,94.75,76.86,7.48,2024-08-01T00:00:00+00:00
25,28,2025-03-01,1046.17,937.21,1155.13,ARIMA,94.75,76.86,7.48,2024-08-01T00:00:00+00:00
25,28,2025-04-01,1050.46,936.76,1164.16,ARIMA,94.75,76.86,7.48,2024-08-01T00:00:00+00:00
25,28,2025-05-01,1054.74,936.3,1173.18,ARIMA,94.75,76.86,7.48,2024-08-01T00:00:00+00:00
25,28,2025-06-01,1059.03,935.85,1182.21,ARIMA,94.75,76.86,7.48,2024-08-01T00:00:00+00:00
25,28,2025-07-01,1063.32,935.4,1191.24,ARIMA,94.75,76.86,7.48,2024-08-01T00:00:00+00:00
25,28,2025-08-01,1067.6,934.95,1200.25,ARIMA,94.75,76.86,7.48,2024-08-01T00:00:00+00:00
25,28,2025-09-01,1071.89,934.5,1209.28,ARIMA,94.75,76.86,7.48,2024-08-01T00:00:00+00:00
25,28,2025-10-01,1076.18,934.05,1218.31,ARIMA,94.75,76.86,7.48,2024-08-01T00:00:00+00:00
25,28,2025-11-01,1080.46,933.59,1227.33,ARIMA,94.75,76.86,7.48,2024-08-01T00:00:00+00:00
25,28,2025-12-01,1084.75,933.15,1236.35,ARIMA,94.75,76.86,7.48,2024-08-01T00:00:00+00:00
26,28,2025-01-01,1036.51,918.56,1154.46,ExponentialSmoothing,112.33,92.39,9.15,2024-08-01T00:00:00+00:00
26,28,2025-02-01,1038.85,915.29,1162.41,ExponentialSmoothing,112.33,92.39,9.15,2024-08-01T00:00:00+00:00
26,28,2025-03-01,1041.2,912.02,1170.38,ExponentialSmoothing,112.33,92.39,9.15,2024-08-01T00:00:00+00:00
26,28,2025-04-01,1043.55,908.75,1178.35,ExponentialSmoothing,112.33,92.39,9.15,2024-08-01T00:00:00+00:00
26,28,2025-05-01,1045.9,905.49,1186.31,ExponentialSmoothing,112.33,92.39,9.15,2024-08-01T00:00:00+00:00
26,28,2025-06-01,1048.24,902.21,1194.27,ExponentialSmoothing,112.33,92.39,9.15,2024-08-01T00:00:00+00:00
26,28,2025-07-01,1050.59,898.94,1202.24,ExponentialSmoothing,112.33,92.39,9.15,2024-08-01T00:00:00+00:00
26,28,2025-08-01,1052.94,895.68,1210.2,ExponentialSmoothing,112.33,92.39,9.15,2024-08-01T00:00:00+00:00
26,28,2025-09-01,1055.29,892.41,1218.17,ExponentialSmoothing,112.33,92.39,9.15,2024-08-01T00:00:00+00:00
26,28,2025-10-01,1057.63,889.14,1226.12,ExponentialSmoothing,112.33,92.39,9.15,2024-08-01T00:00:00+00:00
26,28,2025-11-01,1059.98,885.87,1234.09,ExponentialSmoothing,112.33,92.39,9.15,2024-08-01T00:00:00+00:00
26,28,2025-12-01,1062.33,882.6,1242.06,ExponentialSmoothing,112.33,92.39,9.15,2024-08-01T00:00:00+00:00
27,28,2025-01-01,1047.87,961.11,1134.63,ARIMA,82.63,65.08,6.37,2024-08-01T00:00:00+00:00
27,28,2025-02-01,1054.38,963.49,1145.27,ARIMA,82.63,65.08,6.37,2024-08-01T00:00:00+00:00
27,28,2025-03-01,1060.89,965.86,1155.92,ARIMA,82.63,65.08,6.37,2024-08-01T00:00:00+00:00
27,28,2025-04-01,1067.4,968.24,1166.56,ARIMA,82.63,65.08,6.37,2024-08-01T00:00:00+00:00
27,28,2025-05-01,1073.9,970.61,1177.19,ARIMA,82.63,65.08,6.37,2024-08-01T00:00:00+00:00
27,28,2025-06-01,1080.41,972.99,1187.83,ARIMA,82.63,65.08,6.37,2024-08-01T00:00:00+00:00
27,28,2025-07-01,1086.92,975.37,1198.47,ARIMA,82.63,65.08,6.37,2024-08-01T00:00:00+00:00
27,28,2025-08-01,1093.43,977.75,1209.11,ARIMA,82.63,65.08,6.37,2024-08-01T00:00:00+00:00
27,28,2025-09-01,1099.93,980.12,1219.74,ARIMA,82.63,65.08,6.37,2024-08-01T00:00:00+00:00
27,28,2025-10-01,1106.44,982.49,1230.39,ARIMA,82.63,65.08,6.37,2024-08-01T00:00:00+00:00
27,28,2025-11-01,1112.95,984.87,1241.03,ARIMA,82.63,65.08,6.37,2024-08-01T00:00:00+00:00
27,28,2025-12-01,1119.46,987.25,1251.67,ARIMA,82.63,65.08,6.37,2024-08-01T00:00:00+00:00
28,28,2025-01-01,1067.35,933.16,1201.54,ExponentialSmoothing,127.8,105.96,9.99,2024-08-01T00:00:00+00:00
28,28,2025-02-01,1070.56,929.98,1211.14,ExponentialSmoothing,127.8,105.96,9.99,2024-08-01T00:00:00+00:00
28,28,2025-03-01,1073.77,926.8,1220.74,ExponentialSmoothing,127.8,105.96,9.99,2024-08-01T00:00:00+00:00
28,28,2025-04-01,1076.97,923.61,1230.33,ExponentialSmoothing,127.8,105.96,9.99,2024-08-01T00:00:00+00:00
28,28,2025-05-01,1080.18,920.43,1239.93,ExponentialSmoothing,127.8,105.96,9.99,2024-08-01T00:00:00+00:00
28,28,2025-06-01,1083.38,917.24,1249.52,ExponentialSmoothing,127.8,105.96,9.99,2024-08-01T00:00:00+00:00
28,28,2025-07-01,1086.59,914.06,1259.12,ExponentialSmoothing,127.8,105.96,9.99,2024-08-01T00:00:00+00:00
28,28,2025-08-01,1089.79,910.87,1268.71,ExponentialSmoothing,127.8,105.96,9.99,2024-08-01T00:00:00+00:00
28,28,2025-09-01,1093.0,907.69,1278.31,ExponentialSmoothing,127.8,105.96,9.99,2024-08-01T00:00:00+00:00
28,28,2025-10-01,1096.21,904.51,1287.91,ExponentialSmoothing,127.8,105.96,9.99,2024-08-01T00:00:00+00:00
28,28,2025-11-01,1099.41,901.32,1297.5,ExponentialSmoothing,127.8,105.96,9.99,2024-08-01T00:00:00+00:00
28,28,2025-12-01,1102.62,898.14,1307.1,ExponentialSmoothing,127.8,105.96,9.99,2024-08-01T00:00:00+00:00
29,28,2025-01-01,1030.41,824.15,1236.67,ARIMA,196.44,150.5,16.36,2024-08-01T00:00:00+00:00
29,28,2025-02-01,1035.59,819.51,1251.67,ARIMA,196.44,150.5,16.36,2024-08-01T00:00:00+00:00
29,28,2025-03-01,1040.77,814.86,1266.68,ARIMA,196.44,150.5,16.36,2024-08-01T00:00:00+00:00
29,28,2025-04-01,1045.95,810.22,1281.68,ARIMA,196.44,150.5,16.36,2024-08-01T00:00:00+00:00
29,28,2025-05-01,1051.14,805.59,1296.69,ARIMA,196.44,150.5,16.36,2024-08-01T00:00:00+00:00
29,28,2025-06-01,1056.32,800.95,1311.69,ARIMA,196.44,150.5,16.36,2024-08-01T00:00:00+00:00
29,28,2025-07-01,1061.5,796.31,1326.69,ARIMA,196.44,150.5,16.36,2024-08-01T00:00:00+00:00
29,28,2025-08-01,1066.68,791.66,1341.7,ARIMA,196.44,150.5,16.36,2024-08-01T00:00:00+00:00
29,28,2025-09-01,1071.86,787.02,1356.7,ARIMA,196.44,150.5,16.36,2024-08-01T00:00:00+00:00
29,28,2025-10-01,1077.04,782.38,1371.7,ARIMA,196.44,150.5,16.36,2024-08-01T00:00:00+00:00
29,28,2025-11-01,1082.23,777.75,1386.71,ARIMA,196.44,150.5,16.36,2024-08-01T00:00:00+00:00
29,28,2025-12-01,1087.41,773.11,1401.71,ARIMA,196.44,150.5,16.36,2024-08-01T00:00:00+00:00
30,28,2025-01-01,960.5,832.08,1088.92,ExponentialSmoothing,122.3,96.39,10.32,2024-08-01T00:00:00+00:00
30,28,2025-02-01,958.86,824.33,1093.39,ExponentialSmoothing,122.3,96.39,10.32,2024-08-01T00:00:00+00:00
30,28,2025-03-01,957.21,816.56,1097.86,ExponentialSmoothing,122.3,96.39,10.32,2024-08-01T00:00:00+00:00
30,28,2025-04-01,955.57,808.81,1102.33,ExponentialSmoothing,122.3,96.39,10.32,2024-08-01T00:00:00+00:00
30,28,2025-05-01,953.92,801.04,1106.8,ExponentialSmoothing,122.3,96.39,10.32,2024-08-01T00:00:00+00:00
30,28,2025-06-01,952.28,793.29,1111.27,ExponentialSmoothing,122.3,96.39,10.32,2024-08-01T00:00:00+00:00
30,28,2025-07-01,950.63,785.52,1115.74,ExponentialSmoothing,122.3,96.39,10.32,2024-08-01T00:00:00+00:00
30,28,2025-08-01,948.99,777.77,1120.21,ExponentialSmoothing,122.3,96.39,10.32,2024-08-01T00:00:00+00:00
30,28,2025-09-01,947.34,770.0,1124.68,ExponentialSmoothing,122.3,96.39,10.32,2024-08-01T00:00:00+00:00
30,28,2025-10-01,945.7,762.25,1129.15,ExponentialSmoothing,122.3,96.39,10.32,2024-08-01T00:00:00+00:00
30,28,2025-11-01,944.05,754.48,1133.62,ExponentialSmoothing,122.3,96.39,10.32,2024-08-01T00:00:00+00:00
30,28,2025-12-01,942.41,746.73,1138.09,ExponentialSmoothing,122.3,96.39,10.32,2024-08-01T00:00:00+00:00
31,28,2025-01-01,1016.33,863.6,1169.06,ARIMA,145.45,121.42,12.31,2024-08-01T00:00:00+00:00
31,28,2025-02-01,1021.16,861.16,1181.16,ARIMA,145.45,121.42,12.31,2024-08-01T00:00:00+00:00
31,28,2025-03-01,1025.99,858.72,1193.26,ARIMA,145.45,121.42,12.31,2024-08-01T00:00:00+00:00
31,28,2025-04-01,1030.83,856.29,1205.37,ARIMA,145.45,121.42,12.31,2024-08-01T00:00:00+00:00
31,28,2025-05-01,1035.66,853.84,1217.48,ARIMA,145.45,121.42,12.31,2024-08-01T00:00:00+00:00
31,28,2025-06-01,1040.49,851.4,1229.58,ARIMA,145.45,121.42,12.31,2024-08-01T00:00:00+00:00
31,28,2025-07-01,1045.32,848.96,1241.68,ARIMA,145.45,121.42,12.31,2024-08-01T00:00:00+00:00
31,28,2025-08-01,1050.15,846.52,1253.78,ARIMA,145.45,121.42,12.31,2024-08-01T00:00:00+00:00
31,28,2025-09-01,1054.98,844.07,1265.89,ARIMA,145.45,121.42,12.31,2024-08-01T00:00:00+00:00
31,28,2025-10-01,1059.81,841.63,1277.99,ARIMA,145.45,121.42,12.31,2024-08-01T00:00:00+00:00
31,28,2025-11-01,1064.64,839.19,1290.09,ARIMA,145.45,121.42,12.31,2024-08-01T00:00:00+00:00
31,28,2025-12-01,1069.47,836.75,1302.19,ARIMA,145.45,121.42,12.31,2024-08-01T00:00:00+00:00
32,28,2025-01-01,951.86,815.44,1088.28,ARIMA,129.92,104.19,11.25,2024-08-01T00:00:00+00:00
32,28,2025-02-01,957.79,814.88,1100.7,ARIMA,129.92,104.19,11.25,2024-08-01T00:00:00+00:00
32,28,2025-03-01,963.71,814.3,1113.12,ARIMA,129.92,104.19,11.25,2024-08-01T00:00:00+00:00
32,28,2025-04-01,969.63,813.73,1125.53,ARIMA,129.92,104.19,11.25,2024-08-01T00:00:00+00:00
32,28,2025-05-01,975.55,813.15,1137.95,ARIMA,129.92,104.19,11.25,2024-08-01T00:00:00+00:00
32,28,2025-06-01,981.47,812.57,1150.37,ARIMA,129.92,104.19,11.25,2024-08-01T00:00:00+00:00
32,28,2025-07-01,987.4,812.01,1162.79,ARIMA,129.92,104.19,11.25,2024-08-01T00:00:00+00:00
32,28,2025-08-01,993.32,811.43,1175.21,ARIMA,129.92,104.19,11.25,2024-08-01T00:00:00+00:00
32,28,2025-09-01,999.24,810.86,1187.62,ARIMA,129.92,104.19,11.25,2024-08-01T00:00:00+00:00
32,28,2025-10-01,1005.16,810.28,1200.04,ARIMA,129.92,104.19,11.25,2024-08-01T00:00:00+00:00
32,28,2025-11-01,1011.08,809.7,1212.46,ARIMA,129.92,104.19,11.25,2024-08-01T00:00:00+00:00
32,28,2025-12-01,1017.01,809.14,1224.88,ARIMA,129.92,104.19,11.25,2024-08-01T00:00:00+00:00
33,28,2025-01-01,1064.47,962.31,1166.63,ExponentialSmoothing,97.3,79.45,7.44,2024-08-01T00:00:00+00:00
33,28,2025-02-01,1063.41,956.38,1170.44,ExponentialSmoothing,97.3,79.45,7.44,2024-08-01T00:00:00+00:00
33,28,2025-03-01,1062.35,950.46,1174.24,ExponentialSmoothing,97.3,79.45,7.44,2024-08-01T00:00:00+00:00
33,28,2025-04-01,1061.3,944.54,1178.06,ExponentialSmoothing,97.3,79.45,7.44,2024-08-01T00:00:00+00:00
33,28,2025-05-01,1060.24,938.62,1181.86,ExponentialSmoothing,97.3,79.45,7.44,2024-08-01T00:00:00+00:00
33,28,2025-06-01,1059.18,932.69,1185.67,ExponentialSmoothing,97.3,79.45,7.44,2024-08-01T00:00:00+00:00
33,28,2025-07-01,1058.13,926.78,1189.48,ExponentialSmoothing,97.3,79.45,7.44,2024-08-01T00:00:00+00:00
33,28,2025-08-01,1057.07,920.85,1193.29,ExponentialSmoothing,97.3,79.45,7.44,2024-08-01T00:00:00+00:00
33,28,2025-09-01,1056.01,914.93,1197.09,ExponentialSmoothing,97.3,79.45,7.44,2024-08-01T00:00:00+00:00
33,28,2025-10-01,1054.96,909.01,1200.91,ExponentialSmoothing,97.3,79.45,7.44,2024-08-01T00:00:00+00:00
33,28,2025-11-01,1053.9,903.09,1204.71,ExponentialSmoothing,97.3,79.45,7.44,2024-08-01T00:00:00+00:00
33,28,2025-12-01,1052.84,897.16,1208.52,ExponentialSmoothing,97.3,79.45,7.44,2024-08-01T00:00:00+00:00
34,28,2025-01-01,1041.13,914.61,1167.65,ExponentialSmoothing,120.5,104.69,10.07,2024-08-01T00:00:00+00:00
34,28,2025-02-01,1043.97,911.42,1176.52,ExponentialSmoothing,120.5,104.69,10.07,2024-08-01T00:00:00+00:00
34,28,2025-03-01,1046.82,908.25,1185.39,ExponentialSmoothing,120.5,104.69,10.07,2024-08-01T00:00:00+00:00
34,28,2025-04-01,1049.66,905.06,1194.26,ExponentialSmoothing,120.5,104.69,10.07,2024-08-01T00:00:00+00:00
34,28,2025-05-01,1052.51,901.89,1203.13,ExponentialSmoothing,120.5,104.69,10.07,2024-08-01T00:00:00+00:00
34,28,2025-06-01,1055.35,898.7,1212.0,ExponentialSmoothing,120.5,104.69,10.07,2024-08-01T00:00:00+00:00
34,28,2025-07-01,1058.19,895.52,1220.86,ExponentialSmoothing,120.5,104.69,10.07,2024-08-01T00:00:00+00:00
34,28,2025-08-01,1061.04,892.34,1229.74,ExponentialSmoothing,120.5,104.69,10.07,2024-08-01T00:00:00+00:00
34,28,2025-09-01,1063.88,889.16,1238.6,ExponentialSmoothing,120.5,104.69,10.07,2024-08-01T00:00:00+00:00
34,28,2025-10-01,1066.73,885.98,1247.48,ExponentialSmoothing,120.5,104.69,10.07,2024-08-01T00:00:00+00:00
34,28,2025-11-01,1069.57,882.8,1256.34,ExponentialSmoothing,120.5,104.69,10.07,2024-08-01T00:00:00+00:00
34,28,2025-12-01,1072.42,879.62,1265.22,ExponentialSmoothing,120.5,104.69,10.07,2024-08-01T00:00:00+00:00
35,28,2025-01-01,953.22,810.73,1095.71,ExponentialSmoothing,135.7,115.15,12.02,2024-08-01T00:00:00+00:00
35,28,2025-02-01,951.6,802.33,1100.87,ExponentialSmoothing,135.7,115.15,12.02,2024-08-01T00:00:00+00:00
35,28,2025-03-01,949.99,793.93,1106.05,ExponentialSmoothing,135.7,115.15,12.02,2024-08-01T00:00:00+00:00
35,28,2025-04-01,948.37,785.53,1111.21,ExponentialSmoothing,135.7,115.15,12.02,2024-08-01T00:00:00+00:00
35,28,2025-05-01,946.76,777.13,1116.39,ExponentialSmoothing,135.7,115.15,12.02,2024-08-01T00:00:00+00:00
35,28,2025-06-01,945.15,768.74,1121.56,ExponentialSmoothing,135.7,115.15,12.02,2024-08-01T00:00:00+00:00
35,28,2025-07-01,943.53,760.33,1126.73,ExponentialSmoothing,135.7,115.15,12.02,2024-08-01T00:00:00+00:00
35,28,2025-08-01,941.92,751.94,1131.9,ExponentialSmoothing,135.7,115.15,12.02,2024-08-01T00:00:00+00:00
35,28,2025-09-01,940.3,743.53,1137.07,ExponentialSmoothing,135.7,115.15,12.02,2024-08-01T00:00:00+00:00
35,28,2025-10-01,938.69,735.14,1142.24,ExponentialSmoothing,135.7,115.15,12.02,2024-08-01T00:00:00+00:00
35,28,2025-11-01,937.07,726.73,1147.41,ExponentialSmoothing,135.7,115.15,12.02,2024-08-01T00:00:00+00:00
35,28,2025-12-01,935.46,718.34,1152.58,ExponentialSmoothing,135.7,115.15,12.02,2024-08-01T00:00:00+00:00
36,28,2025-01-01,1006.13,873.4,1138.86,ExponentialSmoothing,126.41,100.61,9.88,2024-08-01T00:00:00+00:00
36,28,2025-02-01,1007.35,868.3,1146.4,ExponentialSmoothing,126.41,100.61,9.88,2024-08-01T00:00:00+00:00
36,28,2025-03-01,1008.57,863.19,1153.95,ExponentialSmoothing,126.41,100.61,9.88,2024-08-01T00:00:00+00:00
36,28,2025-04-01,1009.79,858.09,1161.49,ExponentialSmoothing,126.41,100.61,9.88,2024-08-01T00:00:00+00:00
36,28,2025-05-01,1011.0,852.98,1169.02,ExponentialSmoothing,126.41,100.61,9.88,2024-08-01T00:00:00+00:00
36,28,2025-06-01,1012.22,847.88,1176.56,ExponentialSmoothing,126.41,100.61,9.88,2024-08-01T00:00:00+00:00
36,28,2025-07-01,1013.44,842.78,1184.1,ExponentialSmoothing,126.41,100.61,9.88,2024-08-01T00:00:00+00:00
36,28,2025-08-01,1014.66,837.68,1191.64,ExponentialSmoothing,126.41,100.61,9.88,2024-08-01T00:00:00+00:00
36,28,2025-09-01,1015.88,832.58,1199.18,ExponentialSmoothing,126.41,100.61,9.88,2024-08-01T00:00:00+00:00
36,28,2025-10-01,1017.1,827.48,1206.72,ExponentialSmoothing,126.41,100.61,9.88,2024-08-01T00:00:00+00:00
36,28,2025-11-01,1018.32,822.38,1214.26,ExponentialSmoothing,126.41,100.61,9.88,2024-08-01T00:00:00+00:00
36,28,2025-12-01,1019.54,817.28,1221.8,ExponentialSmoothing,126.41,100.61,9.88,2024-08-01T00:00:00+00:00
37,28,2025-01-01,1000.68,803.75,1197.61,ExponentialSmoothing,187.56,169.18,17.34,2024-08-01T00:00:00+00:00
37,28,2025-02-01,999.21,792.9,1205.52,ExponentialSmoothing,187.56,169.18,17.34,2024-08-01T00:00:00+00:00
37,28,2025-03-01,997.74,782.05,1213.43,ExponentialSmoothing,187.56,169.18,17.34,2024-08-01T00:00:00+00:00
37,28,2025-04-01,996.27,771.2,1221.34,ExponentialSmoothing,187.56,169.18,17.34,2024-08-01T00:00:00+00:00
37,28,2025-05-01,994.8,760.35,1229.25,ExponentialSmoothing,187.56,169.18,17.34,2024-08-01T00:00:00+00:00
37,28,2025-06-01,993.33,749.51,1237.15,ExponentialSmoothing,187.56,169.18,17.34,2024-08-01T00:00:00+00:00
37,28,2025-07-01,991.86,738.66,1245.06,ExponentialSmoothing,187.56,169.18,17.34,2024-08-01T00:00:00+00:00
37,28,2025-08-01,990.38,727.8,1252.96,ExponentialSmoothing,187.56,169.18,17.34,2024-08-01T00:00:00+00:00
37,28,2025-09-01,988.91,716.95,1260.87,ExponentialSmoothing,187.56,169.18,17.34,2024-08-01T00:00:00+00:00
37,28,2025-10-01,987.44,706.11,1268.77,ExponentialSmoothing,187.56,169.18,17.34,2024-08-01T00:00:00+00:00
37,28,2025-11-01,985.97,695.26,1276.68,ExponentialSmoothing,187.56,169.18,17.34,2024-08-01T00:00:00+00:00
37,28,2025-12-01,984.5,684.41,1284.59,ExponentialSmoothing,187.56,169.18,17.34,2024-08-01T00:00:00+00:00
38,28,2025-01-01,1052.65,933.63,1171.67,ARIMA,113.36,97.26,9.74,2024-08-01T00:00:00+00:00
38,28,2025-02-01,1057.55,932.86,1182.24,ARIMA,113.36,97.26,9.74,2024-08-01T00:00:00+00:00
38,28,2025-03-01,1062.46,932.1,1192.82,ARIMA,113.36,97.26,9.74,2024-08-01T00:00:00+00:00
38,28,2025-04-01,1067.36,931.33,1203.39,ARIMA,113.36,97.26,9.74,2024-08-01T00:00:00+00:00
38,28,2025-05-01,1072.26,930.57,1213.95,ARIMA,113.36,97.26,9.74,2024-08-01T00:00:00+00:00
38,28,2025-06-01,1077.16,929.8,1224.52,ARIMA,113.36,97.26,9.74,2024-08-01T00:00:00+00:00
38,28,2025-07-01,1082.06,929.03,1235.09,ARIMA,113.36,97.26,9.74,2024-08-01T00:00:00+00:00
38,28,2025-08-01,1086.97,928.27,1245.67,ARIMA,113.36,97.26,9.74,2024-08-01T00:00:00+00:00
38,28,2025-09-01,1091.87,927.5,1256.24,ARIMA,113.36,97.26,9.74,2024-08-01T00:00:00+00:00
38,28,2025-10-01,1096.77,926.74,1266.8,ARIMA,113.36,97.26,9.74,2024-08-01T00:00:00+00:00
38,28,2025-11-01,1101.67,925.97,1277.37,ARIMA,113.36,97.26,9.74,2024-08-01T00:00:00+00:00
38,28,2025-12-01,1106.58,925.21,1287.95,ARIMA,113.36,97.26,9.74,2024-08-01T00:00:00+00:00
39,28,2025-01-01,893.72,670.21,1117.23,ARIMA,212.87,166.96,22.49,2024-08-01T00:00:00+00:00
39,28,2025-02-01,888.81,654.65,1122.97,ARIMA,212.87,166.96,22.49,2024-08-01T00:00:00+00:00
39,28,2025-03-01,883.91,639.11,1128.71,ARIMA,212.87,166.96,22.49,2024-08-01T00:00:00+00:00
39,28,2025-04-01,879.0,623.55,1134.45,ARIMA,212.87,166.96,22.49,2024-08-01T00:00:00+00:00
39,28,2025-05-01,874.09,608.0,1140.18,ARIMA,212.87,166.96,22.49,2024-08-01T00:00:00+00:00
39,28,2025-06-01,869.18,592.45,1145.91,ARIMA,212.87,166.96,22.49,2024-08-01T00:00:00+00:00
39,28,2025-07-01,864.28,576.9,1151.66,ARIMA,212.87,166.96,22.49,2024-08-01T00:00:00+00:00
39,28,2025-08-01,859.37,561.35,1157.39,ARIMA,212.87,166.96,22.49,2024-08-01T00:00:00+00:00
39,28,2025-09-01,854.46,545.8,1163.12,ARIMA,212.87,166.96,22.49,2024-08-01T00:00:00+00:00
39,28,2025-10-01,849.55,530.24,1168.86,ARIMA,212.87,166.96,22.49,2024-08-01T00:00:00+00:00
39,28,2025-11-01,844.65,514.7,1174.6,ARIMA,212.87,166.96,22.49,2024-08-01T00:00:00+00:00
39,28,2025-12-01,839.74,499.15,1180.33,ARIMA,212.87,166.96,22.49,2024-08-01T00:00:00+00:00
40,28,2025-01-01,1033.76,874.12,1193.4,ARIMA,152.04,130.08,13.04,2024-08-01T00:00:00+00:00
40,28,2025-02-01,1039.5,872.26,1206.74,ARIMA,152.04,130.08,13.04,2024-08-01T00:00:00+00:00
40,28,2025-03-01,1045.24,870.4,1220.08,ARIMA,152.04,130.08,13.04,2024-08-01T00:00:00+00:00
40,28,2025-04-01,1050.98,868.54,1233.42,ARIMA,152.04,130.08,13.04,2024-08-01T00:00:00+00:00
40,28,2025-05-01,1056.72,866.68,1246.76,ARIMA,152.04,130.08,13.04,2024-08-01T00:00:00+00:00
40,28,2025-06-01,1062.46,864.81,1260.11,ARIMA,152.04,130.08,13.04,2024-08-01T00:00:00+00:00
40,28,2025-07-01,1068.2,862.95,1273.45,ARIMA,152.04,130.08,13.04,2024-08-01T00:00:00+00:00
40,28,2025-08-01,1073.94,861.09,1286.79,ARIMA,152.04,130.08,13.04,2024-08-01T00:00:00+00:00
40,28,2025-09-01,1079.68,859.23,1300.13,ARIMA,152.04,130.08,13.04,2024-08-01T00:00:00+00:00
40,28,2025-10-01,1085.42,857.37,1313.47,ARIMA,152.04,130.08,13.04,2024-08-01T00:00:00+00:00
40,28,2025-11-01,1091.16,855.5,1326.82,ARIMA,152.04,130.08,13.04,2024-08-01T00:00:00+00:00
40,28,2025-12-01,1096.9,853.64,1340.16,ARIMA,152.04,130.08,13.04,2024-08-01T00:00:00+00:00
41,28,2025-01-01,1052.54,947.27,1157.81,ExponentialSmoothing,100.26,76.43,7.77,2024-08-01T00:00:00+00:00
41,28,2025-02-01,1053.33,943.04,1163.62,ExponentialSmoothing,100.26,76.43,7.77,2024-08-01T00:00:00+00:00
41,28,2025-03-01,1054.12,938.82,1169.42,ExponentialSmoothing,100.26,76.43,7.77,2024-08-01T00:00:00+00:00
41,28,2025-04-01,1054.91,934.6,1175.22,ExponentialSmoothing,100.26,76.43,7.77,2024-08-01T00:00:00+00:00
41,28,2025-05-01,1055.7,930.37,1181.03,ExponentialSmoothing,100.26,76.43,7.77,2024-08-01T00:00:00+00:00
41,28,2025-06-01,1056.49,926.15,1186.83,ExponentialSmoothing,100.26,76.43,7.77,2024-08-01T00:00:00+00:00
41,28,2025-07-01,1057.28,921.93,1192.63,ExponentialSmoothing,100.26,76.43,7.77,2024-08-01T00:00:00+00:00
41,28,2025-08-01,1058.08,917.71,1198.45,ExponentialSmoothing,100.26,76.43,7.77,2024-08-01T00:00:00+00:00
41,28,2025-09-01,1058.87,913.49,1204.25,ExponentialSmoothing,100.26,76.43,7.77,2024-08-01T00:00:00+00:00
41,28,2025-10-01,1059.66,909.27,1210.05,ExponentialSmoothing,100.26,76.43,7.77,2024-08-01T00:00:00+00:00
41,28,2025-11-01,1060.45,905.04,1215.86,ExponentialSmoothing,100.26,76.43,7.77,2024-08-01T00:00:00+00:00
41,28,2025-12-01,1061.24,900.82,1221.66,ExponentialSmoothing,100.26,76.43,7.77,2024-08-01T00:00:00+00:00
42,28,2025-01-01,982.84,866.34,1099.34,ExponentialSmoothing,110.95,82.95,8.73,2024-08-01T00:00:00+00:00
42,28,2025-02-01,980.38,858.33,1102.43,ExponentialSmoothing,110.95,82.95,8.73,2024-08-01T00:00:00+00:00
42,28,2025-03-01,977.92,850.32,1105.52,ExponentialSmoothing,110.95,82.95,8.73,2024-08-01T00:00:00+00:00
42,28,2025-04-01,975.46,842.31,1108.61,ExponentialSmoothing,110.95,82.95,8.73,2024-08-01T00:00:00+00:00
42,28,2025-05-01,973.0,834.31,1111.69,ExponentialSmoothing,110.95,82.95,8.73,2024-08-01T00:00:00+00:00
42,28,2025-06-01,970.55,826.31,1114.79,ExponentialSmoothing,110.95,82.95,8.73,2024-08-01T00:00:00+00:00
42,28,2025-07-01,968.09,818.3,1117.88,ExponentialSmoothing,110.95,82.95,8.73,2024-08-01T00:00:00+00:00
42,28,2025-08-01,965.63,810.29,1120.97,ExponentialSmoothing,110.95,82.95,8.73,2024-08-01T00:00:00+00:00
42,28,2025-09-01,963.17,802.29,1124.05,ExponentialSmoothing,110.95,82.95,8.73,2024-08-01T00:00:00+00:00
42,28,2025-10-01,960.71,794.28,1127.14,ExponentialSmoothing,110.95,82.95,8.73,2024-08-01T00:00:00+00:00
42,28,2025-11-01,958.26,786.28,1130.24,ExponentialSmoothing,110.95,82.95,8.73,2024-08-01T00:00:00+00:00
42,28,2025-12-01,955.8,778.27,1133.33,ExponentialSmoothing,110.95,82.95,8.73,2024-08-01T00:00:00+00:00
43,28,2025-01-01,1066.57,904.45,1228.69,ExponentialSmoothing,154.4,109.83,10.74,2024-08-01T00:00:00+00:00
43,28,2025-02-01,1062.46,892.62,1232.3,ExponentialSmoothing,154.4,109.83,10.74,2024-08-01T00:00:00+00:00
43,28,2025-03-01,1058.36,880.8,1235.92,ExponentialSmoothing,154.4,109.83,10.74,2024-08-01T00:00:00+00:00
43,28,2025-04-01,1054.26,868.98,1239.54,ExponentialSmoothing,154.4,109.83,10.74,2024-08-01T00:00:00+00:00
43,28,2025-05-01,1050.16,857.16,1243.16,ExponentialSmoothing,154.4,109.83,10.74,2024-08-01T00:00:00+00:00
43,28,2025-06-01,1046.05,845.33,1246.77,ExponentialSmoothing,154.4,109.83,10.74,2024-08-01T00:00:00+00:00
43,28,2025-07-01,1041.95,833.51,1250.39,ExponentialSmoothing,154.4,109.83,10.74,2024-08-01T00:00:00+00:00
43,28,2025-08-01,1037.85,821.69,1254.01,ExponentialSmoothing,154.4,109.83,10.74,2024-08-01T00:00:00+00:00
43,28,2025-09-01,1033.75,809.87,1257.63,ExponentialSmoothing,154.4,109.83,10.74,2024-08-01T00:00:00+00:00
43,28,2025-10-01,1029.64,798.04,1261.24,ExponentialSmoothing,154.4,109.83,10.74,2024-08-01T00:00:00+00:00
43,28,2025-11-01,1025.54,786.22,1264.86,ExponentialSmoothing,154.4,109.83,10.74,2024-08-01T00:00:00+00:00
43,28,2025-12-01,1021.44,774.4,1268.48,ExponentialSmoothing,154.4,109.83,10.74,2024-08-01T00:00:00+00:00
44,28,2025-01-01,1051.37,884.54,1218.2,ExponentialSmoothing,158.88,123.4,12.85,2024-08-01T00:00:00+00:00
44,28,2025-02-01,1051.29,876.52,1226.06,ExponentialSmoothing,158.88,123.4,12.85,2024-08-01T00:00:00+00:00
44,28,2025-03-01,1051.22,868.5,1233.94,ExponentialSmoothing,158.88,123.4,12.85,2024-08-01T00:00:00+00:00
44,28,2025-04-01,1051.14,860.48,1241.8,ExponentialSmoothing,158.88,123.4,12.85,2024-08-01T00:00:00+00:00
44,28,2025-05-01,1051.07,852.47,1249.67,ExponentialSmoothing,158.88,123.4,12.85,2024-08-01T00:00:00+00:00
44,28,2025-06-01,1050.99,844.44,1257.54,ExponentialSmoothing,158.88,123.4,12.85,2024-08-01T00:00:00+00:00
44,28,2025-07-01,1050.91,836.42,1265.4,ExponentialSmoothing,158.88,123.4,12.85,2024-08-01T00:00:00+00:00
44,28,2025-08-01,1050.84,828.4,1273.28,ExponentialSmoothing,158.88,123.4,12.85,2024-08-01T00:00:00+00:00
44,28,2025-09-01,1050.76,820.38,1281.14,ExponentialSmoothing,158.88,123.4,12.85,2024-08-01T00:00:00+00:00
44,28,2025-10-01,1050.69,812.37,1289.01,ExponentialSmoothing,158.88,123.4,12.85,2024-08-01T00:00:00+00:00
44,28,2025-11-01,1050.61,804.34,1296.88,ExponentialSmoothing,158.88,123.4,12.85,2024-08-01T00:00:00+00:00
44,28,2025-12-01,1050.53,796.32,1304.74,ExponentialSmoothing,158.88,123.4,12.85,2024-08-01T00:00:00+00:00
45,28,2025-01-01,995.08,850.87,1139.29,ExponentialSmoothing,137.35,114.2,11.22,2024-08-01T00:00:00+00:00
45,28,2025-02-01,992.87,841.79,1143.95,ExponentialSmoothing,137.35,114.2,11.22,2024-08-01T00:00:00+00:00
45,28,2025-03-01,990.66,832.71,1148.61,ExponentialSmoothing,137.35,114.2,11.22,2024-08-01T00:00:00+00:00
45,28,2025-04-01,988.45,823.63,1153.27,ExponentialSmoothing,137.35,114.2,11.22,2024-08-01T00:00:00+00:00
45,28,2025-05-01,986.24,814.56,1157.92,ExponentialSmoothing,137.35,114.2,11.22,2024-08-01T00:00:00+00:00
45,28,2025-06-01,984.03,805.48,1162.58,ExponentialSmoothing,137.35,114.2,11.22,2024-08-01T00:00:00+00:00
45,28,2025-07-01,981.82,796.4,1167.24,ExponentialSmoothing,137.35,114.2,11.22,2024-08-01T00:00:00+00:00
45,28,2025-08-01,979.61,787.32,1171.9,ExponentialSmoothing,137.35,114.2,11.22,2024-08-01T00:00:00+00:00
45,28,2025-09-01,977.4,778.25,1176.55,ExponentialSmoothing,137.35,114.2,11.22,2024-08-01T00:00:00+00:00
45,28,2025-10-01,975.19,769.17,1181.21,ExponentialSmoothing,137.35,114.2,11.22,2024-08-01T00:00:00+00:00
45,28,2025-11-01,972.98,760.09,1185.87,ExponentialSmoothing,137.35,114.2,11.22,2024-08-01T00:00:00+00:00
45,28,2025-12-01,970.77,751.02,1190.52,ExponentialSmoothing,137.35,114.2,11.22,2024-08-01T00:00:00+00:00
46,28,2025-01-01,1006.53,857.03,1156.03,ExponentialSmoothing,142.38,101.12,11.4,2024-08-01T00:00:00+00:00
46,28,2025-02-01,1003.29,846.67,1159.91,ExponentialSmoothing,142.38,101.12,11.4,2024-08-01T00:00:00+00:00
46,28,2025-03-01,1000.04,836.3,1163.78,ExponentialSmoothing,142.38,101.12,11.4,2024-08-01T00:00:00+00:00
46,28,2025-04-01,996.79,825.93,1167.65,ExponentialSmoothing,142.38,101.12,11.4,2024-08-01T00:00:00+00:00
46,28,2025-05-01,993.55,815.58,1171.52,ExponentialSmoothing,142.38,101.12,11.4,2024-08-01T00:00:00+00:00
46,28,2025-06-01,990.3,805.21,1175.39,ExponentialSmoothing,142.38,101.12,11.4,2024-08-01T00:00:00+00:00
46,28,2025-07-01,987.05,794.84,1179.26,ExponentialSmoothing,142.38,101.12,11.4,2024-08-01T00:00:00+00:00
46,28,2025-08-01,983.81,784.48,1183.14,ExponentialSmoothing,142.38,101.12,11.4,2024-08-01T00:00:00+00:00
46,28,2025-09-01,980.56,774.11,1187.01,ExponentialSmoothing,142.38,101.12,11.4,2024-08-01T00:00:00+00:00
46,28,2025-10-01,977.31,763.74,1190.88,ExponentialSmoothing,142.38,101.12,11.4,2024-08-01T00:00:00+00:00
46,28,2025-11-01,974.07,753.38,1194.76,ExponentialSmoothing,142.38,101.12,11.4,2024-08-01T00:00:00+00:00
46,28,2025-12-01,970.82,743.01,1198.63,ExponentialSmoothing,142.38,101.12,11.4,2024-08-01T00:00:00+00:00
47,28,2025-01-01,1051.38,928.96,1173.8,ARIMA,116.59,101.15,9.85,2024-08-01T00:00:00+00:00
47,28,2025-02-01,1047.08,918.83,1175.33,ARIMA,116.59,101.15,9.85,2024-08-01T00:00:00+00:00
47,28,2025-03-01,1042.77,908.69,1176.85,ARIMA,116.59,101.15,9.85,2024-08-01T00:00:00+00:00
47,28,2025-04-01,1038.47,898.56,1178.38,ARIMA,116.59,101.15,9.85,2024-08-01T00:00:00+00:00
47,28,2025-05-01,1034.17,888.43,1179.91,ARIMA,116.59,101.15,9.85,2024-08-01T00:00:00+00:00
47,28,2025-06-01,1029.86,878.29,1181.43,ARIMA,116.59,101.15,9.85,2024-08-01T00:00:00+00:00
47,28,2025-07-01,1025.56,868.16,1182.96,ARIMA,116.59,101.15,9.85,2024-08-01T00:00:00+00:00
47,28,2025-08-01,1021.25,858.02,1184.48,ARIMA,116.59,101.15,9.85,2024-08-01T00:00:00+00:00
47,28,2025-09-01,1016.95,847.89,1186.01,ARIMA,116.59,101.15,9.85,2024-08-01T00:00:00+00:00
47,28,2025-10-01,1012.65,837.76,1187.54,ARIMA,116.59,101.15,9.85,2024-08-01T00:00:00+00:00
47,28,2025-11-01,1008.34,827.62,1189.06,ARIMA,116.59,101.15,9.85,2024-08-01T00:00:00+00:00
47,28,2025-12-01,1004.04,817.49,1190.59,ARIMA,116.59,101.15,9.85,2024-08-01T00:00:00+00:00
48,28,2025-01-01,956.96,846.67,1067.25,ARIMA,105.04,99.79,10.33,2024-08-01T00:00:00+00:00
48,28,2025-02-01,949.86,834.32,1065.4,ARIMA,105.04,99.79,10.33,2024-08-01T00:00:00+00:00
48,28,2025-03-01,942.76,821.97,1063.55,ARIMA,105.04,99.79,10.33,2024-08-01T00:00:00+00:00
48,28,2025-04-01,935.66,809.61,1061.71,ARIMA,105.04,99.79,10.33,2024-08-01T00:00:00+00:00
48,28,2025-05-01,928.56,797.26,1059.86,ARIMA,105.04,99.79,10.33,2024-08-01T00:00:00+00:00
48,28,2025-06-01,921.46,784.91,1058.01,ARIMA,105.04,99.79,10.33,2024-08-01T00:00:00+00:00
48,28,2025-07-01,914.36,772.56,1056.16,ARIMA,105.04,99.79,10.33,2024-08-01T00:00:00+00:00
48,28,2025-08-01,907.26,760.21,1054.31,ARIMA,105.04,99.79,10.33,2024-08-01T00:00:00+00:00
48,28,2025-09-01,900.16,747.86,1052.46,ARIMA,105.04,99.79,10.33,2024-08-01T00:00:00+00:00
48,28,2025-10-01,893.06,735.5,1050.62,ARIMA,105.04,99.79,10.33,2024-08-01T00:00:00+00:00
48,28,2025-11-01,885.95,723.14,1048.76,ARIMA,105.04,99.79,10.33,2024-08-01T00:00:00+00:00
48,28,2025-12-01,878.85,710.79,1046.91,ARIMA,105.04,99.79,10.33,2024-08-01T00:00:00+00:00
49,28,2025-01-01,1000.92,816.67,1185.17,ARIMA,175.47,126.24,15.65,2024-08-01T00:00:00+00:00
49,28,2025-02-01,1007.35,814.33,1200.37,ARIMA,175.47,126.24,15.65,2024-08-01T00:00:00+00:00
49,28,2025-03-01,1013.78,811.99,1215.57,ARIMA,175.47,126.24,15.65,2024-08-01T00:00:00+00:00
49,28,2025-04-01,1020.21,809.64,1230.78,ARIMA,175.47,126.24,15.65,2024-08-01T00:00:00+00:00
49,28,2025-05-01,1026.64,807.3,1245.98,ARIMA,175.47,126.24,15.65,2024-08-01T00:00:00+00:00
49,28,2025-06-01,1033.07,804.96,1261.18,ARIMA,175.47,126.24,15.65,2024-08-01T00:00:00+00:00
49,28,2025-07-01,1039.51,802.62,1276.4,ARIMA,175.47,126.24,15.65,2024-08-01T00:00:00+00:00
49,28,2025-08-01,1045.94,800.28,1291.6,ARIMA,175.47,126.24,15.65,2024-08-01T00:00:00+00:00
49,28,2025-09-01,1052.37,797.93,1306.81,ARIMA,175.47,126.24,15.65,2024-08-01T00:00:00+00:00
49,28,2025-10-01,1058.8,795.59,1322.01,ARIMA,175.47,126.24,15.65,2024-08-01T00:00:00+00:00
49,28,2025-11-01,1065.23,793.25,1337.21,ARIMA,175.47,126.24,15.65,2024-08-01T00:00:00+00:00
49,28,2025-12-01,1071.66,790.9,1352.42,ARIMA,175.47,126.24,15.65,2024-08-01T00:00:00+00:00
50,28,2025-01-01,928.34,755.46,1101.22,ARIMA,164.65,127.3,14.48,2024-08-01T00:00:00+00:00
50,28,2025-02-01,923.1,741.98,1104.22,ARIMA,164.65,127.3,14.48,2024-08-01T00:00:00+00:00
50,28,2025-03-01,917.85,728.5,1107.2,ARIMA,164.65,127.3,14.48,2024-08-01T00:00:00+00:00
50,28,2025-04-01,912.61,715.03,1110.19,ARIMA,164.65,127.3,14.48,2024-08-01T00:00:00+00:00
50,28,2025-05-01,907.37,701.56,1113.18,ARIMA,164.65,127.3,14.48,2024-08-01T00:00:00+00:00
50,28,2025-06-01,902.12,688.07,1116.17,ARIMA,164.65,127.3,14.48,2024-08-01T00:00:00+00:00
50,28,2025-07-01,896.88,674.6,1119.16,ARIMA,164.65,127.3,14.48,2024-08-01T00:00:00+00:00
50,28,2025-08-01,891.64,661.13,1122.15,ARIMA,164.65,127.3,14.48,2024-08-01T00:00:00+00:00
50,28,2025-09-01,886.4,647.66,1125.14,ARIMA,164.65,127.3,14.48,2024-08-01T00:00:00+00:00
50,28,2025-10-01,881.15,634.17,1128.13,ARIMA,164.65,127.3,14.48,2024-08-01T00:00:00+00:00
50,28,2025-11-01,875.91,620.7,1131.12,ARIMA,164.65,127.3,14.48,2024-08-01T00:00:00+00:00
50,28,2025-12-01,870.67,607.23,1134.11,ARIMA,164.65,127.3,14.48,2024-08-01T00:00:00+00:00
51,28,2025-01-01,1069.98,904.57,1235.39,ARIMA,157.54,129.75,13.2,2024-08-01T00:00:00+00:00
51,28,2025-02-01,1074.51,901.22,1247.8,ARIMA,157.54,129.75,13.2,2024-08-01T00:00:00+00:00
51,28,2025-03-01,1079.03,897.86,1260.2,ARIMA,157.54,129.75,13.2,2024-08-01T00:00:00+00:00
51,28,2025-04-01,1083.56,894.52,1272.6,ARIMA,157.54,129.75,13.2,2024-08-01T00:00:00+00:00
51,28,2025-05-01,1088.09,891.17,1285.01,ARIMA,157.54,129.75,13.2,2024-08-01T00:00:00+00:00
51,28,2025-06-01,1092.61,887.81,1297.41,ARIMA,157.54,129.75,13.2,2024-08-01T00:00:00+00:00
51,28,2025-07-01,1097.14,884.46,1309.82,ARIMA,157.54,129.75,13.2,2024-08-01T00:00:00+00:00
51,28,2025-08-01,1101.67,881.12,1322.22,ARIMA,157.54,129.75,13.2,2024-08-01T00:00:00+00:00
51,28,2025-09-01,1106.19,877.76,1334.62,ARIMA,157.54,129.75,13.2,2024-08-01T00:00:00+00:00
51,28,2025-10-01,1110.72,874.41,1347.03,ARIMA,157.54,129.75,13.2,2024-08-01T00:00:00+00:00
51,28,2025-11-01,1115.25,871.07,1359.43,ARIMA,157.54,129.75,13.2,2024-08-01T00:00:00+00:00
51,28,2025-12-01,1119.77,867.71,1371.83,ARIMA,157.54,129.75,13.2,2024-08-01T00:00:00+00:00
52,28,2025-01-01,949.43,809.58,1089.28,ExponentialSmoothing,133.19,108.31,11.43,2024-08-01T00:00:00+00:00
52,28,2025-02-01,952.44,805.93,1098.95,ExponentialSmoothing,133.19,108.31,11.43,2024-08-01T00:00:00+00:00
52,28,2025-03-01,955.45,802.28,1108.62,ExponentialSmoothing,133.19,108.31,11.43,2024-08-01T00:00:00+00:00
52,28,2025-04-01,958.46,798.64,1118.28,ExponentialSmoothing,133.19,108.31,11.43,2024-08-01T00:00:00+00:00
52,28,2025-05-01,961.47,794.99,1127.95,ExponentialSmoothing,133.19,108.31,11.43,2024-08-01T00:00:00+00:00
52,28,2025-06-01,964.48,791.34,1137.62,ExponentialSmoothing,133.19,108.31,11.43,2024-08-01T00:00:00+00:00
52,28,2025-07-01,967.5,787.7,1147.3,ExponentialSmoothing,133.19,108.31,11.43,2024-08-01T00:00:00+00:00
52,28,2025-08-01,970.51,784.05,1156.97,ExponentialSmoothing,133.19,108.31,11.43,2024-08-01T00:00:00+00:00
52,28,2025-09-01,973.52,780.4,1166.64,ExponentialSmoothing,133.19,108.31,11.43,2024-08-01T00:00:00+00:00
52,28,2025-10-01,976.53,776.75,1176.31,ExponentialSmoothing,133.19,108.31,11.43,2024-08-01T00:00:00+00:00
52,28,2025-11-01,979.54,773.1,1185.98,ExponentialSmoothing,133.19,108.31,11.43,2024-08-01T00:00:00+00:00
52,28,2025-12-01,982.55,769.45,1195.65,ExponentialSmoothing,133.19,108.31,11.43,2024-08-01T00:00:00+00:00
53,28,2025-01-01,1013.47,836.38,1190.56,ExponentialSmoothing,168.66,122.39,13.16,2024-08-01T00:00:00+00:00
53,28,2025-02-01,1014.6,829.08,1200.12,ExponentialSmoothing,168.66,122.39,13.16,2024-08-01T00:00:00+00:00
53,28,2025-03-01,1015.73,821.78,1209.68,ExponentialSmoothing,168.66,122.39,13.16,2024-08-01T00:00:00+00:00
53,28,2025-04-01,1016.86,814.47,1219.25,ExponentialSmoothing,168.66,122.39,13.16,2024-08-01T00:00:00+00:00
53,28,2025-05-01,1017.99,807.17,1228.81,ExponentialSmoothing,168.66,122.39,13.16,2024-08-01T00:00:00+00:00
53,28,2025-06-01,1019.12,799.87,1238.37,ExponentialSmoothing,168.66,122.39,13.16,2024-08-01T00:00:00+00:00
53,28,2025-07-01,1020.25,792.57,1247.93,ExponentialSmoothing,168.66,122.39,13.16,2024-08-01T00:00:00+00:00
53,28,2025-08-01,1021.38,785.26,1257.5,ExponentialSmoothing,168.66,122.39,13.16,2024-08-01T00:00:00+00:00
53,28,2025-09-01,1022.51,777.96,1267.06,ExponentialSmoothing,168.66,122.39,13.16,2024-08-01T00:00:00+00:00
53,28,2025-10-01,1023.64,770.66,1276.62,ExponentialSmoothing,168.66,122.39,13.16,2024-08-01T00:00:00+00:00
53,28,2025-11-01,1024.78,763.36,1286.2,ExponentialSmoothing,168.66,122.39,13.16,2024-08-01T00:00:00+00:00
53,28,2025-12-01,1025.91,756.06,1295.76,ExponentialSmoothing,168.66,122.39,13.16,2024-08-01T00:00:00+00:00
54,28,2025-01-01,1059.74,959.87,1159.61,ARIMA,95.11,76.84,8.03,2024-08-01T00:00:00+00:00
54,28,2025-02-01,1068.79,964.17,1173.41,ARIMA,95.11,76.84,8.03,2024-08-01T00:00:00+00:00
54,28,2025-03-01,1077.85,968.47,1187.23,ARIMA,95.11,76.84,8.03,2024-08-01T00:00:00+00:00
54,28,2025-04-01,1086.9,972.77,1201.03,ARIMA,95.11,76.84,8.03,2024-08-01T00:00:00+00:00
54,28,2025-05-01,1095.95,977.06,1214.84,ARIMA,95.11,76.84,8.03,2024-08-01T00:00:00+00:00
54,28,2025-06-01,1105.0,981.36,1228.64,ARIMA,95.11,76.84,8.03,2024-08-01T00:00:00+00:00
54,28,2025-07-01,1114.05,985.65,1242.45,ARIMA,95.11,76.84,8.03,2024-08-01T00:00:00+00:00
54,28,2025-08-01,1123.1,989.95,1256.25,ARIMA,95.11,76.84,8.03,2024-08-01T00:00:00+00:00
54,28,2025-09-01,1132.16,994.25,1270.07,ARIMA,95.11,76.84,8.03,2024-08-01T00:00:00+00:00
54,28,2025-10-01,1141.21,998.54,1283.88,ARIMA,95.11,76.84,8.03,2024-08-01T00:00:00+00:00
54,28,2025-11-01,1150.26,1002.84,1297.68,ARIMA,95.11,76.84,8.03,2024-08-01T00:00:00+00:00
54,28,2025-12-01,1159.31,1007.13,1311.49,ARIMA,95.11,76.84,8.03,2024-08-01T00:00:00+00:00
55,28,2025-01-01,962.39,825.02,1099.76,ARIMA,130.82,97.76,11.97,2024-08-01T00:00:00+00:00
55,28,2025-02-01,969.66,825.75,1113.57,ARIMA,130.82,97.76,11.97,2024-08-01T00:00:00+00:00
55,28,2025-03-01,976.93,826.48,1127.38,ARIMA,130.82,97.76,11.97,2024-08-01T00:00:00+00:00
55,28,2025-04-01,984.21,827.22,1141.2,ARIMA,130.82,97.76,11.97,2024-08-01T00:00:00+00:00
55,28,2025-05-01,991.48,827.95,1155.01,ARIMA,130.82,97.76,11.97,2024-08-01T00:00:00+00:00
55,28,2025-06-01,998.75,828.68,1168.82,ARIMA,130.82,97.76,11.97,2024-08-01T00:00:00+00:00
55,28,2025-07-01,1006.02,829.41,1182.63,ARIMA,130.82,97.76,11.97,2024-08-01T00:00:00+00:00
55,28,2025-08-01,1013.3,830.15,1196.45,ARIMA,130.82,97.76,11.97,2024-08-01T00:00:00+00:00
55,28,2025-09-01,1020.57,830.87,1210.27,ARIMA,130.82,97.76,11.97,2024-08-01T00:00:00+00:00
55,28,2025-10-01,1027.84,831.6,1224.08,ARIMA,130.82,97.76,11.97,2024-08-01T00:00:00+00:00
55,28,2025-11-01,1035.12,832.34,1237.9,ARIMA,130.82,97.76,11.97,2024-08-01T00:00:00+00:00
55,28,2025-12-01,1042.39,833.07,1251.71,ARIMA,130.82,97.76,11.97,2024-08-01T00:00:00+00:00
56,28,2025-01-01,990.2,833.49,1146.91,ExponentialSmoothing,149.25,119.64,12.91,2024-08-01T00:00:00+00:00
56,28,2025-02-01,986.48,822.3,1150.66,ExponentialSmoothing,149.25,119.64,12.91,2024-08-01T00:00:00+00:00
56,28,2025-03-01,982.77,811.13,1154.41,ExponentialSmoothing,149.25,119.64,12.91,2024-08-01T00:00:00+00:00
56,28,2025-04-01,979.06,799.96,1158.16,ExponentialSmoothing,149.25,119.64,12.91,2024-08-01T00:00:00+00:00
56,28,2025-05-01,975.34,788.78,1161.9,ExponentialSmoothing,149.25,119.64,12.91,2024-08-01T00:00:00+00:00
56,28,2025-06-01,971.63,777.6,1165.66,ExponentialSmoothing,149.25,119.64,12.91,2024-08-01T00:00:00+00:00
56,28,2025-07-01,967.92,766.43,1169.41,ExponentialSmoothing,149.25,119.64,12.91,2024-08-01T00:00:00+00:00
56,28,2025-08-01,964.21,755.26,1173.16,ExponentialSmoothing,149.25,119.64,12.91,2024-08-01T00:00:00+00:00
56,28,2025-09-01,960.49,744.08,1176.9,ExponentialSmoothing,149.25,119.64,12.91,2024-08-01T00:00:00+00:00
56,28,2025-10-01,956.78,732.9,1180.66,ExponentialSmoothing,149.25,119.64,12.91,2024-08-01T00:00:00+00:00
56,28,2025-11-01,953.07,721.73,1184.41,ExponentialSmoothing,149.25,119.64,12.91,2024-08-01T00:00:00+00:00
56,28,2025-12-01,949.35,710.55,1188.15,ExponentialSmoothing,149.25,119.64,12.91,2024-08-01T00:00:00+00:00
57,28,2025-01-01,969.12,771.54,1166.7,ExponentialSmoothing,188.17,153.01,16.31,2024-08-01T00:00:00+00:00
57,28,2025-02-01,965.53,758.54,1172.52,ExponentialSmoothing,188.17,153.01,16.31,2024-08-01T00:00:00+00:00
57,28,2025-03-01,961.93,745.54,1178.32,ExponentialSmoothing,188.17,153.01,16.31,2024-08-01T00:00:00+00:00
57,28,2025-04-01,958.34,732.54,1184.14,ExponentialSmoothing,188.17,153.01,16.31,2024-08-01T00:00:00+00:00
57,28,2025-05-01,954.75,719.54,1189.96,ExponentialSmoothing,188.17,153.01,16.31,2024-08-01T00:00:00+00:00
57,28,2025-06-01,951.16,706.54,1195.78,ExponentialSmoothing,188.17,153.01,16.31,2024-08-01T00:00:00+00:00
57,28,2025-07-01,947.56,693.53,1201.59,ExponentialSmoothing,188.17,153.01,16.31,2024-08-01T00:00:00+00:00
57,28,2025-08-01,943.97,680.53,1207.41,ExponentialSmoothing,188.17,153.01,16.31,2024-08-01T00:00:00+00:00
57,28,2025-09-01,940.38,667.53,1213.23,ExponentialSmoothing,188.17,153.01,16.31,2024-08-01T00:00:00+00:00
57,28,2025-10-01,936.79,654.54,1219.04,ExponentialSmoothing,188.17,153.01,16.31,2024-08-01T00:00:00+00:00
57,28,2025-11-01,933.19,641.53,1224.85,ExponentialSmoothing,188.17,153.01,16.31,2024-08-01T00:00:00+00:00
57,28,2025-12-01,929.6,628.53,1230.67,ExponentialSmoothing,188.17,153.01,16.31,2024-08-01T00:00:00+00:00
58,28,2025-01-01,958.98,857.62,1060.34,ExponentialSmoothing,96.53,78.42,8.19,2024-08-01T00:00:00+00:00
58,28,2025-02-01,962.06,855.87,1068.25,ExponentialSmoothing,96.53,78.42,8.19,2024-08-01T00:00:00+00:00
58,28,2025-03-01,965.13,854.12,1076.14,ExponentialSmoothing,96.53,78.42,8.19,2024-08-01T00:00:00+00:00
58,28,2025-04-01,968.21,852.37,1084.05,ExponentialSmoothing,96.53,78.42,8.19,2024-08-01T00:00:00+00:00
58,28,2025-05-01,971.29,850.62,1091.96,ExponentialSmoothing,96.53,78.42,8.19,2024-08-01T00:00:00+00:00
58,28,2025-06-01,974.36,848.87,1099.85,ExponentialSmoothing,96.53,78.42,8.19,2024-08-01T00:00:00+00:00
58,28,2025-07-01,977.44,847.12,1107.76,ExponentialSmoothing,96.53,78.42,8.19,2024-08-01T00:00:00+00:00
58,28,2025-08-01,980.51,845.36,1115.66,ExponentialSmoothing,96.53,78.42,8.19,2024-08-01T00:00:00+00:00
58,28,2025-09-01,983.59,843.62,1123.56,ExponentialSmoothing,96.53,78.42,8.19,2024-08-01T00:00:00+00:00
58,28,2025-10-01,986.66,841.86,1131.46,ExponentialSmoothing,96.53,78.42,8.19,2024-08-01T00:00:00+00:00
58,28,2025-11-01,989.74,840.11,1139.37,ExponentialSmoothing,96.53,78.42,8.19,2024-08-01T00:00:00+00:00
58,28,2025-12-01,992.82,838.37,1147.27,ExponentialSmoothing,96.53,78.42,8.19,2024-08-01T00:00:00+00:00
59,28,2025-01-01,895.37,771.57,1019.17,ARIMA,117.91,103.55,12.27,2024-08-01T00:00:00+00:00
59,28,2025-02-01,890.34,760.64,1020.04,ARIMA,117.91,103.55,12.27,2024-08-01T00:00:00+00:00
59,28,2025-03-01,885.32,749.73,1020.91,ARIMA,117.91,103.55,12.27,2024-08-01T00:00:00+00:00
59,28,2025-04-01,880.29,738.8,1021.78,ARIMA,117.91,103.55,12.27,2024-08-01T00:00:00+00:00
59,28,2025-05-01,875.27,727.89,1022.65,ARIMA,117.91,103.55,12.27,2024-08-01T00:00:00+00:00
59,28,2025-06-01,870.24,716.96,1023.52,ARIMA,117.91,103.55,12.27,2024-08-01T00:00:00+00:00
59,28,2025-07-01,865.22,706.05,1024.39,ARIMA,117.91,103.55,12.27,2024-08-01T00:00:00+00:00
59,28,2025-08-01,860.19,695.12,1025.26,ARIMA,117.91,103.55,12.27,2024-08-01T00:00:00+00:00
59,28,2025-09-01,855.16,684.2,1026.12,ARIMA,117.91,103.55,12.27,2024-08-01T00:00:00+00:00
59,28,2025-10-01,850.14,673.28,1027.0,ARIMA,117.91,103.55,12.27,2024-08-01T00:00:00+00:00
59,28,2025-11-01,845.11,662.35,1027.87,ARIMA,117.91,103.55,12.27,2024-08-01T00:00:00+00:00
59,28,2025-12-01,840.09,651.44,1028.74,ARIMA,117.91,103.55,12.27,2024-08-01T00:00:00+00:00
60,28,2025-01-01,1020.21,878.51,1161.91,ExponentialSmoothing,134.96,91.22,10.54,2024-08-01T00:00:00+00:00
60,28,2025-02-01,1017.75,869.3,1166.2,ExponentialSmoothing,134.96,91.22,10.54,2024-08-01T00:00:00+00:00
60,28,2025-03-01,1015.3,860.1,1170.5,ExponentialSmoothing,134.96,91.22,10.54,2024-08-01T00:00:00+00:00
60,28,2025-04-01,1012.84,850.89,1174.79,ExponentialSmoothing,134.96,91.22,10.54,2024-08-01T00:00:00+00:00
60,28,2025-05-01,1010.38,841.68,1179.08,ExponentialSmoothing,134.96,91.22,10.54,2024-08-01T00:00:00+00:00
60,28,2025-06-01,1007.92,832.48,1183.36,ExponentialSmoothing,134.96,91.22,10.54,2024-08-01T00:00:00+00:00
60,28,2025-07-01,1005.47,823.28,1187.66,ExponentialSmoothing,134.96,91.22,10.54,2024-08-01T00:00:00+00:00
60,28,2025-08-01,1003.01,814.07,1191.95,ExponentialSmoothing,134.96,91.22,10.54,2024-08-01T00:00:00+00:00
60,28,2025-09-01,1000.55,804.86,1196.24,ExponentialSmoothing,134.96,91.22,10.54,2024-08-01T00:00:00+00:00
60,28,2025-10-01,998.09,795.65,1200.53,ExponentialSmoothing,134.96,91.22,10.54,2024-08-01T00:00:00+00:00
60,28,2025-11-01,995.63,786.45,1204.81,ExponentialSmoothing,134.96,91.22,10.54,2024-08-01T00:00:00+00:00
60,28,2025-12-01,993.18,777.25,1209.11,ExponentialSmoothing,134.96,91.22,10.54,2024-08-01T00:00:00+00:00
61,28,2025-01-01,1032.16,874.17,1190.15,ExponentialSmoothing,150.47,105.63,10.91,2024-08-01T00:00:00+00:00
61,28,2025-02-01,1034.89,869.37,1200.41,ExponentialSmoothing,150.47,105.63,10.91,2024-08-01T00:00:00+00:00
61,28,2025-03-01,1037.62,864.58,1210.66,ExponentialSmoothing,150.47,105.63,10.91,2024-08-01T00:00:00+00:00
61,28,2025-04-01,1040.35,859.79,1220.91,ExponentialSmoothing,150.47,105.63,10.91,2024-08-01T00:00:00+00:00
61,28,2025-05-01,1043.08,854.99,1231.17,ExponentialSmoothing,150.47,105.63,10.91,2024-08-01T00:00:00+00:00
61,28,2025-06-01,1045.82,850.21,1241.43,ExponentialSmoothing,150.47,105.63,10.91,2024-08-01T00:00:00+00:00
61,28,2025-07-01,1048.55,845.42,1251.68,ExponentialSmoothing,150.47,105.63,10.91,2024-08-01T00:00:00+00:00
61,28,2025-08-01,1051.28,840.62,1261.94,ExponentialSmoothing,150.47,105.63,10.91,2024-08-01T00:00:00+00:00
61,28,2025-09-01,1054.01,835.83,1272.19,ExponentialSmoothing,150.47,105.63,10.91,2024-08-01T00:00:00+00:00
61,28,2025-10-01,1056.74,831.03,1282.45,ExponentialSmoothing,150.47,105.63,10.91,2024-08-01T00:00:00+00:00
61,28,2025-11-01,1059.47,826.24,1292.7,ExponentialSmoothing,150.47,105.63,10.91,2024-08-01T00:00:00+00:00
61,28,2025-12-01,1062.2,821.45,1302.95,ExponentialSmoothing,150.47,105.63,10.91,2024-08-01T00:00:00+00:00
62,28,2025-01-01,979.35,859.41,1099.29,ARIMA,114.23,103.54,10.41,2024-08-01T00:00:00+00:00
62,28,2025-02-01,972.55,846.9,1098.2,ARIMA,114.23,103.54,10.41,2024-08-01T00:00:00+00:00
62,28,2025-03-01,965.74,834.38,1097.1,ARIMA,114.23,103.54,10.41,2024-08-01T00:00:00+00:00
62,28,2025-04-01,958.93,821.86,1096.0,ARIMA,114.23,103.54,10.41,2024-08-01T00:00:00+00:00
62,28,2025-05-01,952.12,809.34,1094.9,ARIMA,114.23,103.54,10.41,2024-08-01T00:00:00+00:00
62,28,2025-06-01,945.31,796.82,1093.8,ARIMA,114.23,103.54,10.41,2024-08-01T00:00:00+00:00
62,28,2025-07-01,938.5,784.3,1092.7,ARIMA,114.23,103.54,10.41,2024-08-01T00:00:00+00:00
62,28,2025-08-01,931.7,771.78,1091.62,ARIMA,114.23,103.54,10.41,2024-08-01T00:00:00+00:00
62,28,2025-09-01,924.89,759.26,1090.52,ARIMA,114.23,103.54,10.41,2024-08-01T00:00:00+00:00
62,28,2025-10-01,918.08,746.74,1089.42,ARIMA,114.23,103.54,10.41,2024-08-01T00:00:00+00:00
62,28,2025-11-01,911.27,734.22,1088.32,ARIMA,114.23,103.54,10.41,2024-08-01T00:00:00+00:00
62,28,2025-12-01,904.46,721.7,1087.22,ARIMA,114.23,103.54,10.41,2024-08-01T00:00:00+00:00
63,28,2025-01-01,1036.92,891.29,1182.55,ARIMA,138.69,104.93,10.75,2024-08-01T00:00:00+00:00
63,28,2025-02-01,1042.97,890.41,1195.53,ARIMA,138.69,104.93,10.75,2024-08-01T00:00:00+00:00
63,28,2025-03-01,1049.02,889.52,1208.52,ARIMA,138.69,104.93,10.75,2024-08-01T00:00:00+00:00
63,28,2025-04-01,1055.07,888.64,1221.5,ARIMA,138.69,104.93,10.75,2024-08-01T00:00:00+00:00
63,28,2025-05-01,1061.11,887.74,1234.48,ARIMA,138.69,104.93,10.75,2024-08-01T00:00:00+00:00
63,28,2025-06-01,1067.16,886.86,1247.46,ARIMA,138.69,104.93,10.75,2024-08-01T00:00:00+00:00
63,28,2025-07-01,1073.21,885.97,1260.45,ARIMA,138.69,104.93,10.75,2024-08-01T00:00:00+00:00
63,28,2025-08-01,1079.26,885.09,1273.43,ARIMA,138.69,104.93,10.75,2024-08-01T00:00:00+00:00
63,28,2025-09-01,1085.3,884.19,1286.41,ARIMA,138.69,104.93,10.75,2024-08-01T00:00:00+00:00
63,28,2025-10-01,1091.35,883.31,1299.39,ARIMA,138.69,104.93,10.75,2024-08-01T00:00:00+00:00
63,28,2025-11-01,1097.4,882.42,1312.38,ARIMA,138.69,104.93,10.75,2024-08-01T00:00:00+00:00
63,28,2025-12-01,1103.44,881.53,1325.35,ARIMA,138.69,104.93,10.75,2024-08-01T00:00:00+00:00
64,28,2025-01-01,976.36,834.85,1117.87,ExponentialSmoothing,134.78,109.71,11.4,2024-08-01T00:00:00+00:00
64,28,2025-02-01,974.08,825.83,1122.33,ExponentialSmoothing,134.78,109.71,11.4,2024-08-01T00:00:00+00:00
64,28,2025-03-01,971.81,816.82,1126.8,ExponentialSmoothing,134.78,109.71,11.4,2024-08-01T00:00:00+00:00
64,28,2025-04-01,969.54,807.81,1131.27,ExponentialSmoothing,134.78,109.71,11.4,2024-08-01T00:00:00+00:00
64,28,2025-05-01,967.27,798.8,1135.74,ExponentialSmoothing,134.78,109.71,11.4,2024-08-01T00:00:00+00:00
64,28,2025-06-01,965.0,789.79,1140.21,ExponentialSmoothing,134.78,109.71,11.4,2024-08-01T00:00:00+00:00
64,28,2025-07-01,962.72,780.77,1144.67,ExponentialSmoothing,134.78,109.71,11.4,2024-08-01T00:00:00+00:00
64,28,2025-08-01,960.45,771.76,1149.14,ExponentialSmoothing,134.78,109.71,11.4,2024-08-01T00:00:00+00:00
64,28,2025-09-01,958.18,762.76,1153.6,ExponentialSmoothing,134.78,109.71,11.4,2024-08-01T00:00:00+00:00
64,28,2025-10-01,955.91,753.75,1158.07,ExponentialSmoothing,134.78,109.71,11.4,2024-08-01T00:00:00+00:00
64,28,2025-11-01,953.64,744.74,1162.54,ExponentialSmoothing,134.78,109.71,11.4,2024-08-01T00:00:00+00:00
64,28,2025-12-01,951.36,735.72,1167.0,ExponentialSmoothing,134.78,109.71,11.4,2024-08-01T00:00:00+00:00
65,28,2025-01-01,1042.67,944.44,1140.9,ExponentialSmoothing,93.55,84.67,8.14,2024-08-01T00:00:00+00:00
65,28,2025-02-01,1041.46,938.55,1144.37,ExponentialSmoothing,93.55,84.67,8.14,2024-08-01T00:00:00+00:00
65,28,2025-03-01,1040.26,932.68,1147.84,ExponentialSmoothing,93.55,84.67,8.14,2024-08-01T00:00:00+00:00
65,28,2025-04-01,1039.06,926.8,1151.32,ExponentialSmoothing,93.55,84.67,8.14,2024-08-01T00:00:00+00:00
65,28,2025-05-01,1037.85,920.91,1154.79,ExponentialSmoothing,93.55,84.67,8.14,2024-08-01T00:00:00+00:00
65,28,2025-06-01,1036.65,915.03,1158.27,ExponentialSmoothing,93.55,84.67,8.14,2024-08-01T00:00:00+00:00
65,28,2025-07-01,1035.45,909.16,1161.74,ExponentialSmoothing,93.55,84.67,8.14,2024-08-01T00:00:00+00:00
65,28,2025-08-01,1034.24,903.27,1165.21,ExponentialSmoothing,93.55,84.67,8.14,2024-08-01T00:00:00+00:00
65,28,2025-09-01,1033.04,897.39,1168.69,ExponentialSmoothing,93.55,84.67,8.14,2024-08-01T00:00:00+00:00
65,28,2025-10-01,1031.83,891.5,1172.16,ExponentialSmoothing,93.55,84.67,8.14,2024-08-01T00:00:00+00:00
65,28,2025-11-01,1030.63,885.63,1175.63,ExponentialSmoothing,93.55,84.67,8.14,2024-08-01T00:00:00+00:00
65,28,2025-12-01,1029.43,879.75,1179.11,ExponentialSmoothing,93.55,84.67,8.14,2024-08-01T00:00:00+00:00
66,28,2025-01-01,891.04,734.49,1047.59,ARIMA,149.1,121.49,14.34,2024-08-01T00:00:00+00:00
66,28,2025-02-01,886.14,722.13,1050.15,ARIMA,149.1,121.49,14.34,2024-08-01T00:00:00+00:00
66,28,2025-03-01,881.24,709.78,1052.7,ARIMA,149.1,121.49,14.34,2024-08-01T00:00:00+00:00
66,28,2025-04-01,876.34,697.42,1055.26,ARIMA,149.1,121.49,14.34,2024-08-01T00:00:00+00:00
66,28,2025-05-01,871.43,685.06,1057.8,ARIMA,149.1,121.49,14.34,2024-08-01T00:00:00+00:00
66,28,2025-06-01,866.53,672.7,1060.36,ARIMA,149.1,121.49,14.34,2024-08-01T00:00:00+00:00
66,28,2025-07-01,861.63,660.35,1062.91,ARIMA,149.1,121.49,14.34,2024-08-01T00:00:00+00:00
66,28,2025-08-01,856.73,647.99,1065.47,ARIMA,149.1,121.49,14.34,2024-08-01T00:00:00+00:00
66,28,2025-09-01,851.83,635.64,1068.02,ARIMA,149.1,121.49,14.34,2024-08-01T00:00:00+00:00
66,28,2025-10-01,846.92,623.27,1070.57,ARIMA,149.1,121.49,14.34,2024-08-01T00:00:00+00:00
66,28,2025-11-01,842.02,610.92,1073.12,ARIMA,149.1,121.49,14.34,2024-08-01T00:00:00+00:00
66,28,2025-12-01,837.12,598.56,1075.68,ARIMA,149.1,121.49,14.34,2024-08-01T00:00:00+00:00
67,28,2025-01-01,1046.07,910.17,1181.97,ARIMA,129.43,108.13,10.97,2024-08-01T00:00:00+00:00
67,28,2025-02-01,1053.01,910.64,1195.38,ARIMA,129.43,108.13,10.97,2024-08-01T00:00:00+00:00
67,28,2025-03-01,1059.96,911.11,1208.81,ARIMA,129.43,108.13,10.97,2024-08-01T00:00:00+00:00
67,28,2025-04-01,1066.91,911.59,1222.23,ARIMA,129.43,108.13,10.97,2024-08-01T00:00:00+00:00
67,28,2025-05-01,1073.86,912.07,1235.65,ARIMA,129.43,108.13,10.97,2024-08-01T00:00:00+00:00
67,28,2025-06-01,1080.81,912.55,1249.07,ARIMA,129.43,108.13,10.97,2024-08-01T00:00:00+00:00
67,28,2025-07-01,1087.75,913.02,1262.48,ARIMA,129.43,108.13,10.97,2024-08-01T00:00:00+00:00
67,28,2025-08-01,1094.7,913.5,1275.9,ARIMA,129.43,108.13,10.97,2024-08-01T00:00:00+00:00
67,28,2025-09-01,1101.65,913.98,1289.32,ARIMA,129.43,108.13,10.97,2024-08-01T00:00:00+00:00
67,28,2025-10-01,1108.6,914.45,1302.75,ARIMA,129.43,108.13,10.97,2024-08-01T00:00:00+00:00
67,28,2025-11-01,1115.54,914.92,1316.16,ARIMA,129.43,108.13,10.97,2024-08-01T00:00:00+00:00
67,28,2025-12-01,1122.49,915.4,1329.58,ARIMA,129.43,108.13,10.97,2024-08-01T00:00:00+00:00
68,28,2025-01-01,1060.08,975.2,1144.96,ExponentialSmoothing,80.83,59.74,5.52,2024-08-01T00:00:00+00:00
68,28,2025-02-01,1061.32,972.4,1150.24,ExponentialSmoothing,80.83,59.74,5.52,2024-08-01T00:00:00+00:00
68,28,2025-03-01,1062.55,969.59,1155.51,ExponentialSmoothing,80.83,59.74,5.52,2024-08-01T00:00:00+00:00
68,28,2025-04-01,1063.79,966.79,1160.79,ExponentialSmoothing,80.83,59.74,5.52,2024-08-01T00:00:00+00:00
68,28,2025-05-01,1065.02,963.98,1166.06,ExponentialSmoothing,80.83,59.74,5.52,2024-08-01T00:00:00+00:00
68,28,2025-06-01,1066.25,961.17,1171.33,ExponentialSmoothing,80.83,59.74,5.52,2024-08-01T00:00:00+00:00
68,28,2025-07-01,1067.49,958.36,1176.62,ExponentialSmoothing,80.83,59.74,5.52,2024-08-01T00:00:00+00:00
68,28,2025-08-01,1068.72,955.55,1181.89,ExponentialSmoothing,80.83,59.74,5.52,2024-08-01T00:00:00+00:00
68,28,2025-09-01,1069.95,952.74,1187.16,ExponentialSmoothing,80.83,59.74,5.52,2024-08-01T00:00:00+00:00
68,28,2025-10-01,1071.19,949.94,1192.44,ExponentialSmoothing,80.83,59.74,5.52,2024-08-01T00:00:00+00:00
68,28,2025-11-01,1072.42,947.13,1197.71,ExponentialSmoothing,80.83,59.74,5.52,2024-08-01T00:00:00+00:00
68,28,2025-12-01,1073.66,944.33,1202.99,ExponentialSmoothing,80.83,59.74,5.52,2024-08-01T00:00:00+00:00
69,28,2025-01-01,1015.16,876.55,1153.77,ARIMA,132.01,112.1,11.32,2024-08-01T00:00:00+00:00
69,28,2025-02-01,1006.03,860.82,1151.24,ARIMA,132.01,112.1,11.32,2024-08-01T00:00:00+00:00
69,28,2025-03-01,996.9,845.09,1148.71,ARIMA,132.01,112.1,11.32,2024-08-01T00:00:00+00:00
69,28,2025-04-01,987.77,829.35,1146.19,ARIMA,132.01,112.1,11.32,2024-08-01T00:00:00+00:00
69,28,2025-05-01,978.64,813.62,1143.66,ARIMA,132.01,112.1,11.32,2024-08-01T00:00:00+00:00
69,28,2025-06-01,969.51,797.89,1141.13,ARIMA,132.01,112.1,11.32,2024-08-01T00:00:00+00:00
69,28,2025-07-01,960.38,782.16,1138.6,ARIMA,132.01,112.1,11.32,2024-08-01T00:00:00+00:00
69,28,2025-08-01,951.26,766.44,1136.08,ARIMA,132.01,112.1,11.32,2024-08-01T00:00:00+00:00
69,28,2025-09-01,942.13,750.71,1133.55,ARIMA,132.01,112.1,11.32,2024-08-01T00:00:00+00:00
69,28,2025-10-01,933.0,734.98,1131.02,ARIMA,132.01,112.1,11.32,2024-08-01T00:00:00+00:00
69,28,2025-11-01,923.87,719.25,1128.49,ARIMA,132.01,112.1,11.32,2024-08-01T00:00:00+00:00
69,28,2025-12-01,914.74,703.52,1125.96,ARIMA,132.01,112.1,11.32,2024-08-01T00:00:00+00:00
70,28,2025-01-01,989.29,847.83,1130.75,ExponentialSmoothing,134.73,97.65,9.71,2024-08-01T00:00:00+00:00
70,28,2025-02-01,988.99,840.79,1137.19,ExponentialSmoothing,134.73,97.65,9.71,2024-08-01T00:00:00+00:00
70,28,2025-03-01,988.68,833.74,1143.62,ExponentialSmoothing,134.73,97.65,9.71,2024-08-01T00:00:00+00:00
70,28,2025-04-01,988.38,826.71,1150.05,ExponentialSmoothing,134.73,97.65,9.71,2024-08-01T00:00:00+00:00
70,28,2025-05-01,988.08,819.67,1156.49,ExponentialSmoothing,134.73,97.65,9.71,2024-08-01T00:00:00+00:00
70,28,2025-06-01,987.77,812.62,1162.92,ExponentialSmoothing,134.73,97.65,9.71,2024-08-01T00:00:00+00:00
70,28,2025-07-01,987.47,805.59,1169.35,ExponentialSmoothing,134.73,97.65,9.71,2024-08-01T00:00:00+00:00
70,28,2025-08-01,987.16,798.54,1175.78,ExponentialSmoothing,134.73,97.65,9.71,2024-08-01T00:00:00+00:00
70,28,2025-09-01,986.86,791.51,1182.21,ExponentialSmoothing,134.73,97.65,9.71,2024-08-01T00:00:00+00:00
70,28,2025-10-01,986.56,784.47,1188.65,ExponentialSmoothing,134.73,97.65,9.71,2024-08-01T00:00:00+00:00
70,28,2025-11-01,986.25,777.42,1195.08,ExponentialSmoothing,134.73,97.65,9.71,2024-08-01T00:00:00+00:00
70,28,2025-12-01,985.95,770.39,1201.51,ExponentialSmoothing,134.73,97.65,9.71,2024-08-01T00:00:00+00:00
71,28,2025-01-01,998.64,833.56,1163.72,ExponentialSmoothing,157.22,134.33,14.16,2024-08-01T00:00:00+00:00
71,28,2025-02-01,1002.32,829.37,1175.27,ExponentialSmoothing,157.22,134.33,14.16,2024-08-01T00:00:00+00:00
71,28,2025-03-01,1006.0,825.19,1186.81,ExponentialSmoothing,157.22,134.33,14.16,2024-08-01T00:00:00+00:00
71,28,2025-04-01,1009.68,821.01,1198.35,ExponentialSmoothing,157.22,134.33,14.16,2024-08-01T00:00:00+00:00
71,28,2025-05-01,1013.36,816.83,1209.89,ExponentialSmoothing,157.22,134.33,14.16,2024-08-01T00:00:00+00:00
71,28,2025-06-01,1017.03,812.64,1221.42,ExponentialSmoothing,157.22,134.33,14.16,2024-08-01T00:00:00+00:00
71,28,2025-07-01,1020.71,808.46,1232.96,ExponentialSmoothing,157.22,134.33,14.16,2024-08-01T00:00:00+00:00
71,28,2025-08-01,1024.39,804.28,1244.5,ExponentialSmoothing,157.22,134.33,14.16,2024-08-01T00:00:00+00:00
71,28,2025-09-01,1028.07,800.1,1256.04,ExponentialSmoothing,157.22,134.33,14.16,2024-08-01T00:00:00+00:00
71,28,2025-10-01,1031.75,795.92,1267.58,ExponentialSmoothing,157.22,134.33,14.16,2024-08-01T00:00:00+00:00
71,28,2025-11-01,1035.43,791.73,1279.13,ExponentialSmoothing,157.22,134.33,14.16,2024-08-01T00:00:00+00:00
71,28,2025-12-01,1039.11,787.55,1290.67,ExponentialSmoothing,157.22,134.33,14.16,2024-08-01T00:00:00+00:00
72,28,2025-01-01,982.03,808.44,1155.62,ARIMA,165.33,138.61,15.18,2024-08-01T00:00:00+00:00
72,28,2025-02-01,976.96,795.1,1158.82,ARIMA,165.33,138.61,15.18,2024-08-01T00:00:00+00:00
72,28,2025-03-01,971.9,781.77,1162.03,ARIMA,165.33,138.61,15.18,2024-08-01T00:00:00+00:00
72,28,2025-04-01,966.83,768.44,1165.22,ARIMA,165.33,138.61,15.18,2024-08-01T00:00:00+00:00
72,28,2025-05-01,961.76,755.1,1168.42,ARIMA,165.33,138.61,15.18,2024-08-01T00:00:00+00:00
72,28,2025-06-01,956.69,741.76,1171.62,ARIMA,165.33,138.61,15.18,2024-08-01T00:00:00+00:00
72,28,2025-07-01,951.63,728.44,1174.82,ARIMA,165.33,138.61,15.18,2024-08-01T00:00:00+00:00
72,28,2025-08-01,946.56,715.1,1178.02,ARIMA,165.33,138.61,15.18,2024-08-01T00:00:00+00:00
72,28,2025-09-01,941.49,701.76,1181.22,ARIMA,165.33,138.61,15.18,2024-08-01T00:00:00+00:00
72,28,2025-10-01,936.42,688.43,1184.41,ARIMA,165.33,138.61,15.18,2024-08-01T00:00:00+00:00
72,28,2025-11-01,931.36,675.1,1187.62,ARIMA,165.33,138.61,15.18,2024-08-01T00:00:00+00:00
72,28,2025-12-01,926.29,661.76,1190.82,ARIMA,165.33,138.61,15.18,2024-08-01T00:00:00+00:00
73,28,2025-01-01,951.1,791.72,1110.48,ARIMA,151.79,120.87,14.71,2024-08-01T00:00:00+00:00
73,28,2025-02-01,958.31,791.34,1125.28,ARIMA,151.79,120.87,14.71,2024-08-01T00:00:00+00:00
73,28,2025-03-01,965.51,790.95,1140.07,ARIMA,151.79,120.87,14.71,2024-08-01T00:00:00+00:00
73,28,2025-04-01,972.72,790.57,1154.87,ARIMA,151.79,120.87,14.71,2024-08-01T00:00:00+00:00
73,28,2025-05-01,979.92,790.18,1169.66,ARIMA,151.79,120.87,14.71,2024-08-01T00:00:00+00:00
73,28,2025-06-01,987.12,789.79,1184.45,ARIMA,151.79,120.87,14.71,2024-08-01T00:00:00+00:00
73,28,2025-07-01,994.33,789.41,1199.25,ARIMA,151.79,120.87,14.71,2024-08-01T00:00:00+00:00
73,28,2025-08-01,1001.53,789.02,1214.04,ARIMA,151.79,120.87,14.71,2024-08-01T00:00:00+00:00
73,28,2025-09-01,1008.74,788.64,1228.84,ARIMA,151.79,120.87,14.71,2024-08-01T00:00:00+00:00
73,28,2025-10-01,1015.94,788.25,1243.63,ARIMA,151.79,120.87,14.71,2024-08-01T00:00:00+00:00
73,28,2025-11-01,1023.14,787.86,1258.42,ARIMA,151.79,120.87,14.71,2024-08-01T00:00:00+00:00
73,28,2025-12-01,1030.35,787.48,1273.22,ARIMA,151.79,120.87,14.71,2024-08-01T00:00:00+00:00
74,28,2025-01-01,976.25,846.36,1106.14,ExponentialSmoothing,123.7,109.92,11.4,2024-08-01T00:00:00+00:00
74,28,2025-02-01,977.58,841.5,1113.66,ExponentialSmoothing,123.7,109.92,11.4,2024-08-01T00:00:00+00:00
74,28,2025-03-01,978.9,836.64,1121.16,ExponentialSmoothing,123.7,109.92,11.4,2024-08-01T00:00:00+00:00
74,28,2025-04-01,980.23,831.78,1128.68,ExponentialSmoothing,123.7,109.92,11.4,2024-08-01T00:00:00+00:00
74,28,2025-05-01,981.56,826.93,1136.19,ExponentialSmoothing,123.7,109.92,11.4,2024-08-01T00:00:00+00:00
74,28,2025-06-01,982.88,822.06,1143.7,ExponentialSmoothing,123.7,109.92,11.4,2024-08-01T00:00:00+00:00
74,28,2025-07-01,984.21,817.21,1151.21,ExponentialSmoothing,123.7,109.92,11.4,2024-08-01T00:00:00+00:00
74,28,2025-08-01,985.54,812.35,1158.73,ExponentialSmoothing,123.7,109.92,11.4,2024-08-01T00:00:00+00:00
74,28,2025-09-01,986.86,807.49,1166.23,ExponentialSmoothing,123.7,109.92,11.4,2024-08-01T00:00:00+00:00
74,28,2025-10-01,988.19,802.63,1173.75,ExponentialSmoothing,123.7,109.92,11.4,2024-08-01T00:00:00+00:00
74,28,2025-11-01,989.52,797.78,1181.26,ExponentialSmoothing,123.7,109.92,11.4,2024-08-01T00:00:00+00:00
74,28,2025-12-01,990.84,792.91,1188.77,ExponentialSmoothing,123.7,109.92,11.4,2024-08-01T00:00:00+00:00
75,28,2025-01-01,1055.56,888.15,1222.97,ExponentialSmoothing,159.44,138.48,13.16,2024-08-01T00:00:00+00:00
75,28,2025-02-01,1051.72,876.34,1227.1,ExponentialSmoothing,159.44,138.48,13.16,2024-08-01T00:00:00+00:00
75,28,2025-03-01,1047.89,864.54,1231.24,ExponentialSmoothing,159.44,138.48,13.16,2024-08-01T00:00:00+00:00
75,28,2025-04-01,1044.05,852.72,1235.38,ExponentialSmoothing,159.44,138.48,13.16,2024-08-01T00:00:00+00:00
75,28,2025-05-01,1040.22,840.92,1239.52,ExponentialSmoothing,159.44,138.48,13.16,2024-08-01T00:00:00+00:00
75,28,2025-06-01,1036.38,829.11,1243.65,ExponentialSmoothing,159.44,138.48,13.16,2024-08-01T00:00:00+00:00
75,28,2025-07-01,1032.54,817.3,1247.78,ExponentialSmoothing,159.44,138.48,13.16,2024-08-01T00:00:00+00:00
75,28,2025-08-01,1028.71,805.5,1251.92,ExponentialSmoothing,159.44,138.48,13.16,2024-08-01T00:00:00+00:00
75,28,2025-09-01,1024.87,793.68,1256.06,ExponentialSmoothing,159.44,138.48,13.16,2024-08-01T00:00:00+00:00
75,28,2025-10-01,1021.04,781.88,1260.2,ExponentialSmoothing,159.44,138.48,13.16,2024-08-01T00:00:00+00:00
75,28,2025-11-01,1017.2,770.07,1264.33,ExponentialSmoothing,159.44,138.48,13.16,2024-08-01T00:00:00+00:00
75,28,2025-12-01,1013.37,758.27,1268.47,ExponentialSmoothing,159.44,138.48,13.16,2024-08-01T00:00:00+00:00
76,28,2025-01-01,975.89,869.81,1081.97,ExponentialSmoothing,101.03,83.43,8.96,2024-08-01T00:00:00+00:00
76,28,2025-02-01,975.58,864.45,1086.71,ExponentialSmoothing,101.03,83.43,8.96,2024-08-01T00:00:00+00:00
76,28,2025-03-01,975.27,859.09,1091.45,ExponentialSmoothing,101.03,83.43,8.96,2024-08-01T00:00:00+00:00
76,28,2025-04-01,974.95,853.72,1096.18,ExponentialSmoothing,101.03,83.43,8.96,2024-08-01T00:00:00+00:00
76,28,2025-05-01,974.64,848.36,1100.92,ExponentialSmoothing,101.03,83.43,8.96,2024-08-01T00:00:00+00:00
76,28,2025-06-01,974.33,843.0,1105.66,ExponentialSmoothing,101.03,83.43,8.96,2024-08-01T00:00:00+00:00
76,28,2025-07-01,974.02,837.64,1110.4,ExponentialSmoothing,101.03,83.43,8.96,2024-08-01T00:00:00+00:00
76,28,2025-08-01,973.7,832.26,1115.14,ExponentialSmoothing,101.03,83.43,8.96,2024-08-01T00:00:00+00:00
76,28,2025-09-01,973.39,826.9,1119.88,ExponentialSmoothing,101.03,83.43,8.96,2024-08-01T00:00:00+00:00
76,28,2025-10-01,973.08,821.54,1124.62,ExponentialSmoothing,101.03,83.43,8.96,2024-08-01T00:00:00+00:00
76,28,2025-11-01,972.77,816.18,1129.36,ExponentialSmoothing,101.03,83.43,8.96,2024-08-01T00:00:00+00:00
76,28,2025-12-01,972.45,810.81,1134.09,ExponentialSmoothing,101.03,83.43,8.96,2024-08-01T00:00:00+00:00
77,28,2025-01-01,1004.67,880.49,1128.85,ExponentialSmoothing,118.26,94.44,9.42,2024-08-01T00:00:00+00:00
77,28,2025-02-01,1000.94,870.85,1131.03,ExponentialSmoothing,118.26,94.44,9.42,2024-08-01T00:00:00+00:00
77,28,2025-03-01,997.21,861.21,1133.21,ExponentialSmoothing,118.26,94.44,9.42,2024-08-01T00:00:00+00:00
77,28,2025-04-01,993.48,851.57,1135.39,ExponentialSmoothing,118.26,94.44,9.42,2024-08-01T00:00:00+00:00
77,28,2025-05-01,989.75,841.92,1137.58,ExponentialSmoothing,118.26,94.44,9.42,2024-08-01T00:00:00+00:00
77,28,2025-06-01,986.02,832.28,1139.76,ExponentialSmoothing,118.26,94.44,9.42,2024-08-01T00:00:00+00:00
77,28,2025-07-01,982.3,822.65,1141.95,ExponentialSmoothing,118.26,94.44,9.42,2024-08-01T00:00:00+00:00
77,28,2025-08-01,978.57,813.0,1144.14,ExponentialSmoothing,118.26,94.44,9.42,2024-08-01T00:00:00+00:00
77,28,2025-09-01,974.84,803.36,1146.32,ExponentialSmoothing,118.26,94.44,9.42,2024-08-01T00:00:00+00:00
77,28,2025-10-01,971.11,793.72,1148.5,ExponentialSmoothing,118.26,94.44,9.42,2024-08-01T00:00:00+00:00
77,28,2025-11-01,967.38,784.07,1150.69,ExponentialSmoothing,118.26,94.44,9.42,2024-08-01T00:00:00+00:00
77,28,2025-12-01,963.65,774.43,1152.87,ExponentialSmoothing,118.26,94.44,9.42,2024-08-01T00:00:00+00:00
1,29,2025-01-01,909.18,823.11,995.25,ExponentialSmoothing,81.97,67.56,7.23,2024-08-01T00:00:00+00:00
1,29,2025-02-01,905.42,815.25,995.59,ExponentialSmoothing,81.97,67.56,7.23,2024-08-01T00:00:00+00:00
1,29,2025-03-01,901.66,807.39,995.93,ExponentialSmoothing,81.97,67.56,7.23,2024-08-01T00:00:00+00:00
1,29,2025-04-01,897.9,799.53,996.27,ExponentialSmoothing,81.97,67.56,7.23,2024-08-01T00:00:00+00:00
1,29,2025-05-01,894.14,791.67,996.61,ExponentialSmoothing,81.97,67.56,7.23,2024-08-01T00:00:00+00:00
1,29,2025-06-01,890.39,783.82,996.96,ExponentialSmoothing,81.97,67.56,7.23,2024-08-01T00:00:00+00:00
1,29,2025-07-01,886.63,775.97,997.29,ExponentialSmoothing,81.97,67.56,7.23,2024-08-01T00:00:00+00:00
1,29,2025-08-01,882.87,768.11,997.63,ExponentialSmoothing,81.97,67.56,7.23,2024-08-01T00:00:00+00:00
1,29,2025-09-01,879.11,760.25,997.97,ExponentialSmoothing,81.97,67.56,7.23,2024-08-01T00:00:00+00:00
1,29,2025-10-01,875.35,752.39,998.31,ExponentialSmoothing,81.97,67.56,7.23,2024-08-01T00:00:00+00:00
1,29,2025-11-01,871.59,744.53,998.65,ExponentialSmoothing,81.97,67.56,7.23,2024-08-01T00:00:00+00:00
1,29,2025-12-01,867.83,736.67,998.99,ExponentialSmoothing,81.97,67.56,7.23,2024-08-01T00:00:00+00:00
2,29,2025-01-01,1042.35,920.74,1163.96,ExponentialSmoothing,115.82,83.72,8.88,2024-08-01T00:00:00+00:00
2,29,2025-02-01,1044.27,916.87,1171.67,ExponentialSmoothing,115.82,83.72,8.88,2024-08-01T00:00:00+00:00
2,29,2025-03-01,1046.19,913.0,1179.38,ExponentialSmoothing,115.82,83.72,8.88,2024-08-01T00:00:00+00:00
2,29,2025-04-01,1048.12,909.14,1187.1,ExponentialSmoothing,115.82,83.72,8.88,2024-08-01T00:00:00+00:00
2,29,2025-05-01,1050.04,905.27,1194.81,ExponentialSmoothing,115.82,83.72,8.88,2024-08-01T00:00:00+00:00
2,29,2025-06-01,1051.96,901.39,1202.53,ExponentialSmoothing,115.82,83.72,8.88,2024-08-01T00:00:00+00:00
2,29,2025-07-01,1053.89,897.53,1210.25,ExponentialSmoothing,115.82,83.72,8.88,2024-08-01T00:00:00+00:00
2,29,2025-08-01,1055.81,893.66,1217.96,ExponentialSmoothing,115.82,83.72,8.88,2024-08-01T00:00:00+00:00
2,29,2025-09-01,1057.73,889.79,1225.67,ExponentialSmoothing,115.82,83.72,8.88,2024-08-01T00:00:00+00:00
2,29,2025-10-01,1059.66,885.93,1233.39,ExponentialSmoothing,115.82,83.72,8.88,2024-08-01T00:00:00+00:00
2,29,2025-11-01,1061.58,882.06,1241.1,ExponentialSmoothing,115.82,83.72,8.88,2024-08-01T00:00:00+00:00
2,29,2025-12-01,1063.5,878.19,1248.81,ExponentialSmoothing,115.82,83.72,8.88,2024-08-01T00:00:00+00:00
3,29,2025-01-01,986.39,884.01,1088.77,ExponentialSmoothing,97.51,87.01,8.83,2024-08-01T00:00:00+00:00
3,29,2025-02-01,982.76,875.5,1090.02,ExponentialSmoothing,97.51,87.01,8.83,2024-08-01T00:00:00+00:00
3,29,2025-03-01,979.13,867.0,1091.26,ExponentialSmoothing,97.51,87.01,8.83,2024-08-01T00:00:00+00:00
3,29,2025-04-01,975.5,858.49,1092.51,ExponentialSmoothing,97.51,87.01,8.83,2024-08-01T00:00:00+00:00
3,29,2025-05-01,971.87,849.99,1093.75,ExponentialSmoothing,97.51,87.01,8.83,2024-08-01T00:00:00+00:00
3,29,2025-06-01,968.24,841.48,1095.0,ExponentialSmoothing,97.51,87.01,8.83,2024-08-01T00:00:00+00:00
3,29,2025-07-01,964.61,832.98,1096.24,ExponentialSmoothing,97.51,87.01,8.83,2024-08-01T00:00:00+00:00
3,29,2025-08-01,960.98,824.47,1097.49,ExponentialSmoothing,97.51,87.01,8.83,2024-08-01T00:00:00+00:00
3,29,2025-09-01,957.35,815.97,1098.73,ExponentialSmoothing,97.51,87.01,8.83,2024-08-01T00:00:00+00:00
3,29,2025-10-01,953.72,807.46,1099.98,ExponentialSmoothing,97.51,87.01,8.83,2024-08-01T00:00:00+00:00
3,29,2025-11-01,950.09,798.96,1101.22,ExponentialSmoothing,97.51,87.01,8.83,2024-08-01T00:00:00+00:00
3,29,2025-12-01,946.46,790.45,1102.47,ExponentialSmoothing,97.51,87.01,8.83,2024-08-01T00:00:00+00:00
4,29,2025-01-01,1061.8,972.99,1150.61,ARIMA,84.58,74.42,7.21,2024-08-01T00:00:00+00:00
4,29,2025-02-01,1067.73,974.7,1160.76,ARIMA,84.58,74.42,7.21,2024-08-01T00:00:00+00:00
4,29,2025-03-01,1073.66,976.4,1170.92,ARIMA,84.58,74.42,7.21,2024-08-01T00:00:00+00:00
4,29,2025-04-01,1079.6,978.11,1181.09,ARIMA,84.58,74.42,7.21,2024-08-01T00:00:00+00:00
4,29,2025-05-01,1085.53,979.81,1191.25,ARIMA,84.58,74.42,7.21,2024-08-01T00:00:00+00:00
4,29,2025-06-01,1091.47,981.52,1201.42,ARIMA,84.58,74.42,7.21,2024-08-01T00:00:00+00:00
4,29,2025-07-01,1097.4,983.22,1211.58,ARIMA,84.58,74.42,7.21,2024-08-01T00:00:00+00:00
4,29,2025-08-01,1103.33,984.92,1221.74,ARIMA,84.58,74.42,7.21,2024-08-01T00:00:00+00:00
4,29,2025-09-01,1109.27,986.63,1231.91,ARIMA,84.58,74.42,7.21,2024-08-01T00:00:00+00:00
4,29,2025-10-01,1115.2,988.33,1242.07,ARIMA,84.58,74.42,7.21,2024-08-01T00:00:00+00:00
4,29,2025-11-01,1121.13,990.04,1252.22,ARIMA,84.58,74.42,7.21,2024-08-01T00:00:00+00:00
4,29,2025-12-01,1127.07,991.75,1262.39,ARIMA,84.58,74.42,7.21,2024-08-01T00:00:00+00:00
5,29,2025-01-01,998.9,818.52,1179.28,ExponentialSmoothing,171.79,132.05,14.18,2024-08-01T00:00:00+00:00
5,29,2025-02-01,1003.03,814.06,1192.0,ExponentialSmoothing,171.79,132.05,14.18,2024-08-01T00:00:00+00:00
5,29,2025-03-01,1007.16,809.6,1204.72,ExponentialSmoothing,171.79,132.05,14.18,2024-08-01T00:00:00+00:00
5,29,2025-04-01,1011.29,805.14,1217.44,ExponentialSmoothing,171.79,132.05,14.18,2024-08-01T00:00:00+00:00
5,29,2025-05-01,1015.42,800.68,1230.16,ExponentialSmoothing,171.79,132.05,14.18,2024-08-01T00:00:00+00:00
5,29,2025-06-01,1019.55,796.22,1242.88,ExponentialSmoothing,171.79,132.05,14.18,2024-08-01T00:00:00+00:00
5,29,2025-07-01,1023.68,791.76,1255.6,ExponentialSmoothing,171.79,132.05,14.18,2024-08-01T00:00:00+00:00
5,29,2025-08-01,1027.81,787.3,1268.32,ExponentialSmoothing,171.79,132.05,14.18,2024-08-01T00:00:00+00:00
5,29,2025-09-01,1031.94,782.84,1281.04,ExponentialSmoothing,171.79,132.05,14.18,2024-08-01T00:00:00+00:00
5,29,2025-10-01,1036.07,778.38,1293.76,ExponentialSmoothing,171.79,132.05,14.18,2024-08-01T00:00:00+00:00
5,29,2025-11-01,1040.2,773.92,1306.48,ExponentialSmoothing,171.79,132.05,14.18,2024-08-01T00:00:00+00:00
5,29,2025-12-01,1044.33,769.47,1319.19,ExponentialSmoothing,171.79,132.05,14.18,2024-08-01T00:00:00+00:00
6,29,2025-01-01,951.76,819.51,1084.01,ExponentialSmoothing,125.95,87.86,9.66,2024-08-01T00:00:00+00:00
6,29,2025-02-01,948.89,810.35,1087.43,ExponentialSmoothing,125.95,87.86,9.66,2024-08-01T00:00:00+00:00
6,29,2025-03-01,946.02,801.18,1090.86,ExponentialSmoothing,125.95,87.86,9.66,2024-08-01T00:00:00+00:00
6,29,2025-04-01,943.15,792.01,1094.29,ExponentialSmoothing,125.95,87.86,9.66,2024-08-01T00:00:00+00:00
6,29,2025-05-01,940.28,782.84,1097.72,ExponentialSmoothing,125.95,87.86,9.66,2024-08-01T00:00:00+00:00
6,29,2025-06-01,937.41,773.68,1101.14,ExponentialSmoothing,125.95,87.86,9.66,2024-08-01T00:00:00+00:00
6,29,2025-07-01,934.54,764.51,1104.57,ExponentialSmoothing,125.95,87.86,9.66,2024-08-01T00:00:00+00:00
6,29,2025-08-01,931.67,755.34,1108.0,ExponentialSmoothing,125.95,87.86,9.66,2024-08-01T00:00:00+00:00
6,29,2025-09-01,928.8,746.17,1111.43,ExponentialSmoothing,125.95,87.86,9.66,2024-08-01T00:00:00+00:00
6,29,2025-10-01,925.93,737.01,1114.85,ExponentialSmoothing,125.95,87.86,9.66,2024-08-01T00:00:00+00:00
6,29,2025-11-01,923.06,727.84,1118.28,ExponentialSmoothing,125.95,87.86,9.66,2024-08-01T00:00:00+00:00
6,29,2025-12-01,920.18,718.66,1121.7,ExponentialSmoothing,125.95,87.86,9.66,2024-08-01T00:00:00+00:00
7,29,2025-01-01,1032.95,849.58,1216.32,ExponentialSmoothing,174.64,155.15,16.02,2024-08-01T00:00:00+00:00
7,29,2025-02-01,1036.48,844.38,1228.58,ExponentialSmoothing,174.64,155.15,16.02,2024-08-01T00:00:00+00:00
7,29,2025-03-01,1040.0,839.17,1240.83,ExponentialSmoothing,174.64,155.15,16.02,2024-08-01T00:00:00+00:00
7,29,2025-04-01,1043.53,833.97,1253.09,ExponentialSmoothing,174.64,155.15,16.02,2024-08-01T00:00:00+00:00
7,29,2025-05-01,1047.06,828.77,1265.35,ExponentialSmoothing,174.64,155.15,16.02,2024-08-01T00:00:00+00:00
7,29,2025-06-01,1050.58,823.55,1277.61,ExponentialSmoothing,174.64,155.15,16.02,2024-08-01T00:00:00+00:00
7,29,2025-07-01,1054.11,818.35,1289.87,ExponentialSmoothing,174.64,155.15,16.02,2024-08-01T00:00:00+00:00
7,29,2025-08-01,1057.64,813.15,1302.13,ExponentialSmoothing,174.64,155.15,16.02,2024-08-01T00:00:00+00:00
7,29,2025-09-01,1061.16,807.94,1314.38,ExponentialSmoothing,174.64,155.15,16.02,2024-08-01T00:00:00+00:00
7,29,2025-10-01,1064.69,802.74,1326.64,ExponentialSmoothing,174.64,155.15,16.02,2024-08-01T00:00:00+00:00
7,29,2025-11-01,1068.22,797.54,1338.9,ExponentialSmoothing,174.64,155.15,16.02,2024-08-01T00:00:00+00:00
7,29,2025-12-01,1071.74,792.32,1351.16,ExponentialSmoothing,174.64,155.15,16.02,2024-08-01T00:00:00+00:00
8,29,2025-01-01,1064.75,894.76,1234.74,ARIMA,161.9,131.98,13.15,2024-08-01T00:00:00+00:00
8,29,2025-02-01,1070.39,892.3,1248.48,ARIMA,161.9,131.98,13.15,2024-08-01T00:00:00+00:00
8,29,2025-03-01,1076.04,889.86,1262.22,ARIMA,161.9,131.98,13.15,2024-08-01T00:00:00+00:00
8,29,2025-04-01,1081.69,887.41,1275.97,ARIMA,161.9,131.98,13.15,2024-08-01T00:00:00+00:00
8,29,2025-05-01,1087.33,884.96,1289.7,ARIMA,161.9,131.98,13.15,2024-08-01T00:00:00+00:00
8,29,2025-06-01,1092.98,882.51,1303.45,ARIMA,161.9,131.98,13.15,2024-08-01T00:00:00+00:00
8,29,2025-07-01,1098.62,880.06,1317.18,ARIMA,161.9,131.98,13.15,2024-08-01T00:00:00+00:00
8,29,2025-08-01,1104.27,877.61,1330.93,ARIMA,161.9,131.98,13.15,2024-08-01T00:00:00+00:00
8,29,2025-09-01,1109.92,875.17,1344.67,ARIMA,161.9,131.98,13.15,2024-08-01T00:00:00+00:00
8,29,2025-10-01,1115.56,872.71,1358.41,ARIMA,161.9,131.98,13.15,2024-08-01T00:00:00+00:00
8,29,2025-11-01,1121.21,870.27,1372.15,ARIMA,161.9,131.98,13.15,2024-08-01T00:00:00+00:00
8,29,2025-12-01,1126.85,867.81,1385.89,ARIMA,161.9,131.98,13.15,2024-08-01T00:00:00+00:00
9,29,2025-01-01,979.15,888.55,1069.75,ARIMA,86.28,79.55,8.2,2024-08-01T00:00:00+00:00
9,29,2025-02-01,974.6,879.69,1069.51,ARIMA,86.28,79.55,8.2,2024-08-01T00:00:00+00:00
9,29,2025-03-01,970.05,870.83,1069.27,ARIMA,86.28,79.55,8.2,2024-08-01T00:00:00+00:00
9,29,2025-04-01,965.5,861.96,1069.04,ARIMA,86.28,79.55,8.2,2024-08-01T00:00:00+00:00
9,29,2025-05-01,960.95,853.1,1068.8,ARIMA,86.28,79.55,8.2,2024-08-01T00:00:00+00:00
9,29,2025-06-01,956.4,844.23,1068.57,ARIMA,86.28,79.55,8.2,2024-08-01T00:00:00+00:00
9,29,2025-07-01,951.85,835.37,1068.33,ARIMA,86.28,79.55,8.2,2024-08-01T00:00:00+00:00
9,29,2025-08-01,947.3,826.5,1068.1,ARIMA,86.28,79.55,8.2,2024-08-01T00:00:00+00:00
9,29,2025-09-01,942.75,817.64,1067.86,ARIMA,86.28,79.55,8.2,2024-08-01T00:00:00+00:00
9,29,2025-10-01,938.2,808.78,1067.62,ARIMA,86.28,79.55,8.2,2024-08-01T00:00:00+00:00
9,29,2025-11-01,933.65,799.91,1067.39,ARIMA,86.28,79.55,8.2,2024-08-01T00:00:00+00:00
9,29,2025-12-01,929.1,791.05,1067.15,ARIMA,86.28,79.55,8.2,2024-08-01T00:00:00+00:00
10,29,2025-01-01,1150.01,1049.58,1250.44,ExponentialSmoothing,95.64,84.91,7.58,2024-08-01T00:00:00+00:00
10,29,2025-02-01,1153.7,1048.49,1258.91,ExponentialSmoothing,95.64,84.91,7.58,2024-08-01T00:00:00+00:00
10,29,2025-03-01,1157.38,1047.39,1267.37,ExponentialSmoothing,95.64,84.91,7.58,2024-08-01T00:00:00+00:00
10,29,2025-04-01,1161.07,1046.3,1275.84,ExponentialSmoothing,95.64,84.91,7.58,2024-08-01T00:00:00+00:00
10,29,2025-05-01,1164.75,1045.19,1284.31,ExponentialSmoothing,95.64,84.91,7.58,2024-08-01T00:00:00+00:00
10,29,2025-06-01,1168.43,1044.09,1292.77,ExponentialSmoothing,95.64,84.91,7.58,2024-08-01T00:00:00+00:00
10,29,2025-07-01,1172.12,1043.0,1301.24,ExponentialSmoothing,95.64,84.91,7.58,2024-08-01T00:00:00+00:00
10,29,2025-08-01,1175.8,1041.9,1309.7,ExponentialSmoothing,95.64,84.91,7.58,2024-08-01T00:00:00+00:00
10,29,2025-09-01,1179.49,1040.81,1318.17,ExponentialSmoothing,95.64,84.91,7.58,2024-08-01T00:00:00+00:00
10,29,2025-10-01,1183.17,1039.7,1326.64,ExponentialSmoothing,95.64,84.91,7.58,2024-08-01T00:00:00+00:00
10,29,2025-11-01,1186.86,1038.61,1335.11,ExponentialSmoothing,95.64,84.91,7.58,2024-08-01T00:00:00+00:00
10,29,2025-12-01,1190.54,1037.51,1343.57,ExponentialSmoothing,95.64,84.91,7.58,2024-08-01T00:00:00+00:00
11,29,2025-01-01,1034.14,923.06,1145.22,ExponentialSmoothing,105.79,80.48,7.98,2024-08-01T00:00:00+00:00
11,29,2025-02-01,1034.17,917.8,1150.54,ExponentialSmoothing,105.79,80.48,7.98,2024-08-01T00:00:00+00:00
11,29,2025-03-01,1034.19,912.53,1155.85,ExponentialSmoothing,105.79,80.48,7.98,2024-08-01T00:00:00+00:00
11,29,2025-04-01,1034.21,907.26,1161.16,ExponentialSmoothing,105.79,80.48,7.98,2024-08-01T00:00:00+00:00
11,29,2025-05-01,1034.23,902.0,1166.46,ExponentialSmoothing,105.79,80.48,7.98,2024-08-01T00:00:00+00:00
11,29,2025-06-01,1034.26,896.74,1171.78,ExponentialSmoothing,105.79,80.48,7.98,2024-08-01T00:00:00+00:00
11,29,2025-07-01,1034.28,891.47,1177.09,ExponentialSmoothing,105.79,80.48,7.98,2024-08-01T00:00:00+00:00
11,29,2025-08-01,1034.3,886.2,1182.4,ExponentialSmoothing,105.79,80.48,7.98,2024-08-01T00:00:00+00:00
11,29,2025-09-01,1034.32,880.93,1187.71,ExponentialSmoothing,105.79,80.48,7.98,2024-08-01T00:00:00+00:00
11,29,2025-10-01,1034.35,875.67,1193.03,ExponentialSmoothing,105.79,80.48,7.98,2024-08-01T00:00:00+00:00
11,29,2025-11-01,1034.37,870.4,1198.34,ExponentialSmoothing,105.79,80.48,7.98,2024-08-01T00:00:00+00:00
11,29,2025-12-01,1034.39,865.13,1203.65,ExponentialSmoothing,105.79,80.48,7.98,2024-08-01T00:00:00+00:00
12,29,2025-01-01,939.43,889.33,989.53,ExponentialSmoothing,47.72,38.38,4.22,2024-08-01T00:00:00+00:00
12,29,2025-02-01,939.71,887.22,992.2,ExponentialSmoothing,47.72,38.38,4.22,2024-08-01T00:00:00+00:00
12,29,2025-03-01,939.99,885.11,994.87,ExponentialSmoothing,47.72,38.38,4.22,2024-08-01T00:00:00+00:00
12,29,2025-04-01,940.27,883.01,997.53,ExponentialSmoothing,47.72,38.38,4.22,2024-08-01T00:00:00+00:00
12,29,2025-05-01,940.55,880.9,1000.2,ExponentialSmoothing,47.72,38.38,4.22,2024-08-01T00:00:00+00:00
12,29,2025-06-01,940.83,878.8,1002.86,ExponentialSmoothing,47.72,38.38,4.22,2024-08-01T00:00:00+00:00
12,29,2025-07-01,941.11,876.69,1005.53,ExponentialSmoothing,47.72,38.38,4.22,2024-08-01T00:00:00+00:00
12,29,2025-08-01,941.39,874.59,1008.19,ExponentialSmoothing,47.72,38.38,4.22,2024-08-01T00:00:00+00:00
12,29,2025-09-01,941.67,872.48,1010.86,ExponentialSmoothing,47.72,38.38,4.22,2024-08-01T00:00:00+00:00
12,29,2025-10-01,941.95,870.37,1013.53,ExponentialSmoothing,47.72,38.38,4.22,2024-08-01T00:00:00+00:00
12,29,2025-11-01,942.23,868.27,1016.19,ExponentialSmoothing,47.72,38.38,4.22,2024-08-01T00:00:00+00:00
12,29,2025-12-01,942.51,866.16,1018.86,ExponentialSmoothing,47.72,38.38,4.22,2024-08-01T00:00:00+00:00
13,29,2025-01-01,1001.48,866.09,1136.87,ExponentialSmoothing,128.94,119.54,12.11,2024-08-01T00:00:00+00:00
13,29,2025-02-01,1000.72,858.88,1142.56,ExponentialSmoothing,128.94,119.54,12.11,2024-08-01T00:00:00+00:00
13,29,2025-03-01,999.97,851.68,1148.26,ExponentialSmoothing,128.94,119.54,12.11,2024-08-01T00:00:00+00:00
13,29,2025-04-01,999.21,844.48,1153.94,ExponentialSmoothing,128.94,119.54,12.11,2024-08-01T00:00:00+00:00
13,29,2025-05-01,998.45,837.27,1159.63,ExponentialSmoothing,128.94,119.54,12.11,2024-08-01T00:00:00+00:00
13,29,2025-06-01,997.7,830.07,1165.33,ExponentialSmoothing,128.94,119.54,12.11,2024-08-01T00:00:00+00:00
13,29,2025-07-01,996.94,822.87,1171.01,ExponentialSmoothing,128.94,119.54,12.11,2024-08-01T00:00:00+00:00
13,29,2025-08-01,996.19,815.67,1176.71,ExponentialSmoothing,128.94,119.54,12.11,2024-08-01T00:00:00+00:00
13,29,2025-09-01,995.43,808.46,1182.4,ExponentialSmoothing,128.94,119.54,12.11,2024-08-01T00:00:00+00:00
13,29,2025-10-01,994.68,801.26,1188.1,ExponentialSmoothing,128.94,119.54,12.11,2024-08-01T00:00:00+00:00
13,29,2025-11-01,993.92,794.06,1193.78,ExponentialSmoothing,128.94,119.54,12.11,2024-08-01T00:00:00+00:00
13,29,2025-12-01,993.16,786.85,1199.47,ExponentialSmoothing,128.94,119.54,12.11,2024-08-01T00:00:00+00:00
14,29,2025-01-01,1077.91,923.55,1232.27,ExponentialSmoothing,147.01,111.41,11.19,2024-08-01T00:00:00+00:00
14,29,2025-02-01,1080.28,918.57,1241.99,ExponentialSmoothing,147.01,111.41,11.19,2024-08-01T00:00:00+00:00
14,29,2025-03-01,1082.65,913.58,1251.72,ExponentialSmoothing,147.01,111.41,11.19,2024-08-01T00:00:00+00:00
14,29,2025-04-01,1085.02,908.6,1261.44,ExponentialSmoothing,147.01,111.41,11.19,2024-08-01T00:00:00+00:00
14,29,2025-05-01,1087.39,903.62,1271.16,ExponentialSmoothing,147.01,111.41,11.19,2024-08-01T00:00:00+00:00
14,29,2025-06-01,1089.76,898.64,1280.88,ExponentialSmoothing,147.01,111.41,11.19,2024-08-01T00:00:00+00:00
14,29,2025-07-01,1092.13,893.66,1290.6,ExponentialSmoothing,147.01,111.41,11.19,2024-08-01T00:00:00+00:00
14,29,2025-08-01,1094.5,888.68,1300.32,ExponentialSmoothing,147.01,111.41,11.19,2024-08-01T00:00:00+00:00
14,29,2025-09-01,1096.87,883.7,1310.04,ExponentialSmoothing,147.01,111.41,11.19,2024-08-01T00:00:00+00:00
14,29,2025-10-01,1099.24,878.72,1319.76,ExponentialSmoothing,147.01,111.41,11.19,2024-08-01T00:00:00+00:00
14,29,2025-11-01,1101.61,873.74,1329.48,ExponentialSmoothing,147.01,111.41,11.19,2024-08-01T00:00:00+00:00
14,29,2025-12-01,1103.98,868.76,1339.2,ExponentialSmoothing,147.01,111.41,11.19,2024-08-01T00:00:00+00:00
15,29,2025-01-01,984.61,853.95,1115.27,ARIMA,124.44,95.98,11.59,2024-08-01T00:00:00+00:00
15,29,2025-02-01,995.52,858.64,1132.4,ARIMA,124.44,95.98,11.59,2024-08-01T00:00:00+00:00
15,29,2025-03-01,1006.43,863.32,1149.54,ARIMA,124.44,95.98,11.59,2024-08-01T00:00:00+00:00
15,29,2025-04-01,1017.33,868.0,1166.66,ARIMA,124.44,95.98,11.59,2024-08-01T00:00:00+00:00
15,29,2025-05-01,1028.24,872.69,1183.79,ARIMA,124.44,95.98,11.59,2024-08-01T00:00:00+00:00
15,29,2025-06-01,1039.15,877.38,1200.92,ARIMA,124.44,95.98,11.59,2024-08-01T00:00:00+00:00
15,29,2025-07-01,1050.06,882.07,1218.05,ARIMA,124.44,95.98,11.59,2024-08-01T00:00:00+00:00
15,29,2025-08-01,1060.97,886.76,1235.18,ARIMA,124.44,95.98,11.59,2024-08-01T00:00:00+00:00
15,29,2025-09-01,1071.88,891.44,1252.32,ARIMA,124.44,95.98,11.59,2024-08-01T00:00:00+00:00
15,29,2025-10-01,1082.79,896.13,1269.45,ARIMA,124.44,95.98,11.59,2024-08-01T00:00:00+00:00
15,29,2025-11-01,1093.7,900.82,1286.58,ARIMA,124.44,95.98,11.59,2024-08-01T00:00:00+00:00
15,29,2025-12-01,1104.61,905.51,1303.71,ARIMA,124.44,95.98,11.59,2024-08-01T00:00:00+00:00
16,29,2025-01-01,1055.9,959.7,1152.1,ExponentialSmoothing,91.62,82.43,8.07,2024-08-01T00:00:00+00:00
16,29,2025-02-01,1059.96,959.18,1160.74,ExponentialSmoothing,91.62,82.43,8.07,2024-08-01T00:00:00+00:00
16,29,2025-03-01,1064.01,958.64,1169.38,ExponentialSmoothing,91.62,82.43,8.07,2024-08-01T00:00:00+00:00
16,29,2025-04-01,1068.07,958.12,1178.02,ExponentialSmoothing,91.62,82.43,8.07,2024-08-01T00:00:00+00:00
16,29,2025-05-01,1072.13,957.6,1186.66,ExponentialSmoothing,91.62,82.43,8.07,2024-08-01T00:00:00+00:00
16,29,2025-06-01,1076.19,957.08,1195.3,ExponentialSmoothing,91.62,82.43,8.07,2024-08-01T00:00:00+00:00
16,29,2025-07-01,1080.24,956.55,1203.93,ExponentialSmoothing,91.62,82.43,8.07,2024-08-01T00:00:00+00:00
16,29,2025-08-01,1084.3,956.03,1212.57,ExponentialSmoothing,91.62,82.43,8.07,2024-08-01T00:00:00+00:00
16,29,2025-09-01,1088.36,955.51,1221.21,ExponentialSmoothing,91.62,82.43,8.07,2024-08-01T00:00:00+00:00
16,29,2025-10-01,1092.41,954.98,1229.84,ExponentialSmoothing,91.62,82.43,8.07,2024-08-01T00:00:00+00:00
16,29,2025-11-01,1096.47,954.46,1238.48,ExponentialSmoothing,91.62,82.43,8.07,2024-08-01T00:00:00+00:00
16,29,2025-12-01,1100.53,953.93,1247.13,ExponentialSmoothing,91.62,82.43,8.07,2024-08-01T00:00:00+00:00
17,29,2025-01-01,1074.87,903.28,1246.46,ExponentialSmoothing,163.42,138.01,13.04,2024-08-01T00:00:00+00:00
17,29,2025-02-01,1071.6,891.84,1251.36,ExponentialSmoothing,163.42,138.01,13.04,2024-08-01T00:00:00+00:00
17,29,2025-03-01,1068.33,880.4,1256.26,ExponentialSmoothing,163.42,138.01,13.04,2024-08-01T00:00:00+00:00
17,29,2025-04-01,1065.05,868.95,1261.15,ExponentialSmoothing,163.42,138.01,13.04,2024-08-01T00:00:00+00:00
17,29,2025-05-01,1061.78,857.51,1266.05,ExponentialSmoothing,163.42,138.01,13.04,2024-08-01T00:00:00+00:00
17,29,2025-06-01,1058.51,846.07,1270.95,ExponentialSmoothing,163.42,138.01,13.04,2024-08-01T00:00:00+00:00
17,29,2025-07-01,1055.24,834.63,1275.85,ExponentialSmoothing,163.42,138.01,13.04,2024-08-01T00:00:00+00:00
17,29,2025-08-01,1051.97,823.19,1280.75,ExponentialSmoothing,163.42,138.01,13.04,2024-08-01T00:00:00+00:00
17,29,2025-09-01,1048.69,811.73,1285.65,ExponentialSmoothing,163.42,138.01,13.04,2024-08-01T00:00:00+00:00
17,29,2025-10-01,1045.42,800.29,1290.55,ExponentialSmoothing,163.42,138.01,13.04,2024-08-01T00:00:00+00:00
17,29,2025-11-01,1042.15,788.85,1295.45,ExponentialSmoothing,163.42,138.01,13.04,2024-08-01T00:00:00+00:00
17,29,2025-12-01,1038.88,777.41,1300.35,ExponentialSmoothing,163.42,138.01,13.04,2024-08-01T00:00:00+00:00
18,29,2025-01-01,1048.66,900.87,1196.45,ExponentialSmoothing,140.75,105.16,10.59,2024-08-01T00:00:00+00:00
18,29,2025-02-01,1048.48,893.65,1203.31,ExponentialSmoothing,140.75,105.16,10.59,2024-08-01T00:00:00+00:00
18,29,2025-03-01,1048.31,886.44,1210.18,ExponentialSmoothing,140.75,105.16,10.59,2024-08-01T00:00:00+00:00
18,29,2025-04-01,1048.13,879.22,1217.04,ExponentialSmoothing,140.75,105.16,10.59,2024-08-01T00:00:00+00:00
18,29,2025-05-01,1047.95,872.01,1223.89,ExponentialSmoothing,140.75,105.16,10.59,2024-08-01T00:00:00+00:00
18,29,2025-06-01,1047.77,864.79,1230.75,ExponentialSmoothing,140.75,105.16,10.59,2024-08-01T00:00:00+00:00
18,29,2025-07-01,1047.59,857.57,1237.61,ExponentialSmoothing,140.75,105.16,10.59,2024-08-01T00:00:00+00:00
18,29,2025-08-01,1047.41,850.35,1244.47,ExponentialSmoothing,140.75,105.16,10.59,2024-08-01T00:00:00+00:00
18,29,2025-09-01,1047.24,843.15,1251.33,ExponentialSmoothing,140.75,105.16,10.59,2024-08-01T00:00:00+00:00
18,29,2025-10-01,1047.06,835.93,1258.19,ExponentialSmoothing,140.75,105.16,10.59,2024-08-01T00:00:00+00:00
18,29,2025-11-01,1046.88,828.71,1265.05,ExponentialSmoothing,140.75,105.16,10.59,2024-08-01T00:00:00+00:00
18,29,2025-12-01,1046.7,821.49,1271.91,ExponentialSmoothing,140.75,105.16,10.59,2024-08-01T00:00:00+00:00
19,29,2025-01-01,932.53,818.47,1046.59,ExponentialSmoothing,108.63,91.58,9.78,2024-08-01T00:00:00+00:00
19,29,2025-02-01,930.49,811.0,1049.98,ExponentialSmoothing,108.63,91.58,9.78,2024-08-01T00:00:00+00:00
19,29,2025-03-01,928.46,803.54,1053.38,ExponentialSmoothing,108.63,91.58,9.78,2024-08-01T00:00:00+00:00
19,29,2025-04-01,926.42,796.07,1056.77,ExponentialSmoothing,108.63,91.58,9.78,2024-08-01T00:00:00+00:00
19,29,2025-05-01,924.38,788.6,1060.16,ExponentialSmoothing,108.63,91.58,9.78,2024-08-01T00:00:00+00:00
19,29,2025-06-01,922.34,781.12,1063.56,ExponentialSmoothing,108.63,91.58,9.78,2024-08-01T00:00:00+00:00
19,29,2025-07-01,920.3,773.65,1066.95,ExponentialSmoothing,108.63,91.58,9.78,2024-08-01T00:00:00+00:00
19,29,2025-08-01,918.26,766.18,1070.34,ExponentialSmoothing,108.63,91.58,9.78,2024-08-01T00:00:00+00:00
19,29,2025-09-01,916.22,758.71,1073.73,ExponentialSmoothing,108.63,91.58,9.78,2024-08-01T00:00:00+00:00
19,29,2025-10-01,914.18,751.24,1077.12,ExponentialSmoothing,108.63,91.58,9.78,2024-08-01T00:00:00+00:00
19,29,2025-11-01,912.14,743.77,1080.51,ExponentialSmoothing,108.63,91.58,9.78,2024-08-01T00:00:00+00:00
19,29,2025-12-01,910.1,736.3,1083.9,ExponentialSmoothing,108.63,91.58,9.78,2024-08-01T00:00:00+00:00
20,29,2025-01-01,973.75,828.01,1119.49,ARIMA,138.8,109.79,11.43,2024-08-01T00:00:00+00:00
20,29,2025-02-01,969.36,816.68,1122.04,ARIMA,138.8,109.79,11.43,2024-08-01T00:00:00+00:00
20,29,2025-03-01,964.96,805.34,1124.58,ARIMA,138.8,109.79,11.43,2024-08-01T00:00:00+00:00
20,29,2025-04-01,960.57,794.01,1127.13,ARIMA,138.8,109.79,11.43,2024-08-01T00:00:00+00:00
20,29,2025-05-01,956.17,782.67,1129.67,ARIMA,138.8,109.79,11.43,2024-08-01T00:00:00+00:00
20,29,2025-06-01,951.77,771.33,1132.21,ARIMA,138.8,109.79,11.43,2024-08-01T00:00:00+00:00
20,29,2025-07-01,947.38,760.0,1134.76,ARIMA,138.8,109.79,11.43,2024-08-01T00:00:00+00:00
20,29,2025-08-01,942.98,748.66,1137.3,ARIMA,138.8,109.79,11.43,2024-08-01T00:00:00+00:00
20,29,2025-09-01,938.59,737.33,1139.85,ARIMA,138.8,109.79,11.43,2024-08-01T00:00:00+00:00
20,29,2025-10-01,934.19,725.99,1142.39,ARIMA,138.8,109.79,11.43,2024-08-01T00:00:00+00:00
20,29,2025-11-01,929.8,714.66,1144.94,ARIMA,138.8,109.79,11.43,2024-08-01T00:00:00+00:00
20,29,2025-12-01,925.4,703.32,1147.48,ARIMA,138.8,109.79,11.43,2024-08-01T00:00:00+00:00
21,29,2025-01-01,979.55,871.0,1088.1,ExponentialSmoothing,103.38,84.25,8.88,2024-08-01T00:00:00+00:00
21,29,2025-02-01,975.86,862.15,1089.57,ExponentialSmoothing,103.38,84.25,8.88,2024-08-01T00:00:00+00:00
21,29,2025-03-01,972.16,853.28,1091.04,ExponentialSmoothing,103.38,84.25,8.88,2024-08-01T00:00:00+00:00
21,29,2025-04-01,968.47,844.42,1092.52,ExponentialSmoothing,103.38,84.25,8.88,2024-08-01T00:00:00+00:00
21,29,2025-05-01,964.78,835.56,1094.0,ExponentialSmoothing,103.38,84.25,8.88,2024-08-01T00:00:00+00:00
21,29,2025-06-01,961.09,826.7,1095.48,ExponentialSmoothing,103.38,84.25,8.88,2024-08-01T00:00:00+00:00
21,29,2025-07-01,957.4,817.84,1096.96,ExponentialSmoothing,103.38,84.25,8.88,2024-08-01T00:00:00+00:00
21,29,2025-08-01,953.71,808.98,1098.44,ExponentialSmoothing,103.38,84.25,8.88,2024-08-01T00:00:00+00:00
21,29,2025-09-01,950.02,800.12,1099.92,ExponentialSmoothing,103.38,84.25,8.88,2024-08-01T00:00:00+00:00
21,29,2025-10-01,946.33,791.26,1101.4,ExponentialSmoothing,103.38,84.25,8.88,2024-08-01T00:00:00+00:00
21,29,2025-11-01,942.63,782.4,1102.86,ExponentialSmoothing,103.38,84.25,8.88,2024-08-01T00:00:00+00:00
21,29,2025-12-01,938.94,773.54,1104.34,ExponentialSmoothing,103.38,84.25,8.88,2024-08-01T00:00:00+00:00
22,29,2025-01-01,1010.35,862.85,1157.85,ARIMA,140.47,115.41,11.09,2024-08-01T00:00:00+00:00
22,29,2025-02-01,1004.53,850.01,1159.05,ARIMA,140.47,115.41,11.09,2024-08-01T00:00:00+00:00
22,29,2025-03-01,998.71,837.16,1160.26,ARIMA,140.47,115.41,11.09,2024-08-01T00:00:00+00:00
22,29,2025-04-01,992.89,824.32,1161.46,ARIMA,140.47,115.41,11.09,2024-08-01T00:00:00+00:00
22,29,2025-05-01,987.07,811.48,1162.66,ARIMA,140.47,115.41,11.09,2024-08-01T00:00:00+00:00
22,29,2025-06-01,981.25,798.63,1163.87,ARIMA,140.47,115.41,11.09,2024-08-01T00:00:00+00:00
22,29,2025-07-01,975.43,785.79,1165.07,ARIMA,140.47,115.41,11.09,2024-08-01T00:00:00+00:00
22,29,2025-08-01,969.61,772.95,1166.27,ARIMA,140.47,115.41,11.09,2024-08-01T00:00:00+00:00
22,29,2025-09-01,963.79,760.1,1167.48,ARIMA,140.47,115.41,11.09,2024-08-01T00:00:00+00:00
22,29,2025-10-01,957.97,747.26,1168.68,ARIMA,140.47,115.41,11.09,2024-08-01T00:00:00+00:00
22,29,2025-11-01,952.15,734.41,1169.89,ARIMA,140.47,115.41,11.09,2024-08-01T00:00:00+00:00
22,29,2025-12-01,946.33,721.57,1171.09,ARIMA,140.47,115.41,11.09,2024-08-01T00:00:00+00:00
23,29,2025-01-01,941.43,830.65,1052.21,ExponentialSmoothing,105.5,83.4,9.29,2024-08-01T00:00:00+00:00
23,29,2025-02-01,942.58,826.53,1058.63,ExponentialSmoothing,105.5,83.4,9.29,2024-08-01T00:00:00+00:00
23,29,2025-03-01,943.73,822.4,1065.06,ExponentialSmoothing,105.5,83.4,9.29,2024-08-01T00:00:00+00:00
23,29,2025-04-01,944.88,818.28,1071.48,ExponentialSmoothing,105.5,83.4,9.29,2024-08-01T00:00:00+00:00
23,29,2025-05-01,946.03,814.15,1077.91,ExponentialSmoothing,105.5,83.4,9.29,2024-08-01T00:00:00+00:00
23,29,2025-06-01,947.18,810.03,1084.33,ExponentialSmoothing,105.5,83.4,9.29,2024-08-01T00:00:00+00:00
23,29,2025-07-01,948.33,805.9,1090.76,ExponentialSmoothing,105.5,83.4,9.29,2024-08-01T00:00:00+00:00
23,29,2025-08-01,949.48,801.78,1097.18,ExponentialSmoothing,105.5,83.4,9.29,2024-08-01T00:00:00+00:00
23,29,2025-09-01,950.63,797.65,1103.61,ExponentialSmoothing,105.5,83.4,9.29,2024-08-01T00:00:00+00:00
23,29,2025-10-01,951.78,793.53,1110.03,ExponentialSmoothing,105.5,83.4,9.29,2024-08-01T00:00:00+00:00
23,29,2025-11-01,952.93,789.4,1116.46,ExponentialSmoothing,105.5,83.4,9.29,2024-08-01T00:00:00+00:00
23,29,2025-12-01,954.08,785.28,1122.88,ExponentialSmoothing,105.5,83.4,9.29,2024-08-01T00:00:00+00:00
24,29,2025-01-01,964.45,814.83,1114.07,ARIMA,142.49,111.04,13.63,2024-08-01T00:00:00+00:00
24,29,2025-02-01,970.61,813.87,1127.35,ARIMA,142.49,111.04,13.63,2024-08-01T00:00:00+00:00
24,29,2025-03-01,976.77,812.9,1140.64,ARIMA,142.49,111.04,13.63,2024-08-01T00:00:00+00:00
24,29,2025-04-01,982.93,811.94,1153.92,ARIMA,142.49,111.04,13.63,2024-08-01T00:00:00+00:00
24,29,2025-05-01,989.09,810.97,1167.21,ARIMA,142.49,111.04,13.63,2024-08-01T00:00:00+00:00
24,29,2025-06-01,995.25,810.01,1180.49,ARIMA,142.49,111.04,13.63,2024-08-01T00:00:00+00:00
24,29,2025-07-01,1001.41,809.04,1193.78,ARIMA,142.49,111.04,13.63,2024-08-01T00:00:00+00:00
24,29,2025-08-01,1007.57,808.08,1207.06,ARIMA,142.49,111.04,13.63,2024-08-01T00:00:00+00:00
24,29,2025-09-01,1013.73,807.12,1220.34,ARIMA,142.49,111.04,13.63,2024-08-01T00:00:00+00:00
24,29,2025-10-01,1019.89,806.15,1233.63,ARIMA,142.49,111.04,13.63,2024-08-01T00:00:00+00:00
24,29,2025-11-01,1026.05,805.19,1246.91,ARIMA,142.49,111.04,13.63,2024-08-01T00:00:00+00:00
24,29,2025-12-01,1032.21,804.22,1260.2,ARIMA,142.49,111.04,13.63,2024-08-01T00:00:00+00:00
25,29,2025-01-01,1075.29,912.96,1237.62,ExponentialSmoothing,154.6,142.26,13.89,2024-08-01T00:00:00+00:00
25,29,2025-02-01,1077.41,907.35,1247.47,ExponentialSmoothing,154.6,142.26,13.89,2024-08-01T00:00:00+00:00
25,29,2025-03-01,1079.53,901.74,1257.32,ExponentialSmoothing,154.6,142.26,13.89,2024-08-01T00:00:00+00:00
25,29,2025-04-01,1081.64,896.12,1267.16,ExponentialSmoothing,154.6,142.26,13.89,2024-08-01T00:00:00+00:00
25,29,2025-05-01,1083.76,890.51,1277.01,ExponentialSmoothing,154.6,142.26,13.89,2024-08-01T00:00:00+00:00
25,29,2025-06-01,1085.88,884.9,1286.86,ExponentialSmoothing,154.6,142.26,13.89,2024-08-01T00:00:00+00:00
25,29,2025-07-01,1088.0,879.29,1296.71,ExponentialSmoothing,154.6,142.26,13.89,2024-08-01T00:00:00+00:00
25,29,2025-08-01,1090.11,873.67,1306.55,ExponentialSmoothing,154.6,142.26,13.89,2024-08-01T00:00:00+00:00
25,29,2025-09-01,1092.23,868.06,1316.4,ExponentialSmoothing,154.6,142.26,13.89,2024-08-01T00:00:00+00:00
25,29,2025-10-01,1094.35,862.46,1326.24,ExponentialSmoothing,154.6,142.26,13.89,2024-08-01T00:00:00+00:00
25,29,2025-11-01,1096.46,856.84,1336.08,ExponentialSmoothing,154.6,142.26,13.89,2024-08-01T00:00:00+00:00
25,29,2025-12-01,1098.58,851.23,1345.93,ExponentialSmoothing,154.6,142.26,13.89,2024-08-01T00:00:00+00:00
26,29,2025-01-01,962.93,755.36,1170.5,ARIMA,197.69,139.49,19.49,2024-08-01T00:00:00+00:00
26,29,2025-02-01,957.85,740.39,1175.31,ARIMA,197.69,139.49,19.49,2024-08-01T00:00:00+00:00
26,29,2025-03-01,952.76,725.42,1180.1,ARIMA,197.69,139.49,19.49,2024-08-01T00:00:00+00:00
26,29,2025-04-01,947.67,710.44,1184.9,ARIMA,197.69,139.49,19.49,2024-08-01T00:00:00+00:00
26,29,2025-05-01,942.59,695.48,1189.7,ARIMA,197.69,139.49,19.49,2024-08-01T00:00:00+00:00
26,29,2025-06-01,937.5,680.51,1194.49,ARIMA,197.69,139.49,19.49,2024-08-01T00:00:00+00:00
26,29,2025-07-01,932.42,665.54,1199.3,ARIMA,197.69,139.49,19.49,2024-08-01T00:00:00+00:00
26,29,2025-08-01,927.33,650.57,1204.09,ARIMA,197.69,139.49,19.49,2024-08-01T00:00:00+00:00
26,29,2025-09-01,922.24,635.59,1208.89,ARIMA,197.69,139.49,19.49,2024-08-01T00:00:00+00:00
26,29,2025-10-01,917.16,620.63,1213.69,ARIMA,197.69,139.49,19.49,2024-08-01T00:00:00+00:00
26,29,2025-11-01,912.07,605.65,1218.49,ARIMA,197.69,139.49,19.49,2024-08-01T00:00:00+00:00
26,29,2025-12-01,906.98,590.68,1223.28,ARIMA,197.69,139.49,19.49,2024-08-01T00:00:00+00:00
27,29,2025-01-01,1043.7,889.54,1197.86,ExponentialSmoothing,146.82,109.15,10.44,2024-08-01T00:00:00+00:00
27,29,2025-02-01,1046.03,884.53,1207.53,ExponentialSmoothing,146.82,109.15,10.44,2024-08-01T00:00:00+00:00
27,29,2025-03-01,1048.36,879.52,1217.2,ExponentialSmoothing,146.82,109.15,10.44,2024-08-01T00:00:00+00:00
27,29,2025-04-01,1050.69,874.51,1226.87,ExponentialSmoothing,146.82,109.15,10.44,2024-08-01T00:00:00+00:00
27,29,2025-05-01,1053.02,869.5,1236.54,ExponentialSmoothing,146.82,109.15,10.44,2024-08-01T00:00:00+00:00
27,29,2025-06-01,1055.36,864.5,1246.22,ExponentialSmoothing,146.82,109.15,10.44,2024-08-01T00:00:00+00:00
27,29,2025-07-01,1057.69,859.49,1255.89,ExponentialSmoothing,146.82,109.15,10.44,2024-08-01T00:00:00+00:00
27,29,2025-08-01,1060.02,854.48,1265.56,ExponentialSmoothing,146.82,109.15,10.44,2024-08-01T00:00:00+00:00
27,29,2025-09-01,1062.35,849.47,1275.23,ExponentialSmoothing,146.82,109.15,10.44,2024-08-01T00:00:00+00:00
27,29,2025-10-01,1064.68,844.46,1284.9,ExponentialSmoothing,146.82,109.15,10.44,2024-08-01T00:00:00+00:00
27,29,2025-11-01,1067.01,839.45,1294.57,ExponentialSmoothing,146.82,109.15,10.44,2024-08-01T00:00:00+00:00
27,29,2025-12-01,1069.35,834.44,1304.26,ExponentialSmoothing,146.82,109.15,10.44,2024-08-01T00:00:00+00:00
28,29,2025-01-01,1056.61,893.46,1219.76,ARIMA,155.38,123.74,12.0,2024-08-01T00:00:00+00:00
28,29,2025-02-01,1061.0,890.08,1231.92,ARIMA,155.38,123.74,12.0,2024-08-01T00:00:00+00:00
28,29,2025-03-01,1065.39,886.7,1244.08,ARIMA,155.38,123.74,12.0,2024-08-01T00:00:00+00:00
28,29,2025-04-01,1069.78,883.33,1256.23,ARIMA,155.38,123.74,12.0,2024-08-01T00:00:00+00:00
28,29,2025-05-01,1074.17,879.95,1268.39,ARIMA,155.38,123.74,12.0,2024-08-01T00:00:00+00:00
28,29,2025-06-01,1078.56,876.57,1280.55,ARIMA,155.38,123.74,12.0,2024-08-01T00:00:00+00:00
28,29,2025-07-01,1082.94,873.18,1292.7,ARIMA,155.38,123.74,12.0,2024-08-01T00:00:00+00:00
28,29,2025-08-01,1087.33,869.8,1304.86,ARIMA,155.38,123.74,12.0,2024-08-01T00:00:00+00:00
28,29,2025-09-01,1091.72,866.42,1317.02,ARIMA,155.38,123.74,12.0,2024-08-01T00:00:00+00:00
28,29,2025-10-01,1096.11,863.04,1329.18,ARIMA,155.38,123.74,12.0,2024-08-01T00:00:00+00:00
28,29,2025-11-01,1100.5,859.66,1341.34,ARIMA,155.38,123.74,12.0,2024-08-01T00:00:00+00:00
28,29,2025-12-01,1104.89,856.28,1353.5,ARIMA,155.38,123.74,12.0,2024-08-01T00:00:00+00:00
29,29,2025-01-01,987.06,861.16,1112.96,ARIMA,119.9,108.93,11.56,2024-08-01T00:00:00+00:00
29,29,2025-02-01,992.1,860.21,1123.99,ARIMA,119.9,108.93,11.56,2024-08-01T00:00:00+00:00
29,29,2025-03-01,997.14,859.25,1135.03,ARIMA,119.9,108.93,11.56,2024-08-01T00:00:00+00:00
29,29,2025-04-01,1002.18,858.3,1146.06,ARIMA,119.9,108.93,11.56,2024-08-01T00:00:00+00:00
29,29,2025-05-01,1007.22,857.34,1157.1,ARIMA,119.9,108.93,11.56,2024-08-01T00:00:00+00:00
29,29,2025-06-01,1012.26,856.39,1168.13,ARIMA,119.9,108.93,11.56,2024-08-01T00:00:00+00:00
29,29,2025-07-01,1017.3,855.43,1179.17,ARIMA,119.9,108.93,11.56,2024-08-01T00:00:00+00:00
29,29,2025-08-01,1022.34,854.48,1190.2,ARIMA,119.9,108.93,11.56,2024-08-01T00:00:00+00:00
29,29,2025-09-01,1027.38,853.52,1201.24,ARIMA,119.9,108.93,11.56,2024-08-01T00:00:00+00:00
29,29,2025-10-01,1032.42,852.56,1212.28,ARIMA,119.9,108.93,11.56,2024-08-01T00:00:00+00:00
29,29,2025-11-01,1037.47,851.62,1223.32,ARIMA,119.9,108.93,11.56,2024-08-01T00:00:00+00:00
29,29,2025-12-01,1042.51,850.66,1234.36,ARIMA,119.9,108.93,11.56,2024-08-01T00:00:00+00:00
30,29,2025-01-01,1017.09,846.37,1187.81,ExponentialSmoothing,162.59,131.07,14.18,2024-08-01T00:00:00+00:00
30,29,2025-02-01,1020.19,841.34,1199.04,ExponentialSmoothing,162.59,131.07,14.18,2024-08-01T00:00:00+00:00
30,29,2025-03-01,1023.28,836.3,1210.26,ExponentialSmoothing,162.59,131.07,14.18,2024-08-01T00:00:00+00:00
30,29,2025-04-01,1026.37,831.26,1221.48,ExponentialSmoothing,162.59,131.07,14.18,2024-08-01T00:00:00+00:00
30,29,2025-05-01,1029.46,826.22,1232.7,ExponentialSmoothing,162.59,131.07,14.18,2024-08-01T00:00:00+00:00
30,29,2025-06-01,1032.55,821.18,1243.92,ExponentialSmoothing,162.59,131.07,14.18,2024-08-01T00:00:00+00:00
30,29,2025-07-01,1035.64,816.14,1255.14,ExponentialSmoothing,162.59,131.07,14.18,2024-08-01T00:00:00+00:00
30,29,2025-08-01,1038.74,811.11,1266.37,ExponentialSmoothing,162.59,131.07,14.18,2024-08-01T00:00:00+00:00
30,29,2025-09-01,1041.83,806.07,1277.59,ExponentialSmoothing,162.59,131.07,14.18,2024-08-01T00:00:00+00:00
30,29,2025-10-01,1044.92,801.03,1288.81,ExponentialSmoothing,162.59,131.07,14.18,2024-08-01T00:00:00+00:00
30,29,2025-11-01,1048.01,795.99,1300.03,ExponentialSmoothing,162.59,131.07,14.18,2024-08-01T00:00:00+00:00
30,29,2025-12-01,1051.1,790.95,1311.25,ExponentialSmoothing,162.59,131.07,14.18,2024-08-01T00:00:00+00:00
31,29,2025-01-01,1029.94,950.8,1109.08,ExponentialSmoothing,75.37,58.7,5.56,2024-08-01T00:00:00+00:00
31,29,2025-02-01,1027.83,944.92,1110.74,ExponentialSmoothing,75.37,58.7,5.56,2024-08-01T00:00:00+00:00
31,29,2025-03-01,1025.72,939.04,1112.4,ExponentialSmoothing,75.37,58.7,5.56,2024-08-01T00:00:00+00:00
31,29,2025-04-01,1023.61,933.17,1114.05,ExponentialSmoothing,75.37,58.7,5.56,2024-08-01T00:00:00+00:00
31,29,2025-05-01,1021.49,927.28,1115.7,ExponentialSmoothing,75.37,58.7,5.56,2024-08-01T00:00:00+00:00
31,29,2025-06-01,1019.38,921.4,1117.36,ExponentialSmoothing,75.37,58.7,5.56,2024-08-01T00:00:00+00:00
31,29,2025-07-01,1017.27,915.52,1119.02,ExponentialSmoothing,75.37,58.7,5.56,2024-08-01T00:00:00+00:00
31,29,2025-08-01,1015.16,909.64,1120.68,ExponentialSmoothing,75.37,58.7,5.56,2024-08-01T00:00:00+00:00
31,29,2025-09-01,1013.04,903.75,1122.33,ExponentialSmoothing,75.37,58.7,5.56,2024-08-01T00:00:00+00:00
31,29,2025-10-01,1010.93,897.88,1123.98,ExponentialSmoothing,75.37,58.7,5.56,2024-08-01T00:00:00+00:00
31,29,2025-11-01,1008.82,892.0,1125.64,ExponentialSmoothing,75.37,58.7,5.56,2024-08-01T00:00:00+00:00
31,29,2025-12-01,1006.71,886.12,1127.3,ExponentialSmoothing,75.37,58.7,5.56,2024-08-01T00:00:00+00:00
32,29,2025-01-01,1020.25,847.0,1193.5,ARIMA,165.0,150.63,16.12,2024-08-01T00:00:00+00:00
32,29,2025-02-01,1024.72,843.22,1206.22,ARIMA,165.0,150.63,16.12,2024-08-01T00:00:00+00:00
32,29,2025-03-01,1029.19,839.44,1218.94,ARIMA,165.0,150.63,16.12,2024-08-01T00:00:00+00:00
32,29,2025-04-01,1033.66,835.66,1231.66,ARIMA,165.0,150.63,16.12,2024-08-01T00:00:00+00:00
32,29,2025-05-01,1038.14,831.89,1244.39,ARIMA,165.0,150.63,16.12,2024-08-01T00:00:00+00:00
32,29,2025-06-01,1042.61,828.11,1257.11,ARIMA,165.0,150.63,16.12,2024-08-01T00:00:00+00:00
32,29,2025-07-01,1047.08,824.33,1269.83,ARIMA,165.0,150.63,16.12,2024-08-01T00:00:00+00:00
32,29,2025-08-01,1051.56,820.55,1282.57,ARIMA,165.0,150.63,16.12,2024-08-01T00:00:00+00:00
32,29,2025-09-01,1056.03,816.77,1295.29,ARIMA,165.0,150.63,16.12,2024-08-01T00:00:00+00:00
32,29,2025-10-01,1060.5,812.99,1308.01,ARIMA,165.0,150.63,16.12,2024-08-01T00:00:00+00:00
32,29,2025-11-01,1064.98,809.22,1320.74,ARIMA,165.0,150.63,16.12,2024-08-01T00:00:00+00:00
32,29,2025-12-01,1069.45,805.44,1333.46,ARIMA,165.0,150.63,16.12,2024-08-01T00:00:00+00:00
33,29,2025-01-01,998.38,867.37,1129.39,ExponentialSmoothing,124.77,95.61,10.28,2024-08-01T00:00:00+00:00
33,29,2025-02-01,995.34,858.09,1132.59,ExponentialSmoothing,124.77,95.61,10.28,2024-08-01T00:00:00+00:00
33,29,2025-03-01,992.3,848.81,1135.79,ExponentialSmoothing,124.77,95.61,10.28,2024-08-01T00:00:00+00:00
33,29,2025-04-01,989.26,839.53,1138.99,ExponentialSmoothing,124.77,95.61,10.28,2024-08-01T00:00:00+00:00
33,29,2025-05-01,986.22,830.26,1142.18,ExponentialSmoothing,124.77,95.61,10.28,2024-08-01T00:00:00+00:00
33,29,2025-06-01,983.18,820.98,1145.38,ExponentialSmoothing,124.77,95.61,10.28,2024-08-01T00:00:00+00:00
33,29,2025-07-01,980.14,811.7,1148.58,ExponentialSmoothing,124.77,95.61,10.28,2024-08-01T00:00:00+00:00
33,29,2025-08-01,977.1,802.42,1151.78,ExponentialSmoothing,124.77,95.61,10.28,2024-08-01T00:00:00+00:00
33,29,2025-09-01,974.06,793.14,1154.98,ExponentialSmoothing,124.77,95.61,10.28,2024-08-01T00:00:00+00:00
33,29,2025-10-01,971.02,783.86,1158.18,ExponentialSmoothing,124.77,95.61,10.28,2024-08-01T00:00:00+00:00
33,29,2025-11-01,967.98,774.58,1161.38,ExponentialSmoothing,124.77,95.61,10.28,2024-08-01T00:00:00+00:00
33,29,2025-12-01,964.94,765.31,1164.57,ExponentialSmoothing,124.77,95.61,10.28,2024-08-01T00:00:00+00:00
34,29,2025-01-01,998.67,873.65,1123.69,ExponentialSmoothing,119.07,99.13,10.1,2024-08-01T00:00:00+00:00
34,29,2025-02-01,1002.0,871.03,1132.97,ExponentialSmoothing,119.07,99.13,10.1,2024-08-01T00:00:00+00:00
34,29,2025-03-01,1005.34,868.41,1142.27,ExponentialSmoothing,119.07,99.13,10.1,2024-08-01T00:00:00+00:00
34,29,2025-04-01,1008.68,865.8,1151.56,ExponentialSmoothing,119.07,99.13,10.1,2024-08-01T00:00:00+00:00
34,29,2025-05-01,1012.01,863.18,1160.84,ExponentialSmoothing,119.07,99.13,10.1,2024-08-01T00:00:00+00:00
34,29,2025-06-01,1015.35,860.56,1170.14,ExponentialSmoothing,119.07,99.13,10.1,2024-08-01T00:00:00+00:00
34,29,2025-07-01,1018.69,857.95,1179.43,ExponentialSmoothing,119.07,99.13,10.1,2024-08-01T00:00:00+00:00
34,29,2025-08-01,1022.03,855.34,1188.72,ExponentialSmoothing,119.07,99.13,10.1,2024-08-01T00:00:00+00:00
34,29,2025-09-01,1025.36,852.71,1198.01,ExponentialSmoothing,119.07,99.13,10.1,2024-08-01T00:00:00+00:00
34,29,2025-10-01,1028.7,850.1,1207.3,ExponentialSmoothing,119.07,99.13,10.1,2024-08-01T00:00:00+00:00
34,29,2025-11-01,1032.04,847.49,1216.59,ExponentialSmoothing,119.07,99.13,10.1,2024-08-01T00:00:00+00:00
34,29,2025-12-01,1035.37,844.86,1225.88,ExponentialSmoothing,119.07,99.13,10.1,2024-08-01T00:00:00+00:00
35,29,2025-01-01,1043.48,930.93,1156.03,ExponentialSmoothing,107.19,81.96,8.39,2024-08-01T00:00:00+00:00
35,29,2025-02-01,1047.16,929.25,1165.07,ExponentialSmoothing,107.19,81.96,8.39,2024-08-01T00:00:00+00:00
35,29,2025-03-01,1050.83,927.56,1174.1,ExponentialSmoothing,107.19,81.96,8.39,2024-08-01T00:00:00+00:00
35,29,2025-04-01,1054.5,925.87,1183.13,ExponentialSmoothing,107.19,81.96,8.39,2024-08-01T00:00:00+00:00
35,29,2025-05-01,1058.17,924.18,1192.16,ExponentialSmoothing,107.19,81.96,8.39,2024-08-01T00:00:00+00:00
35,29,2025-06-01,1061.84,922.49,1201.19,ExponentialSmoothing,107.19,81.96,8.39,2024-08-01T00:00:00+00:00
35,29,2025-07-01,1065.52,920.81,1210.23,ExponentialSmoothing,107.19,81.96,8.39,2024-08-01T00:00:00+00:00
35,29,2025-08-01,1069.19,919.12,1219.26,ExponentialSmoothing,107.19,81.96,8.39,2024-08-01T00:00:00+00:00
35,29,2025-09-01,1072.86,917.43,1228.29,ExponentialSmoothing,107.19,81.96,8.39,2024-08-01T00:00:00+00:00
35,29,2025-10-01,1076.53,915.74,1237.32,ExponentialSmoothing,107.19,81.96,8.39,2024-08-01T00:00:00+00:00
35,29,2025-11-01,1080.21,914.06,1246.36,ExponentialSmoothing,107.19,81.96,8.39,2024-08-01T00:00:00+00:00
35,29,2025-12-01,1083.88,912.37,1255.39,ExponentialSmoothing,107.19,81.96,8.39,2024-08-01T00:00:00+00:00
36,29,2025-01-01,1023.19,886.3,1160.08,ExponentialSmoothing,130.37,111.47,11.37,2024-08-01T00:00:00+00:00
36,29,2025-02-01,1022.04,878.63,1165.45,ExponentialSmoothing,130.37,111.47,11.37,2024-08-01T00:00:00+00:00
36,29,2025-03-01,1020.88,870.95,1170.81,ExponentialSmoothing,130.37,111.47,11.37,2024-08-01T00:00:00+00:00
36,29,2025-04-01,1019.73,863.29,1176.17,ExponentialSmoothing,130.37,111.47,11.37,2024-08-01T00:00:00+00:00
36,29,2025-05-01,1018.58,855.62,1181.54,ExponentialSmoothing,130.37,111.47,11.37,2024-08-01T00:00:00+00:00
36,29,2025-06-01,1017.43,847.95,1186.91,ExponentialSmoothing,130.37,111.47,11.37,2024-08-01T00:00:00+00:00
36,29,2025-07-01,1016.28,840.28,1192.28,ExponentialSmoothing,130.37,111.47,11.37,2024-08-01T00:00:00+00:00
36,29,2025-08-01,1015.12,832.6,1197.64,ExponentialSmoothing,130.37,111.47,11.37,2024-08-01T00:00:00+00:00
36,29,2025-09-01,1013.97,824.93,1203.01,ExponentialSmoothing,130.37,111.47,11.37,2024-08-01T00:00:00+00:00
36,29,2025-10-01,1012.82,817.26,1208.38,ExponentialSmoothing,130.37,111.47,11.37,2024-08-01T00:00:00+00:00
36,29,2025-11-01,1011.67,809.6,1213.74,ExponentialSmoothing,130.37,111.47,11.37,2024-08-01T00:00:00+00:00
36,29,2025-12-01,1010.51,801.92,1219.1,ExponentialSmoothing,130.37,111.47,11.37,2024-08-01T00:00:00+00:00
37,29,2025-01-01,999.34,829.01,1169.67,ARIMA,162.22,139.92,16.05,2024-08-01T00:00:00+00:00
37,29,2025-02-01,1006.85,828.41,1185.29,ARIMA,162.22,139.92,16.05,2024-08-01T00:00:00+00:00
37,29,2025-03-01,1014.36,827.81,1200.91,ARIMA,162.22,139.92,16.05,2024-08-01T00:00:00+00:00
37,29,2025-04-01,1021.87,827.21,1216.53,ARIMA,162.22,139.92,16.05,2024-08-01T00:00:00+00:00
37,29,2025-05-01,1029.39,826.62,1232.16,ARIMA,162.22,139.92,16.05,2024-08-01T00:00:00+00:00
37,29,2025-06-01,1036.9,826.02,1247.78,ARIMA,162.22,139.92,16.05,2024-08-01T00:00:00+00:00
37,29,2025-07-01,1044.41,825.42,1263.4,ARIMA,162.22,139.92,16.05,2024-08-01T00:00:00+00:00
37,29,2025-08-01,1051.92,824.82,1279.02,ARIMA,162.22,139.92,16.05,2024-08-01T00:00:00+00:00
37,29,2025-09-01,1059.43,824.22,1294.64,ARIMA,162.22,139.92,16.05,2024-08-01T00:00:00+00:00
37,29,2025-10-01,1066.94,823.62,1310.26,ARIMA,162.22,139.92,16.05,2024-08-01T00:00:00+00:00
37,29,2025-11-01,1074.46,823.03,1325.89,ARIMA,162.22,139.92,16.05,2024-08-01T00:00:00+00:00
37,29,2025-12-01,1081.97,822.42,1341.52,ARIMA,162.22,139.92,16.05,2024-08-01T00:00:00+00:00
38,29,2025-01-01,1002.6,806.27,1198.93,ExponentialSmoothing,186.98,158.43,17.33,2024-08-01T00:00:00+00:00
38,29,2025-02-01,1004.58,798.9,1210.26,ExponentialSmoothing,186.98,158.43,17.33,2024-08-01T00:00:00+00:00
38,29,2025-03-01,1006.55,791.52,1221.58,ExponentialSmoothing,186.98,158.43,17.33,2024-08-01T00:00:00+00:00
38,29,2025-04-01,1008.52,784.15,1232.89,ExponentialSmoothing,186.98,158.43,17.33,2024-08-01T00:00:00+00:00
38,29,2025-05-01,1010.49,776.77,1244.21,ExponentialSmoothing,186.98,158.43,17.33,2024-08-01T00:00:00+00:00
38,29,2025-06-01,1012.47,769.4,1255.54,ExponentialSmoothing,186.98,158.43,17.33,2024-08-01T00:00:00+00:00
38,29,2025-07-01,1014.44,762.02,1266.86,ExponentialSmoothing,186.98,158.43,17.33,2024-08-01T00:00:00+00:00
38,29,2025-08-01,1016.41,754.64,1278.18,ExponentialSmoothing,186.98,158.43,17.33,2024-08-01T00:00:00+00:00
38,29,2025-09-01,1018.38,747.26,1289.5,ExponentialSmoothing,186.98,158.43,17.33,2024-08-01T00:00:00+00:00
38,29,2025-10-01,1020.36,739.89,1300.83,ExponentialSmoothing,186.98,158.43,17.33,2024-08-01T00:00:00+00:00
38,29,2025-11-01,1022.33,732.51,1312.15,ExponentialSmoothing,186.98,158.43,17.33,2024-08-01T00:00:00+00:00
38,29,2025-12-01,1024.3,725.13,1323.47,ExponentialSmoothing,186.98,158.43,17.33,2024-08-01T00:00:00+00:00
39,29,2025-01-01,1082.79,858.72,1306.86,ARIMA,213.4,154.57,15.88,2024-08-01T00:00:00+00:00
39,29,2025-02-01,1092.29,857.55,1327.03,ARIMA,213.4,154.57,15.88,2024-08-01T00:00:00+00:00
39,29,2025-03-01,1101.79,856.38,1347.2,ARIMA,213.4,154.57,15.88,2024-08-01T00:00:00+00:00
39,29,2025-04-01,1111.29,855.21,1367.37,ARIMA,213.4,154.57,15.88,2024-08-01T00:00:00+00:00
39,29,2025-05-01,1120.78,854.03,1387.53,ARIMA,213.4,154.57,15.88,2024-08-01T00:00:00+00:00
39,29,2025-06-01,1130.28,852.86,1407.7,ARIMA,213.4,154.57,15.88,2024-08-01T00:00:00+00:00
39,29,2025-07-01,1139.78,851.69,1427.87,ARIMA,213.4,154.57,15.88,2024-08-01T00:00:00+00:00
39,29,2025-08-01,1149.28,850.52,1448.04,ARIMA,213.4,154.57,15.88,2024-08-01T00:00:00+00:00
39,29,2025-09-01,1158.78,849.34,1468.22,ARIMA,213.4,154.57,15.88,2024-08-01T00:00:00+00:00
39,29,2025-10-01,1168.28,848.17,1488.39,ARIMA,213.4,154.57,15.88,2024-08-01T00:00:00+00:00
39,29,2025-11-01,1177.78,847.0,1508.56,ARIMA,213.4,154.57,15.88,2024-08-01T00:00:00+00:00
39,29,2025-12-01,1187.28,845.83,1528.73,ARIMA,213.4,154.57,15.88,2024-08-01T00:00:00+00:00
40,29,2025-01-01,1063.3,949.64,1176.96,ExponentialSmoothing,108.25,92.5,8.94,2024-08-01T00:00:00+00:00
40,29,2025-02-01,1065.77,946.7,1184.84,ExponentialSmoothing,108.25,92.5,8.94,2024-08-01T00:00:00+00:00
40,29,2025-03-01,1068.24,943.76,1192.72,ExponentialSmoothing,108.25,92.5,8.94,2024-08-01T00:00:00+00:00
40,29,2025-04-01,1070.71,940.82,1200.6,ExponentialSmoothing,108.25,92.5,8.94,2024-08-01T00:00:00+00:00
40,29,2025-05-01,1073.18,937.87,1208.49,ExponentialSmoothing,108.25,92.5,8.94,2024-08-01T00:00:00+00:00
40,29,2025-06-01,1075.65,934.93,1216.37,ExponentialSmoothing,108.25,92.5,8.94,2024-08-01T00:00:00+00:00
40,29,2025-07-01,1078.12,931.99,1224.25,ExponentialSmoothing,108.25,92.5,8.94,2024-08-01T00:00:00+00:00
40,29,2025-08-01,1080.59,929.05,1232.13,ExponentialSmoothing,108.25,92.5,8.94,2024-08-01T00:00:00+00:00
40,29,2025-09-01,1083.06,926.1,1240.02,ExponentialSmoothing,108.25,92.5,8.94,2024-08-01T00:00:00+00:00
40,29,2025-10-01,1085.53,923.16,1247.9,ExponentialSmoothing,108.25,92.5,8.94,2024-08-01T00:00:00+00:00
40,29,2025-11-01,1088.0,920.22,1255.78,ExponentialSmoothing,108.25,92.5,8.94,2024-08-01T00:00:00+00:00
40,29,2025-12-01,1090.47,917.28,1263.66,ExponentialSmoothing,108.25,92.5,8.94,2024-08-01T00:00:00+00:00
41,29,2025-01-01,968.35,898.8,1037.9,ARIMA,66.24,56.82,6.06,2024-08-01T00:00:00+00:00
41,29,2025-02-01,973.31,900.44,1046.18,ARIMA,66.24,56.82,6.06,2024-08-01T00:00:00+00:00
41,29,2025-03-01,978.26,902.08,1054.44,ARIMA,66.24,56.82,6.06,2024-08-01T00:00:00+00:00
41,29,2025-04-01,983.22,903.73,1062.71,ARIMA,66.24,56.82,6.06,2024-08-01T00:00:00+00:00
41,29,2025-05-01,988.18,905.38,1070.98,ARIMA,66.24,56.82,6.06,2024-08-01T00:00:00+00:00
41,29,2025-06-01,993.14,907.02,1079.26,ARIMA,66.24,56.82,6.06,2024-08-01T00:00:00+00:00
41,29,2025-07-01,998.1,908.67,1087.53,ARIMA,66.24,56.82,6.06,2024-08-01T00:00:00+00:00
41,29,2025-08-01,1003.06,910.32,1095.8,ARIMA,66.24,56.82,6.06,2024-08-01T00:00:00+00:00
41,29,2025-09-01,1008.01,911.96,1104.06,ARIMA,66.24,56.82,6.06,2024-08-01T00:00:00+00:00
41,29,2025-10-01,1012.97,913.61,1112.33,ARIMA,66.24,56.82,6.06,2024-08-01T00:00:00+00:00
41,29,2025-11-01,1017.93,915.25,1120.61,ARIMA,66.24,56.82,6.06,2024-08-01T00:00:00+00:00
41,29,2025-12-01,1022.89,916.9,1128.88,ARIMA,66.24,56.82,6.06,2024-08-01T00:00:00+00:00
42,29,2025-01-01,1061.13,916.65,1205.61,ARIMA,137.6,119.37,12.37,2024-08-01T00:00:00+00:00
42,29,2025-02-01,1065.35,913.99,1216.71,ARIMA,137.6,119.37,12.37,2024-08-01T00:00:00+00:00
42,29,2025-03-01,1069.56,911.32,1227.8,ARIMA,137.6,119.37,12.37,2024-08-01T00:00:00+00:00
42,29,2025-04-01,1073.77,908.65,1238.89,ARIMA,137.6,119.37,12.37,2024-08-01T00:00:00+00:00
42,29,2025-05-01,1077.99,905.99,1249.99,ARIMA,137.6,119.37,12.37,2024-08-01T00:00:00+00:00
42,29,2025-06-01,1082.2,903.32,1261.08,ARIMA,137.6,119.37,12.37,2024-08-01T00:00:00+00:00
42,29,2025-07-01,1086.42,900.66,1272.18,ARIMA,137.6,119.37,12.37,2024-08-01T00:00:00+00:00
42,29,2025-08-01,1090.63,897.99,1283.27,ARIMA,137.6,119.37,12.37,2024-08-01T00:00:00+00:00
42,29,2025-09-01,1094.85,895.33,1294.37,ARIMA,137.6,119.37,12.37,2024-08-01T00:00:00+00:00
42,29,2025-10-01,1099.06,892.66,1305.46,ARIMA,137.6,119.37,12.37,2024-08-01T00:00:00+00:00
42,29,2025-11-01,1103.27,889.99,1316.55,ARIMA,137.6,119.37,12.37,2024-08-01T00:00:00+00:00
42,29,2025-12-01,1107.49,887.33,1327.65,ARIMA,137.6,119.37,12.37,2024-08-01T00:00:00+00:00
43,29,2025-01-01,971.82,821.37,1122.27,ARIMA,143.28,122.79,12.44,2024-08-01T00:00:00+00:00
43,29,2025-02-01,965.25,807.64,1122.86,ARIMA,143.28,122.79,12.44,2024-08-01T00:00:00+00:00
43,29,2025-03-01,958.69,793.92,1123.46,ARIMA,143.28,122.79,12.44,2024-08-01T00:00:00+00:00
43,29,2025-04-01,952.12,780.18,1124.06,ARIMA,143.28,122.79,12.44,2024-08-01T00:00:00+00:00
43,29,2025-05-01,945.56,766.46,1124.66,ARIMA,143.28,122.79,12.44,2024-08-01T00:00:00+00:00
43,29,2025-06-01,938.99,752.72,1125.26,ARIMA,143.28,122.79,12.44,2024-08-01T00:00:00+00:00
43,29,2025-07-01,932.43,739.0,1125.86,ARIMA,143.28,122.79,12.44,2024-08-01T00:00:00+00:00
43,29,2025-08-01,925.86,725.27,1126.45,ARIMA,143.28,122.79,12.44,2024-08-01T00:00:00+00:00
43,29,2025-09-01,919.29,711.53,1127.05,ARIMA,143.28,122.79,12.44,2024-08-01T00:00:00+00:00
43,29,2025-10-01,912.73,697.81,1127.65,ARIMA,143.28,122.79,12.44,2024-08-01T00:00:00+00:00
43,29,2025-11-01,906.16,684.07,1128.25,ARIMA,143.28,122.79,12.44,2024-08-01T00:00:00+00:00
43,29,2025-12-01,899.6,670.35,1128.85,ARIMA,143.28,122.79,12.44,2024-08-01T00:00:00+00:00
44,29,2025-01-01,981.18,855.58,1106.78,ExponentialSmoothing,119.62,104.31,10.97,2024-08-01T00:00:00+00:00
44,29,2025-02-01,981.37,849.78,1112.96,ExponentialSmoothing,119.62,104.31,10.97,2024-08-01T00:00:00+00:00
44,29,2025-03-01,981.55,843.98,1119.12,ExponentialSmoothing,119.62,104.31,10.97,2024-08-01T00:00:00+00:00
44,29,2025-04-01,981.74,838.19,1125.29,ExponentialSmoothing,119.62,104.31,10.97,2024-08-01T00:00:00+00:00
44,29,2025-05-01,981.93,832.4,1131.46,ExponentialSmoothing,119.62,104.31,10.97,2024-08-01T00:00:00+00:00
44,29,2025-06-01,982.12,826.61,1137.63,ExponentialSmoothing,119.62,104.31,10.97,2024-08-01T00:00:00+00:00
44,29,2025-07-01,982.31,820.82,1143.8,ExponentialSmoothing,119.62,104.31,10.97,2024-08-01T00:00:00+00:00
44,29,2025-08-01,982.49,815.02,1149.96,ExponentialSmoothing,119.62,104.31,10.97,2024-08-01T00:00:00+00:00
44,29,2025-09-01,982.68,809.23,1156.13,ExponentialSmoothing,119.62,104.31,10.97,2024-08-01T00:00:00+00:00
44,29,2025-10-01,982.87,803.44,1162.3,ExponentialSmoothing,119.62,104.31,10.97,2024-08-01T00:00:00+00:00
44,29,2025-11-01,983.06,797.64,1168.48,ExponentialSmoothing,119.62,104.31,10.97,2024-08-01T00:00:00+00:00
44,29,2025-12-01,983.25,791.85,1174.65,ExponentialSmoothing,119.62,104.31,10.97,2024-08-01T00:00:00+00:00
45,29,2025-01-01,1043.41,936.91,1149.91,ExponentialSmoothing,101.42,78.56,7.75,2024-08-01T00:00:00+00:00
45,29,2025-02-01,1044.49,932.92,1156.06,ExponentialSmoothing,101.42,78.56,7.75,2024-08-01T00:00:00+00:00
45,29,2025-03-01,1045.56,928.92,1162.2,ExponentialSmoothing,101.42,78.56,7.75,2024-08-01T00:00:00+00:00
45,29,2025-04-01,1046.63,924.92,1168.34,ExponentialSmoothing,101.42,78.56,7.75,2024-08-01T00:00:00+00:00
45,29,2025-05-01,1047.71,920.93,1174.49,ExponentialSmoothing,101.42,78.56,7.75,2024-08-01T00:00:00+00:00
45,29,2025-06-01,1048.78,916.93,1180.63,ExponentialSmoothing,101.42,78.56,7.75,2024-08-01T00:00:00+00:00
45,29,2025-07-01,1049.85,912.93,1186.77,ExponentialSmoothing,101.42,78.56,7.75,2024-08-01T00:00:00+00:00
45,29,2025-08-01,1050.93,908.94,1192.92,ExponentialSmoothing,101.42,78.56,7.75,2024-08-01T00:00:00+00:00
45,29,2025-09-01,1052.0,904.93,1199.07,ExponentialSmoothing,101.42,78.56,7.75,2024-08-01T00:00:00+00:00
45,29,2025-10-01,1053.07,900.93,1205.21,ExponentialSmoothing,101.42,78.56,7.75,2024-08-01T00:00:00+00:00
45,29,2025-11-01,1054.15,896.94,1211.36,ExponentialSmoothing,101.42,78.56,7.75,2024-08-01T00:00:00+00:00
45,29,2025-12-01,1055.22,892.94,1217.5,ExponentialSmoothing,101.42,78.56,7.75,2024-08-01T00:00:00+00:00
46,29,2025-01-01,986.01,823.18,1148.84,ExponentialSmoothing,155.07,120.28,12.03,2024-08-01T00:00:00+00:00
46,29,2025-02-01,982.15,811.57,1152.73,ExponentialSmoothing,155.07,120.28,12.03,2024-08-01T00:00:00+00:00
46,29,2025-03-01,978.29,799.96,1156.62,ExponentialSmoothing,155.07,120.28,12.03,2024-08-01T00:00:00+00:00
46,29,2025-04-01,974.44,788.35,1160.53,ExponentialSmoothing,155.07,120.28,12.03,2024-08-01T00:00:00+00:00
46,29,2025-05-01,970.58,776.74,1164.42,ExponentialSmoothing,155.07,120.28,12.03,2024-08-01T00:00:00+00:00
46,29,2025-06-01,966.72,765.12,1168.32,ExponentialSmoothing,155.07,120.28,12.03,2024-08-01T00:00:00+00:00
46,29,2025-07-01,962.86,753.51,1172.21,ExponentialSmoothing,155.07,120.28,12.03,2024-08-01T00:00:00+00:00
46,29,2025-08-01,959.01,741.91,1176.11,ExponentialSmoothing,155.07,120.28,12.03,2024-08-01T00:00:00+00:00
46,29,2025-09-01,955.15,730.29,1180.01,ExponentialSmoothing,155.07,120.28,12.03,2024-08-01T00:00:00+00:00
46,29,2025-10-01,951.29,718.68,1183.9,ExponentialSmoothing,155.07,120.28,12.03,2024-08-01T00:00:00+00:00
46,29,2025-11-01,947.43,707.07,1187.79,ExponentialSmoothing,155.07,120.28,12.03,2024-08-01T00:00:00+00:00
46,29,2025-12-01,943.58,695.46,1191.7,ExponentialSmoothing,155.07,120.28,12.03,2024-08-01T00:00:00+00:00
47,29,2025-01-01,958.02,847.67,1068.37,ExponentialSmoothing,105.1,85.86,8.88,2024-08-01T00:00:00+00:00
47,29,2025-02-01,956.76,841.15,1072.37,ExponentialSmoothing,105.1,85.86,8.88,2024-08-01T00:00:00+00:00
47,29,2025-03-01,955.51,834.65,1076.37,ExponentialSmoothing,105.1,85.86,8.88,2024-08-01T00:00:00+00:00
47,29,2025-04-01,954.25,828.13,1080.37,ExponentialSmoothing,105.1,85.86,8.88,2024-08-01T00:00:00+00:00
47,29,2025-05-01,953.0,821.63,1084.37,ExponentialSmoothing,105.1,85.86,8.88,2024-08-01T00:00:00+00:00
47,29,2025-06-01,951.75,815.13,1088.37,ExponentialSmoothing,105.1,85.86,8.88,2024-08-01T00:00:00+00:00
47,29,2025-07-01,950.49,808.61,1092.37,ExponentialSmoothing,105.1,85.86,8.88,2024-08-01T00:00:00+00:00
47,29,2025-08-01,949.24,802.11,1096.37,ExponentialSmoothing,105.1,85.86,8.88,2024-08-01T00:00:00+00:00
47,29,2025-09-01,947.99,795.6,1100.38,ExponentialSmoothing,105.1,85.86,8.88,2024-08-01T00:00:00+00:00
47,29,2025-10-01,946.73,789.09,1104.37,ExponentialSmoothing,105.1,85.86,8.88,2024-08-01T00:00:00+00:00
47,29,2025-11-01,945.48,782.58,1108.38,ExponentialSmoothing,105.1,85.86,8.88,2024-08-01T00:00:00+00:00
47,29,2025-12-01,944.22,776.07,1112.37,ExponentialSmoothing,105.1,85.86,8.88,2024-08-01T00:00:00+00:00
48,29,2025-01-01,993.44,863.51,1123.37,ExponentialSmoothing,123.75,99.13,10.62,2024-08-01T00:00:00+00:00
48,29,2025-02-01,991.33,855.21,1127.45,ExponentialSmoothing,123.75,99.13,10.62,2024-08-01T00:00:00+00:00
48,29,2025-03-01,989.23,846.92,1131.54,ExponentialSmoothing,123.75,99.13,10.62,2024-08-01T00:00:00+00:00
48,29,2025-04-01,987.12,838.63,1135.61,ExponentialSmoothing,123.75,99.13,10.62,2024-08-01T00:00:00+00:00
48,29,2025-05-01,985.02,830.34,1139.7,ExponentialSmoothing,123.75,99.13,10.62,2024-08-01T00:00:00+00:00
48,29,2025-06-01,982.91,822.04,1143.78,ExponentialSmoothing,123.75,99.13,10.62,2024-08-01T00:00:00+00:00
48,29,2025-07-01,980.81,813.75,1147.87,ExponentialSmoothing,123.75,99.13,10.62,2024-08-01T00:00:00+00:00
48,29,2025-08-01,978.7,805.46,1151.94,ExponentialSmoothing,123.75,99.13,10.62,2024-08-01T00:00:00+00:00
48,29,2025-09-01,976.6,797.17,1156.03,ExponentialSmoothing,123.75,99.13,10.62,2024-08-01T00:00:00+00:00
48,29,2025-10-01,974.49,788.87,1160.11,ExponentialSmoothing,123.75,99.13,10.62,2024-08-01T00:00:00+00:00
48,29,2025-11-01,972.39,780.58,1164.2,ExponentialSmoothing,123.75,99.13,10.62,2024-08-01T00:00:00+00:00
48,29,2025-12-01,970.28,772.29,1168.27,ExponentialSmoothing,123.75,99.13,10.62,2024-08-01T00:00:00+00:00
49,29,2025-01-01,1134.88,962.29,1307.47,ExponentialSmoothing,164.37,120.68,11.37,2024-08-01T00:00:00+00:00
49,29,2025-02-01,1134.95,954.15,1315.75,ExponentialSmoothing,164.37,120.68,11.37,2024-08-01T00:00:00+00:00
49,29,2025-03-01,1135.03,946.01,1324.05,ExponentialSmoothing,164.37,120.68,11.37,2024-08-01T00:00:00+00:00
49,29,2025-04-01,1135.1,937.86,1332.34,ExponentialSmoothing,164.37,120.68,11.37,2024-08-01T00:00:00+00:00
49,29,2025-05-01,1135.17,929.71,1340.63,ExponentialSmoothing,164.37,120.68,11.37,2024-08-01T00:00:00+00:00
49,29,2025-06-01,1135.24,921.56,1348.92,ExponentialSmoothing,164.37,120.68,11.37,2024-08-01T00:00:00+00:00
49,29,2025-07-01,1135.31,913.41,1357.21,ExponentialSmoothing,164.37,120.68,11.37,2024-08-01T00:00:00+00:00
49,29,2025-08-01,1135.39,905.28,1365.5,ExponentialSmoothing,164.37,120.68,11.37,2024-08-01T00:00:00+00:00
49,29,2025-09-01,1135.46,897.13,1373.79,ExponentialSmoothing,164.37,120.68,11.37,2024-08-01T00:00:00+00:00
49,29,2025-10-01,1135.53,888.98,1382.08,ExponentialSmoothing,164.37,120.68,11.37,2024-08-01T00:00:00+00:00
49,29,2025-11-01,1135.6,880.83,1390.37,ExponentialSmoothing,164.37,120.68,11.37,2024-08-01T00:00:00+00:00
49,29,2025-12-01,1135.67,872.68,1398.66,ExponentialSmoothing,164.37,120.68,11.37,2024-08-01T00:00:00+00:00
50,29,2025-01-01,1129.04,1010.15,1247.93,ExponentialSmoothing,113.23,82.75,8.19,2024-08-01T00:00:00+00:00
50,29,2025-02-01,1127.82,1003.27,1252.37,ExponentialSmoothing,113.23,82.75,8.19,2024-08-01T00:00:00+00:00
50,29,2025-03-01,1126.59,996.38,1256.8,ExponentialSmoothing,113.23,82.75,8.19,2024-08-01T00:00:00+00:00
50,29,2025-04-01,1125.37,989.5,1261.24,ExponentialSmoothing,113.23,82.75,8.19,2024-08-01T00:00:00+00:00
50,29,2025-05-01,1124.15,982.62,1265.68,ExponentialSmoothing,113.23,82.75,8.19,2024-08-01T00:00:00+00:00
50,29,2025-06-01,1122.93,975.73,1270.13,ExponentialSmoothing,113.23,82.75,8.19,2024-08-01T00:00:00+00:00
50,29,2025-07-01,1121.71,968.85,1274.57,ExponentialSmoothing,113.23,82.75,8.19,2024-08-01T00:00:00+00:00
50,29,2025-08-01,1120.49,961.97,1279.01,ExponentialSmoothing,113.23,82.75,8.19,2024-08-01T00:00:00+00:00
50,29,2025-09-01,1119.27,955.09,1283.45,ExponentialSmoothing,113.23,82.75,8.19,2024-08-01T00:00:00+00:00
50,29,2025-10-01,1118.05,948.21,1287.89,ExponentialSmoothing,113.23,82.75,8.19,2024-08-01T00:00:00+00:00
50,29,2025-11-01,1116.83,941.33,1292.33,ExponentialSmoothing,113.23,82.75,8.19,2024-08-01T00:00:00+00:00
50,29,2025-12-01,1115.6,934.44,1296.76,ExponentialSmoothing,113.23,82.75,8.19,2024-08-01T00:00:00+00:00
51,29,2025-01-01,1103.01,964.41,1241.61,ARIMA,132.0,110.83,10.14,2024-08-01T00:00:00+00:00
51,29,2025-02-01,1096.31,951.11,1241.51,ARIMA,132.0,110.83,10.14,2024-08-01T00:00:00+00:00
51,29,2025-03-01,1089.61,937.81,1241.41,ARIMA,132.0,110.83,10.14,2024-08-01T00:00:00+00:00
51,29,2025-04-01,1082.91,924.51,1241.31,ARIMA,132.0,110.83,10.14,2024-08-01T00:00:00+00:00
51,29,2025-05-01,1076.21,911.21,1241.21,ARIMA,132.0,110.83,10.14,2024-08-01T00:00:00+00:00
51,29,2025-06-01,1069.52,897.92,1241.12,ARIMA,132.0,110.83,10.14,2024-08-01T00:00:00+00:00
51,29,2025-07-01,1062.82,884.62,1241.02,ARIMA,132.0,110.83,10.14,2024-08-01T00:00:00+00:00
51,29,2025-08-01,1056.12,871.32,1240.92,ARIMA,132.0,110.83,10.14,2024-08-01T00:00:00+00:00
51,29,2025-09-01,1049.42,858.02,1240.82,ARIMA,132.0,110.83,10.14,2024-08-01T00:00:00+00:00
51,29,2025-10-01,1042.73,844.73,1240.73,ARIMA,132.0,110.83,10.14,2024-08-01T00:00:00+00:00
51,29,2025-11-01,1036.03,831.43,1240.63,ARIMA,132.0,110.83,10.14,2024-08-01T00:00:00+00:00
51,29,2025-12-01,1029.33,818.13,1240.53,ARIMA,132.0,110.83,10.14,2024-08-01T00:00:00+00:00
52,29,2025-01-01,970.55,874.37,1066.73,ExponentialSmoothing,91.6,85.89,8.97,2024-08-01T00:00:00+00:00
52,29,2025-02-01,972.5,871.74,1073.26,ExponentialSmoothing,91.6,85.89,8.97,2024-08-01T00:00:00+00:00
52,29,2025-03-01,974.46,869.12,1079.8,ExponentialSmoothing,91.6,85.89,8.97,2024-08-01T00:00:00+00:00
52,29,2025-04-01,976.41,866.49,1086.33,ExponentialSmoothing,91.6,85.89,8.97,2024-08-01T00:00:00+00:00
52,29,2025-05-01,978.37,863.87,1092.87,ExponentialSmoothing,91.6,85.89,8.97,2024-08-01T00:00:00+00:00
52,29,2025-06-01,980.32,861.24,1099.4,ExponentialSmoothing,91.6,85.89,8.97,2024-08-01T00:00:00+00:00
52,29,2025-07-01,982.27,858.61,1105.93,ExponentialSmoothing,91.6,85.89,8.97,2024-08-01T00:00:00+00:00
52,29,2025-08-01,984.23,855.99,1112.47,ExponentialSmoothing,91.6,85.89,8.97,2024-08-01T00:00:00+00:00
52,29,2025-09-01,986.18,853.36,1119.0,ExponentialSmoothing,91.6,85.89,8.97,2024-08-01T00:00:00+00:00
52,29,2025-10-01,988.13,850.73,1125.53,ExponentialSmoothing,91.6,85.89,8.97,2024-08-01T00:00:00+00:00
52,29,2025-11-01,990.09,848.11,1132.07,ExponentialSmoothing,91.6,85.89,8.97,2024-08-01T00:00:00+00:00
52,29,2025-12-01,992.04,845.48,1138.6,ExponentialSmoothing,91.6,85.89,8.97,2024-08-01T00:00:00+00:00
53,29,2025-01-01,1026.54,845.25,1207.83,ARIMA,172.66,147.23,15.55,2024-08-01T00:00:00+00:00
53,29,2025-02-01,1031.39,841.46,1221.32,ARIMA,172.66,147.23,15.55,2024-08-01T00:00:00+00:00
53,29,2025-03-01,1036.25,837.69,1234.81,ARIMA,172.66,147.23,15.55,2024-08-01T00:00:00+00:00
53,29,2025-04-01,1041.1,833.91,1248.29,ARIMA,172.66,147.23,15.55,2024-08-01T00:00:00+00:00
53,29,2025-05-01,1045.96,830.13,1261.79,ARIMA,172.66,147.23,15.55,2024-08-01T00:00:00+00:00
53,29,2025-06-01,1050.81,826.35,1275.27,ARIMA,172.66,147.23,15.55,2024-08-01T00:00:00+00:00
53,29,2025-07-01,1055.67,822.58,1288.76,ARIMA,172.66,147.23,15.55,2024-08-01T00:00:00+00:00
53,29,2025-08-01,1060.52,818.79,1302.25,ARIMA,172.66,147.23,15.55,2024-08-01T00:00:00+00:00
53,29,2025-09-01,1065.38,815.02,1315.74,ARIMA,172.66,147.23,15.55,2024-08-01T00:00:00+00:00
53,29,2025-10-01,1070.23,811.24,1329.22,ARIMA,172.66,147.23,15.55,2024-08-01T00:00:00+00:00
53,29,2025-11-01,1075.08,807.45,1342.71,ARIMA,172.66,147.23,15.55,2024-08-01T00:00:00+00:00
53,29,2025-12-01,1079.94,803.68,1356.2,ARIMA,172.66,147.23,15.55,2024-08-01T00:00:00+00:00
54,29,2025-01-01,960.85,802.86,1118.84,ExponentialSmoothing,150.47,106.92,11.81,2024-08-01T00:00:00+00:00
54,29,2025-02-01,960.73,795.22,1126.24,ExponentialSmoothing,150.47,106.92,11.81,2024-08-01T00:00:00+00:00
54,29,2025-03-01,960.61,787.57,1133.65,ExponentialSmoothing,150.47,106.92,11.81,2024-08-01T00:00:00+00:00
54,29,2025-04-01,960.5,779.94,1141.06,ExponentialSmoothing,150.47,106.92,11.81,2024-08-01T00:00:00+00:00
54,29,2025-05-01,960.38,772.3,1148.46,ExponentialSmoothing,150.47,106.92,11.81,2024-08-01T00:00:00+00:00
54,29,2025-06-01,960.26,764.65,1155.87,ExponentialSmoothing,150.47,106.92,11.81,2024-08-01T00:00:00+00:00
54,29,2025-07-01,960.14,757.01,1163.27,ExponentialSmoothing,150.47,106.92,11.81,2024-08-01T00:00:00+00:00
54,29,2025-08-01,960.03,749.38,1170.68,ExponentialSmoothing,150.47,106.92,11.81,2024-08-01T00:00:00+00:00
54,29,2025-09-01,959.91,741.73,1178.09,ExponentialSmoothing,150.47,106.92,11.81,2024-08-01T00:00:00+00:00
54,29,2025-10-01,959.79,734.09,1185.49,ExponentialSmoothing,150.47,106.92,11.81,2024-08-01T00:00:00+00:00
54,29,2025-11-01,959.67,726.45,1192.89,ExponentialSmoothing,150.47,106.92,11.81,2024-08-01T00:00:00+00:00
54,29,2025-12-01,959.56,718.81,1200.31,ExponentialSmoothing,150.47,106.92,11.81,2024-08-01T00:00:00+00:00
55,29,2025-01-01,1007.02,827.8,1186.24,ARIMA,170.69,148.47,16.34,2024-08-01T00:00:00+00:00
55,29,2025-02-01,1012.09,824.34,1199.84,ARIMA,170.69,148.47,16.34,2024-08-01T00:00:00+00:00
55,29,2025-03-01,1017.16,820.87,1213.45,ARIMA,170.69,148.47,16.34,2024-08-01T00:00:00+00:00
55,29,2025-04-01,1022.23,817.41,1227.05,ARIMA,170.69,148.47,16.34,2024-08-01T00:00:00+00:00
55,29,2025-05-01,1027.29,813.93,1240.65,ARIMA,170.69,148.47,16.34,2024-08-01T00:00:00+00:00
55,29,2025-06-01,1032.36,810.47,1254.25,ARIMA,170.69,148.47,16.34,2024-08-01T00:00:00+00:00
55,29,2025-07-01,1037.43,807.0,1267.86,ARIMA,170.69,148.47,16.34,2024-08-01T00:00:00+00:00
55,29,2025-08-01,1042.5,803.54,1281.46,ARIMA,170.69,148.47,16.34,2024-08-01T00:00:00+00:00
55,29,2025-09-01,1047.57,800.07,1295.07,ARIMA,170.69,148.47,16.34,2024-08-01T00:00:00+00:00
55,29,2025-10-01,1052.64,796.61,1308.67,ARIMA,170.69,148.47,16.34,2024-08-01T00:00:00+00:00
55,29,2025-11-01,1057.71,793.15,1322.27,ARIMA,170.69,148.47,16.34,2024-08-01T00:00:00+00:00
55,29,2025-12-01,1062.77,789.67,1335.87,ARIMA,170.69,148.47,16.34,2024-08-01T00:00:00+00:00
56,29,2025-01-01,969.89,842.73,1097.05,ExponentialSmoothing,121.1,92.41,9.15,2024-08-01T00:00:00+00:00
56,29,2025-02-01,971.08,837.87,1104.29,ExponentialSmoothing,121.1,92.41,9.15,2024-08-01T00:00:00+00:00
56,29,2025-03-01,972.26,832.99,1111.53,ExponentialSmoothing,121.1,92.41,9.15,2024-08-01T00:00:00+00:00
56,29,2025-04-01,973.45,828.13,1118.77,ExponentialSmoothing,121.1,92.41,9.15,2024-08-01T00:00:00+00:00
56,29,2025-05-01,974.64,823.26,1126.02,ExponentialSmoothing,121.1,92.41,9.15,2024-08-01T00:00:00+00:00
56,29,2025-06-01,975.83,818.4,1133.26,ExponentialSmoothing,121.1,92.41,9.15,2024-08-01T00:00:00+00:00
56,29,2025-07-01,977.01,813.52,1140.5,ExponentialSmoothing,121.1,92.41,9.15,2024-08-01T00:00:00+00:00
56,29,2025-08-01,978.2,808.66,1147.74,ExponentialSmoothing,121.1,92.41,9.15,2024-08-01T00:00:00+00:00
56,29,2025-09-01,979.39,803.79,1154.99,ExponentialSmoothing,121.1,92.41,9.15,2024-08-01T00:00:00+00:00
56,29,2025-10-01,980.58,798.93,1162.23,ExponentialSmoothing,121.1,92.41,9.15,2024-08-01T00:00:00+00:00
56,29,2025-11-01,981.77,794.06,1169.48,ExponentialSmoothing,121.1,92.41,9.15,2024-08-01T00:00:00+00:00
56,29,2025-12-01,982.95,789.19,1176.71,ExponentialSmoothing,121.1,92.41,9.15,2024-08-01T00:00:00+00:00
57,29,2025-01-01,1004.11,743.11,1265.11,ExponentialSmoothing,248.57,194.95,21.78,2024-08-01T00:00:00+00:00
57,29,2025-02-01,1007.0,733.58,1280.42,ExponentialSmoothing,248.57,194.95,21.78,2024-08-01T00:00:00+00:00
57,29,2025-03-01,1009.9,724.05,1295.75,ExponentialSmoothing,248.57,194.95,21.78,2024-08-01T00:00:00+00:00
57,29,2025-04-01,1012.79,714.51,1311.07,ExponentialSmoothing,248.57,194.95,21.78,2024-08-01T00:00:00+00:00
57,29,2025-05-01,1015.68,704.97,1326.39,ExponentialSmoothing,248.57,194.95,21.78,2024-08-01T00:00:00+00:00
57,29,2025-06-01,1018.58,695.44,1341.72,ExponentialSmoothing,248.57,194.95,21.78,2024-08-01T00:00:00+00:00
57,29,2025-07-01,1021.47,685.9,1357.04,ExponentialSmoothing,248.57,194.95,21.78,2024-08-01T00:00:00+00:00
57,29,2025-08-01,1024.36,676.37,1372.35,ExponentialSmoothing,248.57,194.95,21.78,2024-08-01T00:00:00+00:00
57,29,2025-09-01,1027.26,666.84,1387.68,ExponentialSmoothing,248.57,194.95,21.78,2024-08-01T00:00:00+00:00
57,29,2025-10-01,1030.15,657.3,1403.0,ExponentialSmoothing,248.57,194.95,21.78,2024-08-01T00:00:00+00:00
57,29,2025-11-01,1033.04,647.76,1418.32,ExponentialSmoothing,248.57,194.95,21.78,2024-08-01T00:00:00+00:00
57,29,2025-12-01,1035.94,638.23,1433.65,ExponentialSmoothing,248.57,194.95,21.78,2024-08-01T00:00:00+00:00
58,29,2025-01-01,985.49,839.83,1131.15,ExponentialSmoothing,138.72,124.59,12.51,2024-08-01T00:00:00+00:00
58,29,2025-02-01,982.24,829.65,1134.83,ExponentialSmoothing,138.72,124.59,12.51,2024-08-01T00:00:00+00:00
58,29,2025-03-01,978.99,819.46,1138.52,ExponentialSmoothing,138.72,124.59,12.51,2024-08-01T00:00:00+00:00
58,29,2025-04-01,975.73,809.26,1142.2,ExponentialSmoothing,138.72,124.59,12.51,2024-08-01T00:00:00+00:00
58,29,2025-05-01,972.48,799.08,1145.88,ExponentialSmoothing,138.72,124.59,12.51,2024-08-01T00:00:00+00:00
58,29,2025-06-01,969.23,788.89,1149.57,ExponentialSmoothing,138.72,124.59,12.51,2024-08-01T00:00:00+00:00
58,29,2025-07-01,965.97,778.69,1153.25,ExponentialSmoothing,138.72,124.59,12.51,2024-08-01T00:00:00+00:00
58,29,2025-08-01,962.72,768.51,1156.93,ExponentialSmoothing,138.72,124.59,12.51,2024-08-01T00:00:00+00:00
58,29,2025-09-01,959.47,758.32,1160.62,ExponentialSmoothing,138.72,124.59,12.51,2024-08-01T00:00:00+00:00
58,29,2025-10-01,956.21,748.13,1164.29,ExponentialSmoothing,138.72,124.59,12.51,2024-08-01T00:00:00+00:00
58,29,2025-11-01,952.96,737.94,1167.98,ExponentialSmoothing,138.72,124.59,12.51,2024-08-01T00:00:00+00:00
58,29,2025-12-01,949.7,727.74,1171.66,ExponentialSmoothing,138.72,124.59,12.51,2024-08-01T00:00:00+00:00
59,29,2025-01-01,988.82,833.1,1144.54,ExponentialSmoothing,148.31,138.17,14.33,2024-08-01T00:00:00+00:00
59,29,2025-02-01,987.12,823.98,1150.26,ExponentialSmoothing,148.31,138.17,14.33,2024-08-01T00:00:00+00:00
59,29,2025-03-01,985.42,814.87,1155.97,ExponentialSmoothing,148.31,138.17,14.33,2024-08-01T00:00:00+00:00
59,29,2025-04-01,983.73,805.76,1161.7,ExponentialSmoothing,148.31,138.17,14.33,2024-08-01T00:00:00+00:00
59,29,2025-05-01,982.03,796.65,1167.41,ExponentialSmoothing,148.31,138.17,14.33,2024-08-01T00:00:00+00:00
59,29,2025-06-01,980.33,787.53,1173.13,ExponentialSmoothing,148.31,138.17,14.33,2024-08-01T00:00:00+00:00
59,29,2025-07-01,978.64,778.43,1178.85,ExponentialSmoothing,148.31,138.17,14.33,2024-08-01T00:00:00+00:00
59,29,2025-08-01,976.94,769.31,1184.57,ExponentialSmoothing,148.31,138.17,14.33,2024-08-01T00:00:00+00:00
59,29,2025-09-01,975.24,760.2,1190.28,ExponentialSmoothing,148.31,138.17,14.33,2024-08-01T00:00:00+00:00
59,29,2025-10-01,973.55,751.09,1196.01,ExponentialSmoothing,148.31,138.17,14.33,2024-08-01T00:00:00+00:00
59,29,2025-11-01,971.85,741.97,1201.73,ExponentialSmoothing,148.31,138.17,14.33,2024-08-01T00:00:00+00:00
59,29,2025-12-01,970.16,732.87,1207.45,ExponentialSmoothing,148.31,138.17,14.33,2024-08-01T00:00:00+00:00
60,29,2025-01-01,1010.89,822.63,1199.15,ExponentialSmoothing,179.3,159.09,16.95,2024-08-01T00:00:00+00:00
60,29,2025-02-01,1011.28,814.05,1208.51,ExponentialSmoothing,179.3,159.09,16.95,2024-08-01T00:00:00+00:00
60,29,2025-03-01,1011.66,805.47,1217.85,ExponentialSmoothing,179.3,159.09,16.95,2024-08-01T00:00:00+00:00
60,29,2025-04-01,1012.04,796.88,1227.2,ExponentialSmoothing,179.3,159.09,16.95,2024-08-01T00:00:00+00:00
60,29,2025-05-01,1012.43,788.31,1236.55,ExponentialSmoothing,179.3,159.09,16.95,2024-08-01T00:00:00+00:00
60,29,2025-06-01,1012.81,779.72,1245.9,ExponentialSmoothing,179.3,159.09,16.95,2024-08-01T00:00:00+00:00
60,29,2025-07-01,1013.2,771.15,1255.25,ExponentialSmoothing,179.3,159.09,16.95,2024-08-01T00:00:00+00:00
60,29,2025-08-01,1013.58,762.57,1264.59,ExponentialSmoothing,179.3,159.09,16.95,2024-08-01T00:00:00+00:00
60,29,2025-09-01,1013.96,753.98,1273.94,ExponentialSmoothing,179.3,159.09,16.95,2024-08-01T00:00:00+00:00
60,29,2025-10-01,1014.35,745.41,1283.29,ExponentialSmoothing,179.3,159.09,16.95,2024-08-01T00:00:00+00:00
60,29,2025-11-01,1014.73,736.82,1292.64,ExponentialSmoothing,179.3,159.09,16.95,2024-08-01T00:00:00+00:00
60,29,2025-12-01,1015.11,728.24,1301.98,ExponentialSmoothing,179.3,159.09,16.95,2024-08-01T00:00:00+00:00
61,29,2025-01-01,992.23,860.02,1124.44,ExponentialSmoothing,125.91,109.56,11.41,2024-08-01T00:00:00+00:00
61,29,2025-02-01,995.46,856.95,1133.97,ExponentialSmoothing,125.91,109.56,11.41,2024-08-01T00:00:00+00:00
61,29,2025-03-01,998.68,853.88,1143.48,ExponentialSmoothing,125.91,109.56,11.41,2024-08-01T00:00:00+00:00
61,29,2025-04-01,1001.91,850.81,1153.01,ExponentialSmoothing,125.91,109.56,11.41,2024-08-01T00:00:00+00:00
61,29,2025-05-01,1005.13,847.74,1162.52,ExponentialSmoothing,125.91,109.56,11.41,2024-08-01T00:00:00+00:00
61,29,2025-06-01,1008.36,844.67,1172.05,ExponentialSmoothing,125.91,109.56,11.41,2024-08-01T00:00:00+00:00
61,29,2025-07-01,1011.58,841.6,1181.56,ExponentialSmoothing,125.91,109.56,11.41,2024-08-01T00:00:00+00:00
61,29,2025-08-01,1014.8,838.52,1191.08,ExponentialSmoothing,125.91,109.56,11.41,2024-08-01T00:00:00+00:00
61,29,2025-09-01,1018.03,835.45,1200.61,ExponentialSmoothing,125.91,109.56,11.41,2024-08-01T00:00:00+00:00
61,29,2025-10-01,1021.25,832.38,1210.12,ExponentialSmoothing,125.91,109.56,11.41,2024-08-01T00:00:00+00:00
61,29,2025-11-01,1024.48,829.31,1219.65,ExponentialSmoothing,125.91,109.56,11.41,2024-08-01T00:00:00+00:00
61,29,2025-12-01,1027.7,826.24,1229.16,ExponentialSmoothing,125.91,109.56,11.41,2024-08-01T00:00:00+00:00
62,29,2025-01-01,1025.57,860.27,1190.87,ExponentialSmoothing,157.43,111.37,11.91,2024-08-01T00:00:00+00:00
62,29,2025-02-01,1025.05,851.88,1198.22,ExponentialSmoothing,157.43,111.37,11.91,2024-08-01T00:00:00+00:00
62,29,2025-03-01,1024.53,843.49,1205.57,ExponentialSmoothing,157.43,111.37,11.91,2024-08-01T00:00:00+00:00
62,29,2025-04-01,1024.0,835.09,1212.91,ExponentialSmoothing,157.43,111.37,11.91,2024-08-01T00:00:00+00:00
62,29,2025-05-01,1023.48,826.7,1220.26,ExponentialSmoothing,157.43,111.37,11.91,2024-08-01T00:00:00+00:00
62,29,2025-06-01,1022.96,818.31,1227.61,ExponentialSmoothing,157.43,111.37,11.91,2024-08-01T00:00:00+00:00
62,29,2025-07-01,1022.44,809.91,1234.97,ExponentialSmoothing,157.43,111.37,11.91,2024-08-01T00:00:00+00:00
62,29,2025-08-01,1021.92,801.52,1242.32,ExponentialSmoothing,157.43,111.37,11.91,2024-08-01T00:00:00+00:00
62,29,2025-09-01,1021.4,793.13,1249.67,ExponentialSmoothing,157.43,111.37,11.91,2024-08-01T00:00:00+00:00
62,29,2025-10-01,1020.88,784.74,1257.02,ExponentialSmoothing,157.43,111.37,11.91,2024-08-01T00:00:00+00:00
62,29,2025-11-01,1020.36,776.35,1264.37,ExponentialSmoothing,157.43,111.37,11.91,2024-08-01T00:00:00+00:00
62,29,2025-12-01,1019.84,767.96,1271.72,ExponentialSmoothing,157.43,111.37,11.91,2024-08-01T00:00:00+00:00
63,29,2025-01-01,1038.12,876.98,1199.26,ExponentialSmoothing,153.47,124.53,12.12,2024-08-01T00:00:00+00:00
63,29,2025-02-01,1035.12,866.31,1203.93,ExponentialSmoothing,153.47,124.53,12.12,2024-08-01T00:00:00+00:00
63,29,2025-03-01,1032.12,855.63,1208.61,ExponentialSmoothing,153.47,124.53,12.12,2024-08-01T00:00:00+00:00
63,29,2025-04-01,1029.12,844.96,1213.28,ExponentialSmoothing,153.47,124.53,12.12,2024-08-01T00:00:00+00:00
63,29,2025-05-01,1026.12,834.29,1217.95,ExponentialSmoothing,153.47,124.53,12.12,2024-08-01T00:00:00+00:00
63,29,2025-06-01,1023.12,823.61,1222.63,ExponentialSmoothing,153.47,124.53,12.12,2024-08-01T00:00:00+00:00
63,29,2025-07-01,1020.12,812.94,1227.3,ExponentialSmoothing,153.47,124.53,12.12,2024-08-01T00:00:00+00:00
63,29,2025-08-01,1017.12,802.27,1231.97,ExponentialSmoothing,153.47,124.53,12.12,2024-08-01T00:00:00+00:00
63,29,2025-09-01,1014.12,791.59,1236.65,ExponentialSmoothing,153.47,124.53,12.12,2024-08-01T00:00:00+00:00
63,29,2025-10-01,1011.11,780.91,1241.31,ExponentialSmoothing,153.47,124.53,12.12,2024-08-01T00:00:00+00:00
63,29,2025-11-01,1008.11,770.24,1245.98,ExponentialSmoothing,153.47,124.53,12.12,2024-08-01T00:00:00+00:00
63,29,2025-12-01,1005.11,759.56,1250.66,ExponentialSmoothing,153.47,124.53,12.12,2024-08-01T00:00:00+00:00
64,29,2025-01-01,1091.51,978.95,1204.07,ARIMA,107.2,82.33,7.72,2024-08-01T00:00:00+00:00
64,29,2025-02-01,1098.02,980.1,1215.94,ARIMA,107.2,82.33,7.72,2024-08-01T00:00:00+00:00
64,29,2025-03-01,1104.53,981.25,1227.81,ARIMA,107.2,82.33,7.72,2024-08-01T00:00:00+00:00
64,29,2025-04-01,1111.03,982.4,1239.66,ARIMA,107.2,82.33,7.72,2024-08-01T00:00:00+00:00
64,29,2025-05-01,1117.54,983.55,1251.53,ARIMA,107.2,82.33,7.72,2024-08-01T00:00:00+00:00
64,29,2025-06-01,1124.05,984.7,1263.4,ARIMA,107.2,82.33,7.72,2024-08-01T00:00:00+00:00
64,29,2025-07-01,1130.56,985.85,1275.27,ARIMA,107.2,82.33,7.72,2024-08-01T00:00:00+00:00
64,29,2025-08-01,1137.07,987.0,1287.14,ARIMA,107.2,82.33,7.72,2024-08-01T00:00:00+00:00
64,29,2025-09-01,1143.58,988.15,1299.01,ARIMA,107.2,82.33,7.72,2024-08-01T00:00:00+00:00
64,29,2025-10-01,1150.09,989.3,1310.88,ARIMA,107.2,82.33,7.72,2024-08-01T00:00:00+00:00
64,29,2025-11-01,1156.6,990.45,1322.75,ARIMA,107.2,82.33,7.72,2024-08-01T00:00:00+00:00
64,29,2025-12-01,1163.11,991.6,1334.62,ARIMA,107.2,82.33,7.72,2024-08-01T00:00:00+00:00
65,29,2025-01-01,934.76,779.09,1090.43,ExponentialSmoothing,148.25,117.66,13.46,2024-08-01T00:00:00+00:00
65,29,2025-02-01,937.87,774.79,1100.95,ExponentialSmoothing,148.25,117.66,13.46,2024-08-01T00:00:00+00:00
65,29,2025-03-01,940.99,770.5,1111.48,ExponentialSmoothing,148.25,117.66,13.46,2024-08-01T00:00:00+00:00
65,29,2025-04-01,944.11,766.21,1122.01,ExponentialSmoothing,148.25,117.66,13.46,2024-08-01T00:00:00+00:00
65,29,2025-05-01,947.22,761.9,1132.54,ExponentialSmoothing,148.25,117.66,13.46,2024-08-01T00:00:00+00:00
65,29,2025-06-01,950.34,757.61,1143.07,ExponentialSmoothing,148.25,117.66,13.46,2024-08-01T00:00:00+00:00
65,29,2025-07-01,953.46,753.32,1153.6,ExponentialSmoothing,148.25,117.66,13.46,2024-08-01T00:00:00+00:00
65,29,2025-08-01,956.57,749.02,1164.12,ExponentialSmoothing,148.25,117.66,13.46,2024-08-01T00:00:00+00:00
65,29,2025-09-01,959.69,744.72,1174.66,ExponentialSmoothing,148.25,117.66,13.46,2024-08-01T00:00:00+00:00
65,29,2025-10-01,962.81,740.43,1185.19,ExponentialSmoothing,148.25,117.66,13.46,2024-08-01T00:00:00+00:00
65,29,2025-11-01,965.92,736.13,1195.71,ExponentialSmoothing,148.25,117.66,13.46,2024-08-01T00:00:00+00:00
65,29,2025-12-01,969.04,731.84,1206.24,ExponentialSmoothing,148.25,117.66,13.46,2024-08-01T00:00:00+00:00
66,29,2025-01-01,1032.24,848.29,1216.19,ExponentialSmoothing,175.19,138.3,13.03,2024-08-01T00:00:00+00:00
66,29,2025-02-01,1033.62,840.91,1226.33,ExponentialSmoothing,175.19,138.3,13.03,2024-08-01T00:00:00+00:00
66,29,2025-03-01,1035.0,833.53,1236.47,ExponentialSmoothing,175.19,138.3,13.03,2024-08-01T00:00:00+00:00
66,29,2025-04-01,1036.38,826.15,1246.61,ExponentialSmoothing,175.19,138.3,13.03,2024-08-01T00:00:00+00:00
66,29,2025-05-01,1037.77,818.78,1256.76,ExponentialSmoothing,175.19,138.3,13.03,2024-08-01T00:00:00+00:00
66,29,2025-06-01,1039.15,811.4,1266.9,ExponentialSmoothing,175.19,138.3,13.03,2024-08-01T00:00:00+00:00
66,29,2025-07-01,1040.53,804.02,1277.04,ExponentialSmoothing,175.19,138.3,13.03,2024-08-01T00:00:00+00:00
66,29,2025-08-01,1041.91,796.64,1287.18,ExponentialSmoothing,175.19,138.3,13.03,2024-08-01T00:00:00+00:00
66,29,2025-09-01,1043.29,789.26,1297.32,ExponentialSmoothing,175.19,138.3,13.03,2024-08-01T00:00:00+00:00
66,29,2025-10-01,1044.67,781.89,1307.45,ExponentialSmoothing,175.19,138.3,13.03,2024-08-01T00:00:00+00:00
66,29,2025-11-01,1046.05,774.51,1317.59,ExponentialSmoothing,175.19,138.3,13.03,2024-08-01T00:00:00+00:00
66,29,2025-12-01,1047.43,767.13,1327.73,ExponentialSmoothing,175.19,138.3,13.03,2024-08-01T00:00:00+00:00
67,29,2025-01-01,999.25,807.13,1191.37,ExponentialSmoothing,182.98,145.3,15.55,2024-08-01T00:00:00+00:00
67,29,2025-02-01,998.61,797.34,1199.88,ExponentialSmoothing,182.98,145.3,15.55,2024-08-01T00:00:00+00:00
67,29,2025-03-01,997.98,787.56,1208.4,ExponentialSmoothing,182.98,145.3,15.55,2024-08-01T00:00:00+00:00
67,29,2025-04-01,997.34,777.77,1216.91,ExponentialSmoothing,182.98,145.3,15.55,2024-08-01T00:00:00+00:00
67,29,2025-05-01,996.71,767.99,1225.43,ExponentialSmoothing,182.98,145.3,15.55,2024-08-01T00:00:00+00:00
67,29,2025-06-01,996.07,758.2,1233.94,ExponentialSmoothing,182.98,145.3,15.55,2024-08-01T00:00:00+00:00
67,29,2025-07-01,995.44,748.42,1242.46,ExponentialSmoothing,182.98,145.3,15.55,2024-08-01T00:00:00+00:00
67,29,2025-08-01,994.8,738.63,1250.97,ExponentialSmoothing,182.98,145.3,15.55,2024-08-01T00:00:00+00:00
67,29,2025-09-01,994.17,728.86,1259.48,ExponentialSmoothing,182.98,145.3,15.55,2024-08-01T00:00:00+00:00
67,29,2025-10-01,993.53,719.07,1267.99,ExponentialSmoothing,182.98,145.3,15.55,2024-08-01T00:00:00+00:00
67,29,2025-11-01,992.9,709.29,1276.51,ExponentialSmoothing,182.98,145.3,15.55,2024-08-01T00:00:00+00:00
67,29,2025-12-01,992.26,699.5,1285.02,ExponentialSmoothing,182.98,145.3,15.55,2024-08-01T00:00:00+00:00
68,29,2025-01-01,1001.67,875.62,1127.72,ExponentialSmoothing,120.05,104.02,11.09,2024-08-01T00:00:00+00:00
68,29,2025-02-01,1005.7,873.65,1137.75,ExponentialSmoothing,120.05,104.02,11.09,2024-08-01T00:00:00+00:00
68,29,2025-03-01,1009.74,871.68,1147.8,ExponentialSmoothing,120.05,104.02,11.09,2024-08-01T00:00:00+00:00
68,29,2025-04-01,1013.77,869.71,1157.83,ExponentialSmoothing,120.05,104.02,11.09,2024-08-01T00:00:00+00:00
68,29,2025-05-01,1017.8,867.74,1167.86,ExponentialSmoothing,120.05,104.02,11.09,2024-08-01T00:00:00+00:00
68,29,2025-06-01,1021.83,865.77,1177.89,ExponentialSmoothing,120.05,104.02,11.09,2024-08-01T00:00:00+00:00
68,29,2025-07-01,1025.86,863.79,1187.93,ExponentialSmoothing,120.05,104.02,11.09,2024-08-01T00:00:00+00:00
68,29,2025-08-01,1029.89,861.82,1197.96,ExponentialSmoothing,120.05,104.02,11.09,2024-08-01T00:00:00+00:00
68,29,2025-09-01,1033.92,859.85,1207.99,ExponentialSmoothing,120.05,104.02,11.09,2024-08-01T00:00:00+00:00
68,29,2025-10-01,1037.95,857.88,1218.02,ExponentialSmoothing,120.05,104.02,11.09,2024-08-01T00:00:00+00:00
68,29,2025-11-01,1041.98,855.9,1228.06,ExponentialSmoothing,120.05,104.02,11.09,2024-08-01T00:00:00+00:00
68,29,2025-12-01,1046.01,853.93,1238.09,ExponentialSmoothing,120.05,104.02,11.09,2024-08-01T00:00:00+00:00
69,29,2025-01-01,1001.14,861.07,1141.21,ExponentialSmoothing,133.4,116.01,12.41,2024-08-01T00:00:00+00:00
69,29,2025-02-01,1004.88,858.15,1151.61,ExponentialSmoothing,133.4,116.01,12.41,2024-08-01T00:00:00+00:00
69,29,2025-03-01,1008.63,855.23,1162.03,ExponentialSmoothing,133.4,116.01,12.41,2024-08-01T00:00:00+00:00
69,29,2025-04-01,1012.37,852.3,1172.44,ExponentialSmoothing,133.4,116.01,12.41,2024-08-01T00:00:00+00:00
69,29,2025-05-01,1016.11,849.37,1182.85,ExponentialSmoothing,133.4,116.01,12.41,2024-08-01T00:00:00+00:00
69,29,2025-06-01,1019.86,846.45,1193.27,ExponentialSmoothing,133.4,116.01,12.41,2024-08-01T00:00:00+00:00
69,29,2025-07-01,1023.6,843.52,1203.68,ExponentialSmoothing,133.4,116.01,12.41,2024-08-01T00:00:00+00:00
69,29,2025-08-01,1027.34,840.59,1214.09,ExponentialSmoothing,133.4,116.01,12.41,2024-08-01T00:00:00+00:00
69,29,2025-09-01,1031.09,837.67,1224.51,ExponentialSmoothing,133.4,116.01,12.41,2024-08-01T00:00:00+00:00
69,29,2025-10-01,1034.83,834.74,1234.92,ExponentialSmoothing,133.4,116.01,12.41,2024-08-01T00:00:00+00:00
69,29,2025-11-01,1038.57,831.81,1245.33,ExponentialSmoothing,133.4,116.01,12.41,2024-08-01T00:00:00+00:00
69,29,2025-12-01,1042.32,828.89,1255.75,ExponentialSmoothing,133.4,116.01,12.41,2024-08-01T00:00:00+00:00
70,29,2025-01-01,1088.99,976.47,1201.51,ExponentialSmoothing,107.16,89.15,8.49,2024-08-01T00:00:00+00:00
70,29,2025-02-01,1086.8,968.92,1204.68,ExponentialSmoothing,107.16,89.15,8.49,2024-08-01T00:00:00+00:00
70,29,2025-03-01,1084.62,961.38,1207.86,ExponentialSmoothing,107.16,89.15,8.49,2024-08-01T00:00:00+00:00
70,29,2025-04-01,1082.43,953.84,1211.02,ExponentialSmoothing,107.16,89.15,8.49,2024-08-01T00:00:00+00:00
70,29,2025-05-01,1080.25,946.3,1214.2,ExponentialSmoothing,107.16,89.15,8.49,2024-08-01T00:00:00+00:00
70,29,2025-06-01,1078.07,938.76,1217.38,ExponentialSmoothing,107.16,89.15,8.49,2024-08-01T00:00:00+00:00
70,29,2025-07-01,1075.88,931.21,1220.55,ExponentialSmoothing,107.16,89.15,8.49,2024-08-01T00:00:00+00:00
70,29,2025-08-01,1073.7,923.67,1223.73,ExponentialSmoothing,107.16,89.15,8.49,2024-08-01T00:00:00+00:00
70,29,2025-09-01,1071.51,916.12,1226.9,ExponentialSmoothing,107.16,89.15,8.49,2024-08-01T00:00:00+00:00
70,29,2025-10-01,1069.33,908.59,1230.07,ExponentialSmoothing,107.16,89.15,8.49,2024-08-01T00:00:00+00:00
70,29,2025-11-01,1067.15,901.05,1233.25,ExponentialSmoothing,107.16,89.15,8.49,2024-08-01T00:00:00+00:00
70,29,2025-12-01,1064.96,893.5,1236.42,ExponentialSmoothing,107.16,89.15,8.49,2024-08-01T00:00:00+00:00
71,29,2025-01-01,961.37,822.46,1100.28,ExponentialSmoothing,132.3,114.81,12.15,2024-08-01T00:00:00+00:00
71,29,2025-02-01,959.74,814.21,1105.27,ExponentialSmoothing,132.3,114.81,12.15,2024-08-01T00:00:00+00:00
71,29,2025-03-01,958.11,805.97,1110.25,ExponentialSmoothing,132.3,114.81,12.15,2024-08-01T00:00:00+00:00
71,29,2025-04-01,956.49,797.73,1115.25,ExponentialSmoothing,132.3,114.81,12.15,2024-08-01T00:00:00+00:00
71,29,2025-05-01,954.86,789.49,1120.23,ExponentialSmoothing,132.3,114.81,12.15,2024-08-01T00:00:00+00:00
71,29,2025-06-01,953.24,781.26,1125.22,ExponentialSmoothing,132.3,114.81,12.15,2024-08-01T00:00:00+00:00
71,29,2025-07-01,951.61,773.01,1130.21,ExponentialSmoothing,132.3,114.81,12.15,2024-08-01T00:00:00+00:00
71,29,2025-08-01,949.99,764.78,1135.2,ExponentialSmoothing,132.3,114.81,12.15,2024-08-01T00:00:00+00:00
71,29,2025-09-01,948.36,756.53,1140.19,ExponentialSmoothing,132.3,114.81,12.15,2024-08-01T00:00:00+00:00
71,29,2025-10-01,946.74,748.3,1145.18,ExponentialSmoothing,132.3,114.81,12.15,2024-08-01T00:00:00+00:00
71,29,2025-11-01,945.11,740.05,1150.17,ExponentialSmoothing,132.3,114.81,12.15,2024-08-01T00:00:00+00:00
71,29,2025-12-01,943.49,731.82,1155.16,ExponentialSmoothing,132.3,114.81,12.15,2024-08-01T00:00:00+00:00
72,29,2025-01-01,984.8,851.14,1118.46,ExponentialSmoothing,127.3,108.04,11.53,2024-08-01T00:00:00+00:00
72,29,2025-02-01,985.79,845.76,1125.82,ExponentialSmoothing,127.3,108.04,11.53,2024-08-01T00:00:00+00:00
72,29,2025-03-01,986.78,840.39,1133.17,ExponentialSmoothing,127.3,108.04,11.53,2024-08-01T00:00:00+00:00
72,29,2025-04-01,987.78,835.02,1140.54,ExponentialSmoothing,127.3,108.04,11.53,2024-08-01T00:00:00+00:00
72,29,2025-05-01,988.77,829.65,1147.89,ExponentialSmoothing,127.3,108.04,11.53,2024-08-01T00:00:00+00:00
72,29,2025-06-01,989.76,824.27,1155.25,ExponentialSmoothing,127.3,108.04,11.53,2024-08-01T00:00:00+00:00
72,29,2025-07-01,990.76,818.91,1162.61,ExponentialSmoothing,127.3,108.04,11.53,2024-08-01T00:00:00+00:00
72,29,2025-08-01,991.75,813.53,1169.97,ExponentialSmoothing,127.3,108.04,11.53,2024-08-01T00:00:00+00:00
72,29,2025-09-01,992.74,808.16,1177.32,ExponentialSmoothing,127.3,108.04,11.53,2024-08-01T00:00:00+00:00
72,29,2025-10-01,993.74,802.79,1184.69,ExponentialSmoothing,127.3,108.04,11.53,2024-08-01T00:00:00+00:00
72,29,2025-11-01,994.73,797.42,1192.04,ExponentialSmoothing,127.3,108.04,11.53,2024-08-01T00:00:00+00:00
72,29,2025-12-01,995.72,792.04,1199.4,ExponentialSmoothing,127.3,108.04,11.53,2024-08-01T00:00:00+00:00
73,29,2025-01-01,935.38,792.7,1078.06,ARIMA,135.88,106.2,10.89,2024-08-01T00:00:00+00:00
73,29,2025-02-01,930.47,781.0,1079.94,ARIMA,135.88,106.2,10.89,2024-08-01T00:00:00+00:00
73,29,2025-03-01,925.55,769.29,1081.81,ARIMA,135.88,106.2,10.89,2024-08-01T00:00:00+00:00
73,29,2025-04-01,920.64,757.58,1083.7,ARIMA,135.88,106.2,10.89,2024-08-01T00:00:00+00:00
73,29,2025-05-01,915.72,745.87,1085.57,ARIMA,135.88,106.2,10.89,2024-08-01T00:00:00+00:00
73,29,2025-06-01,910.81,734.16,1087.46,ARIMA,135.88,106.2,10.89,2024-08-01T00:00:00+00:00
73,29,2025-07-01,905.9,722.46,1089.34,ARIMA,135.88,106.2,10.89,2024-08-01T00:00:00+00:00
73,29,2025-08-01,900.98,710.75,1091.21,ARIMA,135.88,106.2,10.89,2024-08-01T00:00:00+00:00
73,29,2025-09-01,896.07,699.04,1093.1,ARIMA,135.88,106.2,10.89,2024-08-01T00:00:00+00:00
73,29,2025-10-01,891.16,687.34,1094.98,ARIMA,135.88,106.2,10.89,2024-08-01T00:00:00+00:00
73,29,2025-11-01,886.24,675.62,1096.86,ARIMA,135.88,106.2,10.89,2024-08-01T00:00:00+00:00
73,29,2025-12-01,881.33,663.92,1098.74,ARIMA,135.88,106.2,10.89,2024-08-01T00:00:00+00:00
74,29,2025-01-01,971.02,777.31,1164.73,ARIMA,184.49,137.23,17.64,2024-08-01T00:00:00+00:00
74,29,2025-02-01,962.18,759.24,1165.12,ARIMA,184.49,137.23,17.64,2024-08-01T00:00:00+00:00
74,29,2025-03-01,953.34,741.18,1165.5,ARIMA,184.49,137.23,17.64,2024-08-01T00:00:00+00:00
74,29,2025-04-01,944.51,723.13,1165.89,ARIMA,184.49,137.23,17.64,2024-08-01T00:00:00+00:00
74,29,2025-05-01,935.67,705.06,1166.28,ARIMA,184.49,137.23,17.64,2024-08-01T00:00:00+00:00
74,29,2025-06-01,926.84,687.01,1166.67,ARIMA,184.49,137.23,17.64,2024-08-01T00:00:00+00:00
74,29,2025-07-01,918.0,668.94,1167.06,ARIMA,184.49,137.23,17.64,2024-08-01T00:00:00+00:00
74,29,2025-08-01,909.17,650.89,1167.45,ARIMA,184.49,137.23,17.64,2024-08-01T00:00:00+00:00
74,29,2025-09-01,900.33,632.82,1167.84,ARIMA,184.49,137.23,17.64,2024-08-01T00:00:00+00:00
74,29,2025-10-01,891.5,614.77,1168.23,ARIMA,184.49,137.23,17.64,2024-08-01T00:00:00+00:00
74,29,2025-11-01,882.66,596.71,1168.61,ARIMA,184.49,137.23,17.64,2024-08-01T00:00:00+00:00
74,29,2025-12-01,873.82,578.64,1169.0,ARIMA,184.49,137.23,17.64,2024-08-01T00:00:00+00:00
75,29,2025-01-01,1024.14,885.46,1162.82,ARIMA,132.07,105.11,10.97,2024-08-01T00:00:00+00:00
75,29,2025-02-01,1028.52,883.24,1173.8,ARIMA,132.07,105.11,10.97,2024-08-01T00:00:00+00:00
75,29,2025-03-01,1032.9,881.01,1184.79,ARIMA,132.07,105.11,10.97,2024-08-01T00:00:00+00:00
75,29,2025-04-01,1037.28,878.79,1195.77,ARIMA,132.07,105.11,10.97,2024-08-01T00:00:00+00:00
75,29,2025-05-01,1041.65,876.56,1206.74,ARIMA,132.07,105.11,10.97,2024-08-01T00:00:00+00:00
75,29,2025-06-01,1046.03,874.33,1217.73,ARIMA,132.07,105.11,10.97,2024-08-01T00:00:00+00:00
75,29,2025-07-01,1050.41,872.11,1228.71,ARIMA,132.07,105.11,10.97,2024-08-01T00:00:00+00:00
75,29,2025-08-01,1054.79,869.89,1239.69,ARIMA,132.07,105.11,10.97,2024-08-01T00:00:00+00:00
75,29,2025-09-01,1059.17,867.66,1250.68,ARIMA,132.07,105.11,10.97,2024-08-01T00:00:00+00:00
75,29,2025-10-01,1063.54,865.43,1261.65,ARIMA,132.07,105.11,10.97,2024-08-01T00:00:00+00:00
75,29,2025-11-01,1067.92,863.2,1272.64,ARIMA,132.07,105.11,10.97,2024-08-01T00:00:00+00:00
75,29,2025-12-01,1072.3,860.98,1283.62,ARIMA,132.07,105.11,10.97,2024-08-01T00:00:00+00:00
76,29,2025-01-01,959.21,801.65,1116.77,ExponentialSmoothing,150.05,118.17,13.76,2024-08-01T00:00:00+00:00
76,29,2025-02-01,963.22,798.16,1128.28,ExponentialSmoothing,150.05,118.17,13.76,2024-08-01T00:00:00+00:00
76,29,2025-03-01,967.22,794.66,1139.78,ExponentialSmoothing,150.05,118.17,13.76,2024-08-01T00:00:00+00:00
76,29,2025-04-01,971.22,791.15,1151.29,ExponentialSmoothing,150.05,118.17,13.76,2024-08-01T00:00:00+00:00
76,29,2025-05-01,975.23,787.66,1162.8,ExponentialSmoothing,150.05,118.17,13.76,2024-08-01T00:00:00+00:00
76,29,2025-06-01,979.23,784.16,1174.3,ExponentialSmoothing,150.05,118.17,13.76,2024-08-01T00:00:00+00:00
76,29,2025-07-01,983.23,780.66,1185.8,ExponentialSmoothing,150.05,118.17,13.76,2024-08-01T00:00:00+00:00
76,29,2025-08-01,987.24,777.16,1197.32,ExponentialSmoothing,150.05,118.17,13.76,2024-08-01T00:00:00+00:00
76,29,2025-09-01,991.24,773.66,1208.82,ExponentialSmoothing,150.05,118.17,13.76,2024-08-01T00:00:00+00:00
76,29,2025-10-01,995.24,770.16,1220.32,ExponentialSmoothing,150.05,118.17,13.76,2024-08-01T00:00:00+00:00
76,29,2025-11-01,999.25,766.67,1231.83,ExponentialSmoothing,150.05,118.17,13.76,2024-08-01T00:00:00+00:00
76,29,2025-12-01,1003.25,763.16,1243.34,ExponentialSmoothing,150.05,118.17,13.76,2024-08-01T00:00:00+00:00
77,29,2025-01-01,990.76,817.91,1163.61,ExponentialSmoothing,164.62,137.51,14.81,2024-08-01T00:00:00+00:00
77,29,2025-02-01,994.42,813.33,1175.51,ExponentialSmoothing,164.62,137.51,14.81,2024-08-01T00:00:00+00:00
77,29,2025-03-01,998.07,808.75,1187.39,ExponentialSmoothing,164.62,137.51,14.81,2024-08-01T00:00:00+00:00
77,29,2025-04-01,1001.73,804.18,1199.28,ExponentialSmoothing,164.62,137.51,14.81,2024-08-01T00:00:00+00:00
77,29,2025-05-01,1005.38,799.6,1211.16,ExponentialSmoothing,164.62,137.51,14.81,2024-08-01T00:00:00+00:00
77,29,2025-06-01,1009.04,795.03,1223.05,ExponentialSmoothing,164.62,137.51,14.81,2024-08-01T00:00:00+00:00
77,29,2025-07-01,1012.69,790.45,1234.93,ExponentialSmoothing,164.62,137.51,14.81,2024-08-01T00:00:00+00:00
77,29,2025-08-01,1016.35,785.88,1246.82,ExponentialSmoothing,164.62,137.51,14.81,2024-08-01T00:00:00+00:00
77,29,2025-09-01,1020.0,781.3,1258.7,ExponentialSmoothing,164.62,137.51,14.81,2024-08-01T00:00:00+00:00
77,29,2025-10-01,1023.66,776.73,1270.59,ExponentialSmoothing,164.62,137.51,14.81,2024-08-01T00:00:00+00:00
77,29,2025-11-01,1027.31,772.14,1282.48,ExponentialSmoothing,164.62,137.51,14.81,2024-08-01T00:00:00+00:00
77,29,2025-12-01,1030.97,767.57,1294.37,ExponentialSmoothing,164.62,137.51,14.81,2024-08-01T00:00:00+00:00
1,33,2025-01-01,3113.08,2526.92,3699.24,ARIMA,558.25,481.07,15.12,2024-08-01T00:00:00+00:00
1,33,2025-02-01,3097.13,2483.06,3711.2,ARIMA,558.25,481.07,15.12,2024-08-01T00:00:00+00:00
1,33,2025-03-01,3081.17,2439.18,3723.16,ARIMA,558.25,481.07,15.12,2024-08-01T00:00:00+00:00
1,33,2025-04-01,3065.22,2395.32,3735.12,ARIMA,558.25,481.07,15.12,2024-08-01T00:00:00+00:00
1,33,2025-05-01,3049.27,2351.46,3747.08,ARIMA,558.25,481.07,15.12,2024-08-01T00:00:00+00:00
1,33,2025-06-01,3033.32,2307.6,3759.04,ARIMA,558.25,481.07,15.12,2024-08-01T00:00:00+00:00
1,33,2025-07-01,3017.37,2263.74,3771.0,ARIMA,558.25,481.07,15.12,2024-08-01T00:00:00+00:00
1,33,2025-08-01,3001.42,2219.87,3782.97,ARIMA,558.25,481.07,15.12,2024-08-01T00:00:00+00:00
1,33,2025-09-01,2985.47,2176.01,3794.93,ARIMA,558.25,481.07,15.12,2024-08-01T00:00:00+00:00
1,33,2025-10-01,2969.52,2132.15,3806.89,ARIMA,558.25,481.07,15.12,2024-08-01T00:00:00+00:00
1,33,2025-11-01,2953.57,2088.29,3818.85,ARIMA,558.25,481.07,15.12,2024-08-01T00:00:00+00:00
1,33,2025-12-01,2937.62,2044.42,3830.82,ARIMA,558.25,481.07,15.12,2024-08-01T00:00:00+00:00
2,33,2025-01-01,3332.34,2609.14,4055.54,ARIMA,688.76,559.49,18.37,2024-08-01T00:00:00+00:00
2,33,2025-02-01,3321.4,2563.76,4079.04,ARIMA,688.76,559.49,18.37,2024-08-01T00:00:00+00:00
2,33,2025-03-01,3310.46,2518.38,4102.54,ARIMA,688.76,559.49,18.37,2024-08-01T00:00:00+00:00
2,33,2025-04-01,3299.51,2473.0,4126.02,ARIMA,688.76,559.49,18.37,2024-08-01T00:00:00+00:00
2,33,2025-05-01,3288.57,2427.62,4149.52,ARIMA,688.76,559.49,18.37,2024-08-01T00:00:00+00:00
2,33,2025-06-01,3277.63,2382.24,4173.02,ARIMA,688.76,559.49,18.37,2024-08-01T00:00:00+00:00
2,33,2025-07-01,3266.69,2336.86,4196.52,ARIMA,688.76,559.49,18.37,2024-08-01T00:00:00+00:00
2,33,2025-08-01,3255.74,2291.47,4220.01,ARIMA,688.76,559.49,18.37,2024-08-01T00:00:00+00:00
2,33,2025-09-01,3244.8,2246.1,4243.5,ARIMA,688.76,559.49,18.37,2024-08-01T00:00:00+00:00
2,33,2025-10-01,3233.86,2200.72,4267.0,ARIMA,688.76,559.49,18.37,2024-08-01T00:00:00+00:00
2,33,2025-11-01,3222.92,2155.34,4290.5,ARIMA,688.76,559.49,18.37,2024-08-01T00:00:00+00:00
2,33,2025-12-01,3211.97,2109.95,4313.99,ARIMA,688.76,559.49,18.37,2024-08-01T00:00:00+00:00
3,33,2025-01-01,3352.12,2775.4,3928.84,ARIMA,549.26,460.02,14.99,2024-08-01T00:00:00+00:00
3,33,2025-02-01,3362.16,2757.97,3966.35,ARIMA,549.26,460.02,14.99,2024-08-01T00:00:00+00:00
3,33,2025-03-01,3372.21,2740.56,4003.86,ARIMA,549.26,460.02,14.99,2024-08-01T00:00:00+00:00
3,33,2025-04-01,3382.26,2723.15,4041.37,ARIMA,549.26,460.02,14.99,2024-08-01T00:00:00+00:00
3,33,2025-05-01,3392.31,2705.74,4078.88,ARIMA,549.26,460.02,14.99,2024-08-01T00:00:00+00:00
3,33,2025-06-01,3402.36,2688.32,4116.4,ARIMA,549.26,460.02,14.99,2024-08-01T00:00:00+00:00
3,33,2025-07-01,3412.41,2670.91,4153.91,ARIMA,549.26,460.02,14.99,2024-08-01T00:00:00+00:00
3,33,2025-08-01,3422.46,2653.5,4191.42,ARIMA,549.26,460.02,14.99,2024-08-01T00:00:00+00:00
3,33,2025-09-01,3432.5,2636.07,4228.93,ARIMA,549.26,460.02,14.99,2024-08-01T00:00:00+00:00
3,33,2025-10-01,3442.55,2618.66,4266.44,ARIMA,549.26,460.02,14.99,2024-08-01T00:00:00+00:00
3,33,2025-11-01,3452.6,2601.25,4303.95,ARIMA,549.26,460.02,14.99,2024-08-01T00:00:00+00:00
3,33,2025-12-01,3462.65,2583.84,4341.46,ARIMA,549.26,460.02,14.99,2024-08-01T00:00:00+00:00
4,33,2025-01-01,3216.85,2677.82,3755.88,ARIMA,513.36,395.43,13.47,2024-08-01T00:00:00+00:00
4,33,2025-02-01,3206.43,2641.73,3771.13,ARIMA,513.36,395.43,13.47,2024-08-01T00:00:00+00:00
4,33,2025-03-01,3196.0,2605.64,3786.36,ARIMA,513.36,395.43,13.47,2024-08-01T00:00:00+00:00
4,33,2025-04-01,3185.58,2569.55,3801.61,ARIMA,513.36,395.43,13.47,2024-08-01T00:00:00+00:00
4,33,2025-05-01,3175.15,2533.45,3816.85,ARIMA,513.36,395.43,13.47,2024-08-01T00:00:00+00:00
4,33,2025-06-01,3164.72,2497.35,3832.09,ARIMA,513.36,395.43,13.47,2024-08-01T00:00:00+00:00
4,33,2025-07-01,3154.3,2461.26,3847.34,ARIMA,513.36,395.43,13.47,2024-08-01T00:00:00+00:00
4,33,2025-08-01,3143.87,2425.17,3862.57,ARIMA,513.36,395.43,13.47,2024-08-01T00:00:00+00:00
4,33,2025-09-01,3133.44,2389.07,3877.81,ARIMA,513.36,395.43,13.47,2024-08-01T00:00:00+00:00
4,33,2025-10-01,3123.02,2352.98,3893.06,ARIMA,513.36,395.43,13.47,2024-08-01T00:00:00+00:00
4,33,2025-11-01,3112.59,2316.88,3908.3,ARIMA,513.36,395.43,13.47,2024-08-01T00:00:00+00:00
4,33,2025-12-01,3102.16,2280.78,3923.54,ARIMA,513.36,395.43,13.47,2024-08-01T00:00:00+00:00
5,33,2025-01-01,3214.58,2603.35,3825.81,ARIMA,582.13,452.85,15.84,2024-08-01T00:00:00+00:00
5,33,2025-02-01,3227.57,2587.23,3867.91,ARIMA,582.13,452.85,15.84,2024-08-01T00:00:00+00:00
5,33,2025-03-01,3240.56,2571.11,3910.01,ARIMA,582.13,452.85,15.84,2024-08-01T00:00:00+00:00
5,33,2025-04-01,3253.55,2555.0,3952.1,ARIMA,582.13,452.85,15.84,2024-08-01T00:00:00+00:00
5,33,2025-05-01,3266.54,2538.88,3994.2,ARIMA,582.13,452.85,15.84,2024-08-01T00:00:00+00:00
5,33,2025-06-01,3279.53,2522.76,4036.3,ARIMA,582.13,452.85,15.84,2024-08-01T00:00:00+00:00
5,33,2025-07-01,3292.51,2506.64,4078.38,ARIMA,582.13,452.85,15.84,2024-08-01T00:00:00+00:00
5,33,2025-08-01,3305.5,2490.52,4120.48,ARIMA,582.13,452.85,15.84,2024-08-01T00:00:00+00:00
5,33,2025-09-01,3318.49,2474.41,4162.57,ARIMA,582.13,452.85,15.84,2024-08-01T00:00:00+00:00
5,33,2025-10-01,3331.48,2458.29,4204.67,ARIMA,582.13,452.85,15.84,2024-08-01T00:00:00+00:00
5,33,2025-11-01,3344.47,2442.17,4246.77,ARIMA,582.13,452.85,15.84,2024-08-01T00:00:00+00:00
5,33,2025-12-01,3357.45,2426.05,4288.85,ARIMA,582.13,452.85,15.84,2024-08-01T00:00:00+00:00
6,33,2025-01-01,3485.58,3035.0,3936.16,ARIMA,429.13,336.64,10.15,2024-08-01T00:00:00+00:00
6,33,2025-02-01,3499.18,3027.14,3971.22,ARIMA,429.13,336.64,10.15,2024-08-01T00:00:00+00:00
6,33,2025-03-01,3512.78,3019.29,4006.27,ARIMA,429.13,336.64,10.15,2024-08-01T00:00:00+00:00
6,33,2025-04-01,3526.39,3011.44,4041.34,ARIMA,429.13,336.64,10.15,2024-08-01T00:00:00+00:00
6,33,2025-05-01,3539.99,3003.58,4076.4,ARIMA,429.13,336.64,10.15,2024-08-01T00:00:00+00:00
6,33,2025-06-01,3553.59,2995.73,4111.45,ARIMA,429.13,336.64,10.15,2024-08-01T00:00:00+00:00
6,33,2025-07-01,3567.2,2987.88,4146.52,ARIMA,429.13,336.64,10.15,2024-08-01T00:00:00+00:00
6,33,2025-08-01,3580.8,2980.02,4181.58,ARIMA,429.13,336.64,10.15,2024-08-01T00:00:00+00:00
6,33,2025-09-01,3594.4,2972.17,4216.63,ARIMA,429.13,336.64,10.15,2024-08-01T00:00:00+00:00
6,33,2025-10-01,3608.01,2964.32,4251.7,ARIMA,429.13,336.64,10.15,2024-08-01T00:00:00+00:00
6,33,2025-11-01,3621.61,2956.47,4286.75,ARIMA,429.13,336.64,10.15,2024-08-01T00:00:00+00:00
6,33,2025-12-01,3635.21,2948.61,4321.81,ARIMA,429.13,336.64,10.15,2024-08-01T00:00:00+00:00
7,33,2025-01-01,3405.38,2934.89,3875.87,ExponentialSmoothing,448.08,350.03,10.45,2024-08-01T00:00:00+00:00
7,33,2025-02-01,3406.55,2913.66,3899.44,ExponentialSmoothing,448.08,350.03,10.45,2024-08-01T00:00:00+00:00
7,33,2025-03-01,3407.72,2892.42,3923.02,ExponentialSmoothing,448.08,350.03,10.45,2024-08-01T00:00:00+00:00
7,33,2025-04-01,3408.89,2871.19,3946.59,ExponentialSmoothing,448.08,350.03,10.45,2024-08-01T00:00:00+00:00
7,33,2025-05-01,3410.05,2849.94,3970.16,ExponentialSmoothing,448.08,350.03,10.45,2024-08-01T00:00:00+00:00
7,33,2025-06-01,3411.22,2828.71,3993.73,ExponentialSmoothing,448.08,350.03,10.45,2024-08-01T00:00:00+00:00
7,33,2025-07-01,3412.39,2807.48,4017.3,ExponentialSmoothing,448.08,350.03,10.45,2024-08-01T00:00:00+00:00
7,33,2025-08-01,3413.55,2786.23,4040.87,ExponentialSmoothing,448.08,350.03,10.45,2024-08-01T00:00:00+00:00
7,33,2025-09-01,3414.72,2765.0,4064.44,ExponentialSmoothing,448.08,350.03,10.45,2024-08-01T00:00:00+00:00
7,33,2025-10-01,3415.89,2743.76,4088.02,ExponentialSmoothing,448.08,350.03,10.45,2024-08-01T00:00:00+00:00
7,33,2025-11-01,3417.06,2722.53,4111.59,ExponentialSmoothing,448.08,350.03,10.45,2024-08-01T00:00:00+00:00
7,33,2025-12-01,3418.22,2701.29,4135.15,ExponentialSmoothing,448.08,350.03,10.45,2024-08-01T00:00:00+00:00
8,33,2025-01-01,3677.49,3110.39,4244.59,ARIMA,540.09,472.23,12.87,2024-08-01T00:00:00+00:00
8,33,2025-02-01,3688.8,3094.7,4282.9,ARIMA,540.09,472.23,12.87,2024-08-01T00:00:00+00:00
8,33,2025-03-01,3700.12,3079.01,4321.23,ARIMA,540.09,472.23,12.87,2024-08-01T00:00:00+00:00
8,33,2025-04-01,3711.43,3063.32,4359.54,ARIMA,540.09,472.23,12.87,2024-08-01T00:00:00+00:00
8,33,2025-05-01,3722.74,3047.62,4397.86,ARIMA,540.09,472.23,12.87,2024-08-01T00:00:00+00:00
8,33,2025-06-01,3734.06,3031.94,4436.18,ARIMA,540.09,472.23,12.87,2024-08-01T00:00:00+00:00
8,33,2025-07-01,3745.37,3016.24,4474.5,ARIMA,540.09,472.23,12.87,2024-08-01T00:00:00+00:00
8,33,2025-08-01,3756.68,3000.55,4512.81,ARIMA,540.09,472.23,12.87,2024-08-01T00:00:00+00:00
8,33,2025-09-01,3768.0,2984.87,4551.13,ARIMA,540.09,472.23,12.87,2024-08-01T00:00:00+00:00
8,33,2025-10-01,3779.31,2969.17,4589.45,ARIMA,540.09,472.23,12.87,2024-08-01T00:00:00+00:00
8,33,2025-11-01,3790.63,2953.49,4627.77,ARIMA,540.09,472.23,12.87,2024-08-01T00:00:00+00:00
8,33,2025-12-01,3801.94,2937.79,4666.09,ARIMA,540.09,472.23,12.87,2024-08-01T00:00:00+00:00
9,33,2025-01-01,3224.92,2839.86,3609.98,ARIMA,366.72,335.84,10.73,2024-08-01T00:00:00+00:00
9,33,2025-02-01,3236.42,2833.02,3639.82,ARIMA,366.72,335.84,10.73,2024-08-01T00:00:00+00:00
9,33,2025-03-01,3247.93,2826.2,3669.66,ARIMA,366.72,335.84,10.73,2024-08-01T00:00:00+00:00
9,33,2025-04-01,3259.43,2819.36,3699.5,ARIMA,366.72,335.84,10.73,2024-08-01T00:00:00+00:00
9,33,2025-05-01,3270.93,2812.53,3729.33,ARIMA,366.72,335.84,10.73,2024-08-01T00:00:00+00:00
9,33,2025-06-01,3282.43,2805.69,3759.17,ARIMA,366.72,335.84,10.73,2024-08-01T00:00:00+00:00
9,33,2025-07-01,3293.93,2798.85,3789.01,ARIMA,366.72,335.84,10.73,2024-08-01T00:00:00+00:00
9,33,2025-08-01,3305.44,2792.03,3818.85,ARIMA,366.72,335.84,10.73,2024-08-01T00:00:00+00:00
9,33,2025-09-01,3316.94,2785.19,3848.69,ARIMA,366.72,335.84,10.73,2024-08-01T00:00:00+00:00
9,33,2025-10-01,3328.44,2778.35,3878.53,ARIMA,366.72,335.84,10.73,2024-08-01T00:00:00+00:00
9,33,2025-11-01,3339.94,2771.52,3908.36,ARIMA,366.72,335.84,10.73,2024-08-01T00:00:00+00:00
9,33,2025-12-01,3351.45,2764.69,3938.21,ARIMA,366.72,335.84,10.73,2024-08-01T00:00:00+00:00
10,33,2025-01-01,2940.88,2663.24,3218.52,ARIMA,264.42,226.98,7.61,2024-08-01T00:00:00+00:00
10,33,2025-02-01,2924.35,2633.49,3215.21,ARIMA,264.42,226.98,7.61,2024-08-01T00:00:00+00:00
10,33,2025-03-01,2907.83,2603.75,3211.91,ARIMA,264.42,226.98,7.61,2024-08-01T00:00:00+00:00
10,33,2025-04-01,2891.3,2574.0,3208.6,ARIMA,264.42,226.98,7.61,2024-08-01T00:00:00+00:00
10,33,2025-05-01,2874.78,2544.26,3205.3,ARIMA,264.42,226.98,7.61,2024-08-01T00:00:00+00:00
10,33,2025-06-01,2858.25,2514.51,3201.99,ARIMA,264.42,226.98,7.61,2024-08-01T00:00:00+00:00
10,33,2025-07-01,2841.73,2484.77,3198.69,ARIMA,264.42,226.98,7.61,2024-08-01T00:00:00+00:00
10,33,2025-08-01,2825.2,2455.02,3195.38,ARIMA,264.42,226.98,7.61,2024-08-01T00:00:00+00:00
10,33,2025-09-01,2808.68,2425.27,3192.09,ARIMA,264.42,226.98,7.61,2024-08-01T00:00:00+00:00
10,33,2025-10-01,2792.15,2395.52,3188.78,ARIMA,264.42,226.98,7.61,2024-08-01T00:00:00+00:00
10,33,2025-11-01,2775.63,2365.78,3185.48,ARIMA,264.42,226.98,7.61,2024-08-01T00:00:00+00:00
10,33,2025-12-01,2759.11,2336.04,3182.18,ARIMA,264.42,226.98,7.61,2024-08-01T00:00:00+00:00
11,33,2025-01-01,3202.53,2505.73,3899.33,ARIMA,663.61,570.92,18.98,2024-08-01T00:00:00+00:00
11,33,2025-02-01,3197.11,2467.13,3927.09,ARIMA,663.61,570.92,18.98,2024-08-01T00:00:00+00:00
11,33,2025-03-01,3191.7,2428.54,3954.86,ARIMA,663.61,570.92,18.98,2024-08-01T00:00:00+00:00
11,33,2025-04-01,3186.28,2389.94,3982.62,ARIMA,663.61,570.92,18.98,2024-08-01T00:00:00+00:00
11,33,2025-05-01,3180.86,2351.34,4010.38,ARIMA,663.61,570.92,18.98,2024-08-01T00:00:00+00:00
11,33,2025-06-01,3175.45,2312.75,4038.15,ARIMA,663.61,570.92,18.98,2024-08-01T00:00:00+00:00
11,33,2025-07-01,3170.03,2274.15,4065.91,ARIMA,663.61,570.92,18.98,2024-08-01T00:00:00+00:00
11,33,2025-08-01,3164.62,2235.56,4093.68,ARIMA,663.61,570.92,18.98,2024-08-01T00:00:00+00:00
11,33,2025-09-01,3159.2,2196.96,4121.44,ARIMA,663.61,570.92,18.98,2024-08-01T00:00:00+00:00
11,33,2025-10-01,3153.78,2158.36,4149.2,ARIMA,663.61,570.92,18.98,2024-08-01T00:00:00+00:00
11,33,2025-11-01,3148.37,2119.77,4176.97,ARIMA,663.61,570.92,18.98,2024-08-01T00:00:00+00:00
11,33,2025-12-01,3142.95,2081.17,4204.73,ARIMA,663.61,570.92,18.98,2024-08-01T00:00:00+00:00
12,33,2025-01-01,2988.05,2615.92,3360.18,ARIMA,354.41,288.4,10.41,2024-08-01T00:00:00+00:00
12,33,2025-02-01,2977.12,2587.27,3366.97,ARIMA,354.41,288.4,10.41,2024-08-01T00:00:00+00:00
12,33,2025-03-01,2966.19,2558.62,3373.76,ARIMA,354.41,288.4,10.41,2024-08-01T00:00:00+00:00
12,33,2025-04-01,2955.26,2529.97,3380.55,ARIMA,354.41,288.4,10.41,2024-08-01T00:00:00+00:00
12,33,2025-05-01,2944.33,2501.32,3387.34,ARIMA,354.41,288.4,10.41,2024-08-01T00:00:00+00:00
12,33,2025-06-01,2933.4,2472.67,3394.13,ARIMA,354.41,288.4,10.41,2024-08-01T00:00:00+00:00
12,33,2025-07-01,2922.47,2444.02,3400.92,ARIMA,354.41,288.4,10.41,2024-08-01T00:00:00+00:00
12,33,2025-08-01,2911.54,2415.37,3407.71,ARIMA,354.41,288.4,10.41,2024-08-01T00:00:00+00:00
12,33,2025-09-01,2900.61,2386.72,3414.5,ARIMA,354.41,288.4,10.41,2024-08-01T00:00:00+00:00
12,33,2025-10-01,2889.68,2358.07,3421.29,ARIMA,354.41,288.4,10.41,2024-08-01T00:00:00+00:00
12,33,2025-11-01,2878.74,2329.41,3428.07,ARIMA,354.41,288.4,10.41,2024-08-01T00:00:00+00:00
12,33,2025-12-01,2867.81,2300.76,3434.86,ARIMA,354.41,288.4,10.41,2024-08-01T00:00:00+00:00
13,33,2025-01-01,3302.4,2989.11,3615.69,ARIMA,298.37,239.09,7.62,2024-08-01T00:00:00+00:00
13,33,2025-02-01,3265.87,2937.66,3594.08,ARIMA,298.37,239.09,7.62,2024-08-01T00:00:00+00:00
13,33,2025-03-01,3229.34,2886.21,3572.47,ARIMA,298.37,239.09,7.62,2024-08-01T00:00:00+00:00
13,33,2025-04-01,3192.81,2834.76,3550.86,ARIMA,298.37,239.09,7.62,2024-08-01T00:00:00+00:00
13,33,2025-05-01,3156.28,2783.31,3529.25,ARIMA,298.37,239.09,7.62,2024-08-01T00:00:00+00:00
13,33,2025-06-01,3119.75,2731.86,3507.64,ARIMA,298.37,239.09,7.62,2024-08-01T00:00:00+00:00
13,33,2025-07-01,3083.22,2680.42,3486.02,ARIMA,298.37,239.09,7.62,2024-08-01T00:00:00+00:00
13,33,2025-08-01,3046.69,2628.97,3464.41,ARIMA,298.37,239.09,7.62,2024-08-01T00:00:00+00:00
13,33,2025-09-01,3010.16,2577.52,3442.8,ARIMA,298.37,239.09,7.62,2024-08-01T00:00:00+00:00
13,33,2025-10-01,2973.63,2526.07,3421.19,ARIMA,298.37,239.09,7.62,2024-08-01T00:00:00+00:00
13,33,2025-11-01,2937.09,2474.61,3399.57,ARIMA,298.37,239.09,7.62,2024-08-01T00:00:00+00:00
13,33,2025-12-01,2900.56,2423.16,3377.96,ARIMA,298.37,239.09,7.62,2024-08-01T00:00:00+00:00
14,33,2025-01-01,3218.15,2842.79,3593.51,ExponentialSmoothing,357.48,279.36,8.42,2024-08-01T00:00:00+00:00
14,33,2025-02-01,3216.5,2823.27,3609.73,ExponentialSmoothing,357.48,279.36,8.42,2024-08-01T00:00:00+00:00
14,33,2025-03-01,3214.85,2803.74,3625.96,ExponentialSmoothing,357.48,279.36,8.42,2024-08-01T00:00:00+00:00
14,33,2025-04-01,3213.21,2784.23,3642.19,ExponentialSmoothing,357.48,279.36,8.42,2024-08-01T00:00:00+00:00
14,33,2025-05-01,3211.56,2764.71,3658.41,ExponentialSmoothing,357.48,279.36,8.42,2024-08-01T00:00:00+00:00
14,33,2025-06-01,3209.91,2745.18,3674.64,ExponentialSmoothing,357.48,279.36,8.42,2024-08-01T00:00:00+00:00
14,33,2025-07-01,3208.27,2725.67,3690.87,ExponentialSmoothing,357.48,279.36,8.42,2024-08-01T00:00:00+00:00
14,33,2025-08-01,3206.62,2706.14,3707.1,ExponentialSmoothing,357.48,279.36,8.42,2024-08-01T00:00:00+00:00
14,33,2025-09-01,3204.97,2686.62,3723.32,ExponentialSmoothing,357.48,279.36,8.42,2024-08-01T00:00:00+00:00
14,33,2025-10-01,3203.32,2667.1,3739.54,ExponentialSmoothing,357.48,279.36,8.42,2024-08-01T00:00:00+00:00
14,33,2025-11-01,3201.68,2647.58,3755.78,ExponentialSmoothing,357.48,279.36,8.42,2024-08-01T00:00:00+00:00
14,33,2025-12-01,3200.03,2628.06,3772.0,ExponentialSmoothing,357.48,279.36,8.42,2024-08-01T00:00:00+00:00
15,33,2025-01-01,3498.95,3019.63,3978.27,ARIMA,456.5,333.25,9.48,2024-08-01T00:00:00+00:00
15,33,2025-02-01,3515.31,3013.16,4017.46,ARIMA,456.5,333.25,9.48,2024-08-01T00:00:00+00:00
15,33,2025-03-01,3531.67,3006.7,4056.64,ARIMA,456.5,333.25,9.48,2024-08-01T00:00:00+00:00
15,33,2025-04-01,3548.03,3000.23,4095.83,ARIMA,456.5,333.25,9.48,2024-08-01T00:00:00+00:00
15,33,2025-05-01,3564.39,2993.77,4135.01,ARIMA,456.5,333.25,9.48,2024-08-01T00:00:00+00:00
15,33,2025-06-01,3580.76,2987.31,4174.21,ARIMA,456.5,333.25,9.48,2024-08-01T00:00:00+00:00
15,33,2025-07-01,3597.12,2980.85,4213.39,ARIMA,456.5,333.25,9.48,2024-08-01T00:00:00+00:00
15,33,2025-08-01,3613.48,2974.38,4252.58,ARIMA,456.5,333.25,9.48,2024-08-01T00:00:00+00:00
15,33,2025-09-01,3629.84,2967.92,4291.76,ARIMA,456.5,333.25,9.48,2024-08-01T00:00:00+00:00
15,33,2025-10-01,3646.2,2961.45,4330.95,ARIMA,456.5,333.25,9.48,2024-08-01T00:00:00+00:00
15,33,2025-11-01,3662.57,2955.0,4370.14,ARIMA,456.5,333.25,9.48,2024-08-01T00:00:00+00:00
15,33,2025-12-01,3678.93,2948.53,4409.33,ARIMA,456.5,333.25,9.48,2024-08-01T00:00:00+00:00
16,33,2025-01-01,3475.28,3121.47,3829.09,ExponentialSmoothing,336.96,294.59,8.46,2024-08-01T00:00:00+00:00
16,33,2025-02-01,3476.8,3106.14,3847.46,ExponentialSmoothing,336.96,294.59,8.46,2024-08-01T00:00:00+00:00
16,33,2025-03-01,3478.33,3090.82,3865.84,ExponentialSmoothing,336.96,294.59,8.46,2024-08-01T00:00:00+00:00
16,33,2025-04-01,3479.86,3075.5,3884.22,ExponentialSmoothing,336.96,294.59,8.46,2024-08-01T00:00:00+00:00
16,33,2025-05-01,3481.38,3060.18,3902.58,ExponentialSmoothing,336.96,294.59,8.46,2024-08-01T00:00:00+00:00
16,33,2025-06-01,3482.91,3044.86,3920.96,ExponentialSmoothing,336.96,294.59,8.46,2024-08-01T00:00:00+00:00
16,33,2025-07-01,3484.43,3029.53,3939.33,ExponentialSmoothing,336.96,294.59,8.46,2024-08-01T00:00:00+00:00
16,33,2025-08-01,3485.96,3014.21,3957.71,ExponentialSmoothing,336.96,294.59,8.46,2024-08-01T00:00:00+00:00
16,33,2025-09-01,3487.48,2998.88,3976.08,ExponentialSmoothing,336.96,294.59,8.46,2024-08-01T00:00:00+00:00
16,33,2025-10-01,3489.01,2983.57,3994.45,ExponentialSmoothing,336.96,294.59,8.46,2024-08-01T00:00:00+00:00
16,33,2025-11-01,3490.53,2968.24,4012.82,ExponentialSmoothing,336.96,294.59,8.46,2024-08-01T00:00:00+00:00
16,33,2025-12-01,3492.06,2952.92,4031.2,ExponentialSmoothing,336.96,294.59,8.46,2024-08-01T00:00:00+00:00
17,33,2025-01-01,3551.9,3124.11,3979.69,ARIMA,407.42,343.74,10.09,2024-08-01T00:00:00+00:00
17,33,2025-02-01,3571.06,3122.9,4019.22,ARIMA,407.42,343.74,10.09,2024-08-01T00:00:00+00:00
17,33,2025-03-01,3590.22,3121.69,4058.75,ARIMA,407.42,343.74,10.09,2024-08-01T00:00:00+00:00
17,33,2025-04-01,3609.38,3120.48,4098.28,ARIMA,407.42,343.74,10.09,2024-08-01T00:00:00+00:00
17,33,2025-05-01,3628.54,3119.27,4137.81,ARIMA,407.42,343.74,10.09,2024-08-01T00:00:00+00:00
17,33,2025-06-01,3647.7,3118.06,4177.34,ARIMA,407.42,343.74,10.09,2024-08-01T00:00:00+00:00
17,33,2025-07-01,3666.86,3116.84,4216.88,ARIMA,407.42,343.74,10.09,2024-08-01T00:00:00+00:00
17,33,2025-08-01,3686.02,3115.63,4256.41,ARIMA,407.42,343.74,10.09,2024-08-01T00:00:00+00:00
17,33,2025-09-01,3705.18,3114.42,4295.94,ARIMA,407.42,343.74,10.09,2024-08-01T00:00:00+00:00
17,33,2025-10-01,3724.34,3113.21,4335.47,ARIMA,407.42,343.74,10.09,2024-08-01T00:00:00+00:00
17,33,2025-11-01,3743.5,3112.0,4375.0,ARIMA,407.42,343.74,10.09,2024-08-01T00:00:00+00:00
17,33,2025-12-01,3762.66,3110.79,4414.53,ARIMA,407.42,343.74,10.09,2024-08-01T00:00:00+00:00
18,33,2025-01-01,3416.13,3052.97,3779.29,ARIMA,345.87,277.93,7.79,2024-08-01T00:00:00+00:00
18,33,2025-02-01,3411.47,3031.02,3791.92,ARIMA,345.87,277.93,7.79,2024-08-01T00:00:00+00:00
18,33,2025-03-01,3406.82,3009.07,3804.57,ARIMA,345.87,277.93,7.79,2024-08-01T00:00:00+00:00
18,33,2025-04-01,3402.17,2987.13,3817.21,ARIMA,345.87,277.93,7.79,2024-08-01T00:00:00+00:00
18,33,2025-05-01,3397.52,2965.19,3829.85,ARIMA,345.87,277.93,7.79,2024-08-01T00:00:00+00:00
18,33,2025-06-01,3392.87,2943.24,3842.5,ARIMA,345.87,277.93,7.79,2024-08-01T00:00:00+00:00
18,33,2025-07-01,3388.22,2921.3,3855.14,ARIMA,345.87,277.93,7.79,2024-08-01T00:00:00+00:00
18,33,2025-08-01,3383.57,2899.36,3867.78,ARIMA,345.87,277.93,7.79,2024-08-01T00:00:00+00:00
18,33,2025-09-01,3378.91,2877.4,3880.42,ARIMA,345.87,277.93,7.79,2024-08-01T00:00:00+00:00
18,33,2025-10-01,3374.26,2855.46,3893.06,ARIMA,345.87,277.93,7.79,2024-08-01T00:00:00+00:00
18,33,2025-11-01,3369.61,2833.52,3905.7,ARIMA,345.87,277.93,7.79,2024-08-01T00:00:00+00:00
18,33,2025-12-01,3364.96,2811.57,3918.35,ARIMA,345.87,277.93,7.79,2024-08-01T00:00:00+00:00
19,33,2025-01-01,3174.36,2473.5,3875.22,ARIMA,667.49,591.06,19.16,2024-08-01T00:00:00+00:00
19,33,2025-02-01,3166.36,2432.12,3900.6,ARIMA,667.49,591.06,19.16,2024-08-01T00:00:00+00:00
19,33,2025-03-01,3158.35,2390.74,3925.96,ARIMA,667.49,591.06,19.16,2024-08-01T00:00:00+00:00
19,33,2025-04-01,3150.35,2349.37,3951.33,ARIMA,667.49,591.06,19.16,2024-08-01T00:00:00+00:00
19,33,2025-05-01,3142.34,2307.98,3976.7,ARIMA,667.49,591.06,19.16,2024-08-01T00:00:00+00:00
19,33,2025-06-01,3134.33,2266.6,4002.06,ARIMA,667.49,591.06,19.16,2024-08-01T00:00:00+00:00
19,33,2025-07-01,3126.33,2225.22,4027.44,ARIMA,667.49,591.06,19.16,2024-08-01T00:00:00+00:00
19,33,2025-08-01,3118.32,2183.84,4052.8,ARIMA,667.49,591.06,19.16,2024-08-01T00:00:00+00:00
19,33,2025-09-01,3110.32,2142.46,4078.18,ARIMA,667.49,591.06,19.16,2024-08-01T00:00:00+00:00
19,33,2025-10-01,3102.31,2101.08,4103.54,ARIMA,667.49,591.06,19.16,2024-08-01T00:00:00+00:00
19,33,2025-11-01,3094.31,2059.7,4128.92,ARIMA,667.49,591.06,19.16,2024-08-01T00:00:00+00:00
19,33,2025-12-01,3086.3,2018.32,4154.28,ARIMA,667.49,591.06,19.16,2024-08-01T00:00:00+00:00
20,33,2025-01-01,3461.46,2915.1,4007.82,ARIMA,520.35,422.34,12.81,2024-08-01T00:00:00+00:00
20,33,2025-02-01,3470.44,2898.06,4042.82,ARIMA,520.35,422.34,12.81,2024-08-01T00:00:00+00:00
20,33,2025-03-01,3479.42,2881.02,4077.82,ARIMA,520.35,422.34,12.81,2024-08-01T00:00:00+00:00
20,33,2025-04-01,3488.4,2863.98,4112.82,ARIMA,520.35,422.34,12.81,2024-08-01T00:00:00+00:00
20,33,2025-05-01,3497.38,2846.95,4147.81,ARIMA,520.35,422.34,12.81,2024-08-01T00:00:00+00:00
20,33,2025-06-01,3506.36,2829.91,4182.81,ARIMA,520.35,422.34,12.81,2024-08-01T00:00:00+00:00
20,33,2025-07-01,3515.34,2812.87,4217.81,ARIMA,520.35,422.34,12.81,2024-08-01T00:00:00+00:00
20,33,2025-08-01,3524.32,2795.83,4252.81,ARIMA,520.35,422.34,12.81,2024-08-01T00:00:00+00:00
20,33,2025-09-01,3533.31,2778.81,4287.81,ARIMA,520.35,422.34,12.81,2024-08-01T00:00:00+00:00
20,33,2025-10-01,3542.29,2761.77,4322.81,ARIMA,520.35,422.34,12.81,2024-08-01T00:00:00+00:00
20,33,2025-11-01,3551.27,2744.73,4357.81,ARIMA,520.35,422.34,12.81,2024-08-01T00:00:00+00:00
20,33,2025-12-01,3560.25,2727.7,4392.8,ARIMA,520.35,422.34,12.81,2024-08-01T00:00:00+00:00
21,33,2025-01-01,3450.42,3172.9,3727.94,ARIMA,264.3,212.58,6.01,2024-08-01T00:00:00+00:00
21,33,2025-02-01,3440.04,3149.31,3730.77,ARIMA,264.3,212.58,6.01,2024-08-01T00:00:00+00:00
21,33,2025-03-01,3429.67,3125.72,3733.62,ARIMA,264.3,212.58,6.01,2024-08-01T00:00:00+00:00
21,33,2025-04-01,3419.3,3102.14,3736.46,ARIMA,264.3,212.58,6.01,2024-08-01T00:00:00+00:00
21,33,2025-05-01,3408.93,3078.55,3739.31,ARIMA,264.3,212.58,6.01,2024-08-01T00:00:00+00:00
21,33,2025-06-01,3398.55,3054.96,3742.14,ARIMA,264.3,212.58,6.01,2024-08-01T00:00:00+00:00
21,33,2025-07-01,3388.18,3031.37,3744.99,ARIMA,264.3,212.58,6.01,2024-08-01T00:00:00+00:00
21,33,2025-08-01,3377.81,3007.79,3747.83,ARIMA,264.3,212.58,6.01,2024-08-01T00:00:00+00:00
21,33,2025-09-01,3367.44,2984.2,3750.68,ARIMA,264.3,212.58,6.01,2024-08-01T00:00:00+00:00
21,33,2025-10-01,3357.06,2960.61,3753.51,ARIMA,264.3,212.58,6.01,2024-08-01T00:00:00+00:00
21,33,2025-11-01,3346.69,2937.02,3756.36,ARIMA,264.3,212.58,6.01,2024-08-01T00:00:00+00:00
21,33,2025-12-01,3336.32,2913.43,3759.21,ARIMA,264.3,212.58,6.01,2024-08-01T00:00:00+00:00
22,33,2025-01-01,3441.9,3006.16,3877.64,ARIMA,414.99,338.64,10.05,2024-08-01T00:00:00+00:00
22,33,2025-02-01,3431.35,2974.86,3887.84,ARIMA,414.99,338.64,10.05,2024-08-01T00:00:00+00:00
22,33,2025-03-01,3420.81,2943.57,3898.05,ARIMA,414.99,338.64,10.05,2024-08-01T00:00:00+00:00
22,33,2025-04-01,3410.26,2912.27,3908.25,ARIMA,414.99,338.64,10.05,2024-08-01T00:00:00+00:00
22,33,2025-05-01,3399.71,2880.97,3918.45,ARIMA,414.99,338.64,10.05,2024-08-01T00:00:00+00:00
22,33,2025-06-01,3389.17,2849.68,3928.66,ARIMA,414.99,338.64,10.05,2024-08-01T00:00:00+00:00
22,33,2025-07-01,3378.62,2818.38,3938.86,ARIMA,414.99,338.64,10.05,2024-08-01T00:00:00+00:00
22,33,2025-08-01,3368.08,2787.09,3949.07,ARIMA,414.99,338.64,10.05,2024-08-01T00:00:00+00:00
22,33,2025-09-01,3357.53,2755.79,3959.27,ARIMA,414.99,338.64,10.05,2024-08-01T00:00:00+00:00
22,33,2025-10-01,3346.99,2724.5,3969.48,ARIMA,414.99,338.64,10.05,2024-08-01T00:00:00+00:00
22,33,2025-11-01,3336.44,2693.2,3979.68,ARIMA,414.99,338.64,10.05,2024-08-01T00:00:00+00:00
22,33,2025-12-01,3325.89,2661.9,3989.88,ARIMA,414.99,338.64,10.05,2024-08-01T00:00:00+00:00
23,33,2025-01-01,3061.84,2673.96,3449.72,ARIMA,369.41,266.69,8.71,2024-08-01T00:00:00+00:00
23,33,2025-02-01,3040.31,2633.96,3446.66,ARIMA,369.41,266.69,8.71,2024-08-01T00:00:00+00:00
23,33,2025-03-01,3018.79,2593.97,3443.61,ARIMA,369.41,266.69,8.71,2024-08-01T00:00:00+00:00
23,33,2025-04-01,2997.27,2553.98,3440.56,ARIMA,369.41,266.69,8.71,2024-08-01T00:00:00+00:00
23,33,2025-05-01,2975.75,2513.99,3437.51,ARIMA,369.41,266.69,8.71,2024-08-01T00:00:00+00:00
23,33,2025-06-01,2954.23,2474.0,3434.46,ARIMA,369.41,266.69,8.71,2024-08-01T00:00:00+00:00
23,33,2025-07-01,2932.71,2434.0,3431.42,ARIMA,369.41,266.69,8.71,2024-08-01T00:00:00+00:00
23,33,2025-08-01,2911.19,2394.01,3428.37,ARIMA,369.41,266.69,8.71,2024-08-01T00:00:00+00:00
23,33,2025-09-01,2889.67,2354.02,3425.32,ARIMA,369.41,266.69,8.71,2024-08-01T00:00:00+00:00
23,33,2025-10-01,2868.15,2314.03,3422.27,ARIMA,369.41,266.69,8.71,2024-08-01T00:00:00+00:00
23,33,2025-11-01,2846.63,2274.04,3419.22,ARIMA,369.41,266.69,8.71,2024-08-01T00:00:00+00:00
23,33,2025-12-01,2825.11,2234.05,3416.17,ARIMA,369.41,266.69,8.71,2024-08-01T00:00:00+00:00
24,33,2025-01-01,3089.69,2601.17,3578.21,ARIMA,465.26,390.69,13.32,2024-08-01T00:00:00+00:00
24,33,2025-02-01,3073.7,2561.92,3585.48,ARIMA,465.26,390.69,13.32,2024-08-01T00:00:00+00:00
24,33,2025-03-01,3057.71,2522.66,3592.76,ARIMA,465.26,390.69,13.32,2024-08-01T00:00:00+00:00
24,33,2025-04-01,3041.73,2483.42,3600.04,ARIMA,465.26,390.69,13.32,2024-08-01T00:00:00+00:00
24,33,2025-05-01,3025.74,2444.17,3607.31,ARIMA,465.26,390.69,13.32,2024-08-01T00:00:00+00:00
24,33,2025-06-01,3009.75,2404.92,3614.58,ARIMA,465.26,390.69,13.32,2024-08-01T00:00:00+00:00
24,33,2025-07-01,2993.76,2365.66,3621.86,ARIMA,465.26,390.69,13.32,2024-08-01T00:00:00+00:00
24,33,2025-08-01,2977.77,2326.41,3629.13,ARIMA,465.26,390.69,13.32,2024-08-01T00:00:00+00:00
24,33,2025-09-01,2961.79,2287.17,3636.41,ARIMA,465.26,390.69,13.32,2024-08-01T00:00:00+00:00
24,33,2025-10-01,2945.8,2247.92,3643.68,ARIMA,465.26,390.69,13.32,2024-08-01T00:00:00+00:00
24,33,2025-11-01,2929.81,2208.66,3650.96,ARIMA,465.26,390.69,13.32,2024-08-01T00:00:00+00:00
24,33,2025-12-01,2913.82,2169.41,3658.23,ARIMA,465.26,390.69,13.32,2024-08-01T00:00:00+00:00
25,33,2025-01-01,3164.05,2532.03,3796.07,ARIMA,601.93,533.33,17.08,2024-08-01T00:00:00+00:00
25,33,2025-02-01,3152.97,2490.85,3815.09,ARIMA,601.93,533.33,17.08,2024-08-01T00:00:00+00:00
25,33,2025-03-01,3141.9,2449.69,3834.11,ARIMA,601.93,533.33,17.08,2024-08-01T00:00:00+00:00
25,33,2025-04-01,3130.82,2408.51,3853.13,ARIMA,601.93,533.33,17.08,2024-08-01T00:00:00+00:00
25,33,2025-05-01,3119.75,2367.34,3872.16,ARIMA,601.93,533.33,17.08,2024-08-01T00:00:00+00:00
25,33,2025-06-01,3108.68,2326.18,3891.18,ARIMA,601.93,533.33,17.08,2024-08-01T00:00:00+00:00
25,33,2025-07-01,3097.6,2285.0,3910.2,ARIMA,601.93,533.33,17.08,2024-08-01T00:00:00+00:00
25,33,2025-08-01,3086.53,2243.83,3929.23,ARIMA,601.93,533.33,17.08,2024-08-01T00:00:00+00:00
25,33,2025-09-01,3075.45,2202.66,3948.24,ARIMA,601.93,533.33,17.08,2024-08-01T00:00:00+00:00
25,33,2025-10-01,3064.38,2161.49,3967.27,ARIMA,601.93,533.33,17.08,2024-08-01T00:00:00+00:00
25,33,2025-11-01,3053.3,2120.31,3986.29,ARIMA,601.93,533.33,17.08,2024-08-01T00:00:00+00:00
25,33,2025-12-01,3042.23,2079.15,4005.31,ARIMA,601.93,533.33,17.08,2024-08-01T00:00:00+00:00
26,33,2025-01-01,3203.27,2826.12,3580.42,ARIMA,359.19,282.76,8.29,2024-08-01T00:00:00+00:00
26,33,2025-02-01,3158.23,2763.12,3553.34,ARIMA,359.19,282.76,8.29,2024-08-01T00:00:00+00:00
26,33,2025-03-01,3113.2,2700.13,3526.27,ARIMA,359.19,282.76,8.29,2024-08-01T00:00:00+00:00
26,33,2025-04-01,3068.16,2637.13,3499.19,ARIMA,359.19,282.76,8.29,2024-08-01T00:00:00+00:00
26,33,2025-05-01,3023.13,2574.14,3472.12,ARIMA,359.19,282.76,8.29,2024-08-01T00:00:00+00:00
26,33,2025-06-01,2978.1,2511.15,3445.05,ARIMA,359.19,282.76,8.29,2024-08-01T00:00:00+00:00
26,33,2025-07-01,2933.06,2448.15,3417.97,ARIMA,359.19,282.76,8.29,2024-08-01T00:00:00+00:00
26,33,2025-08-01,2888.03,2385.16,3390.9,ARIMA,359.19,282.76,8.29,2024-08-01T00:00:00+00:00
26,33,2025-09-01,2842.99,2322.16,3363.82,ARIMA,359.19,282.76,8.29,2024-08-01T00:00:00+00:00
26,33,2025-10-01,2797.96,2259.17,3336.75,ARIMA,359.19,282.76,8.29,2024-08-01T00:00:00+00:00
26,33,2025-11-01,2752.92,2196.17,3309.67,ARIMA,359.19,282.76,8.29,2024-08-01T00:00:00+00:00
26,33,2025-12-01,2707.89,2133.18,3282.6,ARIMA,359.19,282.76,8.29,2024-08-01T00:00:00+00:00
27,33,2025-01-01,3511.47,3086.95,3935.99,ARIMA,404.3,335.62,10.6,2024-08-01T00:00:00+00:00
27,33,2025-02-01,3549.15,3104.42,3993.88,ARIMA,404.3,335.62,10.6,2024-08-01T00:00:00+00:00
27,33,2025-03-01,3586.84,3121.89,4051.79,ARIMA,404.3,335.62,10.6,2024-08-01T00:00:00+00:00
27,33,2025-04-01,3624.52,3139.36,4109.68,ARIMA,404.3,335.62,10.6,2024-08-01T00:00:00+00:00
27,33,2025-05-01,3662.21,3156.83,4167.59,ARIMA,404.3,335.62,10.6,2024-08-01T00:00:00+00:00
27,33,2025-06-01,3699.89,3174.3,4225.48,ARIMA,404.3,335.62,10.6,2024-08-01T00:00:00+00:00
27,33,2025-07-01,3737.57,3191.76,4283.38,ARIMA,404.3,335.62,10.6,2024-08-01T00:00:00+00:00
27,33,2025-08-01,3775.26,3209.24,4341.28,ARIMA,404.3,335.62,10.6,2024-08-01T00:00:00+00:00
27,33,2025-09-01,3812.94,3226.7,4399.18,ARIMA,404.3,335.62,10.6,2024-08-01T00:00:00+00:00
27,33,2025-10-01,3850.63,3244.18,4457.08,ARIMA,404.3,335.62,10.6,2024-08-01T00:00:00+00:00
27,33,2025-11-01,3888.31,3261.64,4514.98,ARIMA,404.3,335.62,10.6,2024-08-01T00:00:00+00:00
27,33,2025-12-01,3925.99,3279.11,4572.87,ARIMA,404.3,335.62,10.6,2024-08-01T00:00:00+00:00
28,33,2025-01-01,3028.47,2459.68,3597.26,ARIMA,541.7,457.37,15.68,2024-08-01T00:00:00+00:00
28,33,2025-02-01,3035.65,2439.78,3631.52,ARIMA,541.7,457.37,15.68,2024-08-01T00:00:00+00:00
28,33,2025-03-01,3042.83,2419.87,3665.79,ARIMA,541.7,457.37,15.68,2024-08-01T00:00:00+00:00
28,33,2025-04-01,3050.01,2399.97,3700.05,ARIMA,541.7,457.37,15.68,2024-08-01T00:00:00+00:00
28,33,2025-05-01,3057.2,2380.07,3734.33,ARIMA,541.7,457.37,15.68,2024-08-01T00:00:00+00:00
28,33,2025-06-01,3064.38,2360.17,3768.59,ARIMA,541.7,457.37,15.68,2024-08-01T00:00:00+00:00
28,33,2025-07-01,3071.56,2340.26,3802.86,ARIMA,541.7,457.37,15.68,2024-08-01T00:00:00+00:00
28,33,2025-08-01,3078.74,2320.36,3837.12,ARIMA,541.7,457.37,15.68,2024-08-01T00:00:00+00:00
28,33,2025-09-01,3085.93,2300.46,3871.4,ARIMA,541.7,457.37,15.68,2024-08-01T00:00:00+00:00
28,33,2025-10-01,3093.11,2280.56,3905.66,ARIMA,541.7,457.37,15.68,2024-08-01T00:00:00+00:00
28,33,2025-11-01,3100.29,2260.65,3939.93,ARIMA,541.7,457.37,15.68,2024-08-01T00:00:00+00:00
28,33,2025-12-01,3107.47,2240.75,3974.19,ARIMA,541.7,457.37,15.68,2024-08-01T00:00:00+00:00
29,33,2025-01-01,3177.86,2706.71,3649.01,ExponentialSmoothing,448.71,347.42,11.39,2024-08-01T00:00:00+00:00
29,33,2025-02-01,3178.23,2684.65,3671.81,ExponentialSmoothing,448.71,347.42,11.39,2024-08-01T00:00:00+00:00
29,33,2025-03-01,3178.61,2662.59,3694.63,ExponentialSmoothing,448.71,347.42,11.39,2024-08-01T00:00:00+00:00
29,33,2025-04-01,3178.98,2640.53,3717.43,ExponentialSmoothing,448.71,347.42,11.39,2024-08-01T00:00:00+00:00
29,33,2025-05-01,3179.36,2618.47,3740.25,ExponentialSmoothing,448.71,347.42,11.39,2024-08-01T00:00:00+00:00
29,33,2025-06-01,3179.73,2596.4,3763.06,ExponentialSmoothing,448.71,347.42,11.39,2024-08-01T00:00:00+00:00
29,33,2025-07-01,3180.1,2574.34,3785.86,ExponentialSmoothing,448.71,347.42,11.39,2024-08-01T00:00:00+00:00
29,33,2025-08-01,3180.48,2552.28,3808.68,ExponentialSmoothing,448.71,347.42,11.39,2024-08-01T00:00:00+00:00
29,33,2025-09-01,3180.85,2530.22,3831.48,ExponentialSmoothing,448.71,347.42,11.39,2024-08-01T00:00:00+00:00
29,33,2025-10-01,3181.22,2508.15,3854.29,ExponentialSmoothing,448.71,347.42,11.39,2024-08-01T00:00:00+00:00
29,33,2025-11-01,3181.6,2486.1,3877.1,ExponentialSmoothing,448.71,347.42,11.39,2024-08-01T00:00:00+00:00
29,33,2025-12-01,3181.97,2464.03,3899.91,ExponentialSmoothing,448.71,347.42,11.39,2024-08-01T00:00:00+00:00
30,33,2025-01-01,3652.73,2990.36,4315.1,ARIMA,630.83,536.45,15.9,2024-08-01T00:00:00+00:00
30,33,2025-02-01,3658.07,2964.15,4351.99,ARIMA,630.83,536.45,15.9,2024-08-01T00:00:00+00:00
30,33,2025-03-01,3663.4,2937.94,4388.86,ARIMA,630.83,536.45,15.9,2024-08-01T00:00:00+00:00
30,33,2025-04-01,3668.73,2911.73,4425.73,ARIMA,630.83,536.45,15.9,2024-08-01T00:00:00+00:00
30,33,2025-05-01,3674.06,2885.52,4462.6,ARIMA,630.83,536.45,15.9,2024-08-01T00:00:00+00:00
30,33,2025-06-01,3679.4,2859.32,4499.48,ARIMA,630.83,536.45,15.9,2024-08-01T00:00:00+00:00
30,33,2025-07-01,3684.73,2833.11,4536.35,ARIMA,630.83,536.45,15.9,2024-08-01T00:00:00+00:00
30,33,2025-08-01,3690.06,2806.89,4573.23,ARIMA,630.83,536.45,15.9,2024-08-01T00:00:00+00:00
30,33,2025-09-01,3695.39,2780.68,4610.1,ARIMA,630.83,536.45,15.9,2024-08-01T00:00:00+00:00
30,33,2025-10-01,3700.73,2754.48,4646.98,ARIMA,630.83,536.45,15.9,2024-08-01T00:00:00+00:00
30,33,2025-11-01,3706.06,2728.27,4683.85,ARIMA,630.83,536.45,15.9,2024-08-01T00:00:00+00:00
30,33,2025-12-01,3711.39,2702.06,4720.72,ARIMA,630.83,536.45,15.9,2024-08-01T00:00:00+00:00
31,33,2025-01-01,3298.98,2786.99,3810.97,ARIMA,487.61,409.89,13.44,2024-08-01T00:00:00+00:00
31,33,2025-02-01,3311.56,2775.19,3847.93,ARIMA,487.61,409.89,13.44,2024-08-01T00:00:00+00:00
31,33,2025-03-01,3324.13,2763.38,3884.88,ARIMA,487.61,409.89,13.44,2024-08-01T00:00:00+00:00
31,33,2025-04-01,3336.7,2751.57,3921.83,ARIMA,487.61,409.89,13.44,2024-08-01T00:00:00+00:00
31,33,2025-05-01,3349.28,2739.77,3958.79,ARIMA,487.61,409.89,13.44,2024-08-01T00:00:00+00:00
31,33,2025-06-01,3361.85,2727.95,3995.75,ARIMA,487.61,409.89,13.44,2024-08-01T00:00:00+00:00
31,33,2025-07-01,3374.42,2716.14,4032.7,ARIMA,487.61,409.89,13.44,2024-08-01T00:00:00+00:00
31,33,2025-08-01,3387.0,2704.34,4069.66,ARIMA,487.61,409.89,13.44,2024-08-01T00:00:00+00:00
31,33,2025-09-01,3399.57,2692.53,4106.61,ARIMA,487.61,409.89,13.44,2024-08-01T00:00:00+00:00
31,33,2025-10-01,3412.14,2680.72,4143.56,ARIMA,487.61,409.89,13.44,2024-08-01T00:00:00+00:00
31,33,2025-11-01,3424.72,2668.92,4180.52,ARIMA,487.61,409.89,13.44,2024-08-01T00:00:00+00:00
31,33,2025-12-01,3437.29,2657.11,4217.47,ARIMA,487.61,409.89,13.44,2024-08-01T00:00:00+00:00
32,33,2025-01-01,3497.23,3037.11,3957.35,ARIMA,438.21,372.02,11.33,2024-08-01T00:00:00+00:00
32,33,2025-02-01,3508.82,3026.79,3990.85,ARIMA,438.21,372.02,11.33,2024-08-01T00:00:00+00:00
32,33,2025-03-01,3520.4,3016.46,4024.34,ARIMA,438.21,372.02,11.33,2024-08-01T00:00:00+00:00
32,33,2025-04-01,3531.99,3006.14,4057.84,ARIMA,438.21,372.02,11.33,2024-08-01T00:00:00+00:00
32,33,2025-05-01,3543.57,2995.81,4091.33,ARIMA,438.21,372.02,11.33,2024-08-01T00:00:00+00:00
32,33,2025-06-01,3555.16,2985.49,4124.83,ARIMA,438.21,372.02,11.33,2024-08-01T00:00:00+00:00
32,33,2025-07-01,3566.74,2975.16,4158.32,ARIMA,438.21,372.02,11.33,2024-08-01T00:00:00+00:00
32,33,2025-08-01,3578.32,2964.83,4191.81,ARIMA,438.21,372.02,11.33,2024-08-01T00:00:00+00:00
32,33,2025-09-01,3589.91,2954.51,4225.31,ARIMA,438.21,372.02,11.33,2024-08-01T00:00:00+00:00
32,33,2025-10-01,3601.49,2944.18,4258.8,ARIMA,438.21,372.02,11.33,2024-08-01T00:00:00+00:00
32,33,2025-11-01,3613.08,2933.86,4292.3,ARIMA,438.21,372.02,11.33,2024-08-01T00:00:00+00:00
32,33,2025-12-01,3624.66,2923.53,4325.79,ARIMA,438.21,372.02,11.33,2024-08-01T00:00:00+00:00
33,33,2025-01-01,3115.35,2644.91,3585.79,ExponentialSmoothing,448.03,386.43,12.59,2024-08-01T00:00:00+00:00
33,33,2025-02-01,3116.2,2623.36,3609.04,ExponentialSmoothing,448.03,386.43,12.59,2024-08-01T00:00:00+00:00
33,33,2025-03-01,3117.06,2601.82,3632.3,ExponentialSmoothing,448.03,386.43,12.59,2024-08-01T00:00:00+00:00
33,33,2025-04-01,3117.91,2580.27,3655.55,ExponentialSmoothing,448.03,386.43,12.59,2024-08-01T00:00:00+00:00
33,33,2025-05-01,3118.77,2558.73,3678.81,ExponentialSmoothing,448.03,386.43,12.59,2024-08-01T00:00:00+00:00
33,33,2025-06-01,3119.63,2537.19,3702.07,ExponentialSmoothing,448.03,386.43,12.59,2024-08-01T00:00:00+00:00
33,33,2025-07-01,3120.48,2515.63,3725.33,ExponentialSmoothing,448.03,386.43,12.59,2024-08-01T00:00:00+00:00
33,33,2025-08-01,3121.34,2494.09,3748.59,ExponentialSmoothing,448.03,386.43,12.59,2024-08-01T00:00:00+00:00
33,33,2025-09-01,3122.19,2472.54,3771.84,ExponentialSmoothing,448.03,386.43,12.59,2024-08-01T00:00:00+00:00
33,33,2025-10-01,3123.05,2451.0,3795.1,ExponentialSmoothing,448.03,386.43,12.59,2024-08-01T00:00:00+00:00
33,33,2025-11-01,3123.9,2429.45,3818.35,ExponentialSmoothing,448.03,386.43,12.59,2024-08-01T00:00:00+00:00
33,33,2025-12-01,3124.76,2407.91,3841.61,ExponentialSmoothing,448.03,386.43,12.59,2024-08-01T00:00:00+00:00
34,33,2025-01-01,3235.85,2821.47,3650.23,ARIMA,394.65,347.76,11.11,2024-08-01T00:00:00+00:00
34,33,2025-02-01,3245.48,2811.36,3679.6,ARIMA,394.65,347.76,11.11,2024-08-01T00:00:00+00:00
34,33,2025-03-01,3255.12,2801.27,3708.97,ARIMA,394.65,347.76,11.11,2024-08-01T00:00:00+00:00
34,33,2025-04-01,3264.76,2791.18,3738.34,ARIMA,394.65,347.76,11.11,2024-08-01T00:00:00+00:00
34,33,2025-05-01,3274.4,2781.09,3767.71,ARIMA,394.65,347.76,11.11,2024-08-01T00:00:00+00:00
34,33,2025-06-01,3284.04,2770.99,3797.09,ARIMA,394.65,347.76,11.11,2024-08-01T00:00:00+00:00
34,33,2025-07-01,3293.68,2760.9,3826.46,ARIMA,394.65,347.76,11.11,2024-08-01T00:00:00+00:00
34,33,2025-08-01,3303.31,2750.8,3855.82,ARIMA,394.65,347.76,11.11,2024-08-01T00:00:00+00:00
34,33,2025-09-01,3312.95,2740.71,3885.19,ARIMA,394.65,347.76,11.11,2024-08-01T00:00:00+00:00
34,33,2025-10-01,3322.59,2730.61,3914.57,ARIMA,394.65,347.76,11.11,2024-08-01T00:00:00+00:00
34,33,2025-11-01,3332.23,2720.52,3943.94,ARIMA,394.65,347.76,11.11,2024-08-01T00:00:00+00:00
34,33,2025-12-01,3341.87,2710.43,3973.31,ARIMA,394.65,347.76,11.11,2024-08-01T00:00:00+00:00
35,33,2025-01-01,3466.91,2915.87,4017.95,ExponentialSmoothing,524.8,443.79,13.19,2024-08-01T00:00:00+00:00
35,33,2025-02-01,3467.49,2890.21,4044.77,ExponentialSmoothing,524.8,443.79,13.19,2024-08-01T00:00:00+00:00
35,33,2025-03-01,3468.08,2864.55,4071.61,ExponentialSmoothing,524.8,443.79,13.19,2024-08-01T00:00:00+00:00
35,33,2025-04-01,3468.66,2838.89,4098.43,ExponentialSmoothing,524.8,443.79,13.19,2024-08-01T00:00:00+00:00
35,33,2025-05-01,3469.25,2813.24,4125.26,ExponentialSmoothing,524.8,443.79,13.19,2024-08-01T00:00:00+00:00
35,33,2025-06-01,3469.83,2787.58,4152.08,ExponentialSmoothing,524.8,443.79,13.19,2024-08-01T00:00:00+00:00
35,33,2025-07-01,3470.42,2761.93,4178.91,ExponentialSmoothing,524.8,443.79,13.19,2024-08-01T00:00:00+00:00
35,33,2025-08-01,3471.0,2736.27,4205.73,ExponentialSmoothing,524.8,443.79,13.19,2024-08-01T00:00:00+00:00
35,33,2025-09-01,3471.59,2710.62,4232.56,ExponentialSmoothing,524.8,443.79,13.19,2024-08-01T00:00:00+00:00
35,33,2025-10-01,3472.17,2684.96,4259.38,ExponentialSmoothing,524.8,443.79,13.19,2024-08-01T00:00:00+00:00
35,33,2025-11-01,3472.76,2659.31,4286.21,ExponentialSmoothing,524.8,443.79,13.19,2024-08-01T00:00:00+00:00
35,33,2025-12-01,3473.34,2633.65,4313.03,ExponentialSmoothing,524.8,443.79,13.19,2024-08-01T00:00:00+00:00
36,33,2025-01-01,3504.67,2896.84,4112.5,ExponentialSmoothing,578.89,447.15,13.44,2024-08-01T00:00:00+00:00
36,33,2025-02-01,3506.7,2869.93,4143.47,ExponentialSmoothing,578.89,447.15,13.44,2024-08-01T00:00:00+00:00
36,33,2025-03-01,3508.73,2843.01,4174.45,ExponentialSmoothing,578.89,447.15,13.44,2024-08-01T00:00:00+00:00
36,33,2025-04-01,3510.76,2816.1,4205.42,ExponentialSmoothing,578.89,447.15,13.44,2024-08-01T00:00:00+00:00
36,33,2025-05-01,3512.79,2789.18,4236.4,ExponentialSmoothing,578.89,447.15,13.44,2024-08-01T00:00:00+00:00
36,33,2025-06-01,3514.81,2762.26,4267.36,ExponentialSmoothing,578.89,447.15,13.44,2024-08-01T00:00:00+00:00
36,33,2025-07-01,3516.84,2735.34,4298.34,ExponentialSmoothing,578.89,447.15,13.44,2024-08-01T00:00:00+00:00
36,33,2025-08-01,3518.87,2708.43,4329.31,ExponentialSmoothing,578.89,447.15,13.44,2024-08-01T00:00:00+00:00
36,33,2025-09-01,3520.9,2681.51,4360.29,ExponentialSmoothing,578.89,447.15,13.44,2024-08-01T00:00:00+00:00
36,33,2025-10-01,3522.93,2654.6,4391.26,ExponentialSmoothing,578.89,447.15,13.44,2024-08-01T00:00:00+00:00
36,33,2025-11-01,3524.96,2627.69,4422.23,ExponentialSmoothing,578.89,447.15,13.44,2024-08-01T00:00:00+00:00
36,33,2025-12-01,3526.99,2600.77,4453.21,ExponentialSmoothing,578.89,447.15,13.44,2024-08-01T00:00:00+00:00
37,33,2025-01-01,3401.33,2983.67,3818.99,ARIMA,397.77,304.13,8.94,2024-08-01T00:00:00+00:00
37,33,2025-02-01,3426.99,2989.45,3864.53,ARIMA,397.77,304.13,8.94,2024-08-01T00:00:00+00:00
37,33,2025-03-01,3452.65,2995.22,3910.08,ARIMA,397.77,304.13,8.94,2024-08-01T00:00:00+00:00
37,33,2025-04-01,3478.31,3000.99,3955.63,ARIMA,397.77,304.13,8.94,2024-08-01T00:00:00+00:00
37,33,2025-05-01,3503.97,3006.76,4001.18,ARIMA,397.77,304.13,8.94,2024-08-01T00:00:00+00:00
37,33,2025-06-01,3529.63,3012.53,4046.73,ARIMA,397.77,304.13,8.94,2024-08-01T00:00:00+00:00
37,33,2025-07-01,3555.29,3018.3,4092.28,ARIMA,397.77,304.13,8.94,2024-08-01T00:00:00+00:00
37,33,2025-08-01,3580.95,3024.08,4137.82,ARIMA,397.77,304.13,8.94,2024-08-01T00:00:00+00:00
37,33,2025-09-01,3606.61,3029.85,4183.37,ARIMA,397.77,304.13,8.94,2024-08-01T00:00:00+00:00
37,33,2025-10-01,3632.27,3035.62,4228.92,ARIMA,397.77,304.13,8.94,2024-08-01T00:00:00+00:00
37,33,2025-11-01,3657.93,3041.39,4274.47,ARIMA,397.77,304.13,8.94,2024-08-01T00:00:00+00:00
37,33,2025-12-01,3683.58,3047.15,4320.01,ARIMA,397.77,304.13,8.94,2024-08-01T00:00:00+00:00
38,33,2025-01-01,3313.64,2877.96,3749.32,ARIMA,414.93,319.04,10.51,2024-08-01T00:00:00+00:00
38,33,2025-02-01,3321.51,2865.08,3777.94,ARIMA,414.93,319.04,10.51,2024-08-01T00:00:00+00:00
38,33,2025-03-01,3329.39,2852.22,3806.56,ARIMA,414.93,319.04,10.51,2024-08-01T00:00:00+00:00
38,33,2025-04-01,3337.26,2839.34,3835.18,ARIMA,414.93,319.04,10.51,2024-08-01T00:00:00+00:00
38,33,2025-05-01,3345.13,2826.46,3863.8,ARIMA,414.93,319.04,10.51,2024-08-01T00:00:00+00:00
38,33,2025-06-01,3353.0,2813.59,3892.41,ARIMA,414.93,319.04,10.51,2024-08-01T00:00:00+00:00
38,33,2025-07-01,3360.87,2800.71,3921.03,ARIMA,414.93,319.04,10.51,2024-08-01T00:00:00+00:00
38,33,2025-08-01,3368.74,2787.83,3949.65,ARIMA,414.93,319.04,10.51,2024-08-01T00:00:00+00:00
38,33,2025-09-01,3376.61,2774.96,3978.26,ARIMA,414.93,319.04,10.51,2024-08-01T00:00:00+00:00
38,33,2025-10-01,3384.49,2762.09,4006.89,ARIMA,414.93,319.04,10.51,2024-08-01T00:00:00+00:00
38,33,2025-11-01,3392.36,2749.21,4035.51,ARIMA,414.93,319.04,10.51,2024-08-01T00:00:00+00:00
38,33,2025-12-01,3400.23,2736.33,4064.13,ARIMA,414.93,319.04,10.51,2024-08-01T00:00:00+00:00
39,33,2025-01-01,3397.33,2683.9,4110.76,ARIMA,679.45,564.52,17.68,2024-08-01T00:00:00+00:00
39,33,2025-02-01,3408.81,2661.41,4156.21,ARIMA,679.45,564.52,17.68,2024-08-01T00:00:00+00:00
39,33,2025-03-01,3420.28,2638.91,4201.65,ARIMA,679.45,564.52,17.68,2024-08-01T00:00:00+00:00
39,33,2025-04-01,3431.75,2616.41,4247.09,ARIMA,679.45,564.52,17.68,2024-08-01T00:00:00+00:00
39,33,2025-05-01,3443.22,2593.9,4292.54,ARIMA,679.45,564.52,17.68,2024-08-01T00:00:00+00:00
39,33,2025-06-01,3454.69,2571.4,4337.98,ARIMA,679.45,564.52,17.68,2024-08-01T00:00:00+00:00
39,33,2025-07-01,3466.16,2548.9,4383.42,ARIMA,679.45,564.52,17.68,2024-08-01T00:00:00+00:00
39,33,2025-08-01,3477.63,2526.4,4428.86,ARIMA,679.45,564.52,17.68,2024-08-01T00:00:00+00:00
39,33,2025-09-01,3489.1,2503.89,4474.31,ARIMA,679.45,564.52,17.68,2024-08-01T00:00:00+00:00
39,33,2025-10-01,3500.57,2481.39,4519.75,ARIMA,679.45,564.52,17.68,2024-08-01T00:00:00+00:00
39,33,2025-11-01,3512.04,2458.89,4565.19,ARIMA,679.45,564.52,17.68,2024-08-01T00:00:00+00:00
39,33,2025-12-01,3523.52,2436.4,4610.64,ARIMA,679.45,564.52,17.68,2024-08-01T00:00:00+00:00
40,33,2025-01-01,3277.7,2851.19,3704.21,ARIMA,406.2,278.81,8.71,2024-08-01T00:00:00+00:00
40,33,2025-02-01,3270.03,2823.21,3716.85,ARIMA,406.2,278.81,8.71,2024-08-01T00:00:00+00:00
40,33,2025-03-01,3262.36,2795.23,3729.49,ARIMA,406.2,278.81,8.71,2024-08-01T00:00:00+00:00
40,33,2025-04-01,3254.69,2767.25,3742.13,ARIMA,406.2,278.81,8.71,2024-08-01T00:00:00+00:00
40,33,2025-05-01,3247.02,2739.27,3754.77,ARIMA,406.2,278.81,8.71,2024-08-01T00:00:00+00:00
40,33,2025-06-01,3239.34,2711.28,3767.4,ARIMA,406.2,278.81,8.71,2024-08-01T00:00:00+00:00
40,33,2025-07-01,3231.67,2683.3,3780.04,ARIMA,406.2,278.81,8.71,2024-08-01T00:00:00+00:00
40,33,2025-08-01,3224.0,2655.32,3792.68,ARIMA,406.2,278.81,8.71,2024-08-01T00:00:00+00:00
40,33,2025-09-01,3216.33,2627.34,3805.32,ARIMA,406.2,278.81,8.71,2024-08-01T00:00:00+00:00
40,33,2025-10-01,3208.66,2599.36,3817.96,ARIMA,406.2,278.81,8.71,2024-08-01T00:00:00+00:00
40,33,2025-11-01,3200.99,2571.38,3830.6,ARIMA,406.2,278.81,8.71,2024-08-01T00:00:00+00:00
40,33,2025-12-01,3193.32,2543.4,3843.24,ARIMA,406.2,278.81,8.71,2024-08-01T00:00:00+00:00
41,33,2025-01-01,3276.21,2883.69,3668.73,ExponentialSmoothing,373.83,290.94,8.93,2024-08-01T00:00:00+00:00
41,33,2025-02-01,3279.25,2868.04,3690.46,ExponentialSmoothing,373.83,290.94,8.93,2024-08-01T00:00:00+00:00
41,33,2025-03-01,3282.28,2852.37,3712.19,ExponentialSmoothing,373.83,290.94,8.93,2024-08-01T00:00:00+00:00
41,33,2025-04-01,3285.32,2836.72,3733.92,ExponentialSmoothing,373.83,290.94,8.93,2024-08-01T00:00:00+00:00
41,33,2025-05-01,3288.35,2821.06,3755.64,ExponentialSmoothing,373.83,290.94,8.93,2024-08-01T00:00:00+00:00
41,33,2025-06-01,3291.39,2805.41,3777.37,ExponentialSmoothing,373.83,290.94,8.93,2024-08-01T00:00:00+00:00
41,33,2025-07-01,3294.42,2789.75,3799.09,ExponentialSmoothing,373.83,290.94,8.93,2024-08-01T00:00:00+00:00
41,33,2025-08-01,3297.45,2774.09,3820.81,ExponentialSmoothing,373.83,290.94,8.93,2024-08-01T00:00:00+00:00
41,33,2025-09-01,3300.49,2758.43,3842.55,ExponentialSmoothing,373.83,290.94,8.93,2024-08-01T00:00:00+00:00
41,33,2025-10-01,3303.52,2742.77,3864.27,ExponentialSmoothing,373.83,290.94,8.93,2024-08-01T00:00:00+00:00
41,33,2025-11-01,3306.56,2727.12,3886.0,ExponentialSmoothing,373.83,290.94,8.93,2024-08-01T00:00:00+00:00
41,33,2025-12-01,3309.59,2711.46,3907.72,ExponentialSmoothing,373.83,290.94,8.93,2024-08-01T00:00:00+00:00
42,33,2025-01-01,3082.85,2684.56,3481.14,ARIMA,379.32,327.28,11.09,2024-08-01T00:00:00+00:00
42,33,2025-02-01,3091.55,2674.3,3508.8,ARIMA,379.32,327.28,11.09,2024-08-01T00:00:00+00:00
42,33,2025-03-01,3100.25,2664.03,3536.47,ARIMA,379.32,327.28,11.09,2024-08-01T00:00:00+00:00
42,33,2025-04-01,3108.95,2653.76,3564.14,ARIMA,379.32,327.28,11.09,2024-08-01T00:00:00+00:00
42,33,2025-05-01,3117.65,2643.5,3591.8,ARIMA,379.32,327.28,11.09,2024-08-01T00:00:00+00:00
42,33,2025-06-01,3126.35,2633.23,3619.47,ARIMA,379.32,327.28,11.09,2024-08-01T00:00:00+00:00
42,33,2025-07-01,3135.04,2622.96,3647.12,ARIMA,379.32,327.28,11.09,2024-08-01T00:00:00+00:00
42,33,2025-08-01,3143.74,2612.69,3674.79,ARIMA,379.32,327.28,11.09,2024-08-01T00:00:00+00:00
42,33,2025-09-01,3152.44,2602.42,3702.46,ARIMA,379.32,327.28,11.09,2024-08-01T00:00:00+00:00
42,33,2025-10-01,3161.14,2592.16,3730.12,ARIMA,379.32,327.28,11.09,2024-08-01T00:00:00+00:00
42,33,2025-11-01,3169.84,2581.89,3757.79,ARIMA,379.32,327.28,11.09,2024-08-01T00:00:00+00:00
42,33,2025-12-01,3178.54,2571.63,3785.45,ARIMA,379.32,327.28,11.09,2024-08-01T00:00:00+00:00
43,33,2025-01-01,3058.05,2608.11,3507.99,ARIMA,428.51,355.61,11.96,2024-08-01T00:00:00+00:00
43,33,2025-02-01,3047.78,2576.42,3519.14,ARIMA,428.51,355.61,11.96,2024-08-01T00:00:00+00:00
43,33,2025-03-01,3037.5,2544.71,3530.29,ARIMA,428.51,355.61,11.96,2024-08-01T00:00:00+00:00
43,33,2025-04-01,3027.22,2513.01,3541.43,ARIMA,428.51,355.61,11.96,2024-08-01T00:00:00+00:00
43,33,2025-05-01,3016.95,2481.31,3552.59,ARIMA,428.51,355.61,11.96,2024-08-01T00:00:00+00:00
43,33,2025-06-01,3006.67,2449.61,3563.73,ARIMA,428.51,355.61,11.96,2024-08-01T00:00:00+00:00
43,33,2025-07-01,2996.39,2417.9,3574.88,ARIMA,428.51,355.61,11.96,2024-08-01T00:00:00+00:00
43,33,2025-08-01,2986.11,2386.19,3586.03,ARIMA,428.51,355.61,11.96,2024-08-01T00:00:00+00:00
43,33,2025-09-01,2975.84,2354.5,3597.18,ARIMA,428.51,355.61,11.96,2024-08-01T00:00:00+00:00
43,33,2025-10-01,2965.56,2322.79,3608.33,ARIMA,428.51,355.61,11.96,2024-08-01T00:00:00+00:00
43,33,2025-11-01,2955.28,2291.09,3619.47,ARIMA,428.51,355.61,11.96,2024-08-01T00:00:00+00:00
43,33,2025-12-01,2945.01,2259.39,3630.63,ARIMA,428.51,355.61,11.96,2024-08-01T00:00:00+00:00
44,33,2025-01-01,3201.09,2631.38,3770.8,ExponentialSmoothing,542.58,434.41,13.82,2024-08-01T00:00:00+00:00
44,33,2025-02-01,3203.5,2606.67,3800.33,ExponentialSmoothing,542.58,434.41,13.82,2024-08-01T00:00:00+00:00
44,33,2025-03-01,3205.91,2581.95,3829.87,ExponentialSmoothing,542.58,434.41,13.82,2024-08-01T00:00:00+00:00
44,33,2025-04-01,3208.31,2557.22,3859.4,ExponentialSmoothing,542.58,434.41,13.82,2024-08-01T00:00:00+00:00
44,33,2025-05-01,3210.72,2532.5,3888.94,ExponentialSmoothing,542.58,434.41,13.82,2024-08-01T00:00:00+00:00
44,33,2025-06-01,3213.13,2507.78,3918.48,ExponentialSmoothing,542.58,434.41,13.82,2024-08-01T00:00:00+00:00
44,33,2025-07-01,3215.53,2483.05,3948.01,ExponentialSmoothing,542.58,434.41,13.82,2024-08-01T00:00:00+00:00
44,33,2025-08-01,3217.94,2458.33,3977.55,ExponentialSmoothing,542.58,434.41,13.82,2024-08-01T00:00:00+00:00
44,33,2025-09-01,3220.35,2433.61,4007.09,ExponentialSmoothing,542.58,434.41,13.82,2024-08-01T00:00:00+00:00
44,33,2025-10-01,3222.75,2408.89,4036.61,ExponentialSmoothing,542.58,434.41,13.82,2024-08-01T00:00:00+00:00
44,33,2025-11-01,3225.16,2384.17,4066.15,ExponentialSmoothing,542.58,434.41,13.82,2024-08-01T00:00:00+00:00
44,33,2025-12-01,3227.57,2359.45,4095.69,ExponentialSmoothing,542.58,434.41,13.82,2024-08-01T00:00:00+00:00
45,33,2025-01-01,3294.27,2669.85,3918.69,ARIMA,594.68,486.82,16.78,2024-08-01T00:00:00+00:00
45,33,2025-02-01,3301.77,2647.62,3955.92,ARIMA,594.68,486.82,16.78,2024-08-01T00:00:00+00:00
45,33,2025-03-01,3309.28,2625.4,3993.16,ARIMA,594.68,486.82,16.78,2024-08-01T00:00:00+00:00
45,33,2025-04-01,3316.78,2603.16,4030.4,ARIMA,594.68,486.82,16.78,2024-08-01T00:00:00+00:00
45,33,2025-05-01,3324.28,2580.93,4067.63,ARIMA,594.68,486.82,16.78,2024-08-01T00:00:00+00:00
45,33,2025-06-01,3331.79,2558.7,4104.88,ARIMA,594.68,486.82,16.78,2024-08-01T00:00:00+00:00
45,33,2025-07-01,3339.29,2536.47,4142.11,ARIMA,594.68,486.82,16.78,2024-08-01T00:00:00+00:00
45,33,2025-08-01,3346.8,2514.25,4179.35,ARIMA,594.68,486.82,16.78,2024-08-01T00:00:00+00:00
45,33,2025-09-01,3354.3,2492.01,4216.59,ARIMA,594.68,486.82,16.78,2024-08-01T00:00:00+00:00
45,33,2025-10-01,3361.81,2469.79,4253.83,ARIMA,594.68,486.82,16.78,2024-08-01T00:00:00+00:00
45,33,2025-11-01,3369.31,2447.55,4291.07,ARIMA,594.68,486.82,16.78,2024-08-01T00:00:00+00:00
45,33,2025-12-01,3376.81,2425.32,4328.3,ARIMA,594.68,486.82,16.78,2024-08-01T00:00:00+00:00
46,33,2025-01-01,3360.38,2872.82,3847.94,ARIMA,464.34,388.21,12.51,2024-08-01T00:00:00+00:00
46,33,2025-02-01,3387.92,2877.15,3898.69,ARIMA,464.34,388.21,12.51,2024-08-01T00:00:00+00:00
46,33,2025-03-01,3415.45,2881.46,3949.44,ARIMA,464.34,388.21,12.51,2024-08-01T00:00:00+00:00
46,33,2025-04-01,3442.98,2885.77,4000.19,ARIMA,464.34,388.21,12.51,2024-08-01T00:00:00+00:00
46,33,2025-05-01,3470.52,2890.1,4050.94,ARIMA,464.34,388.21,12.51,2024-08-01T00:00:00+00:00
46,33,2025-06-01,3498.05,2894.41,4101.69,ARIMA,464.34,388.21,12.51,2024-08-01T00:00:00+00:00
46,33,2025-07-01,3525.59,2898.73,4152.45,ARIMA,464.34,388.21,12.51,2024-08-01T00:00:00+00:00
46,33,2025-08-01,3553.12,2903.05,4203.19,ARIMA,464.34,388.21,12.51,2024-08-01T00:00:00+00:00
46,33,2025-09-01,3580.65,2907.36,4253.94,ARIMA,464.34,388.21,12.51,2024-08-01T00:00:00+00:00
46,33,2025-10-01,3608.19,2911.68,4304.7,ARIMA,464.34,388.21,12.51,2024-08-01T00:00:00+00:00
46,33,2025-11-01,3635.72,2915.99,4355.45,ARIMA,464.34,388.21,12.51,2024-08-01T00:00:00+00:00
46,33,2025-12-01,3663.26,2920.32,4406.2,ARIMA,464.34,388.21,12.51,2024-08-01T00:00:00+00:00
47,33,2025-01-01,2984.76,2415.57,3553.95,ARIMA,542.08,371.01,15.94,2024-08-01T00:00:00+00:00
47,33,2025-02-01,3000.58,2404.29,3596.87,ARIMA,542.08,371.01,15.94,2024-08-01T00:00:00+00:00
47,33,2025-03-01,3016.39,2392.99,3639.79,ARIMA,542.08,371.01,15.94,2024-08-01T00:00:00+00:00
47,33,2025-04-01,3032.21,2381.71,3682.71,ARIMA,542.08,371.01,15.94,2024-08-01T00:00:00+00:00
47,33,2025-05-01,3048.03,2370.42,3725.64,ARIMA,542.08,371.01,15.94,2024-08-01T00:00:00+00:00
47,33,2025-06-01,3063.85,2359.14,3768.56,ARIMA,542.08,371.01,15.94,2024-08-01T00:00:00+00:00
47,33,2025-07-01,3079.67,2347.86,3811.48,ARIMA,542.08,371.01,15.94,2024-08-01T00:00:00+00:00
47,33,2025-08-01,3095.49,2336.57,3854.41,ARIMA,542.08,371.01,15.94,2024-08-01T00:00:00+00:00
47,33,2025-09-01,3111.31,2325.29,3897.33,ARIMA,542.08,371.01,15.94,2024-08-01T00:00:00+00:00
47,33,2025-10-01,3127.13,2314.0,3940.26,ARIMA,542.08,371.01,15.94,2024-08-01T00:00:00+00:00
47,33,2025-11-01,3142.94,2302.71,3983.17,ARIMA,542.08,371.01,15.94,2024-08-01T00:00:00+00:00
47,33,2025-12-01,3158.76,2291.42,4026.1,ARIMA,542.08,371.01,15.94,2024-08-01T00:00:00+00:00
48,33,2025-01-01,3121.05,2448.04,3794.06,ARIMA,640.96,537.56,18.28,2024-08-01T00:00:00+00:00
48,33,2025-02-01,3116.19,2411.14,3821.24,ARIMA,640.96,537.56,18.28,2024-08-01T00:00:00+00:00
48,33,2025-03-01,3111.33,2374.23,3848.43,ARIMA,640.96,537.56,18.28,2024-08-01T00:00:00+00:00
48,33,2025-04-01,3106.47,2337.32,3875.62,ARIMA,640.96,537.56,18.28,2024-08-01T00:00:00+00:00
48,33,2025-05-01,3101.61,2300.41,3902.81,ARIMA,640.96,537.56,18.28,2024-08-01T00:00:00+00:00
48,33,2025-06-01,3096.75,2263.5,3930.0,ARIMA,640.96,537.56,18.28,2024-08-01T00:00:00+00:00
48,33,2025-07-01,3091.88,2226.59,3957.17,ARIMA,640.96,537.56,18.28,2024-08-01T00:00:00+00:00
48,33,2025-08-01,3087.02,2189.68,3984.36,ARIMA,640.96,537.56,18.28,2024-08-01T00:00:00+00:00
48,33,2025-09-01,3082.16,2152.77,4011.55,ARIMA,640.96,537.56,18.28,2024-08-01T00:00:00+00:00
48,33,2025-10-01,3077.3,2115.86,4038.74,ARIMA,640.96,537.56,18.28,2024-08-01T00:00:00+00:00
48,33,2025-11-01,3072.44,2078.95,4065.93,ARIMA,640.96,537.56,18.28,2024-08-01T00:00:00+00:00
48,33,2025-12-01,3067.58,2042.05,4093.11,ARIMA,640.96,537.56,18.28,2024-08-01T00:00:00+00:00
49,33,2025-01-01,3091.02,2776.92,3405.12,ARIMA,299.15,258.28,8.41,2024-08-01T00:00:00+00:00
49,33,2025-02-01,3085.15,2756.09,3414.21,ARIMA,299.15,258.28,8.41,2024-08-01T00:00:00+00:00
49,33,2025-03-01,3079.29,2735.27,3423.31,ARIMA,299.15,258.28,8.41,2024-08-01T00:00:00+00:00
49,33,2025-04-01,3073.42,2714.44,3432.4,ARIMA,299.15,258.28,8.41,2024-08-01T00:00:00+00:00
49,33,2025-05-01,3067.56,2693.63,3441.49,ARIMA,299.15,258.28,8.41,2024-08-01T00:00:00+00:00
49,33,2025-06-01,3061.69,2672.8,3450.58,ARIMA,299.15,258.28,8.41,2024-08-01T00:00:00+00:00
49,33,2025-07-01,3055.82,2651.97,3459.67,ARIMA,299.15,258.28,8.41,2024-08-01T00:00:00+00:00
49,33,2025-08-01,3049.96,2631.15,3468.77,ARIMA,299.15,258.28,8.41,2024-08-01T00:00:00+00:00
49,33,2025-09-01,3044.09,2610.33,3477.85,ARIMA,299.15,258.28,8.41,2024-08-01T00:00:00+00:00
49,33,2025-10-01,3038.23,2589.51,3486.95,ARIMA,299.15,258.28,8.41,2024-08-01T00:00:00+00:00
49,33,2025-11-01,3032.36,2568.68,3496.04,ARIMA,299.15,258.28,8.41,2024-08-01T00:00:00+00:00
49,33,2025-12-01,3026.5,2547.87,3505.13,ARIMA,299.15,258.28,8.41,2024-08-01T00:00:00+00:00
50,33,2025-01-01,3231.3,2729.09,3733.51,ARIMA,478.29,410.52,13.94,2024-08-01T00:00:00+00:00
50,33,2025-02-01,3217.52,2691.4,3743.64,ARIMA,478.29,410.52,13.94,2024-08-01T00:00:00+00:00
50,33,2025-03-01,3203.74,2653.7,3753.78,ARIMA,478.29,410.52,13.94,2024-08-01T00:00:00+00:00
50,33,2025-04-01,3189.96,2616.01,3763.91,ARIMA,478.29,410.52,13.94,2024-08-01T00:00:00+00:00
50,33,2025-05-01,3176.18,2578.31,3774.05,ARIMA,478.29,410.52,13.94,2024-08-01T00:00:00+00:00
50,33,2025-06-01,3162.39,2540.61,3784.17,ARIMA,478.29,410.52,13.94,2024-08-01T00:00:00+00:00
50,33,2025-07-01,3148.61,2502.91,3794.31,ARIMA,478.29,410.52,13.94,2024-08-01T00:00:00+00:00
50,33,2025-08-01,3134.83,2465.22,3804.44,ARIMA,478.29,410.52,13.94,2024-08-01T00:00:00+00:00
50,33,2025-09-01,3121.05,2427.52,3814.58,ARIMA,478.29,410.52,13.94,2024-08-01T00:00:00+00:00
50,33,2025-10-01,3107.27,2389.83,3824.71,ARIMA,478.29,410.52,13.94,2024-08-01T00:00:00+00:00
50,33,2025-11-01,3093.48,2352.12,3834.84,ARIMA,478.29,410.52,13.94,2024-08-01T00:00:00+00:00
50,33,2025-12-01,3079.7,2314.43,3844.97,ARIMA,478.29,410.52,13.94,2024-08-01T00:00:00+00:00
51,33,2025-01-01,3245.11,2471.33,4018.89,ARIMA,736.94,506.54,20.34,2024-08-01T00:00:00+00:00
51,33,2025-02-01,3250.32,2439.69,4060.95,ARIMA,736.94,506.54,20.34,2024-08-01T00:00:00+00:00
51,33,2025-03-01,3255.54,2408.06,4103.02,ARIMA,736.94,506.54,20.34,2024-08-01T00:00:00+00:00
51,33,2025-04-01,3260.76,2376.44,4145.08,ARIMA,736.94,506.54,20.34,2024-08-01T00:00:00+00:00
51,33,2025-05-01,3265.98,2344.81,4187.15,ARIMA,736.94,506.54,20.34,2024-08-01T00:00:00+00:00
51,33,2025-06-01,3271.19,2313.17,4229.21,ARIMA,736.94,506.54,20.34,2024-08-01T00:00:00+00:00
51,33,2025-07-01,3276.41,2281.55,4271.27,ARIMA,736.94,506.54,20.34,2024-08-01T00:00:00+00:00
51,33,2025-08-01,3281.63,2249.92,4313.34,ARIMA,736.94,506.54,20.34,2024-08-01T00:00:00+00:00
51,33,2025-09-01,3286.84,2218.28,4355.4,ARIMA,736.94,506.54,20.34,2024-08-01T00:00:00+00:00
51,33,2025-10-01,3292.06,2186.65,4397.47,ARIMA,736.94,506.54,20.34,2024-08-01T00:00:00+00:00
51,33,2025-11-01,3297.28,2155.03,4439.53,ARIMA,736.94,506.54,20.34,2024-08-01T00:00:00+00:00
51,33,2025-12-01,3302.5,2123.4,4481.6,ARIMA,736.94,506.54,20.34,2024-08-01T00:00:00+00:00
52,33,2025-01-01,3307.53,2812.69,3802.37,ARIMA,471.28,340.92,10.43,2024-08-01T00:00:00+00:00
52,33,2025-02-01,3297.25,2778.85,3815.65,ARIMA,471.28,340.92,10.43,2024-08-01T00:00:00+00:00
52,33,2025-03-01,3286.97,2745.0,3828.94,ARIMA,471.28,340.92,10.43,2024-08-01T00:00:00+00:00
52,33,2025-04-01,3276.69,2711.16,3842.22,ARIMA,471.28,340.92,10.43,2024-08-01T00:00:00+00:00
52,33,2025-05-01,3266.41,2677.31,3855.51,ARIMA,471.28,340.92,10.43,2024-08-01T00:00:00+00:00
52,33,2025-06-01,3256.13,2643.47,3868.79,ARIMA,471.28,340.92,10.43,2024-08-01T00:00:00+00:00
52,33,2025-07-01,3245.84,2609.62,3882.06,ARIMA,471.28,340.92,10.43,2024-08-01T00:00:00+00:00
52,33,2025-08-01,3235.56,2575.77,3895.35,ARIMA,471.28,340.92,10.43,2024-08-01T00:00:00+00:00
52,33,2025-09-01,3225.28,2541.93,3908.63,ARIMA,471.28,340.92,10.43,2024-08-01T00:00:00+00:00
52,33,2025-10-01,3215.0,2508.08,3921.92,ARIMA,471.28,340.92,10.43,2024-08-01T00:00:00+00:00
52,33,2025-11-01,3204.72,2474.24,3935.2,ARIMA,471.28,340.92,10.43,2024-08-01T00:00:00+00:00
52,33,2025-12-01,3194.44,2440.4,3948.48,ARIMA,471.28,340.92,10.43,2024-08-01T00:00:00+00:00
53,33,2025-01-01,3145.77,2735.97,3555.57,ARIMA,390.28,316.84,10.09,2024-08-01T00:00:00+00:00
53,33,2025-02-01,3156.56,2727.25,3585.87,ARIMA,390.28,316.84,10.09,2024-08-01T00:00:00+00:00
53,33,2025-03-01,3167.36,2718.53,3616.19,ARIMA,390.28,316.84,10.09,2024-08-01T00:00:00+00:00
53,33,2025-04-01,3178.15,2709.81,3646.49,ARIMA,390.28,316.84,10.09,2024-08-01T00:00:00+00:00
53,33,2025-05-01,3188.95,2701.09,3676.81,ARIMA,390.28,316.84,10.09,2024-08-01T00:00:00+00:00
53,33,2025-06-01,3199.74,2692.37,3707.11,ARIMA,390.28,316.84,10.09,2024-08-01T00:00:00+00:00
53,33,2025-07-01,3210.54,2683.66,3737.42,ARIMA,390.28,316.84,10.09,2024-08-01T00:00:00+00:00
53,33,2025-08-01,3221.33,2674.93,3767.73,ARIMA,390.28,316.84,10.09,2024-08-01T00:00:00+00:00
53,33,2025-09-01,3232.13,2666.22,3798.04,ARIMA,390.28,316.84,10.09,2024-08-01T00:00:00+00:00
53,33,2025-10-01,3242.93,2657.5,3828.36,ARIMA,390.28,316.84,10.09,2024-08-01T00:00:00+00:00
53,33,2025-11-01,3253.72,2648.78,3858.66,ARIMA,390.28,316.84,10.09,2024-08-01T00:00:00+00:00
53,33,2025-12-01,3264.52,2640.07,3888.97,ARIMA,390.28,316.84,10.09,2024-08-01T00:00:00+00:00
54,33,2025-01-01,3312.88,2741.33,3884.43,ExponentialSmoothing,544.34,456.35,14.18,2024-08-01T00:00:00+00:00
54,33,2025-02-01,3313.91,2715.14,3912.68,ExponentialSmoothing,544.34,456.35,14.18,2024-08-01T00:00:00+00:00
54,33,2025-03-01,3314.93,2688.94,3940.92,ExponentialSmoothing,544.34,456.35,14.18,2024-08-01T00:00:00+00:00
54,33,2025-04-01,3315.95,2662.74,3969.16,ExponentialSmoothing,544.34,456.35,14.18,2024-08-01T00:00:00+00:00
54,33,2025-05-01,3316.97,2636.55,3997.39,ExponentialSmoothing,544.34,456.35,14.18,2024-08-01T00:00:00+00:00
54,33,2025-06-01,3318.0,2610.36,4025.64,ExponentialSmoothing,544.34,456.35,14.18,2024-08-01T00:00:00+00:00
54,33,2025-07-01,3319.02,2584.16,4053.88,ExponentialSmoothing,544.34,456.35,14.18,2024-08-01T00:00:00+00:00
54,33,2025-08-01,3320.04,2557.97,4082.11,ExponentialSmoothing,544.34,456.35,14.18,2024-08-01T00:00:00+00:00
54,33,2025-09-01,3321.06,2531.77,4110.35,ExponentialSmoothing,544.34,456.35,14.18,2024-08-01T00:00:00+00:00
54,33,2025-10-01,3322.09,2505.58,4138.6,ExponentialSmoothing,544.34,456.35,14.18,2024-08-01T00:00:00+00:00
54,33,2025-11-01,3323.11,2479.39,4166.83,ExponentialSmoothing,544.34,456.35,14.18,2024-08-01T00:00:00+00:00
54,33,2025-12-01,3324.13,2453.19,4195.07,ExponentialSmoothing,544.34,456.35,14.18,2024-08-01T00:00:00+00:00
55,33,2025-01-01,3320.0,2888.59,3751.41,ARIMA,410.87,312.58,10.02,2024-08-01T00:00:00+00:00
55,33,2025-02-01,3308.83,2856.87,3760.79,ARIMA,410.87,312.58,10.02,2024-08-01T00:00:00+00:00
55,33,2025-03-01,3297.66,2825.16,3770.16,ARIMA,410.87,312.58,10.02,2024-08-01T00:00:00+00:00
55,33,2025-04-01,3286.49,2793.45,3779.53,ARIMA,410.87,312.58,10.02,2024-08-01T00:00:00+00:00
55,33,2025-05-01,3275.33,2761.74,3788.92,ARIMA,410.87,312.58,10.02,2024-08-01T00:00:00+00:00
55,33,2025-06-01,3264.16,2730.03,3798.29,ARIMA,410.87,312.58,10.02,2024-08-01T00:00:00+00:00
55,33,2025-07-01,3252.99,2698.31,3807.67,ARIMA,410.87,312.58,10.02,2024-08-01T00:00:00+00:00
55,33,2025-08-01,3241.82,2666.6,3817.04,ARIMA,410.87,312.58,10.02,2024-08-01T00:00:00+00:00
55,33,2025-09-01,3230.65,2634.89,3826.41,ARIMA,410.87,312.58,10.02,2024-08-01T00:00:00+00:00
55,33,2025-10-01,3219.48,2603.17,3835.79,ARIMA,410.87,312.58,10.02,2024-08-01T00:00:00+00:00
55,33,2025-11-01,3208.32,2571.47,3845.17,ARIMA,410.87,312.58,10.02,2024-08-01T00:00:00+00:00
55,33,2025-12-01,3197.15,2539.76,3854.54,ARIMA,410.87,312.58,10.02,2024-08-01T00:00:00+00:00
56,33,2025-01-01,2932.44,2211.98,3652.9,ARIMA,686.16,557.11,21.96,2024-08-01T00:00:00+00:00
56,33,2025-02-01,2926.38,2171.61,3681.15,ARIMA,686.16,557.11,21.96,2024-08-01T00:00:00+00:00
56,33,2025-03-01,2920.31,2131.23,3709.39,ARIMA,686.16,557.11,21.96,2024-08-01T00:00:00+00:00
56,33,2025-04-01,2914.25,2090.86,3737.64,ARIMA,686.16,557.11,21.96,2024-08-01T00:00:00+00:00
56,33,2025-05-01,2908.18,2050.49,3765.87,ARIMA,686.16,557.11,21.96,2024-08-01T00:00:00+00:00
56,33,2025-06-01,2902.12,2010.12,3794.12,ARIMA,686.16,557.11,21.96,2024-08-01T00:00:00+00:00
56,33,2025-07-01,2896.06,1969.75,3822.37,ARIMA,686.16,557.11,21.96,2024-08-01T00:00:00+00:00
56,33,2025-08-01,2889.99,1929.37,3850.61,ARIMA,686.16,557.11,21.96,2024-08-01T00:00:00+00:00
56,33,2025-09-01,2883.93,1889.0,3878.86,ARIMA,686.16,557.11,21.96,2024-08-01T00:00:00+00:00
56,33,2025-10-01,2877.86,1848.63,3907.09,ARIMA,686.16,557.11,21.96,2024-08-01T00:00:00+00:00
56,33,2025-11-01,2871.8,1808.26,3935.34,ARIMA,686.16,557.11,21.96,2024-08-01T00:00:00+00:00
56,33,2025-12-01,2865.73,1767.88,3963.58,ARIMA,686.16,557.11,21.96,2024-08-01T00:00:00+00:00
57,33,2025-01-01,3115.44,2588.98,3641.9,ARIMA,501.39,446.5,15.42,2024-08-01T00:00:00+00:00
57,33,2025-02-01,3129.33,2577.8,3680.86,ARIMA,501.39,446.5,15.42,2024-08-01T00:00:00+00:00
57,33,2025-03-01,3143.22,2566.62,3719.82,ARIMA,501.39,446.5,15.42,2024-08-01T00:00:00+00:00
57,33,2025-04-01,3157.11,2555.44,3758.78,ARIMA,501.39,446.5,15.42,2024-08-01T00:00:00+00:00
57,33,2025-05-01,3171.0,2544.26,3797.74,ARIMA,501.39,446.5,15.42,2024-08-01T00:00:00+00:00
57,33,2025-06-01,3184.89,2533.08,3836.7,ARIMA,501.39,446.5,15.42,2024-08-01T00:00:00+00:00
57,33,2025-07-01,3198.78,2521.9,3875.66,ARIMA,501.39,446.5,15.42,2024-08-01T00:00:00+00:00
57,33,2025-08-01,3212.67,2510.72,3914.62,ARIMA,501.39,446.5,15.42,2024-08-01T00:00:00+00:00
57,33,2025-09-01,3226.56,2499.54,3953.58,ARIMA,501.39,446.5,15.42,2024-08-01T00:00:00+00:00
57,33,2025-10-01,3240.45,2488.36,3992.54,ARIMA,501.39,446.5,15.42,2024-08-01T00:00:00+00:00
57,33,2025-11-01,3254.34,2477.18,4031.5,ARIMA,501.39,446.5,15.42,2024-08-01T00:00:00+00:00
57,33,2025-12-01,3268.23,2466.0,4070.46,ARIMA,501.39,446.5,15.42,2024-08-01T00:00:00+00:00
58,33,2025-01-01,3411.57,2668.78,4154.36,ARIMA,707.42,548.49,17.68,2024-08-01T00:00:00+00:00
58,33,2025-02-01,3428.78,2650.62,4206.94,ARIMA,707.42,548.49,17.68,2024-08-01T00:00:00+00:00
58,33,2025-03-01,3445.99,2632.46,4259.52,ARIMA,707.42,548.49,17.68,2024-08-01T00:00:00+00:00
58,33,2025-04-01,3463.2,2614.3,4312.1,ARIMA,707.42,548.49,17.68,2024-08-01T00:00:00+00:00
58,33,2025-05-01,3480.41,2596.14,4364.68,ARIMA,707.42,548.49,17.68,2024-08-01T00:00:00+00:00
58,33,2025-06-01,3497.62,2577.97,4417.27,ARIMA,707.42,548.49,17.68,2024-08-01T00:00:00+00:00
58,33,2025-07-01,3514.83,2559.81,4469.85,ARIMA,707.42,548.49,17.68,2024-08-01T00:00:00+00:00
58,33,2025-08-01,3532.04,2541.65,4522.43,ARIMA,707.42,548.49,17.68,2024-08-01T00:00:00+00:00
58,33,2025-09-01,3549.25,2523.49,4575.01,ARIMA,707.42,548.49,17.68,2024-08-01T00:00:00+00:00
58,33,2025-10-01,3566.46,2505.33,4627.59,ARIMA,707.42,548.49,17.68,2024-08-01T00:00:00+00:00
58,33,2025-11-01,3583.67,2487.17,4680.17,ARIMA,707.42,548.49,17.68,2024-08-01T00:00:00+00:00
58,33,2025-12-01,3600.88,2469.01,4732.75,ARIMA,707.42,548.49,17.68,2024-08-01T00:00:00+00:00
59,33,2025-01-01,3455.57,2865.36,4045.78,ARIMA,562.1,457.06,15.82,2024-08-01T00:00:00+00:00
59,33,2025-02-01,3475.74,2857.43,4094.05,ARIMA,562.1,457.06,15.82,2024-08-01T00:00:00+00:00
59,33,2025-03-01,3495.91,2849.49,4142.33,ARIMA,562.1,457.06,15.82,2024-08-01T00:00:00+00:00
59,33,2025-04-01,3516.08,2841.56,4190.6,ARIMA,562.1,457.06,15.82,2024-08-01T00:00:00+00:00
59,33,2025-05-01,3536.24,2833.61,4238.87,ARIMA,562.1,457.06,15.82,2024-08-01T00:00:00+00:00
59,33,2025-06-01,3556.41,2825.68,4287.14,ARIMA,562.1,457.06,15.82,2024-08-01T00:00:00+00:00
59,33,2025-07-01,3576.58,2817.74,4335.42,ARIMA,562.1,457.06,15.82,2024-08-01T00:00:00+00:00
59,33,2025-08-01,3596.74,2809.8,4383.68,ARIMA,562.1,457.06,15.82,2024-08-01T00:00:00+00:00
59,33,2025-09-01,3616.91,2801.86,4431.96,ARIMA,562.1,457.06,15.82,2024-08-01T00:00:00+00:00
59,33,2025-10-01,3637.08,2793.93,4480.23,ARIMA,562.1,457.06,15.82,2024-08-01T00:00:00+00:00
59,33,2025-11-01,3657.24,2785.98,4528.5,ARIMA,562.1,457.06,15.82,2024-08-01T00:00:00+00:00
59,33,2025-12-01,3677.41,2778.05,4576.77,ARIMA,562.1,457.06,15.82,2024-08-01T00:00:00+00:00
60,33,2025-01-01,2944.7,2444.18,3445.22,ARIMA,476.69,372.42,13.87,2024-08-01T00:00:00+00:00
60,33,2025-02-01,2959.66,2435.3,3484.02,ARIMA,476.69,372.42,13.87,2024-08-01T00:00:00+00:00
60,33,2025-03-01,2974.62,2426.43,3522.81,ARIMA,476.69,372.42,13.87,2024-08-01T00:00:00+00:00
60,33,2025-04-01,2989.58,2417.55,3561.61,ARIMA,476.69,372.42,13.87,2024-08-01T00:00:00+00:00
60,33,2025-05-01,3004.54,2408.68,3600.4,ARIMA,476.69,372.42,13.87,2024-08-01T00:00:00+00:00
60,33,2025-06-01,3019.5,2399.81,3639.19,ARIMA,476.69,372.42,13.87,2024-08-01T00:00:00+00:00
60,33,2025-07-01,3034.47,2390.94,3678.0,ARIMA,476.69,372.42,13.87,2024-08-01T00:00:00+00:00
60,33,2025-08-01,3049.43,2382.07,3716.79,ARIMA,476.69,372.42,13.87,2024-08-01T00:00:00+00:00
60,33,2025-09-01,3064.39,2373.19,3755.59,ARIMA,476.69,372.42,13.87,2024-08-01T00:00:00+00:00
60,33,2025-10-01,3079.35,2364.32,3794.38,ARIMA,476.69,372.42,13.87,2024-08-01T00:00:00+00:00
60,33,2025-11-01,3094.31,2355.44,3833.18,ARIMA,476.69,372.42,13.87,2024-08-01T00:00:00+00:00
60,33,2025-12-01,3109.27,2346.57,3871.97,ARIMA,476.69,372.42,13.87,2024-08-01T00:00:00+00:00
61,33,2025-01-01,3231.87,2823.84,3639.9,ExponentialSmoothing,388.6,344.99,10.81,2024-08-01T00:00:00+00:00
61,33,2025-02-01,3230.86,2803.4,3658.32,ExponentialSmoothing,388.6,344.99,10.81,2024-08-01T00:00:00+00:00
61,33,2025-03-01,3229.84,2782.95,3676.73,ExponentialSmoothing,388.6,344.99,10.81,2024-08-01T00:00:00+00:00
61,33,2025-04-01,3228.83,2762.51,3695.15,ExponentialSmoothing,388.6,344.99,10.81,2024-08-01T00:00:00+00:00
61,33,2025-05-01,3227.82,2742.07,3713.57,ExponentialSmoothing,388.6,344.99,10.81,2024-08-01T00:00:00+00:00
61,33,2025-06-01,3226.8,2721.62,3731.98,ExponentialSmoothing,388.6,344.99,10.81,2024-08-01T00:00:00+00:00
61,33,2025-07-01,3225.79,2701.18,3750.4,ExponentialSmoothing,388.6,344.99,10.81,2024-08-01T00:00:00+00:00
61,33,2025-08-01,3224.78,2680.74,3768.82,ExponentialSmoothing,388.6,344.99,10.81,2024-08-01T00:00:00+00:00
61,33,2025-09-01,3223.77,2660.3,3787.24,ExponentialSmoothing,388.6,344.99,10.81,2024-08-01T00:00:00+00:00
61,33,2025-10-01,3222.75,2639.85,3805.65,ExponentialSmoothing,388.6,344.99,10.81,2024-08-01T00:00:00+00:00
61,33,2025-11-01,3221.74,2619.41,3824.07,ExponentialSmoothing,388.6,344.99,10.81,2024-08-01T00:00:00+00:00
61,33,2025-12-01,3220.73,2598.97,3842.49,ExponentialSmoothing,388.6,344.99,10.81,2024-08-01T00:00:00+00:00
62,33,2025-01-01,3285.58,2833.56,3737.6,ARIMA,430.5,376.16,12.12,2024-08-01T00:00:00+00:00
62,33,2025-02-01,3269.85,2796.3,3743.4,ARIMA,430.5,376.16,12.12,2024-08-01T00:00:00+00:00
62,33,2025-03-01,3254.11,2759.04,3749.18,ARIMA,430.5,376.16,12.12,2024-08-01T00:00:00+00:00
62,33,2025-04-01,3238.38,2721.78,3754.98,ARIMA,430.5,376.16,12.12,2024-08-01T00:00:00+00:00
62,33,2025-05-01,3222.64,2684.52,3760.76,ARIMA,430.5,376.16,12.12,2024-08-01T00:00:00+00:00
62,33,2025-06-01,3206.91,2647.27,3766.55,ARIMA,430.5,376.16,12.12,2024-08-01T00:00:00+00:00
62,33,2025-07-01,3191.18,2610.01,3772.35,ARIMA,430.5,376.16,12.12,2024-08-01T00:00:00+00:00
62,33,2025-08-01,3175.44,2572.75,3778.13,ARIMA,430.5,376.16,12.12,2024-08-01T00:00:00+00:00
62,33,2025-09-01,3159.71,2535.49,3783.93,ARIMA,430.5,376.16,12.12,2024-08-01T00:00:00+00:00
62,33,2025-10-01,3143.97,2498.23,3789.71,ARIMA,430.5,376.16,12.12,2024-08-01T00:00:00+00:00
62,33,2025-11-01,3128.24,2460.97,3795.51,ARIMA,430.5,376.16,12.12,2024-08-01T00:00:00+00:00
62,33,2025-12-01,3112.5,2423.71,3801.29,ARIMA,430.5,376.16,12.12,2024-08-01T00:00:00+00:00
63,33,2025-01-01,3401.91,2942.74,3861.08,ARIMA,437.31,373.83,11.22,2024-08-01T00:00:00+00:00
63,33,2025-02-01,3408.86,2927.82,3889.9,ARIMA,437.31,373.83,11.22,2024-08-01T00:00:00+00:00
63,33,2025-03-01,3415.82,2912.92,3918.72,ARIMA,437.31,373.83,11.22,2024-08-01T00:00:00+00:00
63,33,2025-04-01,3422.78,2898.01,3947.55,ARIMA,437.31,373.83,11.22,2024-08-01T00:00:00+00:00
63,33,2025-05-01,3429.74,2883.11,3976.37,ARIMA,437.31,373.83,11.22,2024-08-01T00:00:00+00:00
63,33,2025-06-01,3436.7,2868.2,4005.2,ARIMA,437.31,373.83,11.22,2024-08-01T00:00:00+00:00
63,33,2025-07-01,3443.65,2853.29,4034.01,ARIMA,437.31,373.83,11.22,2024-08-01T00:00:00+00:00
63,33,2025-08-01,3450.61,2838.38,4062.84,ARIMA,437.31,373.83,11.22,2024-08-01T00:00:00+00:00
63,33,2025-09-01,3457.57,2823.48,4091.66,ARIMA,437.31,373.83,11.22,2024-08-01T00:00:00+00:00
63,33,2025-10-01,3464.53,2808.57,4120.49,ARIMA,437.31,373.83,11.22,2024-08-01T00:00:00+00:00
63,33,2025-11-01,3471.49,2793.67,4149.31,ARIMA,437.31,373.83,11.22,2024-08-01T00:00:00+00:00
63,33,2025-12-01,3478.44,2778.75,4178.13,ARIMA,437.31,373.83,11.22,2024-08-01T00:00:00+00:00
64,33,2025-01-01,3500.52,3088.47,3912.57,ARIMA,392.43,324.24,9.8,2024-08-01T00:00:00+00:00
64,33,2025-02-01,3507.63,3075.96,3939.3,ARIMA,392.43,324.24,9.8,2024-08-01T00:00:00+00:00
64,33,2025-03-01,3514.75,3063.46,3966.04,ARIMA,392.43,324.24,9.8,2024-08-01T00:00:00+00:00
64,33,2025-04-01,3521.86,3050.95,3992.77,ARIMA,392.43,324.24,9.8,2024-08-01T00:00:00+00:00
64,33,2025-05-01,3528.98,3038.45,4019.51,ARIMA,392.43,324.24,9.8,2024-08-01T00:00:00+00:00
64,33,2025-06-01,3536.09,3025.93,4046.25,ARIMA,392.43,324.24,9.8,2024-08-01T00:00:00+00:00
64,33,2025-07-01,3543.21,3013.43,4072.99,ARIMA,392.43,324.24,9.8,2024-08-01T00:00:00+00:00
64,33,2025-08-01,3550.32,3000.92,4099.72,ARIMA,392.43,324.24,9.8,2024-08-01T00:00:00+00:00
64,33,2025-09-01,3557.44,2988.42,4126.46,ARIMA,392.43,324.24,9.8,2024-08-01T00:00:00+00:00
64,33,2025-10-01,3564.55,2975.91,4153.19,ARIMA,392.43,324.24,9.8,2024-08-01T00:00:00+00:00
64,33,2025-11-01,3571.67,2963.41,4179.93,ARIMA,392.43,324.24,9.8,2024-08-01T00:00:00+00:00
64,33,2025-12-01,3578.78,2950.9,4206.66,ARIMA,392.43,324.24,9.8,2024-08-01T00:00:00+00:00
65,33,2025-01-01,2981.48,2554.32,3408.64,ExponentialSmoothing,406.82,339.87,11.75,2024-08-01T00:00:00+00:00
65,33,2025-02-01,2980.59,2533.09,3428.09,ExponentialSmoothing,406.82,339.87,11.75,2024-08-01T00:00:00+00:00
65,33,2025-03-01,2979.69,2511.85,3447.53,ExponentialSmoothing,406.82,339.87,11.75,2024-08-01T00:00:00+00:00
65,33,2025-04-01,2978.8,2490.62,3466.98,ExponentialSmoothing,406.82,339.87,11.75,2024-08-01T00:00:00+00:00
65,33,2025-05-01,2977.91,2469.39,3486.43,ExponentialSmoothing,406.82,339.87,11.75,2024-08-01T00:00:00+00:00
65,33,2025-06-01,2977.01,2448.15,3505.87,ExponentialSmoothing,406.82,339.87,11.75,2024-08-01T00:00:00+00:00
65,33,2025-07-01,2976.12,2426.91,3525.33,ExponentialSmoothing,406.82,339.87,11.75,2024-08-01T00:00:00+00:00
65,33,2025-08-01,2975.22,2405.67,3544.77,ExponentialSmoothing,406.82,339.87,11.75,2024-08-01T00:00:00+00:00
65,33,2025-09-01,2974.33,2384.44,3564.22,ExponentialSmoothing,406.82,339.87,11.75,2024-08-01T00:00:00+00:00
65,33,2025-10-01,2973.43,2363.2,3583.66,ExponentialSmoothing,406.82,339.87,11.75,2024-08-01T00:00:00+00:00
65,33,2025-11-01,2972.54,2341.97,3603.11,ExponentialSmoothing,406.82,339.87,11.75,2024-08-01T00:00:00+00:00
65,33,2025-12-01,2971.65,2320.74,3622.56,ExponentialSmoothing,406.82,339.87,11.75,2024-08-01T00:00:00+00:00
66,33,2025-01-01,3475.85,2865.19,4086.51,ARIMA,581.58,483.53,14.25,2024-08-01T00:00:00+00:00
66,33,2025-02-01,3467.73,2827.99,4107.47,ARIMA,581.58,483.53,14.25,2024-08-01T00:00:00+00:00
66,33,2025-03-01,3459.6,2790.79,4128.41,ARIMA,581.58,483.53,14.25,2024-08-01T00:00:00+00:00
66,33,2025-04-01,3451.48,2753.59,4149.37,ARIMA,581.58,483.53,14.25,2024-08-01T00:00:00+00:00
66,33,2025-05-01,3443.35,2716.38,4170.32,ARIMA,581.58,483.53,14.25,2024-08-01T00:00:00+00:00
66,33,2025-06-01,3435.22,2679.17,4191.27,ARIMA,581.58,483.53,14.25,2024-08-01T00:00:00+00:00
66,33,2025-07-01,3427.1,2641.97,4212.23,ARIMA,581.58,483.53,14.25,2024-08-01T00:00:00+00:00
66,33,2025-08-01,3418.97,2604.76,4233.18,ARIMA,581.58,483.53,14.25,2024-08-01T00:00:00+00:00
66,33,2025-09-01,3410.85,2567.56,4254.14,ARIMA,581.58,483.53,14.25,2024-08-01T00:00:00+00:00
66,33,2025-10-01,3402.72,2530.35,4275.09,ARIMA,581.58,483.53,14.25,2024-08-01T00:00:00+00:00
66,33,2025-11-01,3394.6,2493.15,4296.05,ARIMA,581.58,483.53,14.25,2024-08-01T00:00:00+00:00
66,33,2025-12-01,3386.47,2455.95,4316.99,ARIMA,581.58,483.53,14.25,2024-08-01T00:00:00+00:00
67,33,2025-01-01,3265.98,2697.33,3834.63,ExponentialSmoothing,541.57,407.62,13.42,2024-08-01T00:00:00+00:00
67,33,2025-02-01,3265.76,2670.03,3861.49,ExponentialSmoothing,541.57,407.62,13.42,2024-08-01T00:00:00+00:00
67,33,2025-03-01,3265.54,2642.73,3888.35,ExponentialSmoothing,541.57,407.62,13.42,2024-08-01T00:00:00+00:00
67,33,2025-04-01,3265.32,2615.43,3915.21,ExponentialSmoothing,541.57,407.62,13.42,2024-08-01T00:00:00+00:00
67,33,2025-05-01,3265.1,2588.13,3942.07,ExponentialSmoothing,541.57,407.62,13.42,2024-08-01T00:00:00+00:00
67,33,2025-06-01,3264.88,2560.83,3968.93,ExponentialSmoothing,541.57,407.62,13.42,2024-08-01T00:00:00+00:00
67,33,2025-07-01,3264.66,2533.54,3995.78,ExponentialSmoothing,541.57,407.62,13.42,2024-08-01T00:00:00+00:00
67,33,2025-08-01,3264.44,2506.24,4022.64,ExponentialSmoothing,541.57,407.62,13.42,2024-08-01T00:00:00+00:00
67,33,2025-09-01,3264.22,2478.94,4049.5,ExponentialSmoothing,541.57,407.62,13.42,2024-08-01T00:00:00+00:00
67,33,2025-10-01,3264.01,2451.65,4076.37,ExponentialSmoothing,541.57,407.62,13.42,2024-08-01T00:00:00+00:00
67,33,2025-11-01,3263.79,2424.35,4103.23,ExponentialSmoothing,541.57,407.62,13.42,2024-08-01T00:00:00+00:00
67,33,2025-12-01,3263.57,2397.05,4130.09,ExponentialSmoothing,541.57,407.62,13.42,2024-08-01T00:00:00+00:00
68,33,2025-01-01,2829.68,2352.59,3306.77,ARIMA,454.37,395.82,14.32,2024-08-01T00:00:00+00:00
68,33,2025-02-01,2821.7,2321.89,3321.51,ARIMA,454.37,395.82,14.32,2024-08-01T00:00:00+00:00
68,33,2025-03-01,2813.71,2291.19,3336.23,ARIMA,454.37,395.82,14.32,2024-08-01T00:00:00+00:00
68,33,2025-04-01,2805.73,2260.49,3350.97,ARIMA,454.37,395.82,14.32,2024-08-01T00:00:00+00:00
68,33,2025-05-01,2797.75,2229.79,3365.71,ARIMA,454.37,395.82,14.32,2024-08-01T00:00:00+00:00
68,33,2025-06-01,2789.77,2199.09,3380.45,ARIMA,454.37,395.82,14.32,2024-08-01T00:00:00+00:00
68,33,2025-07-01,2781.78,2168.38,3395.18,ARIMA,454.37,395.82,14.32,2024-08-01T00:00:00+00:00
68,33,2025-08-01,2773.8,2137.68,3409.92,ARIMA,454.37,395.82,14.32,2024-08-01T00:00:00+00:00
68,33,2025-09-01,2765.82,2106.99,3424.65,ARIMA,454.37,395.82,14.32,2024-08-01T00:00:00+00:00
68,33,2025-10-01,2757.84,2076.29,3439.39,ARIMA,454.37,395.82,14.32,2024-08-01T00:00:00+00:00
68,33,2025-11-01,2749.86,2045.59,3454.13,ARIMA,454.37,395.82,14.32,2024-08-01T00:00:00+00:00
68,33,2025-12-01,2741.87,2014.88,3468.86,ARIMA,454.37,395.82,14.32,2024-08-01T00:00:00+00:00
69,33,2025-01-01,3218.04,2447.73,3988.35,ARIMA,733.63,609.23,21.46,2024-08-01T00:00:00+00:00
69,33,2025-02-01,3234.59,2427.6,4041.58,ARIMA,733.63,609.23,21.46,2024-08-01T00:00:00+00:00
69,33,2025-03-01,3251.13,2407.46,4094.8,ARIMA,733.63,609.23,21.46,2024-08-01T00:00:00+00:00
69,33,2025-04-01,3267.68,2387.33,4148.03,ARIMA,733.63,609.23,21.46,2024-08-01T00:00:00+00:00
69,33,2025-05-01,3284.23,2367.2,4201.26,ARIMA,733.63,609.23,21.46,2024-08-01T00:00:00+00:00
69,33,2025-06-01,3300.77,2347.06,4254.48,ARIMA,733.63,609.23,21.46,2024-08-01T00:00:00+00:00
69,33,2025-07-01,3317.32,2326.92,4307.72,ARIMA,733.63,609.23,21.46,2024-08-01T00:00:00+00:00
69,33,2025-08-01,3333.87,2306.79,4360.95,ARIMA,733.63,609.23,21.46,2024-08-01T00:00:00+00:00
69,33,2025-09-01,3350.41,2286.65,4414.17,ARIMA,733.63,609.23,21.46,2024-08-01T00:00:00+00:00
69,33,2025-10-01,3366.96,2266.52,4467.4,ARIMA,733.63,609.23,21.46,2024-08-01T00:00:00+00:00
69,33,2025-11-01,3383.51,2246.39,4520.63,ARIMA,733.63,609.23,21.46,2024-08-01T00:00:00+00:00
69,33,2025-12-01,3400.05,2226.25,4573.85,ARIMA,733.63,609.23,21.46,2024-08-01T00:00:00+00:00
70,33,2025-01-01,3300.97,2849.32,3752.62,ARIMA,430.15,383.96,11.88,2024-08-01T00:00:00+00:00
70,33,2025-02-01,3308.91,2835.75,3782.07,ARIMA,430.15,383.96,11.88,2024-08-01T00:00:00+00:00
70,33,2025-03-01,3316.84,2822.17,3811.51,ARIMA,430.15,383.96,11.88,2024-08-01T00:00:00+00:00
70,33,2025-04-01,3324.78,2808.6,3840.96,ARIMA,430.15,383.96,11.88,2024-08-01T00:00:00+00:00
70,33,2025-05-01,3332.72,2795.04,3870.4,ARIMA,430.15,383.96,11.88,2024-08-01T00:00:00+00:00
70,33,2025-06-01,3340.66,2781.47,3899.85,ARIMA,430.15,383.96,11.88,2024-08-01T00:00:00+00:00
70,33,2025-07-01,3348.6,2767.9,3929.3,ARIMA,430.15,383.96,11.88,2024-08-01T00:00:00+00:00
70,33,2025-08-01,3356.54,2754.34,3958.74,ARIMA,430.15,383.96,11.88,2024-08-01T00:00:00+00:00
70,33,2025-09-01,3364.47,2740.76,3988.18,ARIMA,430.15,383.96,11.88,2024-08-01T00:00:00+00:00
70,33,2025-10-01,3372.41,2727.19,4017.63,ARIMA,430.15,383.96,11.88,2024-08-01T00:00:00+00:00
70,33,2025-11-01,3380.35,2713.62,4047.08,ARIMA,430.15,383.96,11.88,2024-08-01T00:00:00+00:00
70,33,2025-12-01,3388.29,2700.06,4076.52,ARIMA,430.15,383.96,11.88,2024-08-01T00:00:00+00:00
71,33,2025-01-01,3321.04,2900.96,3741.12,ARIMA,400.07,278.41,8.94,2024-08-01T00:00:00+00:00
71,33,2025-02-01,3334.46,2894.38,3774.54,ARIMA,400.07,278.41,8.94,2024-08-01T00:00:00+00:00
71,33,2025-03-01,3347.89,2887.81,3807.97,ARIMA,400.07,278.41,8.94,2024-08-01T00:00:00+00:00
71,33,2025-04-01,3361.31,2881.22,3841.4,ARIMA,400.07,278.41,8.94,2024-08-01T00:00:00+00:00
71,33,2025-05-01,3374.74,2874.65,3874.83,ARIMA,400.07,278.41,8.94,2024-08-01T00:00:00+00:00
71,33,2025-06-01,3388.16,2868.07,3908.25,ARIMA,400.07,278.41,8.94,2024-08-01T00:00:00+00:00
71,33,2025-07-01,3401.59,2861.49,3941.69,ARIMA,400.07,278.41,8.94,2024-08-01T00:00:00+00:00
71,33,2025-08-01,3415.01,2854.91,3975.11,ARIMA,400.07,278.41,8.94,2024-08-01T00:00:00+00:00
71,33,2025-09-01,3428.44,2848.33,4008.55,ARIMA,400.07,278.41,8.94,2024-08-01T00:00:00+00:00
71,33,2025-10-01,3441.86,2841.75,4041.97,ARIMA,400.07,278.41,8.94,2024-08-01T00:00:00+00:00
71,33,2025-11-01,3455.29,2835.18,4075.4,ARIMA,400.07,278.41,8.94,2024-08-01T00:00:00+00:00
71,33,2025-12-01,3468.71,2828.59,4108.83,ARIMA,400.07,278.41,8.94,2024-08-01T00:00:00+00:00
72,33,2025-01-01,3255.08,2705.26,3804.9,ARIMA,523.64,413.28,13.2,2024-08-01T00:00:00+00:00
72,33,2025-02-01,3245.83,2669.83,3821.83,ARIMA,523.64,413.28,13.2,2024-08-01T00:00:00+00:00
72,33,2025-03-01,3236.58,2634.4,3838.76,ARIMA,523.64,413.28,13.2,2024-08-01T00:00:00+00:00
72,33,2025-04-01,3227.32,2598.96,3855.68,ARIMA,523.64,413.28,13.2,2024-08-01T00:00:00+00:00
72,33,2025-05-01,3218.07,2563.52,3872.62,ARIMA,523.64,413.28,13.2,2024-08-01T00:00:00+00:00
72,33,2025-06-01,3208.81,2528.08,3889.54,ARIMA,523.64,413.28,13.2,2024-08-01T00:00:00+00:00
72,33,2025-07-01,3199.56,2492.65,3906.47,ARIMA,523.64,413.28,13.2,2024-08-01T00:00:00+00:00
72,33,2025-08-01,3190.31,2457.22,3923.4,ARIMA,523.64,413.28,13.2,2024-08-01T00:00:00+00:00
72,33,2025-09-01,3181.05,2421.78,3940.32,ARIMA,523.64,413.28,13.2,2024-08-01T00:00:00+00:00
72,33,2025-10-01,3171.8,2386.34,3957.26,ARIMA,523.64,413.28,13.2,2024-08-01T00:00:00+00:00
72,33,2025-11-01,3162.54,2350.9,3974.18,ARIMA,523.64,413.28,13.2,2024-08-01T00:00:00+00:00
72,33,2025-12-01,3153.29,2315.47,3991.11,ARIMA,523.64,413.28,13.2,2024-08-01T00:00:00+00:00
73,33,2025-01-01,3342.46,2520.24,4164.68,ExponentialSmoothing,783.07,653.76,21.67,2024-08-01T00:00:00+00:00
73,33,2025-02-01,3340.33,2478.96,4201.7,ExponentialSmoothing,783.07,653.76,21.67,2024-08-01T00:00:00+00:00
73,33,2025-03-01,3338.2,2437.67,4238.73,ExponentialSmoothing,783.07,653.76,21.67,2024-08-01T00:00:00+00:00
73,33,2025-04-01,3336.07,2396.39,4275.75,ExponentialSmoothing,783.07,653.76,21.67,2024-08-01T00:00:00+00:00
73,33,2025-05-01,3333.94,2355.11,4312.77,ExponentialSmoothing,783.07,653.76,21.67,2024-08-01T00:00:00+00:00
73,33,2025-06-01,3331.81,2313.82,4349.8,ExponentialSmoothing,783.07,653.76,21.67,2024-08-01T00:00:00+00:00
73,33,2025-07-01,3329.68,2272.54,4386.82,ExponentialSmoothing,783.07,653.76,21.67,2024-08-01T00:00:00+00:00
73,33,2025-08-01,3327.55,2231.26,4423.84,ExponentialSmoothing,783.07,653.76,21.67,2024-08-01T00:00:00+00:00
73,33,2025-09-01,3325.42,2189.98,4460.86,ExponentialSmoothing,783.07,653.76,21.67,2024-08-01T00:00:00+00:00
73,33,2025-10-01,3323.29,2148.69,4497.89,ExponentialSmoothing,783.07,653.76,21.67,2024-08-01T00:00:00+00:00
73,33,2025-11-01,3321.16,2107.41,4534.91,ExponentialSmoothing,783.07,653.76,21.67,2024-08-01T00:00:00+00:00
73,33,2025-12-01,3319.03,2066.13,4571.93,ExponentialSmoothing,783.07,653.76,21.67,2024-08-01T00:00:00+00:00
74,33,2025-01-01,3199.84,2662.72,3736.96,ExponentialSmoothing,511.54,432.7,14.55,2024-08-01T00:00:00+00:00
74,33,2025-02-01,3195.72,2633.03,3758.41,ExponentialSmoothing,511.54,432.7,14.55,2024-08-01T00:00:00+00:00
74,33,2025-03-01,3191.61,2603.34,3779.88,ExponentialSmoothing,511.54,432.7,14.55,2024-08-01T00:00:00+00:00
74,33,2025-04-01,3187.49,2573.64,3801.34,ExponentialSmoothing,511.54,432.7,14.55,2024-08-01T00:00:00+00:00
74,33,2025-05-01,3183.38,2543.96,3822.8,ExponentialSmoothing,511.54,432.7,14.55,2024-08-01T00:00:00+00:00
74,33,2025-06-01,3179.26,2514.26,3844.26,ExponentialSmoothing,511.54,432.7,14.55,2024-08-01T00:00:00+00:00
74,33,2025-07-01,3175.15,2484.57,3865.73,ExponentialSmoothing,511.54,432.7,14.55,2024-08-01T00:00:00+00:00
74,33,2025-08-01,3171.03,2454.87,3887.19,ExponentialSmoothing,511.54,432.7,14.55,2024-08-01T00:00:00+00:00
74,33,2025-09-01,3166.92,2425.19,3908.65,ExponentialSmoothing,511.54,432.7,14.55,2024-08-01T00:00:00+00:00
74,33,2025-10-01,3162.8,2395.49,3930.11,ExponentialSmoothing,511.54,432.7,14.55,2024-08-01T00:00:00+00:00
74,33,2025-11-01,3158.69,2365.8,3951.58,ExponentialSmoothing,511.54,432.7,14.55,2024-08-01T00:00:00+00:00
74,33,2025-12-01,3154.58,2336.12,3973.04,ExponentialSmoothing,511.54,432.7,14.55,2024-08-01T00:00:00+00:00
75,33,2025-01-01,3143.8,2585.22,3702.38,ARIMA,531.98,485.36,16.66,2024-08-01T00:00:00+00:00
75,33,2025-02-01,3156.6,2571.42,3741.78,ARIMA,531.98,485.36,16.66,2024-08-01T00:00:00+00:00
75,33,2025-03-01,3169.4,2557.62,3781.18,ARIMA,531.98,485.36,16.66,2024-08-01T00:00:00+00:00
75,33,2025-04-01,3182.19,2543.81,3820.57,ARIMA,531.98,485.36,16.66,2024-08-01T00:00:00+00:00
75,33,2025-05-01,3194.99,2530.02,3859.96,ARIMA,531.98,485.36,16.66,2024-08-01T00:00:00+00:00
75,33,2025-06-01,3207.79,2516.22,3899.36,ARIMA,531.98,485.36,16.66,2024-08-01T00:00:00+00:00
75,33,2025-07-01,3220.59,2502.42,3938.76,ARIMA,531.98,485.36,16.66,2024-08-01T00:00:00+00:00
75,33,2025-08-01,3233.39,2488.62,3978.16,ARIMA,531.98,485.36,16.66,2024-08-01T00:00:00+00:00
75,33,2025-09-01,3246.19,2474.82,4017.56,ARIMA,531.98,485.36,16.66,2024-08-01T00:00:00+00:00
75,33,2025-10-01,3258.99,2461.02,4056.96,ARIMA,531.98,485.36,16.66,2024-08-01T00:00:00+00:00
75,33,2025-11-01,3271.79,2447.22,4096.36,ARIMA,531.98,485.36,16.66,2024-08-01T00:00:00+00:00
75,33,2025-12-01,3284.58,2433.41,4135.75,ARIMA,531.98,485.36,16.66,2024-08-01T00:00:00+00:00
76,33,2025-01-01,3129.94,2857.58,3402.3,ARIMA,259.39,205.64,6.8,2024-08-01T00:00:00+00:00
76,33,2025-02-01,3101.25,2815.92,3386.58,ARIMA,259.39,205.64,6.8,2024-08-01T00:00:00+00:00
76,33,2025-03-01,3072.56,2774.26,3370.86,ARIMA,259.39,205.64,6.8,2024-08-01T00:00:00+00:00
76,33,2025-04-01,3043.88,2732.61,3355.15,ARIMA,259.39,205.64,6.8,2024-08-01T00:00:00+00:00
76,33,2025-05-01,3015.19,2690.95,3339.43,ARIMA,259.39,205.64,6.8,2024-08-01T00:00:00+00:00
76,33,2025-06-01,2986.5,2649.29,3323.71,ARIMA,259.39,205.64,6.8,2024-08-01T00:00:00+00:00
76,33,2025-07-01,2957.82,2607.64,3308.0,ARIMA,259.39,205.64,6.8,2024-08-01T00:00:00+00:00
76,33,2025-08-01,2929.13,2565.98,3292.28,ARIMA,259.39,205.64,6.8,2024-08-01T00:00:00+00:00
76,33,2025-09-01,2900.44,2524.32,3276.56,ARIMA,259.39,205.64,6.8,2024-08-01T00:00:00+00:00
76,33,2025-10-01,2871.75,2482.66,3260.84,ARIMA,259.39,205.64,6.8,2024-08-01T00:00:00+00:00
76,33,2025-11-01,2843.07,2441.01,3245.13,ARIMA,259.39,205.64,6.8,2024-08-01T00:00:00+00:00
76,33,2025-12-01,2814.38,2399.36,3229.4,ARIMA,259.39,205.64,6.8,2024-08-01T00:00:00+00:00
77,33,2025-01-01,3117.46,2415.21,3819.71,ARIMA,668.81,592.51,19.07,2024-08-01T00:00:00+00:00
77,33,2025-02-01,3129.17,2393.48,3864.86,ARIMA,668.81,592.51,19.07,2024-08-01T00:00:00+00:00
77,33,2025-03-01,3140.87,2371.74,3910.0,ARIMA,668.81,592.51,19.07,2024-08-01T00:00:00+00:00
77,33,2025-04-01,3152.58,2350.0,3955.16,ARIMA,668.81,592.51,19.07,2024-08-01T00:00:00+00:00
77,33,2025-05-01,3164.29,2328.27,4000.31,ARIMA,668.81,592.51,19.07,2024-08-01T00:00:00+00:00
77,33,2025-06-01,3176.0,2306.54,4045.46,ARIMA,668.81,592.51,19.07,2024-08-01T00:00:00+00:00
77,33,2025-07-01,3187.71,2284.81,4090.61,ARIMA,668.81,592.51,19.07,2024-08-01T00:00:00+00:00
77,33,2025-08-01,3199.42,2263.08,4135.76,ARIMA,668.81,592.51,19.07,2024-08-01T00:00:00+00:00
77,33,2025-09-01,3211.13,2241.35,4180.91,ARIMA,668.81,592.51,19.07,2024-08-01T00:00:00+00:00
77,33,2025-10-01,3222.83,2219.61,4226.05,ARIMA,668.81,592.51,19.07,2024-08-01T00:00:00+00:00
77,33,2025-11-01,3234.54,2197.88,4271.2,ARIMA,668.81,592.51,19.07,2024-08-01T00:00:00+00:00
77,33,2025-12-01,3246.25,2176.15,4316.35,ARIMA,668.81,592.51,19.07,2024-08-01T00:00:00+00:00
